artist_name,artist_uri
!!!,spotify:artist:1mmehjf7eHA10uHMisZGJg
070 Shake,spotify:artist:12Zk1DFhCbHY6v3xep2ZjI
3 Doors Down,spotify:artist:2RTUTCvo6onsAnheUk3aL9
5 Seconds of Summer,spotify:artist:5Rl15oVamLq7FbSb0NNBNy
A Silent Film,spotify:artist:7HO5HS3yeokRBGVC4nSKIb
A Thousand Horses,spotify:artist:55RI2GNCfyXr0f14uIdhwd
A$AP Mob,spotify:artist:7yO4IdJjCEPz7YgZMe25iS
A.A. Bondy,spotify:artist:4l8UbJGiXxbfyDJPvcVH23
Aaron Lewis,spotify:artist:2t2XKfWKLXpFIjFwy1K8wx
Aaron Watson,spotify:artist:5BKzvAPtNXnt0LwzGvKOH3
Abstract,spotify:artist:7lkYBcrLM4JmVgeha1xNl6
Ace of Base,spotify:artist:5ksRONqssB7BR161NTtJAm
Adam Agin,spotify:artist:7xtMcD46huwc5ibeGZRBqB
Adam Jensen,spotify:artist:7ymrIsmp4vE7vAtcS12J4D
Adam Sanders,spotify:artist:17ewtqMhsRUPRdhpYLzMxg
Alan Menken,spotify:artist:5sy77gt4bfsLcSQ8GIe4ZZ
Alex Adair,spotify:artist:1mrrvBvbrm28iYaPlJ9mG5
ALMA,spotify:artist:6c0mTNAxJxlp9HpKTUZwA8
Alok,spotify:artist:0NGAZxHanS9e0iNHpR8f2W
Alter Bridge,spotify:artist:4DWX7u8BV0vZIQSpJQQDWU
Amos Lee,spotify:artist:0QrowybipCKUDnq5y10PD2
Anarbor,spotify:artist:09J4zbHHwNNlN2tfgJIg21
Andie Case,spotify:artist:4LtnUsI4DvVDN9U6Yqr8Mh
Andrew Belle,spotify:artist:3UAk61T8PItbpgEi9u7ofY
Andy Mineo,spotify:artist:1TMrnxBwZfmfRxsGzkNIHw
Angel Olsen,spotify:artist:6mKqFxGMS5TGDZI3XkT5Rt
Angie Stone,spotify:artist:2hWr3AjjKOCVmWcwvuT4uM
Anna Kendrick,spotify:artist:6xfqnpe2HnLVUaYXs2F8YS
Anonymuz,spotify:artist:625BWS4LmjJe3a82OCSFsm
Anthony D'Amato,spotify:artist:1oplL2hHYq7CQykvSbd6gy
Anthony Ramos,spotify:artist:660YptcR0hNHJ8iEr1qcse
Artist Vs Poet,spotify:artist:3kYFawNQVZ00FQbgs4rVBe
Ashanti,spotify:artist:5rkVyNGXEgeUqKkB5ccK83
Ashford & Simpson,spotify:artist:2EURsXo9qlt1aMWlviGCRi
Asking Alexandria,spotify:artist:1caBfBEapzw8z2Qz9q0OaQ
Astro,spotify:artist:0V2YTCyeeSs4sivZL99x3g
Atlas Bound,spotify:artist:6107PIkQDuEUcdpZqSzQsu
Aubrey,spotify:artist:5U5gGBQyUDAQV6kgNjgmnI
August Burns Red,spotify:artist:5p9CTsn5ueGU4oScNX1axu
Austin,spotify:artist:1G0lBcVlNP47XCd42Mm0vo
Austra,spotify:artist:1o43SzzuLoyOxqThmp7s0g
Ayo Jay,spotify:artist:1V6rvT87qMQvo6HAixjlpY
Backstreet Boys,spotify:artist:5rSXSAkZ67PYJSvpUpkOr7
Bag Raiders,spotify:artist:6fXEqmGQEt6ONuqVmwrN46
Baka Not Nice,spotify:artist:3yvCFkK57FXH7JIwZQ5CmU
Ballyhoo!,spotify:artist:6py4uFIC7T6RdrZnH6hFYJ
Bando Jonez,spotify:artist:1EhnxoXhj5r5DJ6lIWrAQe
Barry Manilow,spotify:artist:3alW3LYQS8K29z8C8NSLIX
Bart Baker,spotify:artist:0sSXa9z76TfMcbAZuokauq
Beast,spotify:artist:1Pr9gT0veB2tgcisQeIGoC
Bei Maejor,spotify:artist:3M7fgnQGLwZCvFJKzR7pT5
Belle & Sebastian,spotify:artist:4I2BJf80C0skQpp1sQmA0h
Belly,spotify:artist:0FOWNUFHPnMy0vOw1siGqi
Berner,spotify:artist:2lrtGWxNXWjd0JzDLKXubI
Bethany Dillon,spotify:artist:7xDONBHUmOSBJ6i1SNgq55
Big Brother & The Holding Company,spotify:artist:4J69yWrKwWJgjv3DKTZcGo
Big L,spotify:artist:30fiiwr2EeZp1tAhzYCmyM
Big Smo,spotify:artist:7eRXja3QOjiMWRgkd5dYwo
Billy Boyd,spotify:artist:1wTKlkGklPb1JMTVUIwAoj
Billy Ray Cyrus,spotify:artist:60rpJ9SgigSd16DOAG7GSa
Bipolar Sunshine,spotify:artist:0CjWKoS55T7DOt0HJuwF1H
Birdtalker,spotify:artist:2sNHl4oXsU0DVTy9u1otGt
38 Special,spotify:artist:3zXw2Eh96iTT51pytzHdZi
888,spotify:artist:2KOCXIEmkM6K82nL9fovWf
A.CHAL,spotify:artist:0pkwrPVI8UyXtPkavyJoZ4
Aaliyah,spotify:artist:0urTpYCsixqZwgNTkPJOJ4
Aaron Krause,spotify:artist:52MFUXZatn0KsT2bdPQI2a
Abbey Road,spotify:artist:2ZRbphsQs3y3DLvTpwprJs
Abraham Mateo,spotify:artist:2bxxlINUlcMQQb39K7IopR
Adult Mom,spotify:artist:7tuwjSE2q4zeBdNObeO7LB
Alessia Cara,spotify:artist:2wUjUUtkb5lvLKcGKsKqsR
Alexi Murdoch,spotify:artist:25mrbNwFzoqPWyYXLhiDRw
Alyssa Micaela,spotify:artist:7k7mCkZfVpQUXTgSowcpej
America,spotify:artist:35U9lQaRWSQISxQAB94Meo
Amy Winehouse,spotify:artist:6Q192DXotxtaysaqNPy5yR
Andreas Moss,spotify:artist:2g6nfqSFo2cPVrafnW85jm
Andrew Bird,spotify:artist:4uSftVc3FPWe6RJuMZNEe9
Anevo,spotify:artist:1FmrdSfTqWOzQoEoaS7MWb
Angela Lansbury,spotify:artist:0LtVJXnPR8msCJiE2DjHxy
Annie Lennox,spotify:artist:5MspMQqdVbdwP6ax3GXqum
Archie Eversole,spotify:artist:0dN0EZG89qHG7MXKqvQjf2
AREA21,spotify:artist:76YIoWHp3Ri3q1ocOPtFzp
Asaf Avidan & the Mojos,spotify:artist:2TwepUY7feaTuipStcyzLZ
Aunt Martha,spotify:artist:7KoKvDse2zPhIBc76CI57V
Autoerotique,spotify:artist:3SvCpwSeoWCcjfo8zjPZKB
Axel Thesleff,spotify:artist:1OpHMC7Qo3lY1sVYaTUQrG
Bad Books,spotify:artist:0e9H8oaYYRCKFXOVv848nt
Bad Bunny,spotify:artist:4q3ewBCX7sLwd24euuV69X
Bad Religion,spotify:artist:2yJwXpWAQOOl5XFzbCxLs9
Bahari,spotify:artist:0fs8oBR1rx7JIXZi75h7Uu
Banda La Costeña,spotify:artist:1r8tUG15NMJEj1j5NynES7
Banda Los Recoditos,spotify:artist:4bPiOPI4V99cepEftvBYak
Banoffee,spotify:artist:0BZ0jp1b95bdcX23MZRU4A
Bart Crow,spotify:artist:0Vdv0pEg0SwdqoEbpP3MJ1
Beck,spotify:artist:3vbKDsSS70ZX9D2OcvbZmS
Bellarive,spotify:artist:65NvBV0QogJroXpNLUTJyX
Ben Khan,spotify:artist:2YwPMfgNYeDjbkGI7PwZ3K
BenZel,spotify:artist:3pO1r7J66KdKt2vWMdSGim
Bette Midler,spotify:artist:13y0kncDD4J9wxCyfKr10W
Betty Everett,spotify:artist:53jXEVVJtpaWVQ3ffvhDtl
Big Mountain,spotify:artist:0Jeckitay8SbvKwqAzWuYH
Big Will,spotify:artist:3uozhfx4j9O9JCGHpp9mTn
Big Z,spotify:artist:1QJ4iU6xJtdrk6HSPUTQ98
Bill Haley & His Comets,spotify:artist:3MFp4cYuYtTZe3d3xkLLbr
Bing Crosby,spotify:artist:6ZjFtWeHP9XN7FeKSUe80S
Birdy,spotify:artist:2WX2uTcsvV5OnS0inACecP
Black Stone Cherry,spotify:artist:6WMo39FU3nrpSz3qMgRKug
Blackjack Billy,spotify:artist:0kGFplMt0ZXkae40T5EVZ7
Bloodhound Gang,spotify:artist:6nDLku5uL3ou60kvCGZorh
Blu & Exile,spotify:artist:567CChDKZrtF4rnk2r5JeP
Bob Moses,spotify:artist:6LHsnRBUYhFyt01PdKXAF5
Bomba Estéreo,spotify:artist:5n9bMYfz9qss2VOW89EVs2
Bombilates,spotify:artist:5ApqQtXRXx2g7fta0P3q1B
Bonobo,spotify:artist:0cmWgDlu9CwTgxPhf403hb
BoomBox,spotify:artist:3UBLa2huRORV0HmGQq3fGs
Boosie Badazz,spotify:artist:6z7xFFHxYkE9t8bwIF0Bvg
Both,spotify:artist:6z89jVMUmJejKgZC06oxf9
BOY,spotify:artist:7I7ObCLzhAnOchc4fCQiRX
Boys Noize,spotify:artist:62k5LKMhymqlDNo2DWOvvv
Brad Paisley feat. Brad Paisley,spotify:artist:5tZdXbGPPfrilQs18CwEqm
Brand Nubian,spotify:artist:3YyZFf9ZN2YbkqeZia8zHX
Brendan James,spotify:artist:2aIPQyKrN3oVev1kHudiai
Brett Dennen,spotify:artist:0FC1LIeQXKib0jOwZqeIwT
Brett Eldredge,spotify:artist:0qSX3s5pJnAlSsgsCne8Cz
"""Weird Al"" Yankovic",spotify:artist:1bDWGdIC2hardyt55nlQgG
$uicideBoy$,spotify:artist:1VPmR4DJC1PlOtd0IADAO0
1way Frank,spotify:artist:6JajQ1VHanKIftKLeZRUSy
5Quad,spotify:artist:212XAOqudBh4ldSXRdpxea
702,spotify:artist:2S8UlyXW4JjjHcbeg8ddIo
Aaron Lohr,spotify:artist:7kpYFxC5CpMUjfXtOGOrvR
Aayushi,spotify:artist:1r2kTJ27zuaEoXasQT5NDd
Abandon All Ships,spotify:artist:3GsRbtyKPsORUduU4xAaQS
ABBA,spotify:artist:0LcJLqbBmaGUft1e9Mm8HV
Act As If,spotify:artist:4ROrocktzozIPJxNTlUJuR
Adam Friedman,spotify:artist:2XVvpzlWqk7Dmj8BgKx4k1
Adam Lambert,spotify:artist:6prmLEyn4LfHlD9NnXWlf7
Adriana Caselotti,spotify:artist:6AbQqiXLNLzvJSqq2383bZ
Against Me!,spotify:artist:29lz7gs8edwnnfuXW4FhMl
AJJ,spotify:artist:4IDpDJIDfK96HMLD4Tphyl
Alex Ubago,spotify:artist:2tY2GFdhH0Wa2VBvsxew5X
Alice DJ,spotify:artist:2tbvDi9eXf9XXp06LupkED
Alison Krauss,spotify:artist:5J6L7N6B4nI1M5cwa29mQG
All That Remains,spotify:artist:2zgG1GPDvjaBgxeQaVXI14
All Time Low,spotify:artist:46gyXjRIvN1NL1eCB8GBxo
All-4-One,spotify:artist:1B8ySGDAiXTCvnJNH4HSCG
Allure,spotify:artist:1VPr8y4GGZJBtWyaoLdYUT
Alphaville,spotify:artist:0xliTEbFfy5HQHvsTknTkX
Amber Pacific,spotify:artist:4GHa4pyuelazwyhdLo5AwL
Andrea Bocelli,spotify:artist:3EA9hVIzKfFiQI0Kikz2wo
Angus & Julia Stone,spotify:artist:4tvKz56Tr39bkhcQUTO0Xr
Anna Clendening,spotify:artist:2y9j8qUwBMGPYPQJJxmYzD
Anna Lunoe,spotify:artist:7d96RW5Vix23AiCHr3mf3D
Annaleigh Ashford,spotify:artist:4cHdzQMvESi5fSYStocJQT
Anne Hathaway,spotify:artist:0nIyPY7J7G68WgQEOLHn0x
Another Bad Creation,spotify:artist:454VBUMshEg0sxzoWKTYbT
Ansel Elgort,spotify:artist:59mjRp0i1B8oWSSMmGWJlJ
Arlo Guthrie,spotify:artist:0B6QEFtRnneEzb4iqjI0Nw
AronChupa,spotify:artist:5vCOdeiQt9LyzdI87kt5Sh
Arrested Development,spotify:artist:5Va9LuEmaZxnbk1gMnjMD7
Ashley McBryde,spotify:artist:371jpyGdoChzUASOIG2ECV
Attom,spotify:artist:1Xq5wasmlEwC6TqCqJtP5o
Audrey Assad,spotify:artist:1GKYNY4rIPnOuTfC0J1IWw
AURORA,spotify:artist:1WgXqy2Dd70QQOU7Ay074N
Az Yet,spotify:artist:4UGMQyNcbGHYg5CDMKkSw3
Azizi Gibson,spotify:artist:2NjfafEappzvGGGDdMRJMP
Baby Boy,spotify:artist:5cjAMJ0mdgOJvbZBmJeq0A
Bad English,spotify:artist:5fhMbh4PVSLSODF2fhWwqt
BadBadNotGood,spotify:artist:65dGLGjkw3UbddUg2GKQoZ
Baio,spotify:artist:50lhyY7UVI9NyVHl79rVgk
Band of Horses,spotify:artist:0OdUWJ0sBjDrqHygGUXeCF
Banda Clave Nueva De Max Peraza,spotify:artist:2M6niUSuBtlBcwAHHpDwpi
Bang La Decks,spotify:artist:52gTlzX6XwOavvrAz8TxEz
Banks,spotify:artist:2xe8IXgCTpwHE3eA9hTs4n
Beach Fossils,spotify:artist:1bwUhKRmEkOZ1wuTnV9XjC
BEGINNERS,spotify:artist:3W8j0OhMMduqR1eNV6ktu3
Belinda,spotify:artist:5LeiVcEnsZcwc133TUhJNW
Bell Biv DeVoe,spotify:artist:2zFZiWQJFFshzojycnXoTL
Ben Cocks feat. Nikisha Reyes-Pile,spotify:artist:0YvRSxCBUYzOSgZaRB3eMb
Ben E. King,spotify:artist:3plJVWt88EqjvtuB4ZDRV3
Berhana,spotify:artist:0WjtdWS6su0f3jrW9aqEHl
Berlin,spotify:artist:2aS6jYh7ysTL1ZUsHneNgM
Best Coast,spotify:artist:5YkBrE0wF8cAlq3GCOw5Eu
Big Boi,spotify:artist:2ht3wxeT69CzyKFChNnNAB
Big Gemini,spotify:artist:0jbx51hrAITPKt71DQj4lt
Big Grams,spotify:artist:4jU68Hm8np6WNZXMqi7rz3
Black Star,spotify:artist:67ei8ib6PLT1w3OkhIb4fB
Birdy Nam Nam,spotify:artist:4e7qJTThm5uI3CplqZObfT
Bitter:Sweet,spotify:artist:28bLlI81wfpcHUSUPgktlx
Black Coast,spotify:artist:4JMdvZoXArDVuMNNelKmjo
Blake Mills,spotify:artist:4LhV33vJvXmFGSM3m5RzUR
Blasterjaxx,spotify:artist:37awA8DFCAnCCL7aqYbDnD
Blu Cantrell,spotify:artist:6vytZ677lz4LzCrUDcDokM
Bobby V.,spotify:artist:4HgF4KnohByNElYid7iCNb
Bonnie Raitt,spotify:artist:4KDyYWR7IpxZ7xrdYbKrqY
Boombox Cartel,spotify:artist:4m1yRHUMhvB8gKAJTjK4kO
Bootsy Collins,spotify:artist:5K0rbdBrs2tNXe5LeWMATT
Borgore,spotify:artist:7u160I5qtBYZTQMLEIJmyz
Bowling For Soup,spotify:artist:5ND0mGcL9SKSjWIjPd0xIb
Brett Kissel,spotify:artist:6VOaUBrKfzd49nIAzjVKmm
Broadside,spotify:artist:7EGdqeEDe7WMqOVyDFUYyo
Bronze Radio Return,spotify:artist:2ic4xySjQ39N7DJ0HZemeG
Bryan Adams,spotify:artist:3Z02hBLubJxuFJfhacLSDc
Bryson Tiller,spotify:artist:2EMAnMvWE2eb56ToJVfCWs
BTS,spotify:artist:3Nrfpe0tUJi4K4DXYWgMUX
Busta Rhymes,spotify:artist:1YfEcTuGvBQ8xSD1f53UnK
Buzzcocks,spotify:artist:2DxlS3lTLFIq70S7ap5H3y
CADE,spotify:artist:0CEK8AzyeD5ZUdUloB6yQV
Caesars,spotify:artist:4rGrN4XDYhP6dUAZMvcuHr
Caleb and Kelsey,spotify:artist:7l0sphz32GV0AjjEhECpVg
Cali Y El Dandee,spotify:artist:5DUlefCLzVRzNWaNURTFpK
Carl Thomas,spotify:artist:6I6t21SFbxZ7RbQgD5dN7U
Carlos y Alejandra,spotify:artist:198g5ZZS90C4PnJ7E1dVjA
Carly Rae Jepsen,spotify:artist:6sFIWsNpZYqfjUpaCgueju
Cartel,spotify:artist:6wQMF27xWhSyJFnO9L5mQk
Cary Brothers,spotify:artist:21R50WhyQI5HxWOTr6MyY1
Casey Veggies,spotify:artist:0uFc6StTmJBvdHPZFDkdJy
Cassie,spotify:artist:27FGXRNruFoOdf1vP8dqcH
Cast Of Camp Rock,spotify:artist:6BaEtrOzEuvmxmHZRR1nNa
Catherine Feeny,spotify:artist:2PKUc5LXsZNjqOpAZKcFgz
CHAD,spotify:artist:75sB8pfxoJHfFPWY6fOyp9
Chaos Chaos,spotify:artist:6D6rjLdxyE5vwhMlkuQq0E
Charley Pride,spotify:artist:69Fk1s1lzINOKqoSWjjEiE
Charlie Hall,spotify:artist:0Przo8VxOHYfZv9FMZWsWV
Cheech & Chong,spotify:artist:0TorzrcTerTn7l5q9LVjmt
Chef'Special,spotify:artist:7IiSLreTg1of8dDwxwiPw3
Chenxpunch,spotify:artist:5eDg9q1Df3rSQOooaRJ5wF
Cherish,spotify:artist:1c70yCa8sRgIiQxl3HOEFo
Chorus - Sleeping Beauty,spotify:artist:1c4ltuRXEIo20Y9UOPxiA0
Chris Brochu,spotify:artist:1eK59pkylGGka9wRUEKVXt
Chris Cagle,spotify:artist:1zhIzONVRlTfD1VQRauHMl
Chris Stapleton,spotify:artist:4YLtscXsxbVgi031ovDDdh
Chris Watts,spotify:artist:6wPxWqUwHJYKMe9ehxWteE
Cimo Fränkel,spotify:artist:76ftqv1cm1EkrgWiC1pUUV
Classified,spotify:artist:7t6GsqGAwrj1kwYbvNX0hN
Clayton Gardner,spotify:artist:2JmEwYg4sv7a7IkQ3wVoh6
Cliff Edwards,spotify:artist:0aeRagbqQCOKkVURrvcMrn
Clipse,spotify:artist:2J257euzcjnDLipsyJH3F2
Club Nouveau,spotify:artist:4kEAjV4pCBOkoowYYQydvO
Cody Davenport,spotify:artist:7DIzbqUsF9D9130gRem0wL
Cody Fry,spotify:artist:7dOCnyDR2oEa1hQlvTXvdT
Cody Johnson,spotify:artist:6zLBxLdl60ekBLpawtT63I
Cold,spotify:artist:0Gw3a3BkWLwsMLFbOBmo6Q
Cole Taylor,spotify:artist:5QXCGAfanhwtd88Fqe0YJB
Colouring,spotify:artist:0p4HbDx1JTF3QLaBznAOrU
Colton Dixon,spotify:artist:52oVYHQ99ORZzeig2YGo4R
Contiez,spotify:artist:1TlTz1l8LzQ7AiXjBO77Ep
Counting Crows,spotify:artist:0vEsuISMWAKNctLlUAhSZC
Courtney Barnett,spotify:artist:4OOlG5eBXSkSAAEeKjJb5Y
22 Savage,spotify:artist:7x8MuRMbm9XIldHSJOtoNo
3LW,spotify:artist:2lFHVcUeJ9Gq6AZiU3ZAOa
A Perfect Circle,spotify:artist:4DFhHyjvGYa9wxdHUjtDkc
A Tribe Called Red,spotify:artist:2jlWF9ltd8UtoaqW0PxY4z
Adrian 606,spotify:artist:0h1p0I4P4JP63XBbCXMhC1
Adrian Lux,spotify:artist:5kp9Qhzri9LrDkzrtjt5Sh
Aeroplane,spotify:artist:31CtLHmSL7Oa7TPU9YyBEu
Alain Boublil,spotify:artist:2EnzSSPMaRMJRQod7erlhW
Alex & Sierra,spotify:artist:58MLl9nC29IXbE4nEtuoP2
Alfredo Olivas,spotify:artist:5xYNmNkaWRqu3e5F4UXME8
All Sons & Daughters,spotify:artist:44LPOpECjnIlnwH91wo2ir
Allen Stone,spotify:artist:536osqBGKzeozje8BfcGsa
Amanda Cook,spotify:artist:53Gnd3lGlcL8ua9Yyu9xDP
American Boys,spotify:artist:4hlvqffEiS5Ck1UhZsyUJz
Anna Golden,spotify:artist:3YChYj3gO6EJmFwI79cUSe
Anthrax,spotify:artist:3JysSUOyfVs1UQ0UaESheP
Apathy,spotify:artist:6fK2hnSgfRPxR6sL975XQS
Ari Lennox,spotify:artist:1vaQ6v3pOFxAIrFoPrAcom
Arman Cekin,spotify:artist:7vUJCRmF1if4uhMp2V3tRP
"Artists Of Then, Now & Forever",spotify:artist:0KlSW3j5fUEfej47FOrBMr
Ashlee Simpson,spotify:artist:4hqDqHtBlgxXpLXVYf7c8L
Ashley Tisdale,spotify:artist:2ddxtfC0oS8LoktXUHE7YL
Ataah King,spotify:artist:4po8w8EnZRWpiaMuD7RG4w
Atlantic Starr and The Jets,spotify:artist:4KhV561Hcvr0HpS3s3vTOx
A-Trak,spotify:artist:3TaUSUXn41GixL7zbvrIDt
Autograf,spotify:artist:0FVj4JuzTyudaXAwfqDQ20
Avii,spotify:artist:1gloKfrRAoMl0cl8sXIpyv
Axwell,spotify:artist:1xNmvlEiICkRlRGqlNFZ43
B. Smyth,spotify:artist:76JyRfZDqhAIow2Awv91iW
B.J. Thomas,spotify:artist:0uUNzXylqsZdmFDwdxaP1V
Baauer,spotify:artist:25fqWEebq6PoiGQIHIrdtv
Baby Rasta & Gringo,spotify:artist:3IEvQoAohcGX7CdrbtIle7
Bachman-Turner Overdrive,spotify:artist:5q4AzEtCoYJyXjMMoEkSU5
Ball Park Music,spotify:artist:1ououJVWgWsHWMYDLvT7sH
Banda Rancho Viejo De Julio Aramburo La Bandononona,spotify:artist:39dmt5DRpnyJKgz5bc4ZNV
Bandit Gang Marco,spotify:artist:5oSFZH3AgLRQxBi87McLjP
Bankroll Mafia,spotify:artist:6SHGWppjZ0ppEcvW1HkXjZ
Barrington Levy,spotify:artist:5mMuiFhh7faS7qxnTLRA6u
Barry Louis Polisar,spotify:artist:6MUxF4ehonXZ8Q6YMFI2xb
Bars and Melody,spotify:artist:6Tm0hIf7nSjDziOzpGFzKl
Beastie Boys,spotify:artist:03r4iKL2g2442PT9n2UKsx
Belinda Carlisle,spotify:artist:7xkAwz0bQTGDSbkofyQt3U
Ben Fankhauser,spotify:artist:46yt6WJsgzPiAtnCe809UV
Better Than Ezra,spotify:artist:4UuoJfJ9UybJft7a8E6UHX
Betty Who,spotify:artist:0t3QQl52F463sxGXb1ckhB
Biffy Clyro,spotify:artist:1km0R7wy712AzLkA1WjKET
Big & Rich,spotify:artist:0oBEeN6BCxEgMogzThqrPf
Big Data,spotify:artist:4S1nvNHWiZLP4rzwmULmUa
Billie Holiday,spotify:artist:1YzCsTRb22dQkh9lghPIrp
Billy Bragg,spotify:artist:5yXAFDZNUNyO92l5WTImkO
Black Sabbath,spotify:artist:5M52tdBnJaKSvOpJGz8mfZ
BLACKPINK,spotify:artist:41MozSoPIsD1dJM0CLPjZF
Blessid Union Of Souls,spotify:artist:4W4gYpQ2AQq7US2HZS13Qw
Blind Melon,spotify:artist:5sD1ZLf2dGQ9gQ3YJl1eAd
Blitzen Trapper,spotify:artist:72XY3HrDdFfZXNZFCT9Zh1
Blood On The Dance Floor,spotify:artist:3llfMTWzOCWDpZeBSL4gbc
"Blood, Sweat & Tears",spotify:artist:24GaH9tRBgZjlvOhpFuKi2
Blue October,spotify:artist:1TJbmc7jTpw78GKCiMpvDh
Blue Öyster Cult,spotify:artist:00tVTdpEhQQw1bqdu8RCx2
(Hed) P.E.,spotify:artist:0xIChbcTsuYLueN1oEsX9v
¡MAYDAY!,spotify:artist:71WhWdsVNTLxsnfe8M3Peh
+44,spotify:artist:7gkRNHOOt7QfhhXf0rEnmj
116,spotify:artist:7tTsvTUJ7lXBezazP5jU72
2 LIVE CREW,spotify:artist:58Dx4HPzeOO3dbpD9YYEes
311,spotify:artist:41Q0HrwWBtuUkJc7C1Rp6K
98º,spotify:artist:6V03b3Y36lolYP2orXn8mV
A Day To Remember,spotify:artist:4NiJW4q9ichVqL1aUsgGAN
A R I Z O N A,spotify:artist:7hOGhpa8RMSuDOWntGIAJt
A Tribe Called Quest,spotify:artist:09hVIj6vWgoCDtT03h8ZCa
Aaron Tveit,spotify:artist:68h2f0WXn4zEctSgNYozXx
ABC,spotify:artist:2s79xe5F6eUQkjwjww27Fh
Adolescent's Orquesta,spotify:artist:70nxnxEqDQIEWneRjg2Q4O
Adrian Marcel,spotify:artist:0tqGegfp4LA38TZ807OdzM
Adriel Favela,spotify:artist:0PrhwIWbqYFYyY2ZrkIWgI
After 7,spotify:artist:4UPcJIhr5K5fPsm4itqT7E
Agust D,spotify:artist:7kAYwEKDbUNlUJh4yxjW3o
Ahmad Lewis,spotify:artist:4X3nIh5dynzfAQmy1Z5hXI
Alan Jackson,spotify:artist:4mxWe1mtYIYfP040G38yvS
Alejandra Guzman,spotify:artist:7Hf9AwMO37bSdxHb0FBGmO
Alex Goot,spotify:artist:66Fb5gJ9SX2WGlqDLUpjux
Alfons,spotify:artist:5f5mH9BDkeyXmDbzevu38d
Alkaline Trio,spotify:artist:1aEYCT7t18aM3VvM6y8oVR
Allday,spotify:artist:2Ltr0s15RyvsjqWzSmiSRs
Aloe Blacc,spotify:artist:0id62QV2SZZfvBn9xpmuCl
Alpine,spotify:artist:4tKUoNubW02udXOh7SLtXV
alt-J,spotify:artist:3XHO7cRUPCLOr6jwp8vsx5
Amanda Perez,spotify:artist:5DqmNLPM1kAbSBQk2FMm6b
Amber Run,spotify:artist:0MmnmsAuQKRFpo6vJElcaU
Ambrosia,spotify:artist:0J2Ej2rMQyqaUX3G6MUISw
Amtrac,spotify:artist:3ifxHfYz2pqHku0bwx8H5J
Anamanaguchi,spotify:artist:2UwJRAgSOi1zcLkvUNc8XL
Anberlin,spotify:artist:5v61OSg53KaQxGMpErkBNp
Anthony Hamilton,spotify:artist:2DzRMyWgjuMbYvt5BLbpCo
Apashe,spotify:artist:1fd3fmwlhrDl2U5wbbPQYN
Apocalyptica,spotify:artist:4Lm0pUvmisUHMdoky5ch2I
araabMUZIK,spotify:artist:2iXdwLTWyFhlN1MQWIymvM
Ariel Pink,spotify:artist:5H0YoDsPDi9fObFmJtTjfN
Arizona Zervas,spotify:artist:0vRvGUQVUjytro0xpb26bs
Armors,spotify:artist:0m34JtkojthW5WYugFm0e3
Asher Roth,spotify:artist:1wgY8huggK60P5nvYrwcYT
Ashley Monroe,spotify:artist:37BiX28I6pF104F92U1hDP
ASTR,spotify:artist:3GJhraAgCA8s8XHENnDsXq
AtellaGali,spotify:artist:64kJmYlYPeykl8UgCGLbFp
Atlanta Rhythm Section,spotify:artist:0WgyCbru4tXnMsbTmX4mFw
Atlas Sound,spotify:artist:3kGhAL9j1WyNjNkWTRQd8T
Atu,spotify:artist:2O7oRN5HAWrg21HegiHMXK
Audien,spotify:artist:4xnMDfgEmXZEEDdITKcGuE
Auli'i Cravalho,spotify:artist:5mnS9jJdKQQcRSqFu5YPVe
Austin Burke,spotify:artist:5jfImMkUYyViFJrhdfYt1c
Autoheart,spotify:artist:5Lm1CMoa8VOCBCLZesAcvc
Avenged Sevenfold,spotify:artist:0nmQIMXWTXfhgOBdNzhGOs
B Story,spotify:artist:2Yb4UzrpqHzqO5ELOUACSe
B*Witched,spotify:artist:72eP0W3rIhkxd0NHGg4w4u
Balmorhea,spotify:artist:1U0FaHAc4fcwQcYEJFgkm9
Banda Los Sebastianes,spotify:artist:0HgICyWHmS6rnl8xWEd0x6
Banda Troyana,spotify:artist:4nU1ONcovj3AnmxDPmmNEu
Barbara Mandrell,spotify:artist:67BqBdApdbZ0onglFqRoTg
Bassjackers,spotify:artist:6xQvQwZQQuq9R3TdPNbcR8
Bear's Den,spotify:artist:0nJaMZM8paoA5HEUTUXPqi
Beatrice Eli,spotify:artist:1lzoEy8yiIBiHOuaO4h5Wj
Big Country,spotify:artist:1h8YIw9HLr6E8gdXVDRbVJ
Big Daddy Kane,spotify:artist:6futYSDVulYR2PktBjTB5W
Cousin Stizz,spotify:artist:0KpCz7V5XRkqKuM1JDf56O
Couzare,spotify:artist:5WOv4oHwhs2FT2larI0Gra
Coyote Kisses,spotify:artist:1wnrdpW8B0rNCtX5uOSIVL
Cracker,spotify:artist:0ODQJS4mk7rVBJXjdqByX6
Crash Kings,spotify:artist:08QZWYiCiN62cbBoq8JR5I
Cross Canadian Ragweed,spotify:artist:5Vz7hlMWR4OFye64dYoGm0
Crumb,spotify:artist:4kSGbjWGxTchKpIxXPJv0B
Current Swell,spotify:artist:1DCRoiKOntBEezKXznDca4
Cutting Crew,spotify:artist:3cniTumSiUysiPWXapGx1i
D Savage,spotify:artist:6FqXAd1hQl7vVdIQ3hhtgc
Daft Punk,spotify:artist:4tZwfgrHOc3mvqYlEYSvVi
Daley,spotify:artist:13UXMns4uwUrEpIzY79Qgw
Dame D.O.L.L.A,spotify:artist:6H6svVOQLsIH1uK7KedZoQ
Danger Mouse,spotify:artist:2dBj3prW7gP9bCCOIQeDUf
Dani and Lizzy,spotify:artist:5QruqADxUmpzY0bT56039j
Daniella Mason,spotify:artist:2VJxb44nmZ4ECXBZFV1HBi
Danity Kane,spotify:artist:3FD9VAd0ppjmKbfxF4LzUh
Danrell,spotify:artist:1RzXK6ikrwaOZBCdt9kZSw
Darlene Zschech,spotify:artist:6ZLy8YFk7VbamsI5qbYXtw
David Bisbal,spotify:artist:5gOJTI4TusSENizxhcG7jB
Dawn Golden,spotify:artist:6MzxeKydmXufvX7HYPknFW
Dead Kennedys,spotify:artist:30U8fYtiNpeA5KH6H87QUV
Dean Alexander,spotify:artist:6eUcbJwb6M7iK7zFnHza8o
Death Cab for Cutie,spotify:artist:0YrtvWJMgSdVrk3SfNjTbx
Death From Above 1979,spotify:artist:18H0sAptzdwid08XGg1Lcj
Deorro,spotify:artist:6VD4UEUPvtsemqD3mmTqCR
Devin Dawson,spotify:artist:2ySHS7UojGu20XfUPaBlyu
Diamond Rio,spotify:artist:0svyIX7Xu3DVMkrOtB88i6
Digital Underground,spotify:artist:7jocoSCuCtpCxCI6IbP8ye
Disney Characters,spotify:artist:6utdPEv71mR0DnGp74cJIz
Dizzy Wright,spotify:artist:1LrWZc2qPhRCHyr6XtpBxq
DJ Esco,spotify:artist:2J0JN7EFN10G1Tty6hX0AN
DJ Expo,spotify:artist:4frWsVRUSS4ujEzbSFDbmP
DJ Luian,spotify:artist:64aJYyrXljOodnUG6jvhRD
DJ MoneyMade,spotify:artist:0DskOm1gOMSriEbGMFNQX9
DJ Scream,spotify:artist:45h71dCVZaNAqP3YwQH6ER
DJDS,spotify:artist:0orEyXhG0KnPEDVgpctNJI
Dove Shack,spotify:artist:7DMSw5KOzlQ7xdub0vrcVF
Dry the River,spotify:artist:5VIq5RHAbVUMF700vdwfYw
DubVision,spotify:artist:3XINWZaloea97SIRiyTJxX
Duke Dumont,spotify:artist:61lyPtntblHJvA7FMMhi7E
Dum Dum Girls,spotify:artist:65ewrL6LvcNGMMRVlksNGS
Duncan Sheik,spotify:artist:3AO6RTDA16mg8czQI5Y9K0
Eddy Grant,spotify:artist:6j2HWcd7z61iTLbi8eD0hA
Elbow,spotify:artist:0TJB3EE2efClsYIDQ8V2Jk
Electric Light Orchestra,spotify:artist:7jefIIksOi1EazgRTfW2Pk
Ella Eyre,spotify:artist:66TrUkUZ3RM29dqeDQRgyA
Ella Henderson,spotify:artist:7nDsS0l5ZAzMedVRKPP8F1
Elliphant,spotify:artist:134GdR5tUtxJrf8cpsfpyY
Eluvium,spotify:artist:4QK3YJ6hzJdhJHE9q7kbVV
Elvis Costello & The Attractions,spotify:artist:4qmHkMxr6pTWh5Zo74odpH
Enigma,spotify:artist:3DmG65yHQsMms7WAvrZOdt
Eric Carmen,spotify:artist:2ekjTXgjxbWwBX5lTAj4DU
Eric Prydz,spotify:artist:5sm0jQ1mq0dusiLtDJ2b4R
Etta Bond,spotify:artist:0zanHkxN0P38oWegA8iSQA
EXES,spotify:artist:39R87tT1qaTxHwu5m87USa
EXO,spotify:artist:3cjEqqelV9zb4BYE3qDQ4O
F.L.Y. (Fast Life Yungstaz),spotify:artist:0zOuQuYGGcrtDYYy3YFDMr
Falling In Reverse,spotify:artist:2CmaKO2zEGJ1NWpS1yfVGz
Fanny Lu,spotify:artist:6GRC8segVAr34gm6pjfSoQ
Father John Misty,spotify:artist:2kGBy2WHvF0VdZyqiVCkDT
Brian McKnight,spotify:artist:6k0IBR0lU42s2GYpNX7kA9
Brick + Mortar,spotify:artist:7oHJbmt1VAj16Tm6nJpSqr
Britt Nicole,spotify:artist:6BXionV4R0BunrFpSwIMUK
Broken Back,spotify:artist:4nx8ehrFiCOmWgebUKshDV
Broken Social Scene,spotify:artist:7lOJ7WXyopaxri0dbOiZkd
Bronski Beat,spotify:artist:2wpWOzQE5TpA0dVnh5YD08
Brother Ali,spotify:artist:6CsleyOZtyt16saX8WhzDx
Bryce Vine,spotify:artist:1ShZZUjkbXCjhwrb18BA8I
C2C,spotify:artist:28INUgyzTTRbvSphrJbgZ2
Cake,spotify:artist:6A43Djmhbe9100UwnI7epV
Cam,spotify:artist:5WRElKaZsn1tGnrgmJVAeO
Candyland,spotify:artist:3wzxasxU7kQxHPr0ky5rJq
Carl Carlton,spotify:artist:6gYjIUFuKIBVJfxXnmrd5P
Carolina Cole,spotify:artist:0sim919wKPNcM5bvLjWV2w
Cashmere Cat,spotify:artist:2LZDXcxJWgsJfKXZv9a5eG
Catey Shaw,spotify:artist:5nfow6tv4Dtm6K4WHzczBI
Celia Cruz,spotify:artist:2weA6hhVqTIN2gSn9PUB9U
Chace,spotify:artist:5kPhAZL6iV8iDywUmIPC3g
Chairlift,spotify:artist:7hAolICGSgXJuM6DUpK5rp
Chance The Rapper,spotify:artist:1anyVhU62p31KFi8MEzkbf
CHAPPO,spotify:artist:0fdMBzQuX9TIF6t6N8fwg6
Charlie Puth,spotify:artist:6VuMaDnrHyPL1p4EHjYLi7
Cher,spotify:artist:72OaDtakiy6yFqkt4TsiFt
Chicago,spotify:artist:3iDD7bnsjL9J4fO298r0L0
Childish Gambino,spotify:artist:73sIBHcqh3Z3NyqHKZ7FOL
Chinese Man,spotify:artist:6vgw0jwJkUnW2NR1rzsQU3
Chingy,spotify:artist:3s2wTjWxK8NOX09dmsvVOh
Chorus - Pocahontas,spotify:artist:5DH8cLYXVTknLlSRzzkRc4
Chris Brown,spotify:artist:7bXgB6jMjp9ATFy66eO08Z
Chris Janson,spotify:artist:60gmlHZmT16wiO9GiXKYK9
Christ For The Nations Music,spotify:artist:3dPCB2dYhqSpjYc7DGif53
Christine and the Queens,spotify:artist:04vj3iPUiVh5melWr0w3xT
Christopher,spotify:artist:3zDRCqOhJXJfS2YWOEwGMC
"Chunk! No, Captain Chunk!",spotify:artist:03jrbNTeSKP9m161juhm0h
CL,spotify:artist:0tzSBCPJZmHTdOA3ZV2mN3
Cliff Savage,spotify:artist:1XCplohbxhGbaeaHQ4AZJU
Clint Black,spotify:artist:3Ay15wt0QChT4Kapsuw5Jt
Cloud Nothings,spotify:artist:6rnbB5fuUuCSsspvFsxIpT
Coasts,spotify:artist:5OgSr6wQteRu9jek5JvnDQ
Coco Jones,spotify:artist:4DHLoiIqFYYFjH09WduvFd
Colby O'Donis,spotify:artist:7fObcBw9VM3x7ntWKCYl0z
Collie Buddz,spotify:artist:5Ayl2bJtN5mdCsxZoxs9n1
Commodores,spotify:artist:6twIAGnYuIT1pncMAsXnEm
Common Kings,spotify:artist:4j0qbafzqnGf4ARF8tY4VL
Confederate Railroad,spotify:artist:1YPIe9qIMa99O0a0OW47Be
Connie Francis,spotify:artist:3EY5DxGdy7x4GelivOjS2Q
Coucheron,spotify:artist:6ly2Z6h9dOerORbK1l2N8D
courtship.,spotify:artist:2OK16hAFRHoJiFZKeZe8A8
Craft Spells,spotify:artist:16lg8y62dC3J6ok1pNAbFJ
Craig Campbell,spotify:artist:7tkwiWhGKSuQV8LwPWceWN
Crizzly,spotify:artist:3I9YOkavspWk1aHQTpiVxv
Crystal Castles,spotify:artist:7K3zpFXBvPcvzhj7zlGJdO
Crystal Lake,spotify:artist:5DzNxD4vwCDEIa20oEzB9l
Curtis Grimes,spotify:artist:21NiIObyfGUR3UPql6UrkP
CVBZ,spotify:artist:0pt7PX4Hftlg8mV1ySU84Q
Daddy Yankee,spotify:artist:4VMYDCV2IEDYJArk749S6m
Damien Jurado,spotify:artist:79JJCxCCfJ8HufX6w8q2k4
Daniel Ahearn,spotify:artist:2TQ97CJOuerVZ3iamrvx4y
Danny Brown,spotify:artist:7aA592KWirLsnfb5ulGWvU
Darius,spotify:artist:5vfEaoOBcK0Lzr07WN8KaK
Dash Berlin,spotify:artist:1xT5p0VBpnZDrvVSjX9sri
Dave Barnes,spotify:artist:7hbH1qupmU6HxVBjWJItlq
*NSYNC,spotify:artist:6Ff53KvcvAj5U7Z1vojB5o
10cc,spotify:artist:6i6WlGzQtXtz7GcC5H5st5
11:11,spotify:artist:5gsyao2Qm21EKylbVIuRQ3
24hrs,spotify:artist:4isewEHTP7Az2QheDdBQ6J
2nd II None,spotify:artist:1rlHVdoyfG6pQkzcMWI4dr
2NE1,spotify:artist:1l0mKo96Jh9HVYONcRl3Yp
2Pac,spotify:artist:1ZwdS5xdxEREPySFridCfh
3OH!3,spotify:artist:0FWzNDaEu9jdgcYTbcOa4F
8Ball & MJG,spotify:artist:7iUhmKPNkkPPS6FCQxqtNq
99 Percent,spotify:artist:3hPPNy5OBzCU1icQO7Nrok
A Static Lullaby,spotify:artist:0nrcqEG1EEnOwpAfIv0UIb
A*Teens,spotify:artist:5zMgvYBz4AW0gFyPtg7fR9
A2M,spotify:artist:4JG2Uz00XKYdOZmvcLwrUH
Abhi The Nomad,spotify:artist:1gUi2utSbJLNPddYENJAp4
Above & Beyond,spotify:artist:10gzBoINW3cLJfZUka8Zoe
Ace Hood,spotify:artist:31HjiqargV4NAw4GZqUale
Adam Mitchell,spotify:artist:0rlQeWIeJJdG7Z8RCNiwqs
Adam Pascal,spotify:artist:0bvwPCit9Yh0yVdLKGnXRi
Adina Howard,spotify:artist:266SmBZTt4zRzaKEANWbfQ
Afrika Bambaataa,spotify:artist:7cg61q8kK8jlFi8TKKw70p
Afroman,spotify:artist:4Icvbp9RDt5aY2TWDOVDsr
Agnes Obel,spotify:artist:1rKrEdI6GKirxWHxIUPYms
a-ha,spotify:artist:2jzc5TC5TVFLXQlBNiIUzE
Alan Silvestri,spotify:artist:0Xk15jHKly4c3AhPr5vjoA
Alestorm,spotify:artist:3OpqU68JpZlzvjAJj3B2Da
Alex Newell,spotify:artist:2vGaSKEDFsVPBgcnGxqlBN
Alex Winston,spotify:artist:3REwdws53wUuid8AatTTMh
Alien Ant Farm,spotify:artist:6TZdvF1kFzwnQLgHQynzsO
Allah-Las,spotify:artist:2yDodJUwXfdHzg4crwslUp
ALO,spotify:artist:65c0gzsw9JsPUxm09QPjQj
AlunaGeorge,spotify:artist:2VAnyOxzJuSAj7XIuEOT38
Alx Veliz,spotify:artist:17rnpuu2LApoCL4x8fObZg
Amerie,spotify:artist:08rMCq2ek1YjdDBsCPVH2s
Amir Obe,spotify:artist:6AWdGez5g1jxpfl9XD4wI3
Amp Live,spotify:artist:4WoeMzXhDQyoFCKdji4FlL
Anderson East,spotify:artist:5q6z6GTth6lMbL9I8CAgby
Andrew Lloyd Webber,spotify:artist:4aP1lp10BRYZO658B2NwkG
Andrew Ripp,spotify:artist:7oAskcd3mX9ZzxMPFHYqoN
Andy Shauf,spotify:artist:5mFKYdmiYwNJTDtSzgFyQx
Andy Williams,spotify:artist:4sj6D0zlMOl25nprDJBiU9
Angie Martinez,spotify:artist:6VJqy1YyzrK4ZhgGs9cNTy
ANIMA!,spotify:artist:3xbmS6qcRWTyILBoaqAPT4
Animotion,spotify:artist:6eQHjJJa52LUGjBKP5UPos
Anita Kerr Singers,spotify:artist:0vbEs3DgphJ2RGZqh4qFLT
Anna Wise,spotify:artist:0N41KJ4H6bkPAm2tx7VS8C
Annabel Jones,spotify:artist:5koilOAvfuLq4O2yc9UWft
Anthem Lights,spotify:artist:7kwEvDE8e7EBGKh5bLczqQ
Apink,spotify:artist:2uWcrwgWmZcQc3IPBs3tfU
Arch Nemesiz,spotify:artist:3kpWfIFQBknOEeTZo1UlPs
Archie Bell & The Drells,spotify:artist:1kupwLFpHALpmhp5qol8xH
Architecture In Helsinki,spotify:artist:60eT7q88iLWKnuSXed1AGr
Arctic Monkeys,spotify:artist:7Ln80lUS6He07XvHI8qqHH
Atlas Genius,spotify:artist:42vg2T0Xg9yPaAgogJzoQH
Atta Boy,spotify:artist:3RcaUsjj5gt1x2QK3TSNS2
ATTLAS,spotify:artist:0jM4IKp6YlTxq8tNDH9fX3
Audio Push,spotify:artist:3oHjuEyaFp7MddhOXddXbx
Audiomachine,spotify:artist:5F4ObszoeVebqtc0B3XqJa
Augustana,spotify:artist:61YE3whKiuRr83j1yOm5M7
Avid Dancer,spotify:artist:7x4bI6vTtMCONH8MVqI8WK
B.A.P,spotify:artist:6kxCoNfY6U1eP0Yc88phvk
B5,spotify:artist:0qqlNAUIYOzK2O0N84RwWO
Band Of Skulls,spotify:artist:4ddt8PPvmWrI9mJQy1VrIG
Banda El Recodo,spotify:artist:6AcOTCYBMvjKYy4zms0kaC
[SEBELL],spotify:artist:4uIS04jAnN9jbFGTcLL9UP
10 Years,spotify:artist:0REMf7H0VP6DwfZ9MbuWph
112,spotify:artist:7urq0VfqxEYEEiZUkebXT4
2ONE!2,spotify:artist:3PXFYfDXpKOBmjVoPC50H5
3LAU,spotify:artist:4YLQaW1UU3mrVetC8gNkg5
6LACK,spotify:artist:4IVAbR2w4JJNJDDRFP3E83
A Fine Frenzy,spotify:artist:5dTYaRzOn4rXGBLH052EeQ
A Rocket To The Moon,spotify:artist:1NU9Em6e8dDo36Js6nEo3t
Aanysa,spotify:artist:5MPOKeJJi86inlu2dvewah
AC/DC,spotify:artist:711MCceyCBcFnzjGY4Q7Un
ACADEMY,spotify:artist:01qsoEBtxocHp3iahQqwv4
Aceyalone,spotify:artist:7CaUk9xCxdXAmmqQn3PLR7
Adam Ant,spotify:artist:3QP0XPDwbvGivqDAaJ5f5G
Adam Craig,spotify:artist:57j4P8xLdocRo4pr8my0ow
Adam Sandler,spotify:artist:2LB9H0px4qWbCHg9Axzhga
Adventure Club,spotify:artist:5CdJjUi9f0cVgo9nFuJrFa
Al Green,spotify:artist:3dkbV4qihUeMsqN4vBGg93
Alan Gogoll,spotify:artist:7MOxmVjcx5HWoEu9pBWXT3
Alan Walker,spotify:artist:7vk5e3vY1uw9plTHJAMwjN
Alex Clare,spotify:artist:5Tf4EH8tDvznnjULcFxkIl
Alice Smith,spotify:artist:4srikj7R58tanh2S0FpoVw
Aliotta Haynes Jeremiah,spotify:artist:4VmWYQQ5M9N9AiAx14v2yg
Allstar Weekend,spotify:artist:67tSTaaEena434STFKeMJJ
Alvaro,spotify:artist:20mCdWSz6PqFQof9gFFJ1r
AMBER,spotify:artist:6vPzAqZDXQgLTEn8pjp4jY
American Authors,spotify:artist:0MlOPi3zIDMVrfA9R04Fe3
Amy Adams,spotify:artist:1gkcZQArk5rV8uBwG8y5FX
Andra Day,spotify:artist:1c4rxrxy8eDLvMVL1DTiBe
Andrew McMahon in the Wilderness,spotify:artist:716ZwtZBmwROBXcFmCzfdM
Anna Of The North,spotify:artist:1mSJCvDX0W7Dn7S9C6vmvI
Anya Marina,spotify:artist:6xYBLeSMu1AqPsnUzEvx5n
Arcade Fire,spotify:artist:3kjuyTCjPG1WMFCiyc5IuB
Astrid S,spotify:artist:3AVfmawzu83sp94QW7CEGm
Attila,spotify:artist:4Uv5bceTJ2h3tLlssUNDNP
Austin Mahone,spotify:artist:04abdnqPQe2N4fjztDea6z
Austin Webb,spotify:artist:0A6FJxbPXVQERjVKzfqfRC
Avery Wilson,spotify:artist:2c6geVFkxNT2BKQyHUvnT3
B2K,spotify:artist:51d3rUlLuMh7EW09aMe7yj
Baaba Maal,spotify:artist:49z6oAiD2RpyUf5yLJs7Nf
Baby Boy Da Prince,spotify:artist:15Y1yUEchPPl4w20CLvFyb
Baby E,spotify:artist:3AhRH2q3GOnk8r1ZPHBnRM
Baeza,spotify:artist:0g7YfJuAQnXWMiFny5elRH
Banda Tierra Sagrada,spotify:artist:0v7JYEoQOQbzNNESKwxmzT
BarlowGirl,spotify:artist:3VMSmJURVM7s6LkrIaPZvi
Basic Tape,spotify:artist:6EzGm3fYBR8QcdIZ0xvHsl
Baths,spotify:artist:5zS8r5hRRk1jzD41yYS1NO
Bay City Rollers,spotify:artist:3r9TXuXfOUxXjgYgAR0fP8
Beat Connection,spotify:artist:64xvudklMEbVYMBocLyHSn
Ben Phipps,spotify:artist:4gdU6QYD0tktQA9AHdcNn4
Ben Platt,spotify:artist:6qGkLCMQkNGOJ079iEcC5k
Ben Rector,spotify:artist:4AapPt7H6bGH4i7chTulpI
Big Pun,spotify:artist:2Xu7q46Hf02xOoEIm4E1Qs
Big Time Rush,spotify:artist:0GWCNkPi54upO9WLlwjAHd
Billy Paul,spotify:artist:187xgSpsFH8mMbAcoCW0zE
Björk,spotify:artist:7w29UYBi0qsHi5RTcv3lmA
BKAYE,spotify:artist:1GrQQZ7U31WfQPQbd3MHx9
BlackHawk,spotify:artist:4mOt6H7OnuqLnQrm1Bboc6
Blaine Larsen,spotify:artist:77BL4malNaiSH99GMNvOka
Blaque,spotify:artist:1nSRa2YjjFWJLHGKM07oGQ
Bleachers,spotify:artist:2eam0iDomRHGBypaDQLwWI
Blue Swede,spotify:artist:0UpuH5U4nZ3UGGUJi0Zfbp
Bob B. Soxx & The Blue Jeans,spotify:artist:2ry5nwK1VNmh5zMZpmOAyc
Bob Marley & The Waillers,spotify:artist:1qxYIVkA7E7eEZ6GQWXtf7
Feenixpawl,spotify:artist:5FvlJcXnFIm72pgQtW3Dct
Felix Cartal,spotify:artist:6roDXEmZ6AARdOUv6x5U2v
Felix Jaehn,spotify:artist:4bL2B6hmLlMWnUEZnorEtG
Ferry Corsten,spotify:artist:2ohlvFf9PBsDELdRstPtlP
Fidel Rueda,spotify:artist:1lQO7ePBTp5yOfVK9hicoJ
Fink,spotify:artist:2t9yJDJIEtvPmr2iRIdqBf
Flo Rida,spotify:artist:0jnsk9HBra6NMjO2oANoPY
FMLYBND,spotify:artist:6PwZP9O9dvJCMALhgjygnh
Fountains Of Wayne,spotify:artist:1pgtr4nhBQjp9oCUBPyYWh
Foxygen,spotify:artist:55LHFEtIplWhsfyWZUwkf4
Friendly Fires,spotify:artist:3mZqziCJj4pq3P2VBpmK6p
Fyfe,spotify:artist:1xkxEEm60IyknT2Eh469mX
Gabriel Rios,spotify:artist:0pF1TxZmwCJ3gGpkBQwdtT
Gavin Mikhail,spotify:artist:364ovD0MRp9ezaNTkRoLeA
Gayla Peevey,spotify:artist:1suIIDedjFJRuu8k7b55hZ
Gem Club,spotify:artist:7mfGqyAztYr0FI5gK5OCNp
General Ghost,spotify:artist:6jd6gjhHdHTnDImmOombpK
George Ezra,spotify:artist:2ysnwxxNtSgbb9t1m2Ur4j
George Thorogood & The Destroyers,spotify:artist:4n31svBA9GGIYxGxgrQaRK
Ghost Beach,spotify:artist:21IHyqpE95fqLW8cY5gccG
Ghostface Killah,spotify:artist:6FD0unjzGQhX3b6eMccMJe
Gipsy Kings,spotify:artist:3jc496ljiyrS3ECrD7QiqL
GIVERS,spotify:artist:6t4Gtzu86ovaXYUmAL2zb3
Glee Cast,spotify:artist:0SCbttzoZTnLFebDYmAWCm
GoldLink,spotify:artist:5XenQ7XfcvQdfIbpLEFaKQ
Goody Grace,spotify:artist:1iH2Yx2Ea0kZ0zKI3Nlk30
Graham Nash,spotify:artist:2E6Roj0oQnJIm2BeXwDica
Great White,spotify:artist:6ZPbX2Lxd40e2UVkXpyxvI
Gregory Alan Isakov,spotify:artist:5sXaGoRLSpd7VeyZrLkKwt
Gregory and the Hawk,spotify:artist:76GWaBetiXXBUtoPm46qif
Grey,spotify:artist:4lDBihdpMlOalxy1jkUbPl
Halifax,spotify:artist:7KRw8W62XyPZYNjmtObCIX
Hannah McClure,spotify:artist:13rWahXxJX1NS64MDS24Ya
Harry Chapin,spotify:artist:42q4Ivs7tAiCZ5C7eG5q4c
Harry Nilsson,spotify:artist:3RTzAwFprBqiskp550eSJX
Harry Simeone Chorale,spotify:artist:30orN5PtRhj9fN2Myr8HKV
Head East,spotify:artist:55UamRmLvoS6q7iWPzUrCC
Hearts & Colors,spotify:artist:3wjsrpfO6odEphTZWx45RQ
"Héctor Acosta ""El Torito""",spotify:artist:4TCAAIMmeZXCTVlHUsicOn
Hellogoodbye,spotify:artist:6GH0NzpthMGxu1mcfAkOde
Heretic Klick,spotify:artist:6Jqut9RUUIl7KksiQ6omuU
Hermitude,spotify:artist:3fmMaLC5jjf2N4EC2kTx0u
Hey Marseilles,spotify:artist:3PMXHMqW4MNj8usJ0fxAlj
Hezekiah Walker & The Love Fellowship Crusade Choir,spotify:artist:10Bp1mvmVqIXcRj1VtxQyZ
Highs,spotify:artist:5l0cYn0wvkjNWgyK58idcn
Hillsong Worship,spotify:artist:3SgHzT552wy2W8pNLaLk24
Hillsong Young & Free,spotify:artist:7m4gF38CPATtHrk5HS42WZ
HIM,spotify:artist:74aLweE8FHHf4yN5TWv1GM
Hollow Coves,spotify:artist:7IAFAOtc9kTYNTizhLSWM6
Holly Conlan,spotify:artist:7oGeuL6HCm7ZmHXJDmMeWQ
Holly Miranda,spotify:artist:0CNehpGYdxk87YYMiBpnyP
Honors,spotify:artist:1DIr8qPcgJS50FFNfC3nnp
Hot Shade,spotify:artist:3GtCKJA4SkOxN65MWjm82R
Housefires,spotify:artist:6egyCFgiJ1j941PaxKoWJD
HTHAZE,spotify:artist:5PukDHVVPsHv9csup2LOga
Hundred Waters,spotify:artist:108ugtkRFQzP9nGgNiyERO
Hunter Hunted,spotify:artist:1Xqfa9sfJ094hHdEVS1C6t
I Monster,spotify:artist:1CcPlAmcnJjC4FnaPVzv2v
Ida Laurberg,spotify:artist:03IbEiokQjTDfvdyIYV5D4
Imperial Mammoth,spotify:artist:2dyWUDNBU2kFuhcZ4Ki3F4
India.Arie,spotify:artist:7Gf3LSwa5hh8Cjo60WhVjC
David Bowie,spotify:artist:0oSGxfWSnnOXhD2fKuz2Gy
David Choi,spotify:artist:5TxL5c1vLglCvxeCrL6oap
David Lee Murphy,spotify:artist:78OAtwN3XpjMcjibnF2Kw5
Days Of The New,spotify:artist:07jc1IMGtecDZzOL9cP50t
Deee-Lite,spotify:artist:4eQJIXFEujzhTVVS1gIfu5
Demon Hunter,spotify:artist:6f3a43i1MJZwdjEpV1M0oH
Denzel Curry,spotify:artist:6fxyWrfmjcbj5d12gXeiNV
Derek Johnson,spotify:artist:3967KnQedbgX8KdNTXhm7y
Dermot Kennedy,spotify:artist:5KNNVgR6LBIABRIomyCwKJ
Destiny's Child,spotify:artist:1Y8cdNmUJH7yBTd9yOvr5i
Dexys Midnight Runners,spotify:artist:4QTVePrFu1xuGM9K0kNXkk
Diana Ross,spotify:artist:3MdG05syQeRYPPcClLaUGl
Dick Dale,spotify:artist:6Ycrt8OjGSSFihsb0446eg
Dillon Francis,spotify:artist:5R3Hr2cnCCjt220Jmt2xLf
Dinah Washington,spotify:artist:32LHRiof0sa4taYew9i3Fa
Discovery,spotify:artist:1fg65Qx6tRt0aXBfz5I4w5
Disney Studio Chorus,spotify:artist:0uxCcs6uoQy6StkrWS1QjW
Dj Pretia,spotify:artist:3CV3I2tIhHxXCUZJqh5mWP
DJ SpinKing,spotify:artist:1qSJaftSab2kTTsj7fLxvM
DNCE,spotify:artist:6T5tfhQCknKG4UnH90qGnz
Doja Cat,spotify:artist:5cj0lLjcoR7YOSnhnX0Po5
Dom Dolla,spotify:artist:205i7E8fNVfojowcQSfK9m
Doug E. Fresh,spotify:artist:7xN8vFwslE67EC3DhgB9Ip
Dr. Dog,spotify:artist:4mLJ3XfOM5FPjSAWdQ2Jk7
Duffy,spotify:artist:37NqXwtb6nIEqRt4EJSoIO
Dusty Springfield,spotify:artist:5zaXYwewAXedKNCff45U5l
Dynamite,spotify:artist:59sVmFy9oSaELdp9oX8YoM
East of Avenue,spotify:artist:0SvjK4RQHT0z4BtyVx5vr9
Echo & the Bunnymen,spotify:artist:0fgYKF9Avljex0L9Wt5b8Z
Eddie Murphy,spotify:artist:1Zq8pfBl4ejCMrWdeAdphc
Edwin Luna y La Trakalosa de Monterrey,spotify:artist:4LFOoXhMhnq9U8VsZkSwxl
Eklo,spotify:artist:3TlZLU8gQBrjTGJlLLDruk
Elephante,spotify:artist:3fjs4zbBFxEFFe8Wyojo0G
Emmit Fenn,spotify:artist:3VVLqeEqQQqTgT8YhfY9Z6
Enur,spotify:artist:1BQaZSq1KsLOZGzjG5QxRC
Eric Church,spotify:artist:2IvkS5MXK0vPGnwyJsrEyV
Ester Dean,spotify:artist:0v2Y5jwtcv8LiWNTRls1KM
EXID,spotify:artist:1xs6WFotNQSXweo0GXrS0O
Exile,spotify:artist:2enKa9Yqr6PZy3xGlxQEu7
Factory Floor,spotify:artist:6xgNzJAeEB8BTOSzcTO1EI
Fais,spotify:artist:5w6mMj1qwSILG0pcylfchp
Felt,spotify:artist:6xWeDgWMxmE6blMJnq07q0
Fine Young Cannibals,spotify:artist:20p5D2KrE8CGuOjHtxsyTp
Flux Pavilion,spotify:artist:7muzHifhMdnfN1xncRLOqk
Foxes,spotify:artist:7qRll6DYV06u2VuRPAVqug
Foxing,spotify:artist:2dfxY7YDuYCUtWFzWTS6IR
Franco De Vita,spotify:artist:4NEYQeEYBUjfaXgDQGvFvu
Free,spotify:artist:2e53aHBQdCMKWqHDuyJsjC
Free Chapel,spotify:artist:60B23TrXjMKuy9qKkjnYXI
From Indian Lakes,spotify:artist:3YvQkjWJ5ykJVUNP7YbTy9
Futuristic,spotify:artist:5Z5jUyiNvFaqp0EVyLNf0p
G,spotify:artist:0OYohtB0VFlGjctRMS2KOS
Gabrielle Aplin,spotify:artist:3w6zswp5THsSKYLICUbDTZ
Gang Starr,spotify:artist:5cMgGlA1xGyeAB2ctYlRdZ
Garden City Movement,spotify:artist:3HrczLBDJXJu6dJWEMbKHa
Gary Clark Jr.,spotify:artist:01aC2ikO4Xgb2LUpf9JfKp
Gary Wright,spotify:artist:3z6Uf5IZkN4TogRpRpgD84
GENIUS,spotify:artist:7kog8MoLtYQRVTZCiIOtZZ
"George Givot (performer), Walt Disney Studio Orchestra & Chorus, Oliver Wallace (conductor)",spotify:artist:13CBqfdLWE92DNza50gtYq
Gerry Rafferty,spotify:artist:7tjbDPvrdvDshcpEMXKRVb
(Sandy) Alex G,spotify:artist:6lcwlkAjBPSKnFBZjjZFJs
24/7,spotify:artist:6fO4Hua9tP6hMcPskKoNZa
2milly,spotify:artist:3PExH6Ke8I04yK51EXG3FQ
6 Dogs,spotify:artist:3Ps6le7tj5BdNtdnfNgTU4
99 Souls,spotify:artist:7aLdKgvXgDQz0wi5z2PKMV
"Aaron Tveit, Company",spotify:artist:68LZqnLeVTk2aumRVfSa10
Absofacto,spotify:artist:7gAYvcQFmAruyvwGjxrSUr
ACC Worship,spotify:artist:57B1bGF1R0dPJWur0zv2ZJ
Adam Jacobs,spotify:artist:5AmnFjIvQPCZJk3ES5kki4
Adele,spotify:artist:4dpARuHxo51G3z768sgnrY
Aerosmith,spotify:artist:7Ey4PD4MYsKc5I2dolUwbH
AJR,spotify:artist:6s22t5Y3prQHyaHWUN1R1C
Alabama Shakes,spotify:artist:16GcWuvvybAoaHr0NqT8Eh
Alejandro Sanz,spotify:artist:5sUrlPAHlS9NEirDB8SEbF
Alesso,spotify:artist:4AVFqumd2ogHFlRbKIjp1t
Alex Aiono,spotify:artist:5KPJMJR9PCfMWSfco8i4W4
Alex Turner,spotify:artist:1ctkBmvz80MGyi72Ix055S
Alexis y Fido,spotify:artist:7tU1VKOuxiNZwBZC6RHidA
Alice Cooper,spotify:artist:3EhbVgyfGd7HkpsagwL9GS
Alicia Keys,spotify:artist:3DiDSECUqqY1AuBP8qtaIa
Alina Baraz,spotify:artist:6hfwwpXqZPRC9CsKI7qtv1
Allan Kingdom,spotify:artist:1tUALn7PEhW7LpMuxvat2x
Alpharock,spotify:artist:629Fs7UJp6tWqOYZi8t8ET
Alvin & The Chipmunks,spotify:artist:1SCWcYnoEh1978ycTDhZoW
Amaranthe,spotify:artist:2KaW48xlLnXC2v8tvyhWsa
Amy Grant,spotify:artist:72Nhcx7prNk2ZCxhx0Y5es
Andrew Allen,spotify:artist:3VAWHx9N8uJ5JsNZaBBByF
Angel Y Khriz,spotify:artist:7npqy7rgdX2D3yfVyWExKo
Anika Noni Rose,spotify:artist:4fqk0Vw0VrIY8O2eWtmQO2
Anita Baker,spotify:artist:46CH1Gp8l8QVly8bpG9JFG
Anna Ternheim,spotify:artist:6xSTQT32ZxLQPe37QIC308
Anne-Marie,spotify:artist:1zNqDE7qDGCsyzJwohVaoX
Anthony Gonzalez,spotify:artist:2q10Wskc3lPYmEuV7rzMCv
Aqua,spotify:artist:6kBjAFKyd0he7LiA5GQ3Gz
Aquilo,spotify:artist:26GHRG8x1F4AzbCKzUaIbw
Ariel Camacho y Los Plebes Del Rancho,spotify:artist:2Lxa3SFNEW0alfRvtdXOul
Arkells,spotify:artist:3ShGiAyhxI6Rq3TknZ3gfk
Armin van Buuren,spotify:artist:0SfsnGyD8FpIN4U4WCkBZ5
Ashes Remain,spotify:artist:0fkTQEEyEyH71i9tDhS7CO
AU8UST,spotify:artist:4DIanMSLyYF0nsjCv93A1w
Audio Adrenaline,spotify:artist:01PBXLThJADrhufsPS5tER
Austin Plaine,spotify:artist:6AMV5iw09ZrX1h3o4x7uVN
Avant,spotify:artist:0AunegKKH2ys98aLxq8G1A
AWOLNATION,spotify:artist:4njdEjTnLfcGImKZu1iSrz
AZ,spotify:artist:7HqrSDuI9lHuH1CDismTFg
B.B. King,spotify:artist:5xLSa7l4IV1gsQfhAMvl0U
B1A4,spotify:artist:3sxWOFw4MSN54SIQ8np6iG
BABE,spotify:artist:6ODNKwTgm6Xr36vP5mCfXJ
Bacilos,spotify:artist:1mux8L6xg2Cmrc7k0wQczl
Bad Company,spotify:artist:5AEG63ajney2BoDXi0Vb84
Bakermat,spotify:artist:3MyFDtqB80WZvbtCZRsekM
Bananarama,spotify:artist:3sc7iUG1Wwpwx7bHeZolgx
BANNERS,spotify:artist:4qWnlmXWuGv2TtuxtIWlJX
Barely Alive,spotify:artist:5c3akKV3CUqAVOnGZqf4S3
Barry White,spotify:artist:3rfgbfpPSfXY40lzRK7Syt
Bear Grillz,spotify:artist:04vdWVjgi45nrMAxeCEVQe
Beatenberg,spotify:artist:3S9sb8w9r1iojdrAL1soiU
Beenie Man,spotify:artist:4L3GTE04bW5N7azA9QPhjA
Before Their Eyes,spotify:artist:7BewtLSaxtzJjRzPUPnSxp
Bella Thorne,spotify:artist:58AqJv0sDFPFnnBcLT8eeX
Ben Folds Five,spotify:artist:44gRHbEm4Uqa0ykW0rDTNk
Ben L'Oncle Soul,spotify:artist:2dJTa3mUidZAO9sKcY72tK
3BallMTY,spotify:artist:1MLs9allBZrajb5Dc4146L
4Minute,spotify:artist:6cdC1cwqh3eJAXaxXJt2jv
50 Cent,spotify:artist:3q7HBObVc0L8jNeTe5Gofh
7eventh Time Down,spotify:artist:15JWT0b1GY8dOBjVtrHaca
A Firm Handshake,spotify:artist:2FNefsUIddQsI81cmIJhta
A Flock Of Seagulls,spotify:artist:0uAjBatvB4ubpd4kCfjmNt
A Great Big World,spotify:artist:5xKp3UyavIBUsGy3DQdXeF
Aaron Carter,spotify:artist:5338fdSzGNOFD4cxAxDTeq
Aaron Neville,spotify:artist:57ALvbCBaCkNlgTOSiUPdT
Aaron Tippin,spotify:artist:4XwKU420OWVk38vz1KvH3M
Adie,spotify:artist:3e5pK8womHExvFMV1rYRkT
Aero Chord,spotify:artist:6lO3fSdhsdpeOcrbqAJsRU
AFI,spotify:artist:19I4tYiChJoxEO5EuviXpz
Airbourne,spotify:artist:6urzdpGY5yUimWZsgJUoTb
Alabama,spotify:artist:6rJqqRce0Kvo2dJUXoHleC
Alanis Morissette,spotify:artist:6ogn9necmbUdCppmNnGOdi
Alexander Cardinale,spotify:artist:1w9xONedSs7QY93KlJXK6b
Alice In Chains,spotify:artist:64tNsm6TnZe2zpcMVMOoHL
Alkilados,spotify:artist:2DP9xStkVVv753RBiEHXQB
Alle Farben,spotify:artist:61ipISvUVa5LkJlKZnm3Oo
Allie X,spotify:artist:0wnYgCeP013HkKoOyC5V32
Alvvays,spotify:artist:3kzwYV3OCB010YfXMF0Avt
Always Never,spotify:artist:0iiDqBBNToKJG4YoyESrBf
Amanda Seyfried,spotify:artist:5RZjpmuD14JKXvB8Ry1G1u
Amarante,spotify:artist:3yR3HP47svRNUefemTZAAc
Amber,spotify:artist:3cEuRQQlV0kLTlczivHCkl
Amel Larrieux,spotify:artist:4hVcxmC7igpot32EzQf7IR
Anderson .Paak,spotify:artist:3jK9MiCrA42lLAdMGUZpwa
Andy Grammer,spotify:artist:2oX42qP5ineK3hrhBECLmj
Angus Stone,spotify:artist:4TBZbclpBnXENejnt0ZIpr
Anonymous,spotify:artist:4kCZ5nyurc9eIqLJfUcW0Y
Anthm,spotify:artist:1y9a1IcgzjFM6hf0DZpBCD
Anthony Evans,spotify:artist:6qL5lCa1VbCzWiVgnj6QIV
Anthony Lewis,spotify:artist:7s55PSGfOQ0NzILPFlzzdF
Anthony Rapp,spotify:artist:3GZGJ33pJdAdUL6IQpK8mR
Antony and the Johnsons,spotify:artist:4fxp616ALtFWnXfwxnjLzW
Anuel Aa,spotify:artist:2R21vXR83lH98kGeO99Y66
Arcangel,spotify:artist:4SsVbpTthjScTS7U2hmr1X
Ariana Grande,spotify:artist:66CXWjxzNUsdJxJ2JdwvnR
Ashton Shepherd,spotify:artist:43eAoOm70bzBUNs4JKP5nE
Asia,spotify:artist:1bdytLV3FPjyhfrb6BhMej
ATB,spotify:artist:7jZM5w05mGhw6wTB1okhD9
Atomic Kitten,spotify:artist:6JMHws5haIO6V35YNYDnDw
Atreyu,spotify:artist:3LkSiHbjqOHCKCqBfEZOTv
Attack Attack!,spotify:artist:1FcRUsTmnEQfVCH5OIKSpb
Audio Two,spotify:artist:10toSzLMkc2zIYiiAemHt1
Bahamas,spotify:artist:4C50EbCS11M0VbGyH3OfLt
Banda Carnaval,spotify:artist:6LOvxDn71T0wWhCDNcXcUj
Bankroll Fresh,spotify:artist:7FBDXY8U17aasVTH3rgxbS
Bea Miller,spotify:artist:1o2NpYGqHiCq7FoiYdyd1x
Bearson,spotify:artist:3SPEPveuGIJZQPCHmNg4wg
Beartooth,spotify:artist:6vwjIs0tbIiseJMR3pqwiL
Bebo Norman,spotify:artist:0acFxGm0vYIfwTX4NRlEWd
Becky G,spotify:artist:4obzFoKoKRHIphyHzJ35G3
Bedroom,spotify:artist:7COP1HCvVq1cIpZcLQYoNe
Ben Folds Presents: The University Of Chicago's Voices In Your Head,spotify:artist:5PAsVcMOsE1PCwlyi0xLIq
Big Gigantic,spotify:artist:7o7mC95EDbJKTcPAAs8C3r
Big K.R.I.T.,spotify:artist:0CKa42Jqrc9fSFbDjePaXP
Big Thief,spotify:artist:5QdyldG4Fl4TPiOIeMNpBZ
Big Tymers,spotify:artist:4jWGfUCFeTu5e0wprRhHXR
Bill Thompson,spotify:artist:5qUyUS9vNS4ei4hm7ysj8W
Biz Markie,spotify:artist:22282KfMxDo2PMjnBc82I4
Bob Dylan,spotify:artist:74ASZWbe4lXaubB36ztrGX
Bob Seger,spotify:artist:485uL27bPomh29R4JmQehQ
Bobby Grant,spotify:artist:04IHW8rHwAbnRgpIIBx4BT
Bobby Green,spotify:artist:2vUbOx0zj57h8lbQK4dYaM
Bombs Away,spotify:artist:1YlyxjwYNSjBD0NAJGEfWB
Bondax,spotify:artist:4qobOrZpdUri80gScwsHfs
Bone Crusher,spotify:artist:6cwlhbT6PnscdmUYCLUJsa
Boogie Boots,spotify:artist:5c0WuXHDBICT0GqUzhh0cL
Boyz II Men,spotify:artist:6O74knDqdv3XaWtkII7Xjp
Brand New,spotify:artist:168dgYui7ExaU612eooDF1
Brandon Mychal Smith,spotify:artist:05DGOyjh1c17fH5x4jZfjM
Brandon Ray,spotify:artist:7uOj7ISCtmaA0BctMszzAw
Brandy Clark,spotify:artist:5vMAKlvvMNSRQRYCAvpG6S
Brazilian Girls,spotify:artist:6HdYUuBeK3g2MA2wGVCDcn
Breaking Benjamin,spotify:artist:5BtHciL0e0zOP7prIHn3pP
Britney Spears,spotify:artist:26dSoYclwsYLMAKD3tpOr4
Brittany Snow,spotify:artist:75caxjvX9NfZ9yZk5HbqEp
Bryant Myers,spotify:artist:6w9ToX5slZ4uIdmD17hJ3c
Butterfly Boucher,spotify:artist:3ZAIKutVvLYqmcxfkBz5aP
C & C Music Factory,spotify:artist:7krx6UBDKLwE0q3s3fesqF
Ca$h Out,spotify:artist:7Kp7SzuRuNiPFCy7JIwnLx
Caamp,spotify:artist:0wyMPXGfOuQzNR54ujR9Ix
Café Tacvba,spotify:artist:09xj0S68Y1OU1vHMCZAIvz
Caked Up,spotify:artist:3Zff3EMJTNTYcu1FH3oH8y
Camera Obscura,spotify:artist:5gInJ5P5gQnOKPM3SUEVFt
Cardi B,spotify:artist:4kYSro6naA4h99UJvo89HB
Carla Morrison,spotify:artist:0XK6kT7xcZAlcYrNjOgzJe
Carole King,spotify:artist:319yZVtYM9MBGqmSQnMyY6
Carpenters,spotify:artist:1eEfMU2AhEo7XnKgL7c304
Cast Of The Motion Picture Rent,spotify:artist:4vLVxKPowMj14Ou1NNUxuc
Casting Crowns,spotify:artist:6eJqAWJdd8JhAN1pQGie4r
Cathedrals,spotify:artist:7HIjKw4rHS0MtmV0cqSlpB
Cayetana,spotify:artist:5yC8tl2VVpS4HO758L0lSc
Charles Perry,spotify:artist:02rM7tEviVltZ0PsuB3Rlp
Chase & Status,spotify:artist:3jNkaOXasoc7RsxdchvEVq
Cheers Elephant,spotify:artist:2KpfVM6sB13Tw3osJlgkMi
Chorus,spotify:artist:2Bu3DMTHHdXW4jnhoWHhPa
Chris August,spotify:artist:5ThfTvfTCfzJAEvtEI2Jf8
Christine Baranski,spotify:artist:1L4nOFaQKejFy75REi9BKh
Christopher Williams,spotify:artist:27TmRLInIAVyWyU14KlALf
Chubby Checker,spotify:artist:7qQJQ3YtcGlqaLg5tcypN2
Claude-Michel Schönberg,spotify:artist:2OqTX6uyzll0y3ydeccZGR
CLOVES,spotify:artist:355SqtHY4qKt2wIXrWku0c
Colbie Caillat,spotify:artist:6aZyMrc4doVtZyKNilOmwu
Colin & Caroline,spotify:artist:2Y4125mDrgQyPD7dt76Rtm
Collin Raye,spotify:artist:4AwLiAGc1rRLrCepj5rdTI
Colm Wilkinson,spotify:artist:4hKV8PcRBaHZqBJjSn8OJE
Colmillo Norteño,spotify:artist:5YvrXxWXf9n9enAV8HHZSN
Comet Blue,spotify:artist:27DGFhdWUeudNFbPJROkWF
Control,spotify:artist:69BX3Y0Y9rzA039eZX2hdx
Crib,spotify:artist:5cjGEOpKNf89VCzd3J2vbn
Crystal Fighters,spotify:artist:75EZuo5MHV2572NRpMWotC
Crystal Waters,spotify:artist:2sd9Q3r0Jhqpe3w9WVuG43
Current Joys,spotify:artist:0m5FakHKCQdA7UN0PIzMcL
D.H.T.,spotify:artist:1eAJ2GrxUU5nJYEqaxQWvW
D.VELOPED,spotify:artist:6fsOa97Gfd2f5iqlDoHDUM
Damien Rice,spotify:artist:14r9dR01KeBLFfylVSKCZQ
Damon Albarn,spotify:artist:0O98jlCaPzvsoei6U5jfEL
Daniel Johnston,spotify:artist:1jeYbk5eqo6wgsQPjLeU5w
Danny DeVito,spotify:artist:79uCun3N91BDTFBVTfxwz6
Darude,spotify:artist:0LhHRmSd1EYM5QdNeNnCoQ
Gillian Welch,spotify:artist:2H5elA2mJKrHmqkN9GSfkz
Ginuwine,spotify:artist:7r8RF1tN2A4CiGEplkp1oP
Glen Campbell,spotify:artist:59hLmB5DrdihCYtNeFeW1U
Gloria Gaynor,spotify:artist:6V6WCgi7waF55bJmylC4H5
Gloriana,spotify:artist:5RjqSn7vYk8Qb9GeLWRRhB
Glynis Johns,spotify:artist:49VXmd4gPDKLfrb5yPQ7x6
Gogol Bordello,spotify:artist:2SVw939fwuqSobLjF8u78b
Green River Ordinance,spotify:artist:6Yuow6YoiBaVPFNjZ5BQi7
Gucci Mane,spotify:artist:13y7CgLHjMVRMDqxdx0Xdo
Gwen Stefani,spotify:artist:4yiQZ8tQPux8cPriYMWUFP
Gym Class Heroes,spotify:artist:4IJczjB0fJ04gs4uvP0Fli
Halestorm,spotify:artist:6om12Ev5ppgoMy3OYSoech
Haley Reinhart,spotify:artist:5cKlE8f6b26h61Ml7m052Q
Half Moon Run,spotify:artist:3ceQN2NVlLg1hgTzljDE4n
Hank Williams,spotify:artist:1FClsNYBUoNFtGgzeG74dW
Hannah Cohen,spotify:artist:7ovXNdlB2DNSC16TbKgros
Happy Hollows,spotify:artist:4fPjq4BxeLWYTnWGbRKC3D
Happy Jawbone Family Band,spotify:artist:5IxP9VO2CU1bpPoJoQCBwJ
Har Mar Superstar,spotify:artist:5wjWLK4KMqmRbdUtTEV1BG
Harold Faltermeyer,spotify:artist:7Cf73Z3RZQTH4V69GSDxnv
Hayden James,spotify:artist:4csQIMQm6vI2A2SCVDuM2z
Hazel English,spotify:artist:1nEGjL7aMVdNQzsfQPKdGr
Heavy D,spotify:artist:4AwNnh5SdnB3VGSZ0GPG4H
Helen Reddy,spotify:artist:0Sq7oGrYEe0BDmb13wgjOO
Henrik B,spotify:artist:1qM7ddO1J0S7eGGnuVmEXn
Herbie Hancock,spotify:artist:2ZvrvbQNrHKwjT7qfGFFUW
Hey Monday,spotify:artist:6we2CCxymhh4v30lZRhhpa
Hombres G,spotify:artist:60uh2KYYSCqAgJNxcU4DA0
Houston,spotify:artist:5yCd7bxcAc3MdQ1h54ESsD
How To Dress Well,spotify:artist:4jLcgJjDGmW0HmvbSf6lEI
Hozier,spotify:artist:2FXC3k01G6Gw61bmprjgqS
Hucci,spotify:artist:1wJNeTGqvB8WVYak3HC3pk
Hudson Mohawke,spotify:artist:6olWbKW2VLhFCHfOi0iEDb
Hudson Taylor,spotify:artist:4DX2G1URzfEiRg2wBfv4ub
Huey,spotify:artist:33wbkdcxtduHKY53LnI1Hf
Hugh Jackman,spotify:artist:5F1aoppMtU3OMiltO8ymJ2
Ice Nine Kills,spotify:artist:52qKfVcIV4GS8A8Vay2xtt
ILoveMakonnen,spotify:artist:3aGFCoR8xGN6DKwvdzeSja
Insane Clown Posse,spotify:artist:4xtWjIlVuZwTCeqVAsgEXy
Iris Temple,spotify:artist:1ti0u37FfK0AO8cM2n7Ncr
Isabelle Allen,spotify:artist:5pxpygL6kP0q3Mx3dIc6Og
Isosine,spotify:artist:2DlGqMSFlEcgwoirCUlLNd
Jace Everett,spotify:artist:47DQBkDU2VieRG0aJUcPJs
Jacob Whitesides,spotify:artist:05tyvnDgYMhgagYbUx9td4
Jagwar Ma,spotify:artist:6fEO1r9Y9TYL9O4w5kVPmc
Jake Bugg,spotify:artist:4hf3caW9H8uFwwbv5pFjcg
James Hersey,spotify:artist:0lzV2CiahHRiGd6qpADtPS
James Otto,spotify:artist:3VStI6m5Ig9FAyUaa0lYAP
Jana Kramer,spotify:artist:2PaRhxWFaqCUZybJDDoNrf
Janis Joplin,spotify:artist:4NgfOZCL9Ml67xzM0xzIvC
Japandroids,spotify:artist:2WcCoPxAWFNSCvsFPrpf30
Jasmine Cephas-Jones,spotify:artist:4H3e5t5utgPvj6Nsuda5QF
Jason Isbell,spotify:artist:3Q8wgwyVVv0z4UEh1HB0KY
Jason Robert Brown,spotify:artist:5ol7Hq695R9m2bT9T3FiQx
Jeremy Jordan,spotify:artist:0vKWxtht5v5MoAu4DID0Ub
Jerreau,spotify:artist:1xMXwKQhYLclPctEzpm4nr
Jez Dior,spotify:artist:2tmWjaROlvLpahIZcvPLwi
Jhoni The Voice,spotify:artist:6grrtSwMegDAZVtJgUQtJl
Jidenna,spotify:artist:4TsHKU8l8Wq7n7OPVikirn
Jill Scott,spotify:artist:6AVLthptCPhfrxlHadOBJD
Jim Croce,spotify:artist:1R6Hx1tJ2VOUyodEpC12xM
(dc),spotify:artist:6oLTIy8xJUYOLHDcDmuQPl
12 Stones,spotify:artist:0DrXhci3WAyo0WJv1RBOG6
21 Savage,spotify:artist:1URnnhqYAYcrqrcwql10ft
A Skylit Drive,spotify:artist:2HSp2S2KwxKE7sASl6bMR9
A$AP Ferg,spotify:artist:5dHt1vcEm9qb8fCyLcB3HL
A.R. Rahman,spotify:artist:1mYsTxnqsietFxj1OgoGbG
Aaron Doyle,spotify:artist:4zsTq27Sde0ucZgKiflRLR
Aaron Shust,spotify:artist:0oM8RWZXhJYSnzGdepP7fM
Ab-Soul,spotify:artist:0g9vAlRPK9Gt3FKCekk4TW
Action Bronson,spotify:artist:7BMccF0hQFBpP6417k1OtQ
Adam Levine,spotify:artist:4bYPcJP5jwMhSivRcqie2n
Adelitas Way,spotify:artist:1ZjAT2nTrzDIXFfsQ2hWJk
Ady Suleiman,spotify:artist:5LuLeXlnT2jFxbx7Cg7j88
Ages and Ages,spotify:artist:3DozezNrsIE37kJJfHhS9M
Air,spotify:artist:1P6U1dCeHxPui5pIrGmndZ
Akon,spotify:artist:0z4gvV4rjIZ9wHck67ucSV
Al B. Sure!,spotify:artist:1fvz0vd4P0LNMkAysF1ivk
Alex Da Kid,spotify:artist:0vjlH9sbJOZyhDjhvajQpY
Alex Wiley,spotify:artist:0JdGPxHeRGfOyZg3EHwp2g
Alexander Fairchild,spotify:artist:6FbA4yGV7HhQKGY6PKeMnE
Alexander Jean,spotify:artist:2QiOMJB2UydKMR6I966ETj
Alison Krauss & Union Station,spotify:artist:0OTnx2X2FDXeewcm72lavT
Allan Rayman,spotify:artist:6Yv6OBXD6ZQakEljaGaDAk
Allman Brown,spotify:artist:239Y6QdFqVFfdsw6moqSEN
AMG,spotify:artist:0Pn30Vf7efqPb1kyXa6B9S
Aminé,spotify:artist:3Gm5F95VdRxW3mqCn8RPBJ
Andre Nickatina,spotify:artist:7boQqq2hUcz9kHcQOecG4j
Andreas Moe,spotify:artist:5kW2ng5av985BfqrOMRpk0
Andy Griggs,spotify:artist:7CyJIUpcWZK2zFM6gKLKvD
Angello,spotify:artist:2QD0Z1wVYKCN8P9nwcMlWr
Anuhea,spotify:artist:2RHXvm6gGpbDIsksQXJ1vk
AOA,spotify:artist:54gWVQFHf8IIqbjxAoOarN
Aphex Twin,spotify:artist:6kBDZFXuLrZgHnvmPu9NsG
April Smith and the Great Picture Show,spotify:artist:7lbhhSi1lCIINpxTkVIBLN
Army Of The Pharaohs,spotify:artist:13FswnDmTIttTpiK9PS0BI
Arno Cost,spotify:artist:0BMhfbeiOrNMBzjELzbyNg
As Tall As Lions,spotify:artist:1F1IdqOCO4A9kBrQihBaOI
Ashe,spotify:artist:6P5NO5hzJbuOqSdyPB7SJM
Astro Safari USA,spotify:artist:0NXsB0AJL1EezoivKemnvn
"Astronauts, etc.",spotify:artist:2CXaub1yYrSk6ruDtOx6LZ
Au/Ra,spotify:artist:1eMmoIprPDWeFdB1FxU6ZV
Audioslave,spotify:artist:2ziB7fzrXBoh1HUPS6sVFn
Austin Moon,spotify:artist:1eBGyqw9kLsidL0q2dimWF
AV,spotify:artist:4vD84vxaAYmL3kIxcPhd1Z
Avalanche City,spotify:artist:1PX8bguYn6ba8NaBOJuu8A
Average White Band,spotify:artist:3tx8fyu3c4OBP5nejYtUOb
Avicii,spotify:artist:1vCWHaC5f2uS3yhpwWbIA6
Awaken Worship,spotify:artist:6krv2TF5Hjd1iq0b0mFD3V
Axwell /\ Ingrosso,spotify:artist:2XnBwblw31dfGnspMIwgWz
ayokay,spotify:artist:4BzCdhJTyTS3gumq9xmymb
B.Miles,spotify:artist:3rB3PZ6d1hAkNFD4PhLgQk
Baby Bash,spotify:artist:12PSlydMSjEHzSCj9X5qv7
Back In Black,spotify:artist:7D7R9UL0A4ngSASP5yW9ZQ
Bad Meets Evil,spotify:artist:77IURH5NC56Jn09QHi76is
Balance And Composure,spotify:artist:2fgl3me4n9diODTrVfruF3
Band Aid,spotify:artist:35S20clEkkSNUo23ViaslZ
Banks & Steelz,spotify:artist:3bWdqOEkgKiSmVnHZM2feN
Baro,spotify:artist:4uhCf1khYU6wNagLK9XUPP
BASECAMP,spotify:artist:2tT6SE9nGCYXysoJ4qicsZ
Bazanji,spotify:artist:3L8FZaw2Rg1oUw3vB4gUME
Beach House,spotify:artist:56ZTgzPBDge0OvCGgMO3OY
Bear Mountain,spotify:artist:0TsIx49jtpokEoYyPIBHJL
"10,000 Maniacs",spotify:artist:0MBIKH9DjtBkv8O3nS6szj
2 Chainz,spotify:artist:17lzZA2AlOHwCwFALHttmp
20syl,spotify:artist:6mA4csYsYvf4Mq02PleZEV
2AM Club,spotify:artist:1Sjs7s2hvAakgayaa0f34j
4 Non Blondes,spotify:artist:0Je74SitssvJg1w4Ra2EK7
A Story Told,spotify:artist:0kMSrud2q1lDBgp43LwU54
A$AP Twelvyy,spotify:artist:0tPjSrb43a58uznKru1k2P
Adema,spotify:artist:3n4ersmDo55xV4fPSCKpXb
Aesop Rock,spotify:artist:2fSaE6BXtQy0x7R7v9IOmZ
Air Supply,spotify:artist:4xXCRXOfQKQ2gjWxNhNzYW
Airia,spotify:artist:5TVMPzSodMr4xxiU1nUVVr
Alacranes Musical,spotify:artist:2aZtzjAzD8fq3OhZ9egqda
Alborosie,spotify:artist:78u1jLVBjPSXQVmHBV43yG
Alesana,spotify:artist:1fnDlUNi67FQtHHqBl4Yfg
Alex Ebert,spotify:artist:1me05HW5s7TShHra5nN7uE
Alex Metric,spotify:artist:6RDNTAgm2s6ae71nXWGnJD
All Saints,spotify:artist:5TDVKqW9uhqGjwwwKGuma4
Alta Consigna,spotify:artist:0DjAjUeZwSixK0dRwplBXb
Alvaro Soler,spotify:artist:2urF8dgLVfDjunO0pcHUEe
Aly & AJ,spotify:artist:5wugb0kaq0J6nyQ5Xgd17i
Among The Thirsty,spotify:artist:6U7okwARNlqMsPEvrtcNO6
Andrew Rannells,spotify:artist:0GxSAKOw8AV0JsEQ0HYY4b
Andy Black,spotify:artist:09NYzWfQlunWS3XBZFaDEC
Ane Brun,spotify:artist:2L3kwZFd16zjHz9a5kEPAm
Angels & Airwaves,spotify:artist:7xklw3WodFZiNNmQt3DIgp
Animal Collective,spotify:artist:4kwxTgCKMipBKhSnEstNKj
Anna Nalick,spotify:artist:4LoM3lMauQ540MW9QiyIcR
Anthony Flammia,spotify:artist:4Aq0I7zm89FSHuqvvh63rw
Anthony Russo,spotify:artist:6PFcrRZezCL5p9A0nwb7ki
Aqualung,spotify:artist:3uT7nEkZwWc2GBiqUZGoOe
Aretha Franklin,spotify:artist:7nwUJBm0HE4ZxD3f5cy5ok
Aron Wright,spotify:artist:4MKVLp1MAwYFqaXhe1g8dA
Arty,spotify:artist:1rSGNXhhYuWoq9BEz5DZGO
Ásgeir,spotify:artist:7xUZ4069zcyBM4Bn10NQ1c
Atmosphere,spotify:artist:1GAS0rb4L8VTPvizAx2O9J
Avatar,spotify:artist:4jpaXieuls7LVzG1uma5Rs
Aventura,spotify:artist:1qto4hHid1P71emI6Fd8xi
Avril Lavigne,spotify:artist:0p4nmQO2msCgU4IF37Wi3j
Ayo & Teo,spotify:artist:27mFvqQj8KpjmdKIqcw1mG
Azealia Banks,spotify:artist:7gRhy3MIPHQo5CXYfWaw9I
Bad Suns,spotify:artist:0YhUSm86okLWldQVwJkLlP
Baha Men,spotify:artist:67FFKYikvTlvsPNk4NPOYJ
Baltimora,spotify:artist:6czfQ8MjHVmvJKA4LAnviG
Banda El Limon,spotify:artist:1wzTTPq7lGlsjz3Xxkuz9M
Barenaked Ladies,spotify:artist:0dEvJpkqhrcn64d3oI8v79
Basshunter,spotify:artist:37DdwREpvvQHmGLFEZ4h0Q
Bassnectar,spotify:artist:1JPy5PsJtkhftfdr6saN2i
Bastille,spotify:artist:7EQ0qTo7fWT7DPxmxtSYEc
Beanie Sigel,spotify:artist:0tCtGc5vt29zFZp6KXzN50
Belle Mt,spotify:artist:6DewGkgNz0j4pO3T2ZMUHS
Ben Harper,spotify:artist:45lorWzrKLxfKlWpV7r9CN
Ben Howard,spotify:artist:5schNIzWdI9gJ1QRK8SBnc
Ben Taylor,spotify:artist:4bREOyXSYakaO63RuqoqMP
Benasis,spotify:artist:6AdFi1BqlRPjIvejq6gm5O
Bill Medley,spotify:artist:1XE70WwxhnrXNAJYQQ9ygx
Bill Withers,spotify:artist:1ThoqLcyIYvZn7iWbj8fsj
Billy Currington,spotify:artist:1By9QBFnjZAoI83BZppHlt
BJ The Chicago Kid,spotify:artist:07d5etnpjriczFBB8pxmRe
Blac Youngsta,spotify:artist:41klVmDluQZmGGqoidNfbe
Black Rebel Motorcycle Club,spotify:artist:1tpXaFf2F55E7kVJON4j4G
Blackmill,spotify:artist:4kjWnaLfIRcLJ1Dy4Wr6tY
Bleu Edmondson,spotify:artist:4hieTkZSZ7OWaN8hTB8tC1
Indigo Girls,spotify:artist:4wM29TDTr3HI0qFY3KoSFG
Inner Circle,spotify:artist:5os0Ltvz8Q8BvXOPOd1frx
Intro,spotify:artist:03n0Ll5tJjUxajYOvc0TQm
Intuition & Equalibrum,spotify:artist:1KliMuvrUp7XhKu7vVeex3
Islands,spotify:artist:1ObsHTgbvIYOfSHohHuV6n
Israel Kamakawiwo'ole,spotify:artist:4ogvuDRerGhZfSf7TtzHlr
Izzard,spotify:artist:2qXzWmzWZY64KvNBvyGzdr
J Dilla,spotify:artist:0IVcLMMbm05VIjnzPkGCyp
J. Cole,spotify:artist:6l3HvQ5sa6mXTsMTB19rO5
Ja Rule,spotify:artist:1J2VVASYAamtQ3Bt8wGgA6
Jack Ingram,spotify:artist:7HNEfHmDlFofG6YnMt8G7N
Jack's Mannequin,spotify:artist:42aeGx2I3uXINpGqC8L0LD
Jackson Breit,spotify:artist:4Y6wyjvVZtxzzXILoDEulZ
James Morrison,spotify:artist:3LpLGlgRS1IKPPwElnpW35
Janine,spotify:artist:4k3yrCOPB5wp2ne8R9MQoM
Jasmine Thompson,spotify:artist:2TL8gYTNgD6nXkyuUdDrMg
Jauz,spotify:artist:5ttgIeUVka6FLyi00Uu5h8
JAY Z,spotify:artist:3nFkdlSjzX9mRTtwJOzDYB
Jazmine Sullivan,spotify:artist:7gSjFKpVmDgC2MMsnN8CYq
Jeffrey James,spotify:artist:0Bm5cFUEv8FGx1wEekHj0D
Jencarlos,spotify:artist:3f4OfcNtgL9MLgiyOdIHC7
Jeremy Irons,spotify:artist:6QRb3jE2lCfMU1iUuVQMaV
Jerry Jeff Walker,spotify:artist:763opp15PhfHpEaiVjM6m7
Jerry Lee Lewis,spotify:artist:2zyz0VJqrDXeFDIyrfVXSo
Jessica Andrews,spotify:artist:5rNhVm2CnqiO5Lv4Dt2lck
Jesus Culture,spotify:artist:0Onvkz1Nbs4wHXXUwOIGk8
Jill Andrews,spotify:artist:35VpsbV6V2NdfTeNZEbKfc
Joe Purdy,spotify:artist:3MCxkaTJmYKH0FZbe3rYxa
John Givez,spotify:artist:2RhGXxsDpB0eB122Ce3WYB
John Jackson,spotify:artist:60UhckbUDbriVwYkO5dzPG
John Lee Hooker,spotify:artist:1yNOfXGQNGjAynk77wv85x
John Martin,spotify:artist:2auikkNYqigWStoHWK1Grq
Johnny T,spotify:artist:7m0hBssYWrmf3CFVwY1xjg
Jon Bon Jovi,spotify:artist:6h2bWHWTJL38N8dqocVaif
Jon Hopkins,spotify:artist:7yxi31szvlbwvKq9dYOmFI
Jonatan Sanchez,spotify:artist:4RBmbtdnz7QK9ddu4CWz1L
Jordan Francis,spotify:artist:3HYpSvGctSamkShNEVX9gS
Josh Gad,spotify:artist:4dSQICBjdUIp5iK6RRU2bY
Josh Thompson,spotify:artist:4BuyNtIXCdb4fHesOdR3io
Joy Williams,spotify:artist:4TCXgdDPm10ensLNCVnIYa
JP Cooper,spotify:artist:4kYGAK2zu9EAomwj3hXkXy
JR Castro,spotify:artist:19xmzzjYSHNrV6s0DBzEi7
Juan Gabriel,spotify:artist:2MRBDr0crHWE5JwPceFncq
Julia Michaels,spotify:artist:0ZED1XzwlLHW4ZaG4lOT6m
Julie London,spotify:artist:3qUMmh5biaB5hqpF4LqS3m
Kajagoogoo,spotify:artist:0f3kLT4wvi2mFHlHJgV8Hl
Kaleo,spotify:artist:7jdFEYD2LTYjfwxOdlVjmc
Kansas,spotify:artist:2hl0xAkS2AIRAu23TVMBG1
Kanye West,spotify:artist:5K4W6rqBFWDnAN6FQUkS6x
Kao the Great,spotify:artist:4ger5ixTfjhlbdnS0W6ydX
Kardinal Offishall,spotify:artist:5P2rwRBgIN450RaJxdjYdA
Kari Kimmel,spotify:artist:6w5nIAeqFbZa9qssSwPsyn
Keak Da Sneak,spotify:artist:1sPpJhevOYz54gNgeh2LaV
Keala Settle,spotify:artist:7HV2RI2qNug4EcQqLbCAKS
Keira Knightley,spotify:artist:2MG46ekjBSFwPgzoIZvHFU
Keith Sweat,spotify:artist:2r09Inibex3C4ZNTUVSG3m
Kelela,spotify:artist:1U0sIzpRtDkvu1hXXzxh60
Kelis,spotify:artist:0IF46mUS8NXjgHabxk2MCM
Kelly Rowland,spotify:artist:3AuMNF8rQAKOzjYppFNAoB
Kem,spotify:artist:1f2e3RQf7LHOum8NU61q0R
Kenny G,spotify:artist:6I3M904Y9IwgDjrQ9pANiB
Kevin Abstract,spotify:artist:07EcmJpfAday8xGkslfanE
2Cellos,spotify:artist:6Fi8CHfO8WGtu3yO8c2Mc4
69 Boyz,spotify:artist:7qeBsFLeNEuzrDhDMbnDwF
A Boogie Wit da Hoodie,spotify:artist:31W5EY0aAly4Qieq6OFu6I
A$AP Rocky,spotify:artist:13ubrt8QOOCPljQ2FL1Kca
A.B. Quintanilla III,spotify:artist:5MP9bH9aUryiKQeUvABLIU
Active Child,spotify:artist:54KTsBl98buzGkELjGlnuU
Adam Hicks,spotify:artist:3dctbbXhrRgigX1icexnws
Addison Road,spotify:artist:1Xjo0MmVXZVCNpUSLPCogR
Aer,spotify:artist:25hbSOMmbhgqvonjC876UJ
Afrojack,spotify:artist:4D75GcNG95ebPtNvoNVXhz
Against The Current,spotify:artist:6yhD1KjhLxIETFF7vIRf8B
Aimee Mann,spotify:artist:3UpIbyXfGzmHG6TMH4dJEk
Aisha Jackson,spotify:artist:2X0luv37eF4krzDbMT7G7e
Al Bairre,spotify:artist:3l3OXBVFtuPwDpQTGtXNjj
Alannah Myles,spotify:artist:6IYnSXO40Bh7Zdqhf6rQoj
Alejandro Fernandez,spotify:artist:6sq1yF0OZEWA4xoXVKW1L9
Alexandra Stan,spotify:artist:0BmLNz4nSLfoWYW1cYsElL
Alexandre Desplat,spotify:artist:71jzN72g8qWMCMkWC5p1Z0
Alexio,spotify:artist:4Tw0VaV1ENei24iQnktjXj
Alina,spotify:artist:6STDZGmQ3gKtgnPmBIcSRx
Alison Wonderland,spotify:artist:11gWrKZMBsGQWmobv3oNfW
American Hi-Fi,spotify:artist:4XlcLj6bxCnpBIOHmBpIWP
Ana Torroja,spotify:artist:5YekZn3GGnPIURNA6RG124
Anders,spotify:artist:7f7GFfPJBrhiBpd4dqyoST
Angel Haze,spotify:artist:2cyyGl4qnHZL0o16t0fpJl
Angels Fall,spotify:artist:1HzkIi3SzN7u0NQf8bTvPR
Anik Khan,spotify:artist:23bSD5t38m4d6k8jtlZGDa
April,spotify:artist:3jBjP8GvB5zigSypIcs0pW
Apster,spotify:artist:0bi8sypegPFiP6Rd9gdkyz
Arch Enemy,spotify:artist:0DCw6lHkzh9t7f8Hb4Z0Sx
Artec,spotify:artist:7zct7HkTWSWnnYFVJq75FV
Ascend The Hill,spotify:artist:0g1QOskZ9opQELS5ijE6XV
Asia Cruise,spotify:artist:5PhIi6k0aerOVRR7EdwXyg
Astronomyy,spotify:artist:3EpmmPtV7DduqNmeqaADIm
At The Drive In,spotify:artist:5E2rtn57BM2WPjwak4kGd5
Atif Aslam,spotify:artist:2oSONSC9zQ4UonDKnLqksx
Atlantic Starr,spotify:artist:2YdVmtVBpIrv0N6WiBzSqm
August Alsina,spotify:artist:19Fi1Rj7kk8kyiwxpXy3yM
Augustines,spotify:artist:0p1LdP1XicX0UA5GNA2DWc
B.o.B,spotify:artist:5ndkK3dpZLKtBklKjxNQwT
Baby,spotify:artist:7E1r06wbRiF2soZtFoc62z
Babyface,spotify:artist:3aVoqlJOYx31lH1gibGDt3
Badfinger,spotify:artist:4pJCawaKSZ40EnxN0YEYw3
BAEKHYUN,spotify:artist:4ufh0WuMZh6y4Dmdnklvdl
Banda Sinaloense MS de Sergio Lizárraga,spotify:artist:2C6i0I5RiGzDKN9IAF8reh
Bas,spotify:artist:70gP6Ry4Uo0Yx6uzPIdaiJ
Basement Jaxx,spotify:artist:4YrKBkKSVeqDamzBPWVnSJ
Bat For Lashes,spotify:artist:6l77PmL5iuEEcYjGl8K6s7
BAYNK,spotify:artist:28yVvEvA2lT3K5RNIhV1Dj
Bear Hands,spotify:artist:3ViZST9PgFoieuOHY2GZMp
Ben Folds,spotify:artist:55tif8708yyDQlSjh3Trdu
Benjy Davis Project,spotify:artist:44IrkCeUJWsHJP6fznpO3q
Benny Benassi,spotify:artist:4Ws2otunReOa6BbwxxpCt6
Beta Radio,spotify:artist:0syIRg9MPSpJIC0QCPUaHB
Big Head Todd and The Monsters,spotify:artist:1lOQRP0UJWmpoDWBa8PB0B
Big Wild,spotify:artist:0PxzGnCYBpSuaI49OR94cA
Billy Crystal,spotify:artist:4obZSxPoSs6iedmMKPzhwh
Billy Squier,spotify:artist:3Fz2GbraVXhcpXnoi2Oe1r
Billy Talent,spotify:artist:08yf5A2nS4XEeNvabDXqyg
Blake Shelton,spotify:artist:1UTPBmNbXNTittyMJrNkvw
Blind Pilot,spotify:artist:6qiGjRyN7TJ1GA2nXF68Hi
Blood Orange,spotify:artist:6LEeAFiJF8OuPx747e1wxR
Banda Machos,spotify:artist:7MyUjj79oHy7I8RocrtzZ2
Barbra Streisand,spotify:artist:7jmTilWYlKOuavFfmQAcu6
Barcelona,spotify:artist:3mKqIEF3Coa2rNT4ojEh8Q
Barns Courtney,spotify:artist:5tFRohaO5yEsuJxmMnlCO9
Basement,spotify:artist:4DUQBYAyOTZotSEdKhaf6c
Basenji,spotify:artist:4FH1qQ5KcTtomryu4O5pgX
Bayside,spotify:artist:51J0q8S7W3kIEYHQi3EPqk
Beach Goons,spotify:artist:7Aw7RMHmISxyQBftcksDZ3
Beach Weather,spotify:artist:7I3bkknknQkIiatWiupQgD
Bebe Rexha,spotify:artist:64M6ah0SkkRsnPGtGiRAbb
Belanova,spotify:artist:3oNy8cjBtJzLC07I70sklp
Ben Kweller,spotify:artist:7bhMBjjQhgPX0q9S4Ajncn
Ben Pearce,spotify:artist:0mnlHIcYkz3TQQ07xiFwuz
Ben Rue,spotify:artist:2oGdrNgzBonicMXlJSuVhw
Beshken,spotify:artist:5sHn9ENA6XtnLmOrVQt2BB
Betty Wright,spotify:artist:0PDqlUGugF5Jt6DZyATvfz
Bhad Bhabie,spotify:artist:7DuTB6wdzqFJGFLSH17k8e
Big Yamo,spotify:artist:1a2HwAlOE2wUPmNisvZxSw
Bilal,spotify:artist:4jCbgl5Dmt3uOh8WRQfpPs
Billy Ocean,spotify:artist:5IDs1CK15HegSAhGEbSYXo
Birdman,spotify:artist:35sCXuy5gN6Or69rZ9vqBs
"Bishop Paul S. Morton, Sr.",spotify:artist:5ktiG2i4Gv54oDKNMJvgmk
Black Moon,spotify:artist:2yN6bq26wynQcRuPkBYTDb
Blueprint,spotify:artist:0oH5s9LtbS4emEnt90vY4s
Bones,spotify:artist:7qUnx2B8Lf6QROKUCKLsOQ
Bonnie McKee,spotify:artist:7dtJROxWQe3fxxF5t7o67N
Boy & Bear,spotify:artist:2NqgE99Ll5vOTvmbN7O2R6
Brandon Lay,spotify:artist:0H7XMkYygCyZGg8o1uqoZv
Brian Eno,spotify:artist:7MSUfLeTdDEoZiJPDSBXgi
Brian Fresco,spotify:artist:6XlV5geX7LvRcoeBnItw2I
Brian Johnson,spotify:artist:7qTSoObqlJkIybERfumbQ9
Bridgit Mendler,spotify:artist:4VhL8KLjVso4vLfOLVViTb
Brokencyde,spotify:artist:22WwE0lMmGx4AJeyUfT7rh
BRONCHO,spotify:artist:6Lll1MPPak4m4vZKuJB264
Brooklynn,spotify:artist:6nctiwEzpo2K9UJCpyXL21
Bruce Healey,spotify:artist:75elZ1C9nNXwGHJtjuYCQk
Bryan & Katie Torwalt,spotify:artist:7bvAtcPT3evvSeHDyu2zBC
Building 429,spotify:artist:6Le23Aqwqi28fQUzfv4dHY
Cage The Elephant,spotify:artist:26T3LtbuGT1Fu9m0eRq5X3
Caitlyn Smith,spotify:artist:3uikSah4dwqwuk0EidFI4R
CALVIN,spotify:artist:2MqDJjftY4Qp8Ge9hkx5HS
Cam’ron,spotify:artist:7iMvwE8qANp3aIfAGKEAwS
Candlebox,spotify:artist:3R6c2tWDBeYB1GncjLMn9n
Can't Stop Won't Stop,spotify:artist:5beNQx8Rsr5StjfjIhwS4o
Canyon City,spotify:artist:6TdfKQvrdHZdr4DIzjuWOr
Cassa Lio,spotify:artist:1z78nLuMzKtiMQe69RnTWd
Chaka Khan,spotify:artist:6mQfAAqZGBzIfrmlZCeaYT
Chalino Sanchez,spotify:artist:7u9m43vPVTERaALXXOzrRq
Charles Kelley,spotify:artist:2Hbxyk7qJ22i8wFEqgM3vC
Chase Atlantic,spotify:artist:7cYEt1pqMgXJdq00hAwVpT
Cheat Codes,spotify:artist:7DMveApC7UnC2NPfPvlHSU
Chord Overstreet,spotify:artist:1IrKUHz5tIrGTFXcjmj46x
Chris and Thomas,spotify:artist:27VJZPUkuCYbgukhoDgFvj
Chris Wallace,spotify:artist:212qpUZkM5Pj9TsyHjOUEX
Christian French,spotify:artist:7naAJDAh7AZnf18YYfQruM
Christian Rich,spotify:artist:7cAlvWK5rgMmJ37j7woN8l
Christina Aguilera,spotify:artist:1l7ZsJRRS8wlW3WfJfPfNS
Christopher Cross,spotify:artist:695W5F2Ih8dYahLdjVOIoH
Chuy Lizarraga y Su Banda Tierra Sinaloense,spotify:artist:1DA8SLXtp8MMVpgaOWzMQr
CID,spotify:artist:4FCzCS0KEgb0rgySWINItO
Cisco Adler,spotify:artist:23apFYuBTpFemqLDn8ViLW
Blackfoot,spotify:artist:10rzK0sLCXsUlDhl8ed0MV
Blackstreet,spotify:artist:2P3cjUru4H3fhSXXNxE9kA
Blair,spotify:artist:5dllmwFsq4JlN1YK0f41Sm
blessthefall,spotify:artist:7t2C8WwLyKUKRe0LVh8zl9
Blur,spotify:artist:7MhMgCo0Bl0Kukl93PZbYS
Bon Iver,spotify:artist:4LEiUm1SRbFMgfqnQTwUbQ
Brantley Gilbert,spotify:artist:5q8HGNo0BjLWaTAhRtbwxa
Brett Young,spotify:artist:0fiWOxhsBsQQvFDtxUQWo0
Brian Setzer,spotify:artist:4xiBg5AwhlWtuxAJO9rO6f
Bright Eyes,spotify:artist:5o206eFLx38glA2bb4zqIU
Bring Me The Horizon,spotify:artist:1Ffb6ejR6Fe5IamqA5oRUF
Broiler,spotify:artist:3836OTICMPjhTMMcpPw4EC
Brooke Waggoner,spotify:artist:0yvalMtqijFbClXzI8Ey11
Brothers Osborne,spotify:artist:39NR3AUhpbbqKM33vWn2fp
Bruce Reitherman,spotify:artist:43HPW60tz4BMYMRnmXMagJ
Bryan J,spotify:artist:7eOmaHj3qXWhEb384B61eA
Bubba Sparxxx,spotify:artist:3RPYHNSwe3w0mtfJwKIN9P
Burl Ives,spotify:artist:0MHgLfmQdutffmvWe5XBTN
Camp Cope,spotify:artist:6OtUfATGYDnx5O23FP6C2s
Canaan Smith,spotify:artist:0q2lY1ZzFckzciuoMtUvck
Capital Kings,spotify:artist:3lTIrl4h1Vov8fDaNqXUof
Carl Perkins,spotify:artist:5hIClg6noTaCzMu2s5wp4f
Caroline Glaser,spotify:artist:4qiAhwxeFLSbkNq6tFEWpJ
Cassidy,spotify:artist:3WilJWdCNLSU7fpYjiKb7v
Caye,spotify:artist:3kkoYvxvV00UXPJCqMCljL
CES Cru,spotify:artist:7jNpkZ55HFuYxJo6q1qawG
Charles Hamilton,spotify:artist:4jOUE5phvhoCUHQBZ3uMyM
Charles Strouse,spotify:artist:1HO6dUh3pea34OKnmsmjQx
Chase Coy,spotify:artist:5Obb6ABge8V2JOmkgQm3VY
Chase Goehring,spotify:artist:6KctBryUku3YfFzoRd6EjI
Chedda Da Connect,spotify:artist:0KF35OGFXQttk0yWReabtG
Chelsea Lankes,spotify:artist:5JZ7uSAWAzTHHVBICdtAc6
CHEN,spotify:artist:0UEP2XBR9aC5NBKcAKnBIq
Cheryl Lynn,spotify:artist:6UfoTQXaV3DuqtDVjZIxwZ
Chinx,spotify:artist:2DctCFD8X80VeY7WLC86PS
Chip Taylor,spotify:artist:4J9k7L7BrJ7NMWAcvgox1B
Chorus - Beauty And the Beast,spotify:artist:3kWWBtNzJFtKA222gZz39d
Chris Rice,spotify:artist:0vD3f3r69jBB1bL6VWnGM2
Chris Tomlin,spotify:artist:6pRi6EIPXz4QJEOEsBaA0m
Christian Akridge,spotify:artist:14x09CWnER34AB2uITdUAp
Christian Borle,spotify:artist:3mXvO1rdMCgdOYNiWeduWG
Chromeo,spotify:artist:2mV8aJphiSHYJf43DxL7Gt
Chuck Berry,spotify:artist:293zczrfYafIItmnmM3coR
Chuck Wicks,spotify:artist:696fbyLHSMBSYjDrDU5yiK
Churchill,spotify:artist:0RSOEwcMBmhkXmriCCXIXz
Circa Waves,spotify:artist:6hl5k4gLl1p3sjhHcb57t2
Clarence Nash,spotify:artist:0k6ADtcN40i3s054thSNH2
Clay Walker,spotify:artist:4MPkNgar5uTd8Sqvrr7par
Clyde Carson,spotify:artist:0FJpfR5Bq5EBl2xi0LAp1v
CNBLUE,spotify:artist:6dCz3spfpIvqqqsIoP6wXi
Cobra Starship,spotify:artist:2aYJ5LAta2ScCdfLhKgZOY
Cody Jinks,spotify:artist:2v7wIbCkIzxOfT3GnqCexD
Color Me Badd,spotify:artist:1QtIfAa6y7w2JhxYJhYeUG
Common,spotify:artist:2GHclqNVjqGuiE5mA7BEoc
Conor Maynard,spotify:artist:6mU8ucezzms5I2kNH6HNlu
Consumed By Fire,spotify:artist:7nuXXKpffW4YAaXrJP6IH5
Cool Amerika,spotify:artist:6z6QhdScsMjrioLV3BoFDm
Coolio,spotify:artist:3y24n3XhZ96wgwRXjvS17T
Cory Morrow,spotify:artist:0XRBwgqB24RnxXi7BFYNxC
Crime Mob,spotify:artist:5A7d4sfe5ZY1RRf90zlUeo
Crossfade,spotify:artist:4IR8ZkpbyyKrqsIzchF3NB
Crown The Empire,spotify:artist:2vKiJjsgjgqIECUyYeIVvO
Bobby Day,spotify:artist:4SLfKHcufUqU46DiTAHIsj
BØRNS,spotify:artist:1KP6TWI40m7p3QBTU6u2xo
Brent Faiyaz,spotify:artist:3tlXnStJ1fFhdScmQeLpuG
Brenton Wood,spotify:artist:6ohvzFHYmLd05kyYhLui5K
Brika,spotify:artist:3FMbhaYng6VoeCltbwqmtG
Bro Safari,spotify:artist:6d9SnuHI2bRer7c76d8sLq
Bruno Major,spotify:artist:0hDjKSKjl1DC7ovYTDJHe8
Bry,spotify:artist:1HBBIqWh77UIShd5B9gqFf
Bryce Fox,spotify:artist:6g878dtAhjegRHVe5X0ALf
Buddy Holly,spotify:artist:3wYyutjgII8LJVVOLrGI0D
C.W. McCall,spotify:artist:0iTkPxRldzi5lmS6qZ70JV
Calibre 50,spotify:artist:4jogXSSvlyMkODGSZ2wc2P
Car Seat Headrest,spotify:artist:5PbpKlxQE0Ktl5lcNABoFf
Carmen Twillie,spotify:artist:6O3ZB5Cz5CNT3wQWouKcNJ
Carrollton,spotify:artist:1i5HhzrkpHFFDpsUYdz2Fs
Casey James,spotify:artist:0AAUWYwZqrnuwkjMCO5OX7
Cassadee Pope,spotify:artist:7ahuvq1mbb4idwG1iJbSFG
Cast Of 'Camp Rock 2',spotify:artist:4iQHkms1GjFd7pjSHqs68B
Cat Power,spotify:artist:6G7OerKc3eBO9sVkRNopFC
Catfish and the Bottlemen,spotify:artist:2xaAOVImG2O6lURwqperlD
CeeLo Green,spotify:artist:5nLYd9ST4Cnwy6NHaCxbj8
Chaka Demus & Pliers,spotify:artist:6RQkaOWddQmiLLJqSgnTbm
Chaz French,spotify:artist:3BYzEWh3pY0DZpMN0hFufv
Cher Lloyd,spotify:artist:4m4SfDVbF5wxrwEjDKgi4k
Chief Keef,spotify:artist:15iVAtD3s3FsQR4w1v6M0P
Chris Jeday,spotify:artist:0qTZZWLzuD59Un5r1speHm
Chris Young,spotify:artist:4BYxqVkZyFjtik7crYLg5Q
Christy Nockels,spotify:artist:0XFBXku1ro7p7bjFQk98o6
Chubb Rock,spotify:artist:4dVRITwfej74WkmNpgYVPb
CHVRCHES,spotify:artist:3CjlHNtplJyTf9npxaPl5w
City High,spotify:artist:0LlPal5iJGcCWwZp8VefVs
Clairity,spotify:artist:0OAusXEginMnUycfJiuxrt
Cloud Cult,spotify:artist:6R1T5YklzC9OFugGt8RwOD
Coast Modern,spotify:artist:4wYk01oPJNfaEssVFL46oQ
Codeko,spotify:artist:7FZKXzbyCoai0fEh65kZKp
Cody Simpson,spotify:artist:79Xp2rRN7wdsaTJgttdX3K
COIN,spotify:artist:0ZxZlO7oWCSYMXhehpyMvE
Coleman Hell,spotify:artist:3q9nybxzbSHsesDBHUlP4c
COLLEAGUES,spotify:artist:6tANwKMqvV8oW0b7Np1ETB
Collin McLoughlin,spotify:artist:6oKeE1UH8FizqNPScqM1NE
Cookie Monsta,spotify:artist:2uGNBmaWvxF6HAcWuhK7OP
Craig Mack,spotify:artist:4akj4uteQQrrGxhX9Rjuyf
Crowded House,spotify:artist:7ohlPA8dRBtCf92zaZCaaB
cupcakKe,spotify:artist:76SlrtEaq2oViRXulxjfuM
Curtis Mayfield,spotify:artist:2AV6XDIs32ofIJhkkDevjm
Dan Stevens,spotify:artist:5lLVsxABqSuosfqAoLQeXV
Danny Elfman,spotify:artist:5qBZETtyzfYnXOobDXbmcD
Dante Klein,spotify:artist:1b4DN8Vj0dnj5cceMFsRYN
Dave,spotify:artist:6Ip8FS7vWT1uKkJSweANQK
Dave B.,spotify:artist:5bfqwcEcRrMhtY9smw3IeJ
David Fanning,spotify:artist:4EvpjRZNR6ZzxqYPwJ2FmH
David Foster,spotify:artist:0SgQK24WzZf2pXBXYqHJYF
Debby Ryan,spotify:artist:2ftL3sXW7KDOBfVda7IXyA
Deep Sea Diver,spotify:artist:6CD0HbcaKmuVB3NHJJgSdH
Deftones,spotify:artist:6Ghvu1VvMGScGpOUJBAHNH
DeJ Loaf,spotify:artist:7kFfY4UjNdNyaeUgLIEbIF
Del Water Gap,spotify:artist:0xPoVNPnxIIUS1vrxAYV00
Delegation,spotify:artist:1zKp43H1kLHOTkJAeyTIkf
Delphic,spotify:artist:4UTHeJ0TdH6zAEt5MoV02I
Demi Lovato,spotify:artist:6S2OmqARrzebs0tKUEyXyp
Dennis Kruissen,spotify:artist:41it3ogaq2BsdLlZkWTXdO
Desperation Band,spotify:artist:1nxvNYN15dvkxVjNfvOaEf
Big Star,spotify:artist:3UvcmAOZt64oKpP95f6MMM
Bill Conti,spotify:artist:272ygo5fv9cYsiCLcV0HV2
Billy Joel,spotify:artist:6zFYqv1mOsgBRQbae3JJ9e
Black Sheep,spotify:artist:0NnCgUxhtWt1yBtpDyvFQf
Black Uhuru,spotify:artist:5keeQyPKYRxUCKDMECTXG3
Black Veil Brides,spotify:artist:6O7MpKrY91vlCd4Osi6XKs
Blackalicious,spotify:artist:42Np3r8zXnaKcjLQsQSjyG
Blackbird Blackbird,spotify:artist:2TWKl87Jnmd5MApKEpVCxA
BLAKE,spotify:artist:0ntN2Cg64nMZB7OR52uSsV
Blake,spotify:artist:7sSJgU0CwdNsE6CShqPQP5
Bleek Blaze,spotify:artist:20jHxcEoubtdYd9cqgFhsO
Blonder,spotify:artist:0AhjcWvgOYE0lPpuTMh1i9
Blondie,spotify:artist:4tpUmLEVLCGFr93o8hFFIB
Blues Image,spotify:artist:3qP1yR7s0FAKMjEw99p6wE
"Bobby ""Boris"" Pickett",spotify:artist:42MRYPhQfcEXqb18dl5ERX
Bobby Brown,spotify:artist:62sPt3fswraiEPnKQpAbdE
Bobby Darin,spotify:artist:0EodhzA6yW1bIdD5B4tcmJ
Bobby Womack,spotify:artist:0vqkz1b2qBkoYrGMj2CUWq
Bon Iver & St. Vincent,spotify:artist:5NexFJlYHMb5IC6z6ci3BA
Bonzai,spotify:artist:5BydzSmKBIh8HkWFwx4Rrg
Boogie,spotify:artist:5usbqiU7sjvszjWecANDL6
Born Ruffians,spotify:artist:7wGrLSB3v7jkV3fSsjYwtv
Boyce Avenue,spotify:artist:7CQwac16i1W5ej8YpuL3dv
Boz Scaggs,spotify:artist:46njgd2Rq9tZc4ZjeQMgbh
Brain,spotify:artist:6g0Xatzg8vlchoEe21LoeH
Brandon & Leah,spotify:artist:7tpoUeXq6RlClRlq2ithVu
Brenda Lee,spotify:artist:4cPHsZM98sKzmV26wlwD2W
Brian D'Arcy James,spotify:artist:3oYQrBzEQNpxnjWXP54B4n
Brothers From Another,spotify:artist:7EBy1PkMgjQ9H5qroSGC8P
Bruno Mars,spotify:artist:0du5cEVh5yTK9QJze8zA0C
Bryan Ferry,spotify:artist:5RNFFojXkPRmlJZIwXeKQC
C tha Future,spotify:artist:45ONJC5hPh0WF60N3n3U3n
Caleborate,spotify:artist:7bpDJUH5hnffIYHID6h3Et
Calvin Harris,spotify:artist:7CajNmpbOovFoOoasH2HaY
Cameo,spotify:artist:545idYhdloaSlLGBY8E9u2
Camila Cabello,spotify:artist:4nDoRrQiYLoBzwC5BhVJzF
Campsite Dream,spotify:artist:69VkQLf4DH7GJ68BCDOPKL
Candyman,spotify:artist:3mGe3yyg9FrxlHidyYWiH6
Caravan Palace,spotify:artist:37J1PlAkhRK7yrZUtqaUpQ
Cardiknox,spotify:artist:68xcbQiyjcmPsgRChCm2wj
Carla Bruni,spotify:artist:1HVwzNriKEjaeE06okqSpx
Caroline Pennell,spotify:artist:0cZPTEmf3mlwj5kjVXR4po
Cartoon,spotify:artist:2sf28o6euxEDpYkG9dMtuM
Casey Donahew,spotify:artist:4bbloxL2d1IeYwuT2eIgib
Caught A Ghost,spotify:artist:2e898fil1F5umrc2LBtV93
CAZZETTE,spotify:artist:1IELhvOMg5VQlU7syRm6CS
Charlie Wilson,spotify:artist:6CxZzQFUTM6AzgluGwtq5w
Chase Rice,spotify:artist:6pBNfggcZZDCmb0p92OnGn
Chatham County Line,spotify:artist:3M2LPcqyD4PxbOFvtF05R7
Cherokee,spotify:artist:6xmvWip8eqRc5jqv2bHg9j
Christian Collins,spotify:artist:1faDIQdy53JXb7oyV8NHl2
Christian Kane,spotify:artist:7pe9RADjXbcHXwxnCHaHRd
Christina Perri,spotify:artist:7H55rcKCfwqkyDFH9wpKM6
Chromatics,spotify:artist:4tOVIRjlWWfR1RrAxyRqTE
Chrome Sparks,spotify:artist:2pTCZ9C1fXdaVlv6d5EIXM
Clare Dunn,spotify:artist:2VDsDEKCdNm7c7Ve43Z9gw
CLC,spotify:artist:6QyO41KctzGc70mVaVnXQO
CNCO,spotify:artist:0eecdvMrqBftK0M1VKhaF4
C-Note,spotify:artist:7aJgZeWVFzRf96TinYwgsu
Corey Gray,spotify:artist:6TKKVFCBfak1kInOPl7hCz
Cosmic Quest,spotify:artist:1s37pSpwflEBpNeX2D6wW2
Creedence Clearwater Revival,spotify:artist:3IYUhFvPQItj6xySrBmZkd
Black Hippy,spotify:artist:7a9KRWdaSZktpGGnWndzbC
Black Lips,spotify:artist:35C0NSLogAwImm8HAMqEmG
Black Taxi,spotify:artist:2Fj3NrXksGtHlhMvjjVyOI
blackbear,spotify:artist:2cFrymmkijnjDg9SS92EPM
Bleeker,spotify:artist:64tT0KKbU4AFWkO6v1VvXv
Blue Foundation,spotify:artist:1FWybrAwiSa0zKibdLfZZr
Bo Napoleon,spotify:artist:2Iso1Lq3OVNEsZNjV20inO
Bobby Shmurda,spotify:artist:34Y0ldeyUv7jBvukWOGASO
Bonjah,spotify:artist:3SGCwaCfLxx2axpPq9J5LC
Booker T. & the M.G.'s,spotify:artist:2vDV0T8sxx2ENnKXds75e5
Boys Like Girls,spotify:artist:0vWCyXMrrvMlCcepuOJaGI
Brad Paisley,spotify:artist:13YmWQJFwgZrd4bf5IjMY4
Brandon Flowers,spotify:artist:18Zv2g2vUcEGqJf6WnjfXN
Brandy,spotify:artist:05oH07COxkXKIMt6mIPRee
Breakbot,spotify:artist:0iui2Be5CP8EWxvHYsVspL
BRKLYN,spotify:artist:0sSB3cIRBuBGa1UXLsQtaw
Broken Bells,spotify:artist:6dgwEwnK0YtDfS9XhRwBTG
Brooks & Dunn,spotify:artist:0XKOBt59crntr7HQXXO8Yz
Brytiago,spotify:artist:00XhexlJEXQstHimpZN910
Buckcherry,spotify:artist:0yN7xI1blow9nYIK0R8nM7
Bucky Covington,spotify:artist:5sVu3ObJTpiln7yRQkMuje
Buddy Guy,spotify:artist:2gCsNOpiBaMNh20jQ5prf0
Calum Scott,spotify:artist:6ydoSd3N2mwgwBHtF6K7eX
Cameron Dallas,spotify:artist:5s3rUylqooMyGsFE0rOFJT
Canned Heat,spotify:artist:27a0GiCba9K9lnkKidroFU
Caroline Smith,spotify:artist:47blM5Op3BJODxUJImwdYE
Cass McCombs,spotify:artist:2iUVQjheBnvOt8vaBrxXJz
Cedric Gervais,spotify:artist:4Wjf8diP59VmPG7fi4y724
Champagne Pa,spotify:artist:77QnX4drw9YkyFA0iUWtFq
Changing Faces,spotify:artist:3lJ6jvOiNY46L2juqXufpf
Charice,spotify:artist:0AuZVHIr5WSEBbBLZwWwWc
Charlie Rich,spotify:artist:218kRJZ7FJs0hWIk8Ynzhz
Charlie Worsham,spotify:artist:1nYvElumwIjMkOczb985bq
Charlotte OC,spotify:artist:7ySHyUSqpKzGnDqOxLiCFH
Chasin' Crazy,spotify:artist:3TFdNqo5q26ihfk9pcskxw
Chelsea Cutler,spotify:artist:5JMLG56F1X5mFmWNmS0iAp
Chester See,spotify:artist:2iTiSaR023IikZDaOfEIRR
Chet Porter,spotify:artist:1BjaGDkxwa2fb2pSCXlFXb
Chino & Nacho,spotify:artist:5NS0854TqZQVoRmJKSWtFZ
Chris Bandi,spotify:artist:10I1X1Vygp2J6R4jP5gF10
Christina Milian,spotify:artist:4eAOcbAXIF4BmbN6E1QIlw
Cider Sky,spotify:artist:2BXH0hNga2gt2RztKKN5F9
Citipointe Live,spotify:artist:5aCopGFOGbHyfqe3yotDPu
Clap Your Hands Say Yeah,spotify:artist:1jSaZgaKHmgc7VTgML528r
Classixx,spotify:artist:0vUTfcBDZZo2OUQJci5UNZ
clipping.,spotify:artist:5HJ2kX5UTwN4Ns8fB5Rn1I
Clubfeet,spotify:artist:1LftWcqpFbqz81DS27TByR
Company - Into the Woods (Motion Picture Cast),spotify:artist:4eUlH7ZUwEM0oaXBBkizNt
Conner Youngblood,spotify:artist:1HzpwUIkmmlGCNuoOcXiIW
Conor Oberst,spotify:artist:2Z7gV3uEh1ckIaBzTUCE6R
Conway Twitty,spotify:artist:7gi3jmwpUpNWdswT8eEprF
Corb Lund,spotify:artist:2dIP3oiEt0xB8CrfSqN9Og
Cosculluela,spotify:artist:00me4Ke1LsvMxt5kydlMyU
Craig David,spotify:artist:2JyWXPbkqI5ZJa3gwqVa0c
Creed,spotify:artist:43sZBwHjahUvgbx1WNIkIz
"Crosby, Stills & Nash",spotify:artist:2pdvghEHZJtgSXZ7cvNLou
CRUISR,spotify:artist:1jNnM5dm7dzt16IocWCvJc
Crush,spotify:artist:6aLdhHUqgdKE86xbtNmY8g
Crystal Gayle,spotify:artist:6OheJTrDFGiyZ67F1BBLhc
Cylus,spotify:artist:0VDBAytIPGTfP6nvRhrlZu
Cyndi Lauper,spotify:artist:2BTZIqw0ntH9MvilQ3ewNY
Ben Sollee,spotify:artist:3Zzs4IqjV4b0yEFWqRv1si
Benjamin Booker,spotify:artist:7mZgBMpvaBziYQfc9TbJH5
Benjamin Francis Leftwich,spotify:artist:7D5oTJSXSHf51auG0106CQ
Beth Fowler,spotify:artist:7KNW6OwcA260MsaEtnvhxV
Beyoncé,spotify:artist:6vWDO969PvNqNYHIOW5v0m
Bibio,spotify:artist:0qzzGu8qpbXYpzgV52wOFT
Big Black Delta,spotify:artist:2TXpVEw5FbzDh93tLoDm0i
Big Hit Entertainment,spotify:artist:1hqA2BeBn2URHfE26xqXkN
Big Sean,spotify:artist:0c173mlxpT3dSFRgMO8XPh
Big Smo,spotify:artist:6uLlONQAEl0bu7jxqjYezn
Big Something,spotify:artist:3kzqfNqrlEwieWGqRFiQso
BIGBANG,spotify:artist:4Kxlr1PRlDKEB0ekOCyHgX
Bill Lee,spotify:artist:1Vb1cXNxIUyb3Geb9cvSvL
Billy Idol,spotify:artist:7lzordPuZEXxwt9aoVZYmG
Billy Stewart,spotify:artist:21llKqnS025UdaAMslJS4J
Bingo Players,spotify:artist:1pbHrVayIcVpHI9z97u4bK
Bishop Briggs,spotify:artist:0yb46jwm7gqbZXVXZQ8Z1e
Black Atlass,spotify:artist:7AbKOHOvn27dK0FOiboAno
Blended Babies,spotify:artist:1hFXEoLCso0TI0QvWJdukg
BLESSED,spotify:artist:1Kvyn7F1okGNpIYBPt9mZq
blink-182,spotify:artist:6FBDaR13swtiWwGhX1WQsP
Bloc Party,spotify:artist:3MM8mtgFzaEJsqbjZBSsHJ
Blonde,spotify:artist:2nuKjZLgc7II6FO4Rxjt5e
Bloodstone,spotify:artist:7z1zaOeWiHpl4SD2N9ZBgk
Bo Diddley,spotify:artist:2bmixwMZXlkl2sbIbOfviq
Bobby Brackins,spotify:artist:72rsQfzxNVLPpbzQzXVJSc
Bobby Dall,spotify:artist:4vLpeYbeCKpZCSJPDsrs8m
Bon Jovi,spotify:artist:58lV9VcRSjABbAbfWS6skp
Bootstraps,spotify:artist:0x5TKpXlF0dsnMNB2xOYXz
Brijs,spotify:artist:1w6YfDok1oXwLvE1rlHewV
Brown Bird,spotify:artist:5zzbSFZMVpvxSlWAkqqtHP
Bruce Hornsby,spotify:artist:2iM28IgKg89v1o7BTQAVPo
Bullet For My Valentine,spotify:artist:7iWiAD5LLKyiox2grgfmUT
Bun B,spotify:artist:45a6gCQWq61lIUDmr1tKuO
Busdriver,spotify:artist:43SXnO2N4X024u3l9MfvXD
Butch Walker and The Black Widows,spotify:artist:3XdYdbtieFIBKcVFG5lKoR
Butthole Surfers,spotify:artist:62BcWP4fzR8axESibNQEhs
Cale Dodds,spotify:artist:4PRfc0tn0HR0GhzWHHckLt
Calle 13,spotify:artist:0yNSzH5nZmHzeE2xn6Xshb
Camille,spotify:artist:3p4CzQQ63YygmB66Npo1cB
Carlitos Rossy,spotify:artist:0FDJB5xf8i09jDjIg1qNED
Carly Pearce,spotify:artist:4sIl4BTo9l9KqEi0Y3RE72
Carly Simon,spotify:artist:4FtSnMlCVxCswABUmdhwpm
Carolina Liar,spotify:artist:0OuSnRyi1OkLPkR4AqzJwi
Carrie Underwood,spotify:artist:4xFUf1FHVy696Q1JQZMTRj
Cascada,spotify:artist:0N0d3kjwdY2h7UVuTdJGfp
Casey Abrams,spotify:artist:1UxNUybRFdtksz3l5HtCEG
Cast,spotify:artist:6Wy7YUpendmqYEKtiDcVpl
Céline Dion,spotify:artist:4S9EykWXhStSc15wEx8QFK
Chad Kroeger,spotify:artist:7fJYw1vK9yWb8o51I8qHin
Chamillionaire,spotify:artist:6vdMPayKk8YJxxeNP5oMCb
Charlie Brennan,spotify:artist:3YzXK1DQ9EkWqwmUkk6yc8
Charlie Heat,spotify:artist:0bbguzUos4LO6NikkdXdzw
Charlie Robison,spotify:artist:1VGRi6hlsYcOhKut02Tqkt
Charm City Devils,spotify:artist:6oGScNAdDsfnfY0N4y0Zls
"Chester See, Kevjumba & Ryan Higa",spotify:artist:2FDfzO5cBND4xwy6ZvVFCm
CHIC,spotify:artist:0Xf8oDAJYd2D0k3NLI19OV
Chose,spotify:artist:1Okrsmz95pe9vhoOsQ1c73
Chris de Burgh,spotify:artist:2RpHsROrX075xfIwHn6B2U
Chris Isaak,spotify:artist:7290H8m1Dwt8G7jm1y9CQx
Chris McClenney,spotify:artist:44drVL4jbdo6T6llD5cMgx
Dasoul,spotify:artist:0lNg9YtW8USxeZZnEqz3RQ
Daughtry,spotify:artist:5P5FTygHyx2G57oszR3Wot
Dave East,spotify:artist:7e10JUMF7MJmmwYpnTSMI5
Dave Matthews,spotify:artist:13vQloYd6mP7V1mVwKJwS2
David Archuleta,spotify:artist:2C9n4tQgNLhHPhSCmdsQnk
David Tomlinson,spotify:artist:45hYH27gg84NeDsSE88ThD
DC Talk,spotify:artist:1zK4ACgLi1lVPpfmmcwOTh
deadmau5,spotify:artist:2CIMQHirSU0MQqyYHq0eOx
Deaf Havana,spotify:artist:0exhrQcReCdr11oPbOh22M
Deborah Cox,spotify:artist:601893mmW5hl1FBOykWZHG
Deep Blue Something,spotify:artist:5N5RfI8FFXk4WQ8kkjE407
Delilah,spotify:artist:6J1pbNXDK0BTTMCvaO5xPv
Delta Spirit,spotify:artist:1xVWSPiw5B0OduIC0DSu3V
Dem Franchize Boyz,spotify:artist:0VKTLKamj4IH8OfQbUL0kq
Desert Noises,spotify:artist:2X3rGYJyh8oBkRKMzIQaLe
Deuce,spotify:artist:2iLpvtffIrQ4bMYrFPRN4x
Digable Planets,spotify:artist:0gqIrDRL7CEPBWMmkuZPdQ
Digital Farm Animals,spotify:artist:5fyDppLDl1juIu1BcUT5zh
Dirty South,spotify:artist:1bpzpALZwOoKXzwMg2i8WB
Disclosure,spotify:artist:6nS5roXSAGhTGr34W6n7Et
Disturbed,spotify:artist:3TOqt5oJwL9BE2NG9MEwDa
DJ Kutt Throat,spotify:artist:7N2TdWvsslq0dX353yNlop
DJ Lucky L,spotify:artist:0bqFoKHEgkPcdQHkijSIt3
DJ Mustard,spotify:artist:0YinUQ50QDB7ZxSCLyQ40k
DJ RPM,spotify:artist:07n5xX0sqYNI0lVzGYT4Pg
DJ Serafin,spotify:artist:43GvgXUcA9XHbVyvjJiAke
DLOW,spotify:artist:2wr9il91kGyzsfs4ypVr02
"Does It Offend You, Yeah?",spotify:artist:4bFfSfCBYpFh37ziXCSqUs
Doris Day,spotify:artist:3ESG6pj6a0LvUKklENalT6
Drake White,spotify:artist:29ijED2bnnprp2TciAK1aO
Dream Theater,spotify:artist:2aaLAng2L2aWD2FClzwiep
Dylan Scott,spotify:artist:78YqeIji3mgAS2K1Maca6x
Dyro,spotify:artist:03MVmfitJTVJIxYmObhQn9
DYSN,spotify:artist:2zPdY1UXnOn4PC4GpoOkPm
Eagle-Eye Cherry,spotify:artist:3ngKsDXZAssmljeXCvEgOe
Earl St. Clair,spotify:artist:0h9IuyuhaLBJWOpebvgTk5
Eddie Redmayne,spotify:artist:4EJP6Qhk6l18LumCcpEfLw
EDEN,spotify:artist:1t20wYnTiAT0Bs7H1hv9Wt
Edward Maya,spotify:artist:6XwwFnewNgWp81MYMK8zLq
Edwyn Collins,spotify:artist:5Qlt3zQ63Z99mNhuun0JAT
EL VY,spotify:artist:3zsR0Nsw8G2KuzKSdmosPI
Elderbrook,spotify:artist:2vf4pRsEY6LpL5tKmqWb64
Elijah Blake,spotify:artist:65OtBLtkrifQrdTlKI90IR
Eliot Sumner,spotify:artist:3nGEOG9P9CDuTb8VWFv7bi
Elise Lieberth,spotify:artist:42hdUVfhzUs7dZWafzvJ7e
Ellie Holcomb,spotify:artist:5hNiAUVPCTgcpy8vljCxzs
Elliott Smith,spotify:artist:2ApaG60P4r0yhBoDCGD8YG
El-P,spotify:artist:57UnSUpae3SbRekxNa5Kgl
Emarosa,spotify:artist:68tKVjVvcqUfKFFLr2j0Ek
Eric B. & Rakim,spotify:artist:6jHG1YQkqgojdEzerwvrVv
Eric Bellinger,spotify:artist:7ibAWtDtmEfaVhc1FJ3Vl9
Eva Shaw,spotify:artist:638CPU1xRHUo6AmfZe3F2c
Everfound,spotify:artist:0Pd3T9CwmXgcnhJ3ulohq1
Everything,spotify:artist:2YZXO84I5cZGI7ukp2N2om
Ewan McGregor,spotify:artist:105Paee9vmV5rfLSG652e1
Fairground Saints,spotify:artist:3gQzMl6m3bnUN81bAsPue1
Fancy Cars,spotify:artist:6qDAseNQcBQiKVv35eitem
Farruko,spotify:artist:329e4yvIujISKGKz1BZZbO
Feeder,spotify:artist:0ZZr6Y49NZWRJc0uCwqpMR
Ferras,spotify:artist:3ZajykUFFll0Xwgal0fQfO
Fetty Wap,spotify:artist:6PXS4YHDkKvl1wkIl4V8DL
Fickle Friends,spotify:artist:1nhSLEYdoBHG6cJ8NDwoF1
Jim Cummings,spotify:artist:3OIPwMAZipDCLQwHmxS5EG
Jimmy Buffett,spotify:artist:28AyklUmMECPwdfo8NEsV0
Joaquin Phoenix,spotify:artist:3j507n6aQUbtVxQv2Q6Usv
Joe Brooks,spotify:artist:6Z8D437D8u4IdirS4Jc58d
Joe Jackson,spotify:artist:6KOqPxwfNAmZPkiCnDE9yT
Joey Montana,spotify:artist:3ATyg4fGC9F8trfb0GRWmX
John Anderson,spotify:artist:3U7k7hBsHF9dy4ELW53Wrv
John Cafferty,spotify:artist:0fPK3TAseRcy6sAS8U8pEw
John Cafferty & the Beaver Brown Band,spotify:artist:5qwERxFiC8zCJvnVI8Zkl9
John Prine,spotify:artist:0nJUwPwC9Ti4vvuJ0q3MfT
Johnny Flynn,spotify:artist:1UQRtt7eHW6Bt4INNTUtb3
Johnnyswim,spotify:artist:4igDSX1kgfWbVTDCywcBGm
Jon B.,spotify:artist:3SRJWVa6lZnqRHOyAHmDrX
Jon Bellion,spotify:artist:50JJSqHUf2RQ9xsHs0KMHg
Jon McLaughlin,spotify:artist:6z29S0IoiBJpSMP8plyCj7
Jonn Hart,spotify:artist:7vMpNua6oKT52WWHNUJ1No
Jonny Diaz,spotify:artist:4HKCjseZVD2vG7EJG3yLwt
Journey,spotify:artist:0rvjqX7ttXeg3mTy8Xscbt
JPB,spotify:artist:0t5H8FcoVPzn4sVeNxibMU
JR JR,spotify:artist:3VAxb3UskTNiHAKh4UeOEv
Julia Brennan,spotify:artist:75y9gPih5CovHiupwhyGXv
Julia Holter,spotify:artist:0bsV0sUjnCuCTYOnNHQl3E
Julie Bergan,spotify:artist:2Tg0aF5cbZktYFzgR1iAKv
Julien Baker,spotify:artist:12zbUHbPHL5DGuJtiUfsip
Justin Quiles,spotify:artist:14zUHaJZo1mnYtn6IBRaRP
Juvenile,spotify:artist:0KepLKzKAUPX1eE7TAmoza
Kacey Musgraves,spotify:artist:70kkdajctXSbqSMJbQO424
Kap G,spotify:artist:6JvU33PZ8MtZyeFTESr09O
KAPTN,spotify:artist:0uYtAzdxQVWpfAxQeNYCHN
Katy Perry,spotify:artist:6jJ0s89eD6GaHleKKya26X
Keaton Henson,spotify:artist:6GFfu1alUSrL7qazImC160
Kelvin Jones,spotify:artist:2t1vHqFELDwweQWM6JYxHG
Kennedy,spotify:artist:3LSlUrzmEBa1qERfRMz1m9
Kevin Turk,spotify:artist:1cKE3xdBzeufjUhulrjXR9
Khaled,spotify:artist:28ztjHIXceRRntmTUfnmUX
Khleo Thomas,spotify:artist:1XpVrDPWfcwfoiibRjyBvc
Kidnap Kid,spotify:artist:4mASW0O6qIOhm3uSIcsqq8
Kilo Kish,spotify:artist:7lsnwlX6puQ7lcpSEpJbZE
King Chip,spotify:artist:5NjUjtjtkzZqRuWFdspT1K
King Colee,spotify:artist:65LA35JpOX1dO8AXZeH9LU
King Zip Lock,spotify:artist:6HMZskKZaEcDggzfwYuRmh
Kip Moore,spotify:artist:2hJPr4lk7Q8SSvCVBl9fWM
Kris Kross Amsterdam,spotify:artist:4LcUpNlXFEleaLlelmkv2R
Kristene Dimarco,spotify:artist:0uWNGisbRTdz6E5O3V3Sc8
Kylie Minogue,spotify:artist:4RVnAU35WRWra6OZ3CbbMA
La India,spotify:artist:3NIZFmehJM8YiGpCdihlck
Lady Danville,spotify:artist:4vzLZN7MD9TVnsLK7bR5oF
Langhorne Slim,spotify:artist:099toTcKJoywTosZr2hHjy
Laura Welsh,spotify:artist:2QGdI8fUEuoVPJ4xuC5NDe
Lecrae,spotify:artist:1CFCsEqKrCyvAFKOATQHiW
Leighton Meester,spotify:artist:481VlDdXZAIRxnHyywNbXn
Lemaitre,spotify:artist:4CTKqs11Zgsv8EZTVzx764
Lemon Jelly,spotify:artist:5uh8Bhewltd8j0TLZjNImc
Lena Fayre,spotify:artist:2d59Uv1mu7Cc8EKdgeVGWQ
Lenka,spotify:artist:5g3uG8zZZANGT6YOssgjfC
Lenny Williams,spotify:artist:5VcrwzYyoX3WUTbkaqcIvN
Leroy Anderson,spotify:artist:5YhX2onn51M81v4dSZajlX
Letters To Cleo,spotify:artist:7E41j1yL9ZeTWfqe9bUGgw
Lewis Brice,spotify:artist:7uUOszTczQQwzDodHiz4j0
Lexi Sorrentino,spotify:artist:2ICsQZ93PMx8aZJCBoYyuv
Lil Suzy,spotify:artist:5HPsVk1MblCoa44WLJsQwN
Lil Xan,spotify:artist:3EXdLajEO02ziZ90P90bSW
Bee Gees,spotify:artist:1LZEQNv7sE11VDY3SdxQeN
Beirut,spotify:artist:6pmxr66tMAePxzOLfjGNcX
Ben Abraham,spotify:artist:3FfbgiZhcCkoiI7IzOwXlI
Ben Harper And The Innocent Criminals,spotify:artist:7sJ9LR0mCMgFlzJ6Y9xP64
Ben Lee,spotify:artist:06y1hH4hu3rcTUXHJevPCf
Benji Lewis,spotify:artist:1BPsbKiNgav1TY1ITIU8C5
Besides Daniel,spotify:artist:6IhD8xPRi440tdmzT0xNTZ
Bethel Music,spotify:artist:26T4yOaOoFJvUvxR87Y9HO
Between The Trees,spotify:artist:4M6SYbj2q4kUUrz9zKVqKZ
Bibi Bourelly,spotify:artist:3jDtqAKltRxJi64svLZGj7
Big Chocolate,spotify:artist:4OmzTj77F9m60Bnp3aTgqr
Big Daddy Weave,spotify:artist:4SsMf4SjhOlSqEitcprgBt
Billie Eilish,spotify:artist:6qqNVTkY8uBg9cP3Jd7DAH
Billy Preston,spotify:artist:0IecGJbdBeYSOVtSPRehh5
Black Box,spotify:artist:6tsRo8ErXzpHk3tQeH6GBW
Black Joe Lewis & The Honeybears,spotify:artist:6kbzJ40luXJ5IKnSpWr7SD
Black Kids,spotify:artist:1oJolWh3meHLWUcyIijst7
Black Rob,spotify:artist:1QPZhx0asYTBxD5RDqfU49
Blackberry Smoke,spotify:artist:5P1oS9DUTPEqcrmXDmX4p8
Block B,spotify:artist:4RnezwRV7VBJUCI1S0AE5u
Blue Scholars,spotify:artist:1SlPJ2l80sMnCHpz1wB8nT
Blues Traveler,spotify:artist:3pHeBYl1yujXcZqqfF1UyQ
"Bobby ""Boris"" Pickett & The Crypt-Kickers",spotify:artist:1QM4zJDvUZPB1oX0pGLkjg
Bobby Bare,spotify:artist:69wzuykaVXlRS5KVygESvd
Bombay Bicycle Club,spotify:artist:3pTE9iaJTkWns3mxpNQlJV
Bono,spotify:artist:0m2Wc2gfNUWaAuBK7URPIJ
Boston,spotify:artist:29kkCKKGXheHuoO829FxWK
Boy Wonder Chosen Few,spotify:artist:2M5YU0cTrgPPM1FHkao23k
BOYFRIEND,spotify:artist:2Pw8E6zZoeuksVWtyZPnzd
Brenton Brown,spotify:artist:3oZR0tAkfIn1YmLe1faQST
Breton,spotify:artist:38bfc5BSVq6sVAssDmdc8N
Britpop,spotify:artist:3irxoIV5vgmsrGMjU9zh8O
Broke For Free,spotify:artist:5gCVozH1XRcgWBHJxsuCDY
Broods,spotify:artist:5r5Va4lVQ1zjEfbJSrmCsS
Brooke Fraser,spotify:artist:1W2FTsCUlviVRhHNjZwWiN
Bruce Adler,spotify:artist:66oKiXdIQP7MwN0gPUY0FD
Bryan John Appleby,spotify:artist:3qPpwz6S0CbgMz9cGtn02l
Buck Owens,spotify:artist:2FMZn5P3WATd7Il6FgPJNu
Buddy Jewell,spotify:artist:43c94u7flZbHSdDaUuohqS
Bush,spotify:artist:78SHxLdtysAXgywQ4vE0Oa
Butch Walker,spotify:artist:7qKoy46vPnmIxKCN6ewBG4
Cameron Bedell,spotify:artist:1i77wAtvXHMBilmmOmBY9s
Carolina Chocolate Drops,spotify:artist:6H8Sj9gFyDYJ3T63LA3DKz
Cash Cash,spotify:artist:1LOB7jTeEV14pHai6EXSzF
Cassius,spotify:artist:4sf3QZW8a3xZ14IGsOAzoy
Castro,spotify:artist:1qXuwKQR0iK6HBmJO3n0SZ
Catch 22,spotify:artist:1xgA0hENxpykh3AxlMBjlT
Chali 2na,spotify:artist:1ZJlXFkFDBsjSuYyjVcMkk
Charli XCX,spotify:artist:25uiPmTg16RbhZWAqwLBy5
Charlie Allen,spotify:artist:33SdDU5uSCrD6hI3dE5ft8
Charmian Carr,spotify:artist:0mvTBNG2hAuAEzUVgTYpQ2
Cherub,spotify:artist:00dwwnz3V4kRfu3UFYpJLz
CHINAH,spotify:artist:1GVgZYVXollElCpn7FCHaV
Chip Tha Ripper,spotify:artist:0PA28tQBY65NmvLi0xvuX9
Chris LeDoux,spotify:artist:4K3DSWzghkGUcQOEZG9gpo
Christophe Beck,spotify:artist:1GjWNGbMtHDQ7CNYf2d7cw
Cigarettes After Sex,spotify:artist:1QAJqy2dA3ihHBFIHRphZj
Cinderella,spotify:artist:7HL4id2U7FSDJtfKQHMgQx
Cinderella Chorus,spotify:artist:4pgw8gRdJN4WtTuNJ3V7gb
Citizen King,spotify:artist:2Ca9nb6MJ3lwyF7dRNJm3M
Khary,spotify:artist:4489Zgs4RNq2ZtSh3UnOxZ
Kidd Upstairs,spotify:artist:3GC4TQ0qSw36LEl7CWwdSO
Kidswaste,spotify:artist:4aCkc4HrwC4Dopig7RELoH
King Krule,spotify:artist:4wyNyxs74Ux8UIDopNjIai
KINGDM,spotify:artist:3s3ObHATXKGsoQvdcmRbCf
Kings Kaleidoscope,spotify:artist:6P9fFbQ875B2bnmdiYwN9A
Kishi Bashi,spotify:artist:3LVPGE5jPPwtbGslx07YR0
Knuckle Puck,spotify:artist:5ABfpj7Z00wfPiv2uW4MFm
KOLAJ,spotify:artist:0hhL0iOf9ebHlwxWQyeH2w
Kristen Anderson-Lopez,spotify:artist:3CneYb5exy4KOtvCCrozDD
KSI,spotify:artist:1nzgtKYFckznkcVMR3Gg4z
Kuosa,spotify:artist:4YpgwK7n5btABj5BoaJ45T
KYKO,spotify:artist:7hu7hjmIPOtU1S3D8zfBlw
KYLE,spotify:artist:4qBgvVog0wzW75IQ48mU7v
La Tropa F,spotify:artist:4SsZpXami0QZZ5ScCsGsL1
Labi Siffre,spotify:artist:5CzlICF8GCY0pRC82MKrhX
Landon Austin,spotify:artist:2WROyFfIOmKtRopsTrIL52
LANY,spotify:artist:49tQo2QULno7gxHutgccqF
Laura Story,spotify:artist:0qKOMcuFgagNQJWHHK7NY6
Lebo M.,spotify:artist:0zp9qNDSeYi3QEodhcKAAA
Lenny Kravitz,spotify:artist:5gznATMVO85ZcLTkE9ULU7
Leroy Sanchez,spotify:artist:1qwVM2JnEMXbKgvZESGsRn
Life of Dillon,spotify:artist:6e4aHkdDUcsaXPTQdF6Qhn
Lil Mama,spotify:artist:5qK5bOC6wLtuLhG5KvU17c
Lil Scrappy,spotify:artist:5einkgXXrjhfYCyac1FANB
Lisa Loeb,spotify:artist:1TMMyiSsNzmRiZCAkVLVb2
Little Feat,spotify:artist:0ZIwOAzDuGPspzK7yiTc4S
LL Cool J,spotify:artist:1P8IfcNKwrkQP5xJWuhaOC
Lloyd,spotify:artist:1Xfmvd48oOhEWkscWyEbh9
Lloyd Banks,spotify:artist:3vDUJHQtqT3jFRZ2ECXDTi
London Grammar,spotify:artist:3Bd1cgCjtCI32PYvDC3ynO
Loretta Lynn,spotify:artist:1FE0rls8gfQT3laAeRYNgl
Los Del Rio,spotify:artist:2JXn03fudjyRkQ1Ye9f5rk
Louis Armstrong,spotify:artist:19eLuQmk9aCobbVDHc6eek
Lucy Rose,spotify:artist:2uvY5pgdD9t1CZ5zMNw1rl
Luke Bryan,spotify:artist:0BvkDsjIUla7X0k6CSWh1I
Lund,spotify:artist:5uLkZ7FWMTBUg1corQqdkR
Luniz,spotify:artist:3z3g65U7mmyyBmmDfsQK9x
Lykke Li,spotify:artist:6oBm8HB0yfrIc9IHbxs6in
Mac Miller,spotify:artist:4LLpKhyESsyAXpc4laK94U
Mack 10,spotify:artist:3USpNaxpX1iNqNnQWqg9ob
MacKenzie Bourg,spotify:artist:3pg4cfNfPC0ehk912YtXe9
Madison Mars,spotify:artist:4gJCFxvqKc43Ifk0UIBB42
Madvillain,spotify:artist:2aoFQUeHD1U7pL098lRsDU
Maejor,spotify:artist:3XcCT5MPlQPWFTJyzXbfuX
Majical Cloudz,spotify:artist:4BEYBN6NCPrFk3sOLMTby3
"Manchester Orchestra, Frightened Rabbit",spotify:artist:1RYQrEayemDWfe8Ap0D5Og
Manse,spotify:artist:2jGvmFH6YE352p9LKmuB0y
Mapei,spotify:artist:6baWjwY7WiVPCZcW7pqqhz
Marcus Marr,spotify:artist:6l5dAUNRhHnRSPPmRJSKQr
Mario Winans,spotify:artist:4BIQA9vRkqXEnA2twmq7mU
Mark Chesnutt,spotify:artist:2cNV8vNe2fPFf6OfGOBbSS
Matt Maeson,spotify:artist:7gHscNMDI8FF8pcgrV8eIn
Matt Nathanson,spotify:artist:4NGiEU3Pkd8ASRyQR30jcA
Matt White,spotify:artist:5nrKbDQoztn1qIZAwXvGUq
MAX,spotify:artist:1bqxdqvUtPWZri43cKHac8
Me First and the Gimme Gimmes,spotify:artist:0cOVRC8EOwDwXrs3JTrRN5
Meaghan Smith,spotify:artist:47QqI0kuVSCrV0KVRBZ3km
Meg & Dia,spotify:artist:77YbJ4a9IlKX18ck6qoot1
Megan Davies,spotify:artist:09kCHZp9iFO2FJNb9lR6G5
Megan Nicole,spotify:artist:3OiVNeHkjQfnikmcBXbplT
Melody Gardot,spotify:artist:2P1puQXmG48EVLBrHbum1J
Memorecks,spotify:artist:4BxJYbvCLVAO73rMZ6yTKJ
Clarence Clemons,spotify:artist:7hiRmH8QebrJgMZYAbFtoO
Cobi,spotify:artist:4fuZypKGg7klMEF10KTuAN
Collabro,spotify:artist:0l1nmcjqNlk9dQHb6H4sLR
Corey Hart,spotify:artist:0smy8yDrRoI4CnhpOuthg0
Corey Kent White,spotify:artist:0heAERqkFjS3QpeGQCprAo
Corey Smith,spotify:artist:2Da6v0shOpKrOG07ZxonXo
Cosmic Gate,spotify:artist:6ySxYu68zTsO5ghsThpGtS
Couros,spotify:artist:7g0azP1aJBtmhhOk00SpIM
Coyote Theory,spotify:artist:48vmXfV0QPy3ljXBp81Fwn
Crazy Town,spotify:artist:4iSKnRZAxkmqNok6tv10Se
Cream,spotify:artist:74oJ4qxwOZvX6oSsu1DGnw
Cruel Youth,spotify:artist:4YrURxtCHtPBfNDmMNp7IG
Cultura Profética,spotify:artist:65HuWBUC1d8ty1q6J42Nfi
Curren$y,spotify:artist:6X8WdFjrNhXATMDSs26aCc
Dae Dae,spotify:artist:41LfjfTCcTCUdykJqNyFw8
Dan Auerbach,spotify:artist:6YWdHD3R863Apw1hkx3BwC
Dan Henig,spotify:artist:0XZFE8OLIWVaJ6Kns5DmbH
Daniel Huttlestone,spotify:artist:0yS5MNfD7YXRiv4DEFyc5F
David Guetta,spotify:artist:1Cs0zKBU1kc0i8ypK3B9ai
Dawes,spotify:artist:0CDUUM6KNRvgBFYIbWxJwV
Daya,spotify:artist:6Dd3NScHWwnW6obMFbl1BH
Dean Martin,spotify:artist:49e4v89VmlDcFCMyDv9wQ9
Deer Tick,spotify:artist:3rT8xTwSOMDURtWpPyoKIO
Depeche Mode,spotify:artist:762310PdDnwsDxAQxzQkfX
Dierks Bentley,spotify:artist:7x8nK0m0cP2ksQf0mjWdPS
DJ Fresh,spotify:artist:6r20qOqY7qDWI0PPTxVMlC
DJ Khaled,spotify:artist:0QHgL1lAIqAw0HtD7YldmP
DJ Snake,spotify:artist:6LfRKKiOHyxMuei2Pn3kMl
DJ Tilly,spotify:artist:3cnt2u2kV9pg7ffCCvEJXC
Doc Hollywood,spotify:artist:0fjMFXyUkV6NHahkJzc2oN
Doctor P,spotify:artist:0tgjwsn1Lpjj8kKEvWm0KQ
Dom Kennedy,spotify:artist:3s8alQfNnY0roAHaJh7Xxt
Donna Murphy,spotify:artist:5BuTOT6mPoNZ5EmaPheBI9
Dotan,spotify:artist:1cwOthlzLBwN8Imbq7P71H
Drake Bell,spotify:artist:03ilIKH0i08IxmjKcn63ne
Drapht,spotify:artist:4Q6bcEc5YCypvMZ5kjaTMp
Dumbfoundead,spotify:artist:7LTShHcq1KdTrWeLvWoYed
Dwayne Johnson,spotify:artist:1T8S48bD91THNKBByWBDyn
Dylan Owen,spotify:artist:3tBtdC4EFE4bNqkt7JP0Co
Dylan Rockoff,spotify:artist:2L2hppNg0A5WfGJTChIJL5
Dyland & Lenny,spotify:artist:6EiZOxfG8B5evnLH4KnJeF
Dzeko & Torres,spotify:artist:5Ip2ecnyGpNyZvPuuYU8Ai
Eagles,spotify:artist:0ECwFtbIWEVNwjlrfc6xoL
Edwin McCain,spotify:artist:0L6Gwm0JDrgIQJfjarWSUR
El Gran Combo De Puerto Rico,spotify:artist:6nnspeopmJAG07xOxHmqTu
El Komander,spotify:artist:2wC90WSKQd0BvdxJZ0mObr
Elena,spotify:artist:0RumimGfpHJk52huUuN3hq
Elijah Kelley,spotify:artist:0HnvwS4WOXhjvKwQRceHMe
Emerson Drive,spotify:artist:1efrXlPhLKv7PvgUxVcqIS
Emery,spotify:artist:4feAxLUxIU7G4KXhH0h2ni
Emile Haynie,spotify:artist:3HlAg5EbFYOdlVPooU9f0K
Eric Benét,spotify:artist:1kjO72M26jZkv0aaGxJaov
Everything Everything,spotify:artist:1HOeqtP7tHkKNJNLzQ2tnr
Faith Evans,spotify:artist:5NDMothbpdpq2xHqSjrrWn
Fantasia,spotify:artist:7xAcVHPiirnUqfdqo0USb1
Feed Me,spotify:artist:5FWi1mowu6uiU2ZHwr1rby
Feint,spotify:artist:6RQ9kYbHisp1UUbnfwHNeU
field trip,spotify:artist:7H3w7t2sruDR7y7RSHClNI
Five Finger Death Punch,spotify:artist:5t28BP42x2axFnqOOMg3CM
Floduxe,spotify:artist:4B7SI5PsnEgeMQd6gSIrbn
Flor,spotify:artist:0szWPxzzE8DVEfXFRCLBUb
Flosstradamus,spotify:artist:2FmzVitXZjIkFolH8HXd4j
Bo Burnham,spotify:artist:2Waw2sSbqvAwK8NwACNjVo
Boaz,spotify:artist:6GHPFG30HgJzP3aJHNzMVs
Bob Marley & The Wailers,spotify:artist:2QsynagSdAqZj3U9HgDzjD
Bob Schneider,spotify:artist:4YOxTnmYogOpUPxrNTacvQ
Bobby McFerrin,spotify:artist:2FjkZT851ez950cyPjeYid
Bodega Bamz,spotify:artist:6tIgdyPfc6RVQJKCDd9ep9
Boehm,spotify:artist:08p782h5VznNEQMM4wAEp9
Bonnie Tyler,spotify:artist:0SD4eZCN4Kr0wQk56hCdh2
Borgeous,spotify:artist:4uiMn2g0pgTrhN096QJhbp
Bottleneck,spotify:artist:3bDyA9fZI4l6M7ho44Y4MN
Bow Wow,spotify:artist:7352aRY2mqSxBZwzUb6LmA
Bow Wow Wow,spotify:artist:52K4ArhA4OgMO7AsyEgqCT
Brad Kane,spotify:artist:3dAzSJ9lQnJSq5Z0OgDBep
Brandon Beal,spotify:artist:7p2aOXY5bfHyjujI3fCWTu
Brandon Heath,spotify:artist:0W7wIkmxoGQbnZYn2z2sLj
Brandyn Burnette,spotify:artist:14mErTJ0ubFVjx2zBAwjkE
Bread,spotify:artist:70ZTdbPEcEugBNay4MvxfL
Brezy,spotify:artist:13NUtXm6qqGiPcRRBNdZsq
Broadcast,spotify:artist:0WtTGUjbur1R1cNzBvbsMU
Brownstone,spotify:artist:6dQgkiJm1fRkcqKOvPzysr
Bruce Springsteen,spotify:artist:3eqjTLE0HfPfh78zjh6TqT
Buffalo Springfield,spotify:artist:3eskO5m0H4yiF64vRySBjr
Built By Titan,spotify:artist:0LmXoyW6K4zJ48lCRq7w3h
Calexico,spotify:artist:1OmdWpAh1pucAuZPzJaxIJ
Cali Swag District,spotify:artist:1EeArivTpzLNCqubV95255
Cape Cub,spotify:artist:4xbJS00sHh5wBd5nYgsk8z
Caribou,spotify:artist:4aEnNH9PuU1HF3TsZTru54
Carnage,spotify:artist:7CCjtD0hCK005Bvg2WG1a7
Cast - Frozen,spotify:artist:2OZsw4C2nujSgVUfpuOTWL
Catherine Zeta-Jones,spotify:artist:5i4JbHYkeCa702YXS68RGf
Cayucas,spotify:artist:7LLcRttKjV6PeJOlCNCYon
CeCe Peniston,spotify:artist:5UoVLCWzOKMIJ9iioof9OD
Charles Bradley,spotify:artist:462T0buQ5ScBUQCRpodDRf
Chase Bryant,spotify:artist:7io3MyhMxDZoBYXp4rlRFA
Cheap Trick,spotify:artist:1LB8qB5BPb3MHQrfkvifXU
Chevelle,spotify:artist:56dO9zeHKuU5Gvfc2kxHNw
Chris Malinchak,spotify:artist:5UVzX8pQe6bb5ueNdfViih
Chris McClarney,spotify:artist:2Zbb4oqupGY4mmskwlygCp
Chris Pine,spotify:artist:5ueYs7bR3niiOeZdOSge5e
Christian Bale,spotify:artist:6Ha98VfvwLSK9uBwQRK0tg
Chumbawamba,spotify:artist:0TcYeHEK9sBtv7xPbKhzHz
Citizen,spotify:artist:0znuUIjvP0LXEslfaq0Nor
Clarence Carter,spotify:artist:7lffJlv0nRl0sIsHDmo0SB
Clarence Coffee Jr.,spotify:artist:6dp9lFNgVOFhtteg8tln7J
Cole Vosbury,spotify:artist:401i7ZXm4v9EejWiQCCVko
Colin Hay,spotify:artist:5mxB08ktCukEhGMg2YZeEv
ConfidentialMX,spotify:artist:6SIzX2yHlfa3V0xDHLmrbe
Cool Company,spotify:artist:6lOCVUQbb9wzuZQbZQV9zn
Corinne Bailey Rae,spotify:artist:29WzbAQtDnBJF09es0uddn
Cory Asbury,spotify:artist:2gXmjQIxCO8lMnSncluZaU
Cosmo's Midnight,spotify:artist:4VivsO1n4n2Mi2Btyb5gfL
Craig Stickland,spotify:artist:6wBV2mHGWBe2Mz4jZJi21K
Crowder,spotify:artist:39xmI59WrIMyyJjSDq6WCu
C-Trox,spotify:artist:1MWyFWQ7erF4XjLph84x5J
Cupid,spotify:artist:0lax1ZgWclW6mZFaGu27MM
Cyberbully Mom Club,spotify:artist:5IZVaIBkyx1ivCXLfpeJXT
Dada Life,spotify:artist:00sAT5YX8W3xNd1EuqyHw9
Daniel Powter,spotify:artist:7xTcuBOIAAIGDOSvwYFPzk
Daniel Skye,spotify:artist:1pqYQmeqnqQU7X3DbuA7So
David Nail,spotify:artist:4DZGvSv2oMkBUnPz67E6z6
David Zowie,spotify:artist:2yEkeJoFOvm6qHuECSDHFg
DEAMN,spotify:artist:1Q50Y9cXWlkNEG6gJfUP1e
Des'ree,spotify:artist:73ZPfpfg1LBVvDEArK4l5B
Destructo,spotify:artist:0BEYTctVmnYa5yStp4Jpab
DEV,spotify:artist:7Ip2u3e5Nv6fFb5xyIHxEE
DEVO,spotify:artist:0UKfenbZb15sqhfPC6zbt3
Diana King,spotify:artist:221iMiF62DFPnVuCLJakP1
Diana Ross & The Supremes,spotify:artist:0rXI0q8Cahq6numvPlloaq
Digital Daggers,spotify:artist:04c4aSTmNl9PZenyKf9HAZ
Disco Killerz,spotify:artist:0WfWABuarRrUticTLylKQl
Dispatch,spotify:artist:6v4jPZO3UIDNJIgdxRxtr9
Divided By Friday,spotify:artist:5yNN92qKENCA4pWmoSZJpG
Dj Handclap,spotify:artist:09mkrE5egTebHNzBmNvDMU
Don McLean,spotify:artist:1gRNBaI4yn6wCCTvRhGWh8
Don Miguelo,spotify:artist:1noWnd8QFQD9VLxWEeo4Zf
Doves,spotify:artist:0LVrQUinPUBFvVD5pLqmWY
Down3r,spotify:artist:4q3VwwEGYza8x6wYhv2JJ7
DRAM,spotify:artist:5M0lbkGluOPXLeFjApw8r8
Dream Koala,spotify:artist:0tWnElR8nnWIsopg1o3xmg
Drive-By Truckers,spotify:artist:1rXr1ZnvbRoYBaedIl9v4v
Dropkick Murphys,spotify:artist:7w9jdhcgHNdiPeNPUoFSlx
Ducktails,spotify:artist:5FQbU5Lrb4pFcW45ZgZzMx
dvsn,spotify:artist:7e1ICztHM2Sc4JNLxeMXYl
Dwight Yoakam,spotify:artist:2sxmKe3CUrWnx7eoXMhOlW
Dylan Schneider,spotify:artist:5lRB3MAJfKzlt7dgYMHWgY
Echosmith,spotify:artist:1PbBg2aYjWLKRk84zJK15x
Eddie Money,spotify:artist:4Tw2N3wdvJPGEU7JqMxFfE
Eek-A-Mouse,spotify:artist:6xqlgBccdlxUh5DeJSx2ho
Eighty4 Fly,spotify:artist:4sqgE7XhJ2Cvu3Z4AvFj0j
Elephant Revival,spotify:artist:3OwOKwd5FsfOD5qlH2tnzs
Ella Fitzgerald & Louis Armstrong,spotify:artist:0ZXEk4WDiPwEkjG6pQ408i
Elle King,spotify:artist:3bhu7P5PfngueRHiB9hjcx
Elton John,spotify:artist:3PhoLpVuITZKcymswpck5b
Elvis Costello,spotify:artist:2BGRfQgtzikz1pzAD0kaEn
Emblem3,spotify:artist:1md9aYaJ6Qt1FHypXICB5V
Emilíana Torrini,spotify:artist:08j69Ndyx1P7RLO3Janb5P
Emily Osment,spotify:artist:7rPQ2z1ji1ctJ6oGYBAo6M
Emily Wolfe,spotify:artist:0WUpndpcjYMzyPwZ996Sha
Emma Watson,spotify:artist:4N3cNXg5phUzRzuJYYxQlV
Emmylou Harris,spotify:artist:5s6TJEuHTr9GR894wc6VfP
Enter The Worship Circle,spotify:artist:3bMEwmvETOTYS7A53MmWms
EPMD,spotify:artist:3zpKjsMg2gw1St5WcWoUJN
Erik Hassle,spotify:artist:6MKNzi38fPQCFRdWOtHqTJ
Escape the Fate,spotify:artist:5ojhEavq6altxW8fWIlLum
Evan Saucedo,spotify:artist:2EHhwXKNONXeoCCY4KjvPE
EXO-K,spotify:artist:6wPBIyIIMxoqgux29bGF8I
Explosions In The Sky,spotify:artist:1uQWmt1OhuHGRKmZ2ZcL6p
Falcons,spotify:artist:7lm68Uw3UZDD1vlAWpLeDL
Fancy Reagan,spotify:artist:3W0scuhlfxxG8erhM5vMBq
Fatboy Slim,spotify:artist:4Y7tXHSEejGu1vQ9bwDdXW
Father,spotify:artist:10AY17ALos2o3akPqrPydw
Faul,spotify:artist:2Dxbev9hZzbiEEwocnObzH
Felix Palmqvist,spotify:artist:0Pplwl6xg5HjaBEJQARSsd
Felix Snow,spotify:artist:1qskAseW7apRxJBpYAO9Yk
Fenech-Soler,spotify:artist:5GqAhBdaiG5StP2EHhmw8B
Fiona Apple,spotify:artist:3g2kUQ6tHLLbmkV7T4GPtL
Floetry,spotify:artist:0un6YenPxWZ2VW4aFGMupM
Florrie,spotify:artist:2fkmfYw1KeOiDLA6MHDwU8
Folly and the Hunter,spotify:artist:0wVM7wzVUwZRmOeTfCAJV0
Foreign Beggars,spotify:artist:0sQ1wgSdRpoysgsa1VnI4G
Frances,spotify:artist:4m6VmvHDXWmVdIw6EJGQ86
Frances Cone,spotify:artist:5xKsfZBL84iULLWjvd4dWh
Frankie Lymon,spotify:artist:2KMQz6s6MNRr4bxI8EQdRk
Frankie Lymon & The Teenagers,spotify:artist:40Zt6u0Ig5vXtrq0htgqvt
Crooked Still,spotify:artist:7LOJ56d8VmOebynlV01KfU
Culture Club,spotify:artist:6kz53iCdBSqhQCZ21CoLcc
Damian Marley,spotify:artist:3QJzdZJYIAcoET1GcfpNGi
Dan Black,spotify:artist:5kW3q7Vywlw24apaeufin6
Daniel Bashta,spotify:artist:4m4IdLlhaYvaj2Jf4OJF1O
Daniel Caesar,spotify:artist:20wkVLutqVOYrc0kxFs7rA
Daniela Andrade,spotify:artist:0WfaItAbs4vlgIA1cuqGtJ
Danny Padilla,spotify:artist:5148ArIqx11KON7HEAWLeW
Darryl Worley,spotify:artist:4zIBkSJcqRp4ADuFI94WvO
Das EFX,spotify:artist:0auu2itHTxEdAMRHvx7CyG
Datsik,spotify:artist:48q2mPVwlKnlSaCx07i6Ta
David Allan Coe,spotify:artist:6nwh8AhPpbwOUnHZJWrHT6
DAY26,spotify:artist:7dpKVB4mK3ufNdZOpMKtrd
Dead Or Alive,spotify:artist:5WWSL6rElJeUk3Uc1S2RyD
Dear Nora,spotify:artist:1imEozQrzLhh9b8LOZESx5
DeBarge,spotify:artist:6is2U7I1jlI8PjxNZOHIMV
Debbie Deb,spotify:artist:2fpDcOSlkE5VVZdL6BEczL
Default,spotify:artist:4nCzT3o7lMgCWBcmdwCMsT
Defeater,spotify:artist:1L3hqVCHSL1Ajy3m0z1bAT
Delta Rae,spotify:artist:0iidQFemlPhkoHqFroz2my
Devour the Day,spotify:artist:4olk2DDoPvzAJlJBonZFHk
Diamond Eyes,spotify:artist:7u7MDzwo7VtVe7FhS3cq8Y
Dice Soho,spotify:artist:4gIRkExQ9L5kAPKiqYJk4R
Dilated Peoples,spotify:artist:56OMwqr8qaLIRH4ZrvvdXq
Dirty Projectors,spotify:artist:5VF0YkVLeVD4ytyiyVSIiF
Disciple,spotify:artist:4D9k73VomKTnVQ6ROnt8IO
Disturbing Tha Peace,spotify:artist:3FsQX7FsrZAzTU9ah45P7O
DJ Cassidy,spotify:artist:1xLOb1CC0N70wA28T7Q5uE
DJ Katch,spotify:artist:1AAfkmCFRTSDg18GQ3itgl
Dj Laz,spotify:artist:5REF3rMSUd6bSRwgV09dzQ
DJ Lizak,spotify:artist:6VoF98E3YOn53LhZA9DZ5H
DJ Quik,spotify:artist:0b2XeWDPeBiLeskT6RFqMb
Dj Simran,spotify:artist:2v8WbVBhQLCZ2VJz85MrIn
DJ Suede The Remix God,spotify:artist:7z7kN3prU5FQJk32gTDYAW
Django Django,spotify:artist:2ARO60gI5do88ho6azmzab
Djniqo,spotify:artist:369HZiH3Vu6BiRHW9d7MXd
Dobie Gray,spotify:artist:3mC1KCuZZSOlN8Z0M56VsV
Dominic Cooper,spotify:artist:0F6wZIBwxstvRk9eQtpvOo
Don Henley,spotify:artist:5dbuFbrHa1SJlQhQX9OUJ2
Don Omar,spotify:artist:33ScadVnbm2X8kkUqOkC6Z
Donavon Frankenreiter,spotify:artist:2IAZ2xX1Ovh5jxhBWE7wda
Donovan Woods,spotify:artist:4SOtk3HtPYKqxnVuxNBMti
Down With Webster,spotify:artist:6eMqM0bpqakYd4EA857uD9
Dr. Hook,spotify:artist:2Mhi3jfuRSdbVZPdjqsnnN
Dre-Bo,spotify:artist:6t8hzqISH79LI2pFBF1YFq
Dua Lipa,spotify:artist:6M2wZ9GZgrQXHCFfjv46we
DYAN,spotify:artist:5oVU37Ru65xPHl7dJG7gR9
Eartha Kitt,spotify:artist:1AwO9pWEBSBoWdEZu28XDC
Eddie Santiago,spotify:artist:5Wg6XnPTp0xXxFCjywwR9I
Edwynn,spotify:artist:3XX7VQJvnPuFrCSaHgexf5
Egypt Central,spotify:artist:1d5wNTZ8WZYE5WuXXjug9w
Eighty Ninety,spotify:artist:3Fg3y3Gx6hwdzb9sEOWHEW
Elefante,spotify:artist:5oYHL2SijkMY52gKIhYJNb
ELHAE,spotify:artist:6TrQLQR8tUluPbmdPy6jqY
Elvin Bishop,spotify:artist:2G1yVp387GlUf9yvLk6V11
Emily Hearn,spotify:artist:4LuEEQLErHvNdZDxEWf6W1
Emily Vaughn,spotify:artist:3G9gR0x4v3J2Vek0Fw0yf2
Eminem,spotify:artist:7dGJo4pcD2V6oG8kP0tJRR
Emma Jensen,spotify:artist:0VvhSiR3ZVt1cA4xCfleUS
Envy On The Coast,spotify:artist:6RvruFAgvsAb4B82u8wsSH
Equal,spotify:artist:0GhHtFklzFecqyUl5mgQ8w
Erasure,spotify:artist:0z5DFXmhT4ZNzWElsM7V89
Dagny,spotify:artist:6Paz0vXJJ9bCPf0fEm3qzg
Dallas Smith,spotify:artist:2HgKf6VcQtGmAKpNXidtiC
Damion,spotify:artist:7fEOJ3pGBWmzaUxm5YJRyZ
Dan + Shay,spotify:artist:7z5WFjZAIYejWy0NI5lv4T
Dan Craig,spotify:artist:46KbRaYs49Dj0SueEu6Nac
Dan Croll,spotify:artist:5Rr15NSbi1Xjno1AEP9u21
D'Angelo,spotify:artist:336vr2M3Va0FjyvB55lJEd
Daniel Bedingfield,spotify:artist:11hIqBsGRPztdjBHCSLClX
Darwin Deez,spotify:artist:5ERkupmHea6uS0nwKr2zcz
Das Sound Machine,spotify:artist:3OIHrPeryKmEnrOHCh0x7a
Dashboard Confessional,spotify:artist:4ERtgeBbWRkFzIz6LaFCeY
David Crowder Band,spotify:artist:7DhP3bGT7dzr1dCkkH5mTS
David Gray,spotify:artist:7J2lZBANizgPNfUzux31PV
Dawa,spotify:artist:7d2TmDcODDON6yZTLm8n5p
Daywind,spotify:artist:6PJRmvCkUyt2zEItEBXiMv
De La Soul,spotify:artist:1Z8ODXyhEBi3WynYw0Rya6
Deltron 3030,spotify:artist:2efzHZrUGhawnSOTpyAHOQ
Denim Blue & Miclain Keith,spotify:artist:1XK7PcHslf4GR1y13VSNuJ
Deniz Koyu,spotify:artist:39PhMWg1aAuuZcph0OXGu6
Derek & The Dominos,spotify:artist:2rc78XDH9zuJP6bm78lU8Z
Devendra Banhart,spotify:artist:1YZEoYFXx4AxVv13OiOPvZ
Diana Krall,spotify:artist:5z1VAFwT35EVvCp1XlZZuL
Dick Van Dyke,spotify:artist:6XIT5sGHOtxVgqtSnMCYZ6
Die Antwoord,spotify:artist:6urkHDoIVO1WO8vNIwcJmM
Dio,spotify:artist:4CYeVo5iZbtYGBN4Isc3n6
Disciples,spotify:artist:5EehXjjMktLuJmbRsM7YfB
DJ Casper,spotify:artist:5o7DmXxAI7rg7qBUvcLq2s
DJ Shadow,spotify:artist:5CE2IfdYZEQGIDsfiRm8SI
Dolla,spotify:artist:5Gc3IYdgY3PVcuf8FPMxDI
Dolly Parton,spotify:artist:32vWCbZh0xZ4o9gkz4PsEU
Donny Osmond,spotify:artist:5ZEAzHE2TzAwUcOj6jMIgf
DragonForce,spotify:artist:2pH3wEn4eYlMMIIQyKPbVR
Dre Dog,spotify:artist:3zXjoOkcADDEhRqhKi3qgF
Dreezy,spotify:artist:7gWumE1wMALHXANLSIt054
Drew Holcomb & The Neighbors,spotify:artist:4RwbDag6jWIYJnEGH6Wte9
Dru Hill,spotify:artist:1255GTUKNCLCTvH9ctD4cT
D-Why,spotify:artist:2NEV1rTY8EalBHz91d3cW9
Dynamite Boy,spotify:artist:3aKzt9FJXUwqntOj7ZAGT5
Eels,spotify:artist:3zunDAtRDg7kflREzWAhxl
Eiffel 65,spotify:artist:64rxQRJsLgZwHHyWKB8fiF
Eli Young Band,spotify:artist:6eKWqnckwdIlSnjaYgIyxv
Emeli Sandé,spotify:artist:7sfgqEdoeBTjd8lQsPT3Cy
"Emerson, Lake & Palmer",spotify:artist:0nCiidE5GgDrc5kWN3NZgZ
Emilio Navaira,spotify:artist:5ADSZA6X6nJBe7pTgcE6nA
Emily Blunt,spotify:artist:1Q67mZjXzxBuLSgvgFdtuG
Ennio Morricone,spotify:artist:1nIUhcKHnK6iyumRyoV68C
Esco Racks,spotify:artist:0PPROEFFSu3h7Xw4ZDDoVV
Espinoza Paz,spotify:artist:01rgao9OzfBm2BOHWJpi1Y
Etta James,spotify:artist:0iOVhN3tnSvgDbcg25JoJb
Eurythmics,spotify:artist:0NKDgy9j66h3DLnN8qu1bB
Evans Blue,spotify:artist:6pDRa5fS3myWSP0fpIUcNl
Everlast,spotify:artist:14ZxDAK6ITtZZqPdiWrvSn
Famy,spotify:artist:6pBeJe1VuufnPUFm2KI1oS
Favored Nations,spotify:artist:2kwaccOo07oL6joEC5Kc2X
Fey,spotify:artist:3uC20p2EoNm5LYtzSVWdkL
Fightstar,spotify:artist:3CI0BdDDxe6D21RmqTB5fn
Finding Favour,spotify:artist:2LATo3JT7N2EHrUeTrbDOM
Fjord,spotify:artist:4YksGBCsBc8cPbQPyHDefV
FLETCHER,spotify:artist:5qa31A9HySw3T7MKWI9bGg
Flint Eastwood,spotify:artist:4Gh0D04oCEVbnsx63LXUmT
Florence + The Machine,spotify:artist:1moxjboGR7GNWYIMWsRjgG
Fly Project,spotify:artist:2Rum2rwDio2My0Md24m3Oa
Chrishan,spotify:artist:454dNdHX9g5srLyya64MaN
Christopher Jackson,spotify:artist:6sLwRSXSUF5JTUnQaFenyj
Chuck Inglish,spotify:artist:64MoApwh8MFMHUarm13lrv
Chuckie,spotify:artist:4x7gxsrTH3gThvSKZPPwaQ
Ciara,spotify:artist:2NdeV5rLm47xAvogXrYhJX
Citizen Way,spotify:artist:7o9BrJpGzDJxWSGpAViJu4
Clean Bandit,spotify:artist:6MDME20pz9RveH9rEXvrOM
Coheed and Cambria,spotify:artist:3utxjLheHaVEd9bPjQRsy8
Cold War Kids,spotify:artist:6VDdCwrBM4qQaGxoAyxyJC
Colony House,spotify:artist:6R664N4cEza3eORSqKSgO4
Colt Ford,spotify:artist:0OpWIlokQeE7BNQMhuu2Nx
Con Funk Shun,spotify:artist:2hUkfSXyuDfQbUeNOShRiz
Conditioner,spotify:artist:3E9MMfF3mnYvMggy9PMSFc
Copeland,spotify:artist:31HpswGOiF0Mc2wm11sIoN
Corey Harper,spotify:artist:24Bq9F6DJfzTaqgmoxT5vm
Corey Kilgannon,spotify:artist:0XuYkyliNor6szd1B6oBKk
Corey Taylor,spotify:artist:0nhDd1RWjZ6SDV1Vg1Ku2Q
Covey,spotify:artist:1BWtQmbjRgQ6YaEIizJ5Pe
Cro,spotify:artist:3utZ2yeQk0Z3BCOBWP7Vlu
Cults,spotify:artist:3Oim8XBPbznAa8Jj8QzNc8
Cynthia Erivo,spotify:artist:46UMQ0cW8ToR8egkBRwAxZ
D12,spotify:artist:5Qi4Bb7a8C0a00NZcA77L0
Dabin,spotify:artist:7lZauDnRoAC3kmaYae2opv
DAISY,spotify:artist:7riIDkMpiCIuZUbLaScpQq
Dakota Bradley,spotify:artist:6QoxzoWKLmiQmHChfmRsd1
Damn Yankees,spotify:artist:7ihLzUpuNecU5VBkvOUDNq
Dash of Honey,spotify:artist:6FLMHHUhqa9B8wpImQmcn9
Daughters of Triton,spotify:artist:3bEmnpduyFyrEBuTz6cLhY
David Banner,spotify:artist:7jFaoqWPhYLrKzjzlpXmUO
Day Wave,spotify:artist:4ptJIIR10UVlGjN0VntFaK
De Hofnar,spotify:artist:1LFGVkNRmXz8jIkyPjaGNL
De La Ghetto,spotify:artist:3EiLUeyEcA6fbRPSHkG5kb
Dean Lewis,spotify:artist:3QSQFmccmX81fWCUSPTS7y
Deana Carter,spotify:artist:0aqrM7Fo3Ml66Kc5JAzmjt
Dear and the Headlights,spotify:artist:1aOp1lgpcwRxADf1jHvXhu
Deas Vail,spotify:artist:6Ot9O7VY8GvclUApiA3ili
Dee Jay Silver,spotify:artist:3aWIb5E8TRdxHNotOt6XE8
Deptford Goth,spotify:artist:3f8b2H7fazJlShrwj38XiS
Descendents,spotify:artist:1FGH4Bh7g9W6V4fUcKZWp5
Dickie Jones,spotify:artist:0bGGvfpbJAFYj1rX6ScbbJ
Diddy,spotify:artist:59wfkuBoNyhDMQGCljbUbA
Dido,spotify:artist:2mpeljBig2IXLXRAFO9AAs
Dimitri Vegas & Like Mike,spotify:artist:73jBynjsVtofjRpdpRAJGk
Dirty Vegas,spotify:artist:2IkHcHKErbWa0TA14yHkbl
Disco Fries,spotify:artist:7G7KvDCLdVG0Ok511Iqc9U
DJ Drama,spotify:artist:5oNgAs7j5XcBMzWv3HAnHG
DJ LILMAN,spotify:artist:0IYk6BQrE0HkCOkdITNEUi
DJ Luke Nasty,spotify:artist:1yZwlOVsfrp4wb6d29KkGM
DJ Snake,spotify:artist:540vIaP2JwjQb9dm3aArA4
Dog's Eye View,spotify:artist:0ymKv4fh2eBhPT9HLTu8yH
Donell Jones,spotify:artist:5KNqYrivNgVCHBssEUSu5B
Doug Stone,spotify:artist:4epBFW4UHEmgjIK5xOrBhk
Drama Duo,spotify:artist:7LvvNoUPwTZpgXDWBRrfHg
Dream,spotify:artist:5glaXGC2Bpd4z4HsVhzhjN
DREAMERS,spotify:artist:1FgsVeOhRYuSw2ghkIXV0A
Drew Gehling,spotify:artist:7ejlBSnnDMNIhEcL7MN868
Dylan Kelly,spotify:artist:4nJskZ2FquZal80h474jeL
Eamon,spotify:artist:1y20PpXw0yeuJ1avCD0Ob9
Easton Corbin,spotify:artist:070kGpqtESdDsLb3gdMIyx
Ed Sheeran,spotify:artist:6eUKZXaKkcviH0Ku9w2n3V
Eddie Rabbitt,spotify:artist:0jgAONnsHxrwAlhkMUVS78
Eden Project,spotify:artist:26plsJBmW5se3wurhwzaEK
Finch,spotify:artist:528t5c0zyuG9beehtth4Za
Finish Ticket,spotify:artist:3RthMq3xfDQZl80cMEg1JQ
Firebeatz,spotify:artist:53YSn9tHwGJ6bq5P0gGoYo
Firefall,spotify:artist:1tfXh4XxILEuMU2qZupFn8
First State,spotify:artist:5FKABVMDKiED2mhi8bFSVx
Flame,spotify:artist:2s6kyMmJZFgPCHXU0QxJLp
Flatland Cavalry,spotify:artist:4SfGzWmeoNPKIOmiyc7Pav
Flogging Molly,spotify:artist:5kQGFREO5FzMBMsAO3cEtj
Foreigner,spotify:artist:6IRouO5mvvfcyxtPDKMYFN
Foster The People,spotify:artist:7gP3bB2nilZXLfPHJhMdvc
Francis and the Lights,spotify:artist:23EA28263XvtIrXuySX6oI
Frank Turner,spotify:artist:27M9shmwhIjRo7WntpT9Rp
Franz Ferdinand,spotify:artist:0XNa1vTidXlvJ2gHSsRi4A
Freak Nasty,spotify:artist:0LthCv77K8NqLKr8B6266a
From First To Last,spotify:artist:5n71fmAB8Un2IfAPn64erN
FTSE,spotify:artist:6nwWPkGiev86uRWljr4Cjn
Funkadelic,spotify:artist:450o9jw6AtiQlQkHCdH6Ru
Furns,spotify:artist:0I0pGHj36QgKwEck9Ijbiy
Future Generations,spotify:artist:3wKj5PmSpnrtz9n9hG2QCA
Future Islands,spotify:artist:1WvvwcQx0tj6NdDhZZ2zZz
G.R.L.,spotify:artist:3Yl4nkmEa8BSuGWbwhdLDq
GAMPER & DADONI,spotify:artist:6HQ6vf4AloXyVNdyJhrX1J
Gareth Dunlop,spotify:artist:20wLNsNYfXIbH8QPdqS4dz
Gareth Emery,spotify:artist:0hprEC0nsWuQPSHag1O2Vi
Gary Glitter,spotify:artist:61zv3hX7l838ZyhaDyAx8S
GEMS,spotify:artist:1hjVmBR8STjix0vBUe5YfN
Ghost Town,spotify:artist:6MM2Na1OX5kh9QjazXBeIN
Glen Hansard,spotify:artist:3Caot8EtHX6wLpNF2wRzS0
Grand Funk Railroad,spotify:artist:0qEcf3SFlpRcb3lK3f2GZI
Greg Bates,spotify:artist:2COi3lJPZHP2CjJBfofGwh
Guster,spotify:artist:34XlPCFfB4vT7P1ekWq9Jc
Gyptian,spotify:artist:2JX4h8xm0hNxCB0aNBWzyi
HAERTS,spotify:artist:7pww8JMPMj1SxUfJ8wN5Kt
Hal Ketchum,spotify:artist:6Pys4xsyQVA5ZjkN2Ka2S7
Handguns,spotify:artist:65bszo3HcI6T49Q6oQSkAl
Hanni El Khatib,spotify:artist:1HCdPZB0ypEcpDo4T55sMi
Hanson,spotify:artist:0SdiiPkr02EUdekHZJkt58
Harry Belafonte,spotify:artist:6Tw1ktF4xMmzaLLbe98I2z
Hayes Carll,spotify:artist:6UWifcscEdbjPgmbevBxZV
Heatwave,spotify:artist:6D7h7R79IZjqJC2GM2wzyY
Hollyn,spotify:artist:2E6Nnh7AAOVajEHHRDALav
Homebwoi,spotify:artist:7m6jpo2SfoIToSZuEhRmkR
Hopsin,spotify:artist:7EWU4FhUJM1sZQgQKdENeT
Hot Mulligan,spotify:artist:1lKZzN2d4IqiEYxyECIEHI
Hot Since 82,spotify:artist:1tRBmMtER4fGrzrt8O9VpS
Hotspur,spotify:artist:6zsE1lMVbnM4dLoCWah7Fu
House Party,spotify:artist:05zszvXo2QjcGv9bnNRKNm
Iggy Pop,spotify:artist:33EUXrFKGjpUSGacqEHhU4
INXS,spotify:artist:1eClJfHLoDI4rZe5HxzBFv
IO Echo,spotify:artist:3TQKbfmV71guAH49oalx69
Isbells,spotify:artist:14dULnNGmLKnS59BzNrHi4
IU,spotify:artist:3HqSLMAZ3g3d5poNaI7GOU
Iyanya,spotify:artist:3ZUn6LYxdmmPYQqBhFWI3h
Iyaz,spotify:artist:5tKXB9uuebKE34yowVaU3C
J. Dash,spotify:artist:6bsEozzA1CHU0TIq2DXDxq
J. Roddy Walston & The Business,spotify:artist:1FlpoZvmdqEMfKIzgMmSJX
J.I.D,spotify:artist:6U3ybJ9UHNKEdsH7ktGBZ7
Jack and Eliza,spotify:artist:2hHVyg8oESE88KcYSWrVoy
Jackie Wilson,spotify:artist:4VnomLtKTm9Ahe1tZfmZju
Jadon Lavik,spotify:artist:4LIG4IMVuzGJjAhMxXtll1
Jaeger,spotify:artist:77PxY9mItIkmEo8D2fbfco
Jagged Edge,spotify:artist:7Aq8lpLMSt1Zxu56pe9bmp
Jai Paul,spotify:artist:53wZLCnhshZKDRs3uopFBc
Lil Yachty,spotify:artist:6icQOAFXDZKsumw3YXyusw
Linkin Park,spotify:artist:6XyY86QOPPrYVGvF9ch6wz
Little Comets,spotify:artist:7cfhZmKaLWzNLwHDxzugUH
Lizzo,spotify:artist:56oDRnqbIiwx4mymNEv7dS
LMNT,spotify:artist:1kObei2IODphSwCsUHFQdo
Lost Frequencies,spotify:artist:7f5Zgnp2spUuuzKplmRkt7
Louis Mattrs,spotify:artist:7qevodTHcV0rtg9O7ih6nn
Louis Prima,spotify:artist:52lBOxCxbJg0ttXEW9CQpW
Lowercase Noises,spotify:artist:7trvyUUXmPhi1StCNYHj4e
Ludo,spotify:artist:6ok7bEDf9CZ0448D59AaNL
Luke Tennyson,spotify:artist:4tazLYxrp7rWyKY5D117ZC
M.E (Main Event),spotify:artist:61BDFyWmy0JRShGAZD9HoT
machineheart,spotify:artist:4uethVhVpoyO3OhT40JH1o
Madilyn Bailey,spotify:artist:07r7OPIALkj6Icaoj4Kf5l
Madison Beer,spotify:artist:2kRfqPViCqYdSGhYSM9R0Q
MAGIC GIANT,spotify:artist:7eaa5bidliPI0djFYv166f
Maluma,spotify:artist:1r4hJ1h58CWwUQe3MxPuau
Mannheim Steamroller,spotify:artist:0EeHVtSdrYibpGDVHjWEpe
Marian Hill,spotify:artist:1xHQO9GJIW9OXHxGBISYc5
Mark Knopfler,spotify:artist:0FI0kxP0BWurTz8cB8BBug
Marlene,spotify:artist:0pAV5GaO9ak8wk1NnF37Cl
Marlon Roudette,spotify:artist:2R1QrQqWuw3IjoP5dXRFjt
Marsha Ambrosius,spotify:artist:46VWDbmWmzvPBTmkSr25gM
Martha Reeves & The Vandellas,spotify:artist:1Pe5hlKMCTULjosqZ6KanP
Mary J. Blige,spotify:artist:1XkoF8ryArs86LZvFOkbyr
Mary Lambert,spotify:artist:5Z2NUZiY3FA00HKu5WTMhA
Matthew Perryman Jones,spotify:artist:68524z8sd176IRenNb1Fjy
Matthew Sweet,spotify:artist:2idymNTKUdnTxforkb12Mw
Matthew West,spotify:artist:6e8OTLDQpaz1Tl2GEaxsNj
Maurice Chevalier,spotify:artist:3QXjI80udwDSEfxK5BjUXc
Maurice Williams,spotify:artist:1CgE69lpZKGAcA5kIIK82D
Method Man,spotify:artist:4VmEWwd8y9MCLwexFMdpwt
Metronomy,spotify:artist:54QMjE4toDfiCryzYWCpXX
MGMT,spotify:artist:0SwO7SWeDHJijQ3XNS7xEE
MiC LOWRY,spotify:artist:0AJUYWKztkg5dnrHDIBv47
Michael Gungor,spotify:artist:636Yuw9EBCEsZDAyWJibEJ
Michael Jackson,spotify:artist:3fMbdgg4jU18AjLCKBhRSm
Michel Teló,spotify:artist:1sDVuztNhGcetCLChkleDA
Miike Snow,spotify:artist:4l1cKWYW591xnwEGxpUg3J
Mike Mains,spotify:artist:6fMFAugldzxdvpZl0fZNKd
Mike Stud,spotify:artist:5G9kmDLg3OeUyj8KVBLzbu
MIKESCHAIR,spotify:artist:2gdeHNW6iBQlzXMhrud0yU
Mindless Behavior,spotify:artist:2waKklOyXKNqhqIOmE4yBA
Miranda Lambert,spotify:artist:66lH4jAE7pqPlOlzUKbwA0
Mocki,spotify:artist:5Xrk8HKFWj76Jonuerfupw
Mogwai,spotify:artist:34UhPkLbtFKRq3nmfFgejG
Mohombi,spotify:artist:37GUqxafAvAKGMZbXCUnmr
Moneybagg Yo,spotify:artist:3tJoFztHeIJkJWMrx0td2f
Moonlight Graham,spotify:artist:2EycEjW1MJlcYNOPSRkmV4
Morgan Page,spotify:artist:1N9n8MSxrr4Emhb566493b
Moses Gunn Collective,spotify:artist:66riSKDVOc3vPkeyju0q0o
Moses Sumney,spotify:artist:5W10uJRsbt9bROJDKoI1Wn
MSTRKRFT,spotify:artist:2squZ8HjM4AzR0j6jsPn4a
MTNS,spotify:artist:7eBDae8nEzoq5GThrBTpRP
Murs,spotify:artist:2dWF6m2ksP9GN75fufFp16
Mutual Benefit,spotify:artist:0AUwa5xmiy57qdGlOksvea
Mykola Dmytrovych Leontovych,spotify:artist:6lBN3Tzt61u8i9AJoAhKzF
Nat King Cole Trio,spotify:artist:3OpnoUqoRIHWbsFs4Nw0NQ
Natalie Merchant,spotify:artist:73JEBdDEFeVaOLg3y0HhBD
Nate Good,spotify:artist:2OPyK48uFk5aZ8GKWa5FPl
Nathan Goshen,spotify:artist:5CXvT1JutlWVLJN8YEOf1h
CSS,spotify:artist:2K13AVg3bFpHSxDM1vJ0qA
Cuco,spotify:artist:2Tglaf8nvDzwSQnpSrjLHP
Cuisillos De Arturo Macias,spotify:artist:32lXHXuhXtdA2j3IDXNND4
Cypress Hill,spotify:artist:4P0dddbxPil35MNN9G2MEX
Dan Hill,spotify:artist:5rOhfAsK4uxq9OdREiQRKa
Dan Murray,spotify:artist:5hnEwCS6VD5kQVja9lkKkg
Dan Seals,spotify:artist:55yEsJBqyn27JPsw5hHzqi
Danny Gokey,spotify:artist:5Yu3b48Y29bZlI1cLPOZJz
Danrell x Småland,spotify:artist:26GYMmGD8WG0a6OZPg2Joy
Dave Hollister,spotify:artist:5Z1reBuaReg2pg72I2mnMm
Dave Matthews Band,spotify:artist:2TI7qyDE0QfyOlnbtfDo7L
David Correy,spotify:artist:73Tg5BxH6c3D3C6qIrkrmB
David Lee Garza,spotify:artist:38329DTMLBuu9dxx2a8Nke
Dawin,spotify:artist:46GXASE9LHzyssNqKOInUu
Desiigner,spotify:artist:7pFeBzX627ff0VnN6bxPR4
Devault,spotify:artist:1VBAKMui4zm5MnBWNn3NbL
DevilDriver,spotify:artist:79el7mcHYhXYW3Zek21i0L
Disney Channel Stars,spotify:artist:1PCSZ5DaA1s1gpz2sKmnDr
Dixie Chicks,spotify:artist:25IG9fa7cbdmCIy3OnuH57
DJ Hotday,spotify:artist:4noqLU403F1QDR5cggn9ch
DJ Jazzy Jeff,spotify:artist:3nmiIgeri4vEY7y0VpbsCn
DJ Kool,spotify:artist:1SWGyp2nxNSyQkRX1eqoUp
Dj Slim D,spotify:artist:5VRQkaqx6A28RnkJ8xx2nW
D-Lo,spotify:artist:0kHp6OZT4pvcCbTMfQCOvE
Dmac,spotify:artist:6jlPsZ7OXZkGKNVfeR7ULc
DMX,spotify:artist:1HwM5zlC5qNWhJtM00yXzG
dodie,spotify:artist:21TinSsF5ytwsfdyz5VSVS
Domo Genesis,spotify:artist:6vHBuUxrcpn1do5UaEJ7g6
Donna Summer,spotify:artist:2eogQKWWoohI3BSnoG7E2U
Dorrough Music,spotify:artist:5MAp6rMiUJjRLXMWtArXRS
Dramarama,spotify:artist:0jyR47SLnL38FWQPPSth1v
Dresses,spotify:artist:4Om4kO491KUeVkwTLiVQq3
Drew Seeley,spotify:artist:1ryIDQiTzFFxHmmjijqghs
DROELOE,spotify:artist:0u18Cq5stIQLUoIaULzDmA
Drop City Yacht Club,spotify:artist:1ltvR0EnKd5qhBbdWEe87Q
Duck Sauce,spotify:artist:0q8J3Yj810t5cpAYEJ7gxt
Duelo,spotify:artist:0nnp7oJpY2J6yZOqtdKaWq
Duran Duran,spotify:artist:0lZoBs4Pzo7R89JM9lxwoT
Dyke & The Blazers,spotify:artist:5dORjaew9A94A25xvTMiTg
Dynamite Hack,spotify:artist:6jddkwDLW1TOlqdjfK4ywk
Earshot,spotify:artist:6eeYhqOX2cpsiHY6gVuvPA
Eddie Vedder,spotify:artist:0mXTJETA4XUa12MmmXxZJh
Edward Sharpe & The Magnetic Zeros,spotify:artist:7giUHu5pv6YTZgSkxxCcgh
El Bebeto,spotify:artist:1YhMWppPt9RVODKD1KCs7W
Elements of Music,spotify:artist:0YKyQPlIlmXOPswGmzMesw
Emily Zeck,spotify:artist:696x5uEm1nV6xucEZNAbzH
Empire Cast,spotify:artist:7EjxNoVjXo7gL73F2EdXVA
Europe,spotify:artist:7Js6Lde8thlIHXggv2SCBz
Eve 6,spotify:artist:4Eqd24yS5YcxI8b6Xfuwr8
Ezra Vine,spotify:artist:2gJqa0PdfSuLpoQlWAIAzn
Faces,spotify:artist:3v4feUQnU3VEUqFrjmtekL
Faith No More,spotify:artist:6GbCJZrI318Ybm8mY36Of5
Fake Blood,spotify:artist:6NaTOhsj6iiUNONPrE980Z
Fierce Bad Rabbit,spotify:artist:4UICFAWzYKK9Mk7aUFluGK
Filter,spotify:artist:01WjpKiWVNurV5hjIadB8C
Findlay,spotify:artist:12XBVoWq6M6etLxxe1TQWn
Five For Fighting,spotify:artist:7FgMLbnZVrEnir95O0YujA
FKA twigs,spotify:artist:6nB0iY1cjSY1KyhYyuIIKH
FM Static,spotify:artist:043r4OwwUAYREkBLK5jAiV
Folded Like Fabric,spotify:artist:2Gt8bzahH9RSMrH6heY2vF
For The Foxes,spotify:artist:5TAL9h3eaLmeywqYanJesj
Foreign Air,spotify:artist:5ApQnMT6oR8eLguf24xb9S
Nathaniel Rateliff,spotify:artist:4qKpLkR911SUlnd4HAtF79
NAV,spotify:artist:7rkW85dBwwrJtlHRDkJDAC
NCT U,spotify:artist:3paGCCtX1Xr4Gx53mSeZuQ
Neil Diamond,spotify:artist:7mEIug7XUlQHikrFxjTWes
Nena,spotify:artist:6Tz0QRoe083BcOo2YbG9lV
Neulore,spotify:artist:6SLbaDa56f1CZlUNuF0gk3
Neumodel,spotify:artist:4wiTMr3PA4rslJzqx4QO5f
New Life Worship,spotify:artist:0wCMw81dQdNPMRB4zadq5g
Nicky Jam,spotify:artist:1SupJlEpv7RS2tPNRaHViT
Nicky Romero,spotify:artist:5ChF3i92IPZHduM7jN3dpg
NKOTBSB,spotify:artist:4BjHiejt4AKg6BHeCjtAcF
No Vacation,spotify:artist:32zeX1IoVKAGWMyy1isKUq
Noel Schajris,spotify:artist:2uEjXyVi0SA1HPpj3zquXh
Norah Jones,spotify:artist:2Kx7MNY7cI1ENniW7vT30N
North of Nine,spotify:artist:3XHKj8I1h4GNsaViEId6Bs
Oceans,spotify:artist:6fUGQU8tAq01xMG7Qzjy8O
OG Maco,spotify:artist:0nvvVQhPQGkYTJlThLbJeu
OH MY GIRL,spotify:artist:2019zR22qK2RBvCqtudBaI
Ólafur Arnalds,spotify:artist:7E3BRXV9ZbCt5lQTCXMTia
Olga Tanon,spotify:artist:4pv1Jo4PbYI8LMADJoTWjE
Oliver Heldens,spotify:artist:5nki7yRhxgM509M5ADlN1p
Omarion,spotify:artist:0f5nVCcR06GX8Qikz0COtT
ONE OK ROCK,spotify:artist:7k73EtZwoPs516ZxE72KsO
Other Lives,spotify:artist:3bw0A7x5AgdJsK20ai5iS6
O-Town,spotify:artist:4zKhX6hYCQPNs406umP9Fx
Our Last Night,spotify:artist:00YTqRClk82aMchQQpYMd5
OutKast,spotify:artist:1G9G7WwrXka3Z1r7aIDjI7
Pat Green,spotify:artist:0EhgpjUqiIIQhM6ZRF4kXX
Patricia Quinn,spotify:artist:7Akz0poR4eUgNM0ciCWqIs
Patrick Swayze Featuring Wendy Fraser,spotify:artist:43cWHunuO7yrP3bwY9Ntrx
Pell,spotify:artist:2O2dI9lY9PnWtAa4OlrgMi
Penguin Prison,spotify:artist:5VsOThWOagH8C8gCvIy13k
Pepe Aguilar,spotify:artist:03Yb3iBy9GCifXiATEFcit
Peter Bjorn and John,spotify:artist:6u11Qbko2N2hP4lTBYjX86
Pigeon John,spotify:artist:3RfeWhoxAqlNRNcywG7RJj
Pillar,spotify:artist:2Tkg8omOIsTL617yXVt26e
Playa Circle,spotify:artist:29WRLZEHkCncrdBhb0JcdC
Poppy,spotify:artist:5mlbvTfWUOfDrUIK6dkNzv
Preservation Hall Jazz Band,spotify:artist:2S0rCVs10P1Q0v51wmOrM5
Prinze George,spotify:artist:3o6TKTQIu0lCYcNtSO3i1G
Proleter,spotify:artist:5dCpFeKxLbycrnsjWZjha8
Pyotr Ilyich Tchaikovsky,spotify:artist:3MKCzCnpzw3TjUYs2v7vDA
Ra Ra Riot,spotify:artist:6FIrstf3kHEg3zBOyLpvxD
Rafferty,spotify:artist:37Kwz8lKQipujhPpz9Q5cQ
Rag'n'Bone Man,spotify:artist:4f9iBmdUOhQWeP7dcAn1pf
Rags Cast,spotify:artist:5igcQeVmcLCLDM2cj43Tuy
Rancid,spotify:artist:6xTk3EK5T9UzudENVvu9YB
Raven-Symoné,spotify:artist:6kUQJlewgd3UFKVYrrmILh
Ready For The World,spotify:artist:6h29EZDlc2NTvmCUe4yoXV
Reba McEntire,spotify:artist:02rd0anEWfMtF7iMku9uor
Reptar,spotify:artist:5dMNVzCPRLL5QUGvvrNW9P
Retch,spotify:artist:4Jx84VBxI1tR2KGPNRFH9l
Reykon,spotify:artist:3PAwspMN27PDm81WwXDsMf
Ria Mae,spotify:artist:3QvuHlyW42Ei3AyGOO4AMT
Rich Chigga,spotify:artist:2IDLDx25HU1nQMKde4n61a
Rich O'Toole,spotify:artist:2t6FHAUXxi9eiatP2Mavh0
Rilo Kiley,spotify:artist:2cevwbv7ISD92VMNLYLHZA
Robert Palmer,spotify:artist:530Sdm7eqqzWBdDmILMgnu
Robin Thicke,spotify:artist:0ZrpamOxcZybMHGg1AYtHP
Rockwell,spotify:artist:3xs0LEzcPXtgNfMNcHzLIP
Ronnie Banks,spotify:artist:0xBMk75csJnT8zuhhC1qnx
Rosie & The Originals,spotify:artist:422gtj7D6L6pvr0GE08lwf
City and Colour,spotify:artist:74gcBzlQza1bSfob90yRhR
Cœur De Pirate,spotify:artist:2eRNMtoi82UZUuaL6naDjA
Coldplay,spotify:artist:4gzpq5DPGxSnKTe4SA8HAU
Conrad Sewell,spotify:artist:1rw8ZTLnDHd74TWDDukjVi
Corbin Bleu,spotify:artist:5GuEFqVXxQsqJtjGqoFWvf
Craig Morgan,spotify:artist:6ktyNEnEukKzskQEiXgCFD
Cris Cab,spotify:artist:7vWBZm3sQ8yQvfV4nXxHXK
Croosh,spotify:artist:0khqcsFxd6ans7Zh1JqraT
Crywolf,spotify:artist:33o00sXuyWiApOFzo0vr0z
Curtis Stigers,spotify:artist:2bNtosg6E8tvmN6wYxPCfu
Cut Copy,spotify:artist:4EENT7N7rCBwrddM3s0vFS
Dallas Davidson,spotify:artist:1b20prOo5LCPlryTTLYb9H
dandelion hands,spotify:artist:6mOWFF6HJ6krnIpW0CHLQm
Danielle Bradbery,spotify:artist:5iqStkZi6QmG8sgQZQrfGN
Darius Rucker,spotify:artist:7FY5V3XMwlNBPitEjXowHQ
Darkside,spotify:artist:2933wDUojoQmvqSdTAE5NB
Daryl Hall & John Oates,spotify:artist:77tT1kLj6mCWtFNqiOmP9H
Daughter,spotify:artist:46CitWgnWrvF9t70C2p1Me
Daveed Diggs,spotify:artist:3twuAojvYNrlWZpMkxLm3P
David Ball,spotify:artist:7y9COUDxusQXRjW95vOubE
David Hasselhoff,spotify:artist:0cfSfyq03Uj5lVX9jcJw1m
Dazz Band,spotify:artist:4n7L1vYXp4Dt0HfxaLBj9l
Def Leppard,spotify:artist:6H1RjVyNruCmrBEWRbD0VZ
Demun Jones,spotify:artist:1LkLu8Wywk1qLvWUYAQiZR
Derek Luh,spotify:artist:2sty2yOxzpMQeju4AqFw52
Devonte Hynes,spotify:artist:0M1ImWN3uInxUCZVIE9uxa
Diamond Nights,spotify:artist:7ftWZH8oilFDZlXiClxSaQ
Diggy,spotify:artist:2LuUALONla8DJRSCiGONBp
Dimitri Vangelis & Wyman,spotify:artist:10hGPIDZi33LRaYRIq3Bh4
Dion,spotify:artist:15FyiY3ChN0QRspHIQYq0W
Dirt Nasty,spotify:artist:4xZDgDbs4eQcpauHyyip0I
Dirty Gold,spotify:artist:2BcIBFXVoydowG3UQYYq49
Dirty Heads,spotify:artist:6GkJh85o22LfD2vgL9DP6f
Dirty Money Music Group,spotify:artist:70INl0lGlXvzvh4lIbzjpT
Dizzee Rascal,spotify:artist:0gusqTJKxtU1UTmNRMHZcv
DJ Envy,spotify:artist:63rJq5DaUMq2OhAnh3al79
DJ Felli Fel,spotify:artist:7sHWvTWufU865WrWckjyE0
DJ Jazzy Jeff & The Fresh Prince,spotify:artist:1mG23iQeR29Ojhq89D5gbh
DJ Redbi,spotify:artist:15qegkSANsItRFPkEvGVEu
DNA,spotify:artist:4mesemBJJwnGX6tRaMvGbn
Doe,spotify:artist:6VVG93SFF6JwkRgD7FYpZg
Donny Hathaway,spotify:artist:0HU0U9kdXEHZVxUNbuQe8S
Dorothy,spotify:artist:6IOvhXyk5edbA2DVaeP9Up
Dougie F,spotify:artist:4pBG47zWhJbDw7mpsg68PJ
Dragonette,spotify:artist:4GLJPBj5Cdr9AgLKvLWM4n
Drake,spotify:artist:3TVXtAsR1Inumwj472S9r4
Driicky Graham,spotify:artist:7h5oEr0hzlM0GFQMrgEwSo
DVBBS,spotify:artist:5X4LWwbUFNzPkEas04uU82
Dylan Gardner,spotify:artist:12Na60zr4c70kpEDMLICoh
Dylan LeBlanc,spotify:artist:60rNO7ymhlxcYxrdkDYq1k
Dynamic Duo,spotify:artist:4nvFFLtv7ZqoTr83387uK4
E-40,spotify:artist:3crnzLy8R4lVwaigKEOz7V
Eddy Arnold,spotify:artist:5QsUbpxSE8lCZ5ga5rnD22
Eddy Lover,spotify:artist:7gR53ad9JjCweCv4f9MWEX
El Ten Eleven,spotify:artist:0d1j4VJ7gzAJaDslzmjTF0
Ella Vos,spotify:artist:2zmrsXMHxagFz6vI2cD7r6
Ellie Goulding,spotify:artist:0X2BH1fck6amBIoJhDVmmJ
Elliot Root,spotify:artist:2czQ8vG4i3wBWxfsAt4yqw
Elsa Garcia,spotify:artist:1ueN9z9M3Xyk27jcjn8tLE
EMI,spotify:artist:1PwVn639uS6OI0O2G74pAo
Emily Warren,spotify:artist:1oKdM70mJD8VvDOTKeS8t1
Empire of the Sun,spotify:artist:67hb7towEyKvt5Z8Bx306c
Frankie Valli,spotify:artist:3CDKmzJu6uwEGnPLLZffpD
Freddie Mercury,spotify:artist:4M1FpEWs2PeYfJe7xxJfhH
Front Porch Step,spotify:artist:4UXiNDHAiv8DOSLkp0GbSm
Further Seems Forever,spotify:artist:1Enp9WKfk0aI9CFi2YGBq7
FU-Schnickens,spotify:artist:2BnZSEAPhFsB1RIyeEgXmN
Garrett Hedlund,spotify:artist:2rIaXMzFroqNiyyTkayeWU
Gary Stewart,spotify:artist:3KmQJ2e3T7Gn1UurVpReXs
G-Eazy,spotify:artist:02kJSzxNuaWGqwubyUba0Z
George Baker Selection,spotify:artist:2MGJBRRGEj9m6MxJIq7fLn
George Jones,spotify:artist:2OpqcUtj10HHvGG6h9VYC5
George McCrae,spotify:artist:6oV3BNm1Gj2GGgpYknc5TN
George Michael,spotify:artist:19ra5tSw0tWufvUp8GotLo
Giraffage,spotify:artist:4kubsO16bEfCADaVUyoYb6
Gladys Knight & The Pips,spotify:artist:0TF2NxkJZPQoX1H53rEFM1
Glassworks,spotify:artist:6IA80qEr2v4xCcy0GZOjgS
Goapele,spotify:artist:5cgtn5YWC3Fr06wTps1dBq
Good Old War,spotify:artist:33szNKNcVX8x0jl8X7hxHL
Goodie Mob,spotify:artist:3F2Y683ovlWT53WKCeq0oj
Gorgon City,spotify:artist:4VNQWV2y1E97Eqo2D5UTjx
Grace Potter & The Nocturnals,spotify:artist:23OknxGcY1i5xX1TRPilMj
Graham Colton,spotify:artist:3bCmhyXqTr9ZNGlHNYNTFA
Grandtheft,spotify:artist:4R0EwsTKt1LIFcdezmuezM
Grimes,spotify:artist:053q0ukIDRgzwTr4vNSwab
Grupo Marca Registrada,spotify:artist:1gW6pz5n1aK249L0GvfQCC
GTA,spotify:artist:6M7RdR9ZP52h2mfNLmiHtU
HAIM,spotify:artist:4Ui2kfOqGujY81UcPrb5KE
Halsey,spotify:artist:26VFTg2z8YR0cCuwLzESi2
Hammock,spotify:artist:0VOR7Ie9xUSb45fzIIVJQ1
Hannah Peel,spotify:artist:3LRldYGJpCAQT5cZKQyi7o
"Harry Connick, Jr.",spotify:artist:6u17YlWtW4oqFF5Hn9UU79
Harvey Danger,spotify:artist:7fu6ebyL3JGXJgo5zsOo4k
Hawk Nelson,spotify:artist:4hj6ZZxaiKvG5GU3PYf7Gh
Heather Headley,spotify:artist:2xDc4cU0Rj6YG8SrmAHIy0
Hey Ocean!,spotify:artist:0t7c4kEOzEpaOvYF8kRA27
Hey Violet,spotify:artist:4JNfz6aO9ZFz0gp5GY88am
HG Free,spotify:artist:3mCaJUY3CkFawIelbYFwb4
High Valley,spotify:artist:5sQqZtsAbXAoAnvA8iN9kN
Hole,spotify:artist:5SHQUMAmEK5KmuSb0aDvsn
Hollywood Principle,spotify:artist:6ldZGvFDjs6KafLouTBHJ9
Hollywood Undead,spotify:artist:0CEFCo8288kQU7mJi25s6E
HOLYCHILD,spotify:artist:4itksv8jgpEcvRvZ7lDalQ
HOMESHAKE,spotify:artist:4DMSJzGjw2SMkKAT5EEE5u
Hoobastank,spotify:artist:2MqhkhX4npxDZ62ObR5ELO
Hoodie Allen,spotify:artist:382aq8Pij5V2nE2JMHMoxl
Hooverphonic,spotify:artist:5EP020iZcwBqHRnJftibXX
Indiana Bible College Choir,spotify:artist:2UWqAbbrZK9eL1UQCuhT6J
Isaiah Rashad,spotify:artist:6aaMZ3fcfLv4tEbmY7bjRM
ISLAND,spotify:artist:1UqvcbBmsHw8rjIZe1WiZl
Ivy Sole,spotify:artist:4NcMrSi3B8eUVy6e1Ni3wu
Izzy Bizu,spotify:artist:6b5YOgXIliAozdo49vUCJQ
J.Price,spotify:artist:4V0inKsUweQb6znRa04aDg
Jack and the Weatherman,spotify:artist:3ydwrOmRBy5TtHpTDaauOQ
Jack Beats,spotify:artist:5dUIQXIt7WeBKpETFZyTFW
Jackson Browne,spotify:artist:5lkiCO9UQ8B23dZ1o0UV4m
Jacquees,spotify:artist:4tMm1dU6Gn04VAZ9ClHcIZ
Jake Miller,spotify:artist:3gggmBN0erstm3YJvEGe3t
James McAlister,spotify:artist:2TvVB6B050Aj5y2Hk4H84z
Jason Boland & The Stragglers,spotify:artist:1sX1MkGoDKuMzzhaALPFyZ
Jason Chen,spotify:artist:1Il6lzHpFKUD52wcCmDI24
Jason Gray,spotify:artist:4i2mkyKkRrc0OvPrWqb4BE
Memphis Bleek,spotify:artist:4jWzNq3sdzSpqn7BnzvIKn
Memphis May Fire,spotify:artist:7cNNNhdJDrt3vgQjwSavNf
Michelle Branch,spotify:artist:5rScKX1Sh1U67meeUyTGwk
Mickey Valen,spotify:artist:2tLI4kPsmsxQQv6zr2jbgt
Midnight Star,spotify:artist:0KMLfCXYb3Dhf1hLpu8cVd
Mike Posner,spotify:artist:2KsP6tYLJlTBvSUxnwlVWa
Mikky Ekko,spotify:artist:1buzCmyYZE4kcdLRudsb8V
Milkman,spotify:artist:30cKuCL2eREKcQ8NqyXUo7
Millionyoung,spotify:artist:3OqimSn68hatcBU1Eq4Ujc
Misun,spotify:artist:4p8nb7TMZ9hta2igswtJZA
Modest Mouse,spotify:artist:1yAwtBaoHLEDWAnWR87hBT
Modestep,spotify:artist:5zYJziKktyqWwmoAWXrShP
Moenia,spotify:artist:3QmmtMrEf7aQrsd1VtejAV
Moi Je,spotify:artist:2lmGTNC0PsE7j5KDO9POvW
Mos Def,spotify:artist:0Mz5XE0kb1GBnbLQm2VbcO
Motion City Soundtrack,spotify:artist:19zqV9DV3txjMUjHvltl2D
Mulan,spotify:artist:7shObxvYQppFgbR8MbCx3v
Musicologo Y Menes,spotify:artist:0xf0KaVp6AMWgesiBh6fee
My American Heart,spotify:artist:40ahTPmIE9WQOOTutV1dwc
My Morning Jacket,spotify:artist:43O3c6wewpzPKwVaGEEtBM
Mykko Montana,spotify:artist:0xOtJ5JY4Urje1oVlMd3aS
NAO,spotify:artist:7aFTOGFDEqDtJUCziLVsVC
Nappy Roots,spotify:artist:3tCxM1rTj2qUXsiQZxvt2I
Nashville Cast,spotify:artist:2NvmDZar6FF2CICK1yBS4I
Nat King Cole,spotify:artist:7v4imS0moSyGdXyLgVTIV7
Natalia Lafourcade,spotify:artist:1hcdI2N1023RvSwLzTtdsp
Nellie McKay,spotify:artist:1GFVkK9DUecapOZv2HzpiN
New Radicals,spotify:artist:0Grjlu7ncIuCaSYvCs9fcd
NexXthursday,spotify:artist:07Y8trtAhW1FFUPqZYTosy
Nick Cave & The Bad Seeds,spotify:artist:4UXJsSlnKd7ltsrHebV79Q
Nickel Creek,spotify:artist:3bcLBxvaI7GsBzGp3WHnwQ
Nico Vega,spotify:artist:1gUch6pcj8OKOw6kKlWAPE
Nine Lashes,spotify:artist:6L5kgEyFIlckHbMdRM2KXQ
No Fatigue,spotify:artist:3YSYh7GHgZo7UkjmFNejQY
Noah Cyrus,spotify:artist:55fhWPvDiMpLnE4ZzNXZyW
Noah Kittinger,spotify:artist:4qOVAE5WtSf1lQ9Fi6jxXi
Noel Gallagher's High Flying Birds,spotify:artist:7sjttK1WcZeyLPn3IsQ62L
Noosa,spotify:artist:2F8tffsSfw1767WgjtAHBW
OBB,spotify:artist:2j8Rhj6E5iiRJFh6DO7e5t
Oh Honey,spotify:artist:3yQxGz288i3AqOxq7LYHUU
Oh Wonder,spotify:artist:5cIc3SBFuBLVxJz58W2tU9
Ohio Players,spotify:artist:6m30rs1IQqnWqV5nKMpU7U
Original London Cast,spotify:artist:7e5ZdCHUdTxRpUmZSAdN8f
Orkestrated,spotify:artist:52VqIv9iDcmGRrg9tzsEF0
Panic! At The Disco,spotify:artist:20JZFwl6HVl6yg8a4H3ZqK
Paramore,spotify:artist:74XFHRwlV6OrjEM0A2NCMF
Patty Smyth,spotify:artist:2dgfCEMSVETFp29mRpiFpz
Paul Harris,spotify:artist:46jtIbj72oWxiUY2CQvSJd
Paul McCartney,spotify:artist:4STHEaNw4mPZ2tzheohgXB
Pearl Bailey,spotify:artist:2cskX7NGnrWMjA4PRSxVPL
Periphery,spotify:artist:6d24kC5fxHFOSEAmjQPPhc
Person L,spotify:artist:121s4JKQS6GUKg9LV7xjfv
Petit Biscuit,spotify:artist:6gK1Uct5FEdaUWRWpU4Cl2
Pharoahe Monch,spotify:artist:5DKuVtlpDH0agZQUFDy8O7
Phoenix,spotify:artist:1xU878Z1QtBldR7ru9owdU
Phresher,spotify:artist:0FTrIsp2Mg7Bkf8eXQrISa
Planetshakers,spotify:artist:5A0SFJQSdSjFHGcndiGT1s
Player,spotify:artist:0fgtHVpOPfXb07S8Jx443z
Plug In Stereo,spotify:artist:38piJoxdpZ3cBdDpL2CQsh
Portugal. The Man,spotify:artist:4kI8Ie27vjvonwaB2ePh8T
Problem,spotify:artist:0399oiMcmbOzzsYQDNYqxn
Foals,spotify:artist:6FQqZYVfTNQ1pCqfkwVFEa
Foghat,spotify:artist:6x33CmZWo2Ve4hxYl2Craq
Fonseca,spotify:artist:53KTldaJ8tHSkYU3nigfwP
Four Tops,spotify:artist:7fIvjotigTGWqjIz6EP1i4
Francesco Yates,spotify:artist:5X1JzPIIonP3u9lA580pPT
Frankie Ballard,spotify:artist:0dvKgSdNB2U1gfp6ZcekYi
Freeway,spotify:artist:2Jwr7hGoSNK3S3QBxh3T0z
Fruit Bats,spotify:artist:6Qm9stX6XO1a4c7BXQDDgc
Fuego,spotify:artist:7wU2WGCJ8HxkekHHE2QLul
Future Hendrix,spotify:artist:04QdaZpqe8OuGhrnS35NnA
Galactic,spotify:artist:4rMUtWPGbE6waga7PQO0oQ
Galimatias,spotify:artist:0tOrKkXIn3VYyVHFEPG6Xd
Gary Numan,spotify:artist:5KQMtyPE8DCQNUzoNqlEsE
Gemineyes,spotify:artist:5mhWyJh66IsnLUNhpFPYuP
Gentlemen Hall,spotify:artist:1WG9NtOsSbrUogii5E20LT
Ghost B.C.,spotify:artist:1Qp56T7n950O3EGMsSl81D
Gilberto Santa Rosa,spotify:artist:27vNK840zYq6IfDijHPsv1
Girls,spotify:artist:6eO95BjZhrWHREMfwC4vVN
Glenn Frey,spotify:artist:3vMWY1bUrmYoSoEWLiQWOZ
Gnarls Barkley,spotify:artist:5SbkVQYYzlw1kte75QIabH
Go West,spotify:artist:7bKupnlF7XOfR1En3K8oAL
Golden Vessel,spotify:artist:6bJCrLZcvsBMzve04BmgwS
Goldfrapp,spotify:artist:5BKsn7SCN2XmbF7apdCpRS
Gorillaz,spotify:artist:3AA28KZvwAUcZuOKwyblJQ
Grace Acladna,spotify:artist:2AhTPaGsjBVOfF5UPWKGyd
Grady Spencer & the Work,spotify:artist:5QEQTOTzN3kxmK41BaLFK5
Grateful Dead,spotify:artist:4TMHGUX5WI7OOm53PqSDAT
Greg Street,spotify:artist:3q83BMJ3Mx2NSrEcqWA3A1
Grieves,spotify:artist:2ActkR0xU2ZiDhWYhijydE
Guns N' Roses,spotify:artist:3qm84nBOXUEQ2vnTfUTTFC
Guordan Banks,spotify:artist:4lwPGsAG5qnfn1JOtESnYZ
GZA,spotify:artist:6ns6XAOsw4B0nDUIovAOUO
H.E.R.,spotify:artist:3Y7RZ31TRPVadSFVy1o8os
"Hank Williams, Jr.",spotify:artist:2dyeCWctcFRt3Pha76ONgb
HARBOUR,spotify:artist:58bPSgeKpyyFlJ9LatULIO
Hardwell,spotify:artist:6BrvowZBreEkXzJQMpL174
Harrison Storm,spotify:artist:5Ld19xtpAR80G2boTcHaVx
"Héctor ""El Father""",spotify:artist:2TjgzYcbTdsZjbT9OItIeB
Herman's Hermits,spotify:artist:48YxSlb23RAaCd4RyHcV9V
HI-LO,spotify:artist:0ETJQforv5OXgDgidQv9qd
Hi-Tone,spotify:artist:0MaR6oaqiBHlmaZYkskmcf
Hoku,spotify:artist:7ftZLBtMuNBXnnDFKbAblK
Hot Action Cop,spotify:artist:1r38C6nsC5srBtvXRLWRmg
Hot Chelle Rae,spotify:artist:6jTnHxhb6cDCaCu4rdvsQ0
Hot Rod Circuit,spotify:artist:209McJAEbNbvQXsnuNJZJw
Houndmouth,spotify:artist:7EGwUS3c5dXduO4sMyLWC5
Hunter Hayes,spotify:artist:7H6dkUChT5EoOQtUVMg4cN
Hurricane Chris,spotify:artist:1fQ46lgoUCz8FVXdTVNk0a
I Prevail,spotify:artist:3Uobr6LgQpBbk6k4QGAb3V
I.O.I,spotify:artist:6RKnXXyprPjhBdCvL802Ku
Icona Pop,spotify:artist:1VBflYyxBhnDc9uVib98rw
Imad Royal,spotify:artist:6OgklJh1e1Z9S1Q2IQsHgy
INFINITE,spotify:artist:1bkpTEmumLC3xc7HgMsttU
Ingrid Michaelson,spotify:artist:2vm8GdHyrJh2O2MfbQFYG0
Iron Butterfly,spotify:artist:3cdvlbCYf4WoBdy89RWkNS
Ivory Layne,spotify:artist:4QtjFIgtyBbtj0uIRIJcpj
J Balvin,spotify:artist:1vyhD5VmyZ7KMfW5gqLgo5
J. Holiday,spotify:artist:7G6hXrjGpi6I7waNl4wxAk
J.J. Fad,spotify:artist:2eynOGnZLqDuEJwbRHlHN1
Jack Penate,spotify:artist:1VyVjE6tvQiM8T8a3WcYQd
Jacob Bryant,spotify:artist:53Pdb9rdy3SWEzBtyKk1om
Jacob Sartorius,spotify:artist:6czdbISBoxGckbBX8F4m8L
Erik Satie,spotify:artist:459INk8vcC0ebEef82WjIK
Ernie Halter,spotify:artist:5B8M0EkuUFr6fGN66BO8H8
Erykah Badu,spotify:artist:7IfculRW2WXyzNQ8djX8WX
Eryn Allen Kane,spotify:artist:5xI4mPixKfrCCspATqbpy3
Eugy,spotify:artist:6BhoGzrwRr9eELLBJ55ldo
Evander Griiim,spotify:artist:6z0JR0pFTeC8mTfrRm4iXo
Every Avenue,spotify:artist:1IpSmgcN9F3KNa7j9JtAE4
Fall Out Boy,spotify:artist:4UXqAaa6dQYAk18Lv7PEgX
Fat Joe,spotify:artist:3ScY9CQxNLQei8Umvpx5g6
Fedde Le Grand,spotify:artist:7dc6hUwyuIhrZdh80eaCEE
Fess Parker,spotify:artist:5w0SbY1MUVHtmJLF4UC5E9
Fifth Harmony,spotify:artist:1l8Fu6IkuTP0U5QetQJ5Xt
First Aid Kit,spotify:artist:21egYD1eInY6bGFcniCRT1
Fito Olivares y Su Grupo,spotify:artist:3zzeZVLuOeetfimOd4k8rE
Flipsyde,spotify:artist:6S9rh06VCCIYEvYMFnVMVN
Flyleaf,spotify:artist:4IliztYDlfMvzQzbx50o60
Fog Lake,spotify:artist:04GCjO1r1hPelibCUq9S8H
Forever The Sickest Kids,spotify:artist:4frytKnOBrer4QVPWynGtX
French Montana,spotify:artist:6vXTefBL93Dj5IqAWq6OTv
Frightened Rabbit,spotify:artist:6fVcDUckTwxqg56qNsEvUr
froyo ma,spotify:artist:6ELJAnqSSicrMq7YXWSV7c
Fuel,spotify:artist:0EyuKHE1AeE9lWUF8mzKVp
Full Crate x Mar,spotify:artist:6jNOJmB6z7VATJ062NlwCd
fun.,spotify:artist:5nCi3BB41mBaMH9gfr6Su0
Futurebirds,spotify:artist:4Ait1vX2ZaWPrkua8Z664O
Gallant,spotify:artist:7wFDo161xYdeaiLz3KIHoM
Gary Allan,spotify:artist:37W8SKV5Vc8lcGtdyWCA5m
GASHI,spotify:artist:0JOxt5QOwq0czoJxvSc5hS
Gazzo,spotify:artist:5st4KKihmnSMLRsxWOs2x3
GD X TAEYANG,spotify:artist:3HJVw8aEtFqoc3raJVE8am
Gene Chandler,spotify:artist:52uMkSFt2RVO6XxTEt5VeW
Gene Wilder,spotify:artist:0tk9OWliRGyjkj9eLH6siU
General Public,spotify:artist:6BZbe6PDrJgxiXZ3cIXA8o
Gent & Jawns,spotify:artist:3NmuArRqqfxT4rvFSgb0cx
Get Scared,spotify:artist:5r9uIJCoquVtEkCkvcn8Ez
Ghostland Observatory,spotify:artist:2waNUwuthEgcBTFvYo26vo
Golden Youth,spotify:artist:2ojur35aZ7Yn4Mzp03MOyD
Good Charlotte,spotify:artist:5aYyPjAsLj7UzANzdupwnS
Goodwill,spotify:artist:07EafuRJGR8zatcaf132UV
Greensky Bluegrass,spotify:artist:33bzrYoIWLx5uox3y0VtHn
Gungor,spotify:artist:4J4o73Oun7v0XXRjN8DPif
Gustavo Santaolalla,spotify:artist:4W3fa7tiXGVXl3KilbACqt
Gypsy & The Cat,spotify:artist:54xBWCXYw0pydXBknIdiC6
Handsome Boy Modeling School,spotify:artist:3pkmfqaBNsMqnXus05PNfP
Head Automatica,spotify:artist:2cyaobEho8uxhqLxwG7j6i
Headphone Activist,spotify:artist:6kN7AbeUV4yRewiVUToouk
Hedley,spotify:artist:6Shas1ACrMl25XHgTrzxeo
Henry Green,spotify:artist:0VbDAlm2KUlKI5UhXRBKWp
Hi-Five,spotify:artist:0EVUivUkugMtNF09L4QBMH
Hillsong United,spotify:artist:74cb3MG0x0BOnYNW1uXYnM
Hip Hop Artists United,spotify:artist:2agzfT1UhF8DHMYXIS1eNa
Hit The Lights,spotify:artist:5fyHpJg1xW8OZqPyzmQv2C
Hot Stylz,spotify:artist:1W4yZwIXzRls3KoybGLKy8
Hounded,spotify:artist:0ttHbJjRLbyrOgRy0oUMug
Incubus,spotify:artist:3YcBF2ttyueytpXtEzn1Za
Isaac Gracie,spotify:artist:5Smb3KB29epOb92Btsxulb
Ivan Gough,spotify:artist:5aBWZE8TOaaA9O50ENS3EM
Jade,spotify:artist:7ypgj95aGInvJMJbMv78wB
Jai Wolf,spotify:artist:24V5UY0nChKpnb1TBPJhCw
James,spotify:artist:0qLNsNKm8bQcMoRFkR8Hmh
James Bay,spotify:artist:4EzkuveR9pLvDVFNx6foYD
DEAN,spotify:artist:3eCd0TZrBPm2n9cDG6yWfF
Declan McKenna,spotify:artist:2D4FOOOtWycb3Aw9nY5n3c
Deep Purple,spotify:artist:568ZhdwyaiCyOGJRtNYhWf
Del Amitri,spotify:artist:2Q4FnG5T6NTUcAAZwuMV5K
Del The Funky Homosapien,spotify:artist:0YsLR3SQd5QTXAhGIGX7cl
Deniece Williams,spotify:artist:5jNGQ7VOU87x5402JjhTtd
Derek Minor,spotify:artist:3fn8lZLy7Q61AXCWWPYC4B
Derlee,spotify:artist:5zyFFsOA2hBcwER9OfjmGd
Diddy - Dirty Money,spotify:artist:2QYEvpsWUOjqaYuxDPTCmV
Diplo,spotify:artist:5fMUXHkw8R8eOP2RNVYEZX
Dire Straits,spotify:artist:0WwSkZ7LtFUFjGjMZBMt6T
Dirty Pretty Things,spotify:artist:6fHETUBbKmdmgybtFOFQuc
Dirtyphonics,spotify:artist:4zymhxzJ0UJc74tMHGyoWs
Dishwalla,spotify:artist:6F3NW2aC9Sni1FH7QPSLvw
DJ Crazy J Rodriguez,spotify:artist:3n6DxOAaKCu5aR076SzKcp
DJ Kay Slay,spotify:artist:1giPduZUUFru23D2icr2A8
DJ Sammy,spotify:artist:4z4m1P0iX2nRSPDBEZ8LBT
DJ Self,spotify:artist:2zGmWgfN1RJNjboH9nUd5W
Dokken,spotify:artist:09hNSPPOxDop4FRdr6UEnq
Don Diablo,spotify:artist:1l2ekx5skC4gJH8djERwh1
Don Mega,spotify:artist:67RHRuSjSkZEqk4BOlg1mz
Dr. Dre,spotify:artist:6DPYiyq5kWVQS4RGwxzPC7
Drew Baldridge,spotify:artist:08qaG5crPMPF7i0h2wORk5
Drowning Pool,spotify:artist:1E4r4z7ivGUcSAnCbINJ9v
Dustin Tebbutt,spotify:artist:0z9hynUsIjf0ddI4uHqPWX
Dyme Def,spotify:artist:694pBF9e4kbYFXyk3AuInu
"Earth, Wind & Fire",spotify:artist:4QQgXkCYTt3BlENzhyNETg
EARTHGANG,spotify:artist:5MbNzCW3qokGyoo9giHA3V
Eazy-E,spotify:artist:7B4hKK0S9QYnaoqa9OuwgX
Echos,spotify:artist:6SnMMbLQ4iS8WIyt3ksmCR
Eddie Holman,spotify:artist:4hLuzWVCPicO3nNHfFvB32
Edens Edge,spotify:artist:6KAwb5D0KanI575XxOucMt
Édith Piaf,spotify:artist:1WPcVNert9hn7mHsPKDn7j
Edwin Starr,spotify:artist:1B8AXU6gIIafpyLEpbcv1u
El Coyote Y Su Banda Tierra Santa,spotify:artist:7sQ3Q6yYyg0SdpEezJN8UT
El Tri,spotify:artist:3HgZDevp7GspkLUAa5cKne
Electric Youth,spotify:artist:45YbCFM0an4hsEXMdQ4k3b
Elenne,spotify:artist:5bv2uGb0NPkGoYRa5m82Wv
Ella Fitzgerald,spotify:artist:5V0MlUE1Bft0mbLlND7FJz
Ella Mai,spotify:artist:7HkdQ0gt53LP4zmHsL0nap
Elle Varner,spotify:artist:7zmk5lkmCMVvfvwF3H8FWC
Elvis Presley,spotify:artist:43ZHCT0cAZBISjO8DG9PnE
Emma Bale,spotify:artist:1vlR56ECqMAOA2mUTcTgPV
En Vogue,spotify:artist:5fikk4h5qbEebqK2Fc6e48
Enigma Norteño,spotify:artist:3441uYrkzgTWwjXLd13R0U
Erick Baker,spotify:artist:4K5H4yfTJAW1Un7osTW9Yz
Evil Empire,spotify:artist:70KSK3mmsQdZB0iFJinvOA
EVVY,spotify:artist:1PG0X1Vmbvc1Ex5tuF1dRc
Excision,spotify:artist:5FKchcZpQOkqFvXBj1aCvb
Extreme,spotify:artist:6w7j5wQ5AI5OQYlcM15s2L
f(x),spotify:artist:3wRA5UYoo08BBKJnzyKkpF
Fabolous,spotify:artist:0YWxKQj2Go9CGHCp77UOyy
Faith Hill,spotify:artist:25NQNriVT2YbSW80ILRWJa
Faith Hill & Tim McGraw,spotify:artist:7D88nWclkJZ8IWid7otoaj
Falls,spotify:artist:0SP0jz4htYhpiCuNEvKr0l
Family of the Year,spotify:artist:7zsin6IgVsR1rqSRCNYDwq
Far East Movement,spotify:artist:698hF4vcwHwPy8ltmXermq
Fashawn,spotify:artist:6sDyTDjzGxcvyhLn5x9RyY
Feeki,spotify:artist:2DOe0PEHrY6y3HZ2e9sv58
Feist,spotify:artist:6CWTBjOJK75cTE8Xv8u1kj
Fences,spotify:artist:6vjCIhbLklvyaDBgCcpH57
Finger Eleven,spotify:artist:0niJkG4tKkne3zwr7I8n9n
James Brown,spotify:artist:7GaxyUddsPok8BuhxN6OUW
Jamie N Commons,spotify:artist:2FsZnS8gQ8jG1HGnPYNlm9
Jason Reeves,spotify:artist:4ISvSAA85lr3lDwpMEBNgS
Jay Hayden,spotify:artist:71AKMxha3s72NFx9W4kPhW
Jaymes Young,spotify:artist:6QrQ7OrISRYIfS5mtacaw2
Jennifer Lopez,spotify:artist:2DlGxzQSjYe5N6G9nkYghR
Jersey Boys,spotify:artist:28W9apMi2vgk9O9LnkijIC
Jim Johnston,spotify:artist:6irRU9KRGb0cMtlsBZMg2i
Jimmy Durante,spotify:artist:5FNHfTn3yzVpqdUyWwej0v
Jimmy Needham,spotify:artist:4yMGs8CtlMVF7RV2XU539m
Job Jetson,spotify:artist:68ZZrj6G23vpR0Q93dLEhL
Joe Cocker,spotify:artist:3pFCERyEiP5xeN2EsPXhjI
Joe Diffie,spotify:artist:3THMgU4KdL7LlO5TEREs2g
John Lloyd Young,spotify:artist:4QTd2YuZS6ShgqWfeREdB3
John Parr,spotify:artist:3Z1tibPKhUYWCno0IYicCN
Johnny Clegg,spotify:artist:7idPv1alc0mcEhEsKlMV2O
Johnny Depp,spotify:artist:3OsHwkxpSIEqqmYoQxZTT5
JoJo,spotify:artist:5xuNBZoM7z1Vv8IQ6uM0p6
Jon Cozart,spotify:artist:0Y9K99X1XZqnD7IE1gO3gt
Jon Foreman,spotify:artist:5D3h9ZoobhetjXw3dKhcaq
Jon Langston,spotify:artist:4BANbHDs1IluagTx5eRW2P
Jon Wolfe,spotify:artist:7fmSLVnnxwwMYj8Wc0rKyp
Jonatha Brooke,spotify:artist:3djsIvG79aMILDWDNiyChc
Jonny Lang,spotify:artist:5rX1EodZfwxmW4fQX2Caot
José de Rico,spotify:artist:2ny2IhV61AbrsaWpjvGM7m
Josh Kelley,spotify:artist:1yLlQimDTRrACa45u50LXW
Joss Stone,spotify:artist:7bvcQXJHkFiN1ppIN3q4fi
Jowell & Randy,spotify:artist:4IMAo2UQchVFyPH24PAjUs
J-Soul,spotify:artist:04QcyYLTjG43lmp2ETdMB8
Juelz Santana,spotify:artist:6Uh8uJyN9g7oFjDK16nJgb
Junior M.A.F.I.A.,spotify:artist:3r0OeTcOw37N9juMYyyw39
Kaiydo,spotify:artist:6y02TEMv71ArWB2qhIaQ5m
Karen O,spotify:artist:6emHCSoB4tJxTVXakbrpPz
Karmin,spotify:artist:4M0DLz8te9Q1lNIXBBwvfG
Kate Nash,spotify:artist:5vBKu1igxFo6g1sHADkIdg
Kathy Mattea,spotify:artist:7ndzHjxbErIwvwnEUewMWe
Katy B,spotify:artist:5EUdiv20t58GCS09VMKk7M
Kehlani,spotify:artist:0cGUm45nv7Z6M6qdXYQGTX
Keith Urban,spotify:artist:0u2FHSq3ln94y5Q57xazwf
Keke Palmer,spotify:artist:2YFBOR9KIxC6WqHclkj9Yq
Kevin Jonas,spotify:artist:11bdWrCwHE2gCdVARdASuu
Kevin Rudolf,spotify:artist:0Chxmm4XMM87mJOHvyiUzL
Key Glock,spotify:artist:0RESbWvOMyua0yuyVrztJ5
Khalid,spotify:artist:6LuN9FCkKOj5PcnpouEgny
Kimiko Glenn,spotify:artist:6lU0XGyOn94aBZno3H9WpA
King Lil G,spotify:artist:6L3x3if9RVimruryD9LoFb
Knife Party,spotify:artist:2DuJi13MWHjRHrqRUwk8vH
Kontinuum,spotify:artist:1FPC2zwfMHhrP3frOfaai6
Kool & The Gang,spotify:artist:3VNITwohbvU5Wuy5PC6dsI
Korede Bello,spotify:artist:2TwUVWFJs4LD0lOBbJXnNa
KREAM,spotify:artist:0DdDnziut7wOo6cAYWVZC5
Kris Allen,spotify:artist:2zwHaEmXxX6DTv4i8ajNCM
Kristian Stanfill,spotify:artist:61fqRzZ9aHyPeTdUIqEEFx
Kryder,spotify:artist:1xfLBmx0n8DQri9HxJsq9O
Kygo,spotify:artist:23fqKkggKUBHNkbKtXEls4
La Dispute,spotify:artist:7lQKE6HaKQcCsgLRMhsh5W
La Poderosa Banda San Juan,spotify:artist:3U1u6ytK0DaM89dqiVxB0u
La Secta AllStar,spotify:artist:5WTJgmKTxGTi6N9KpGH9Yr
Lady Antebellum,spotify:artist:32WkQRZEVKSzVAAYqukAEA
Laura Marano,spotify:artist:21mgsWjJ4TmBxsUKexjJPT
Laura Pausini,spotify:artist:2e4nwiX8ZCU09LGLOpeqTH
Lauren Aquilina,spotify:artist:22qLnGc8B1btqty6d0Qnlm
Roy Ayers Ubiquity,spotify:artist:3WbeZvDk1COiO2dEokZqn7
Ruby the RabbitFoot,spotify:artist:0avfu59aaLpixKGba6Fiw2
Rufus Featuring Chaka Khan,spotify:artist:1YLsqPcFg1rj7VvhfwnDWm
Rune RK,spotify:artist:32ejcIBfk6cbs473H0LlBE
Running Touch,spotify:artist:5bdwzvp6eirvqh0TwOwjgE
Rusted Root,spotify:artist:2M3vnW1p5w4uPRkLYTbvdB
Ruth B.,spotify:artist:2WzaAvm2bBCf4pEhyuDgCY
Rvssian,spotify:artist:1fctva4kpRbg2k3v7kwRuS
Ryan Follese,spotify:artist:6KdRXEnkaZ5m5a6XcvWGP7
Ryan Kinder,spotify:artist:0GAapPTQR8KFJxrNZOKksy
Ryan Montbleau,spotify:artist:5Q2ZtOZ0vOdtcjGDOq6ZQc
Sabaton,spotify:artist:3o2dn2O0FCVsWDFSh8qxgG
SAFIA,spotify:artist:1y07gMlsfAdz2KOvZzyUTB
SAINTS OF VALORY,spotify:artist:7nOZKudJkpG5kbS5Ys3w6u
Salaam Remi,spotify:artist:0rlS0SzVFk8BoiAW0fGBbN
Sammy Adams,spotify:artist:1S9WGrK7SZfXXQtHBYzDle
Sampha,spotify:artist:2WoVwexZuODvclzULjPQtm
Sara Evans,spotify:artist:7qvsLYsYP0MHD7jkdv6DAG
Sara Hartman,spotify:artist:1Vx5fzRUd7A1j40B8E3Yqo
Sasha Baron Cohen,spotify:artist:4HDZhpscfVL3MjKgpwblrr
Satellite Mode,spotify:artist:1cV2hqt2CbxlRCGh0Pvkij
Save Ferris,spotify:artist:1PAi6SNPtaiFqTRiTfecFr
Say Lou Lou,spotify:artist:0flVPOQPuTboUwEtzPk6vj
ScHoolboy Q,spotify:artist:5IcR3N7QB1j6KBL8eImZ8m
Scott McKenzie,spotify:artist:7d7AZ3CQC457bFhK0wHpSO
Seafret,spotify:artist:4Ly0KABsxlx4fNj63zJTrF
Seasons After,spotify:artist:14hUMFyndDg4AQ3jP8cljs
Secrets,spotify:artist:1TRVqozKc5Qk1cjwRdWBSl
Selena y los Dinos,spotify:artist:1WwQf298ZQr1yX8L4wjXpy
Serani,spotify:artist:22099GssG7Ood0d5UIh2wo
Set Mo,spotify:artist:2rv8IrcIQiFKkdvQAgUTZj
Shane,spotify:artist:3jN7f9X0EmFnsbRS6nl6as
Shaun Reynolds,spotify:artist:6kIgB5cLdAQ1ctIgs9lrkS
Shawn Hook,spotify:artist:7blkMNJv8n9ceP9zlA4W2U
Showoff,spotify:artist:6IKhTkyp4EJ0ocidcwafs6
Shy Carter,spotify:artist:7JZafQsN8syJ9agEtcyP4V
Silversun Pickups,spotify:artist:6qyi8X6MdP1lu6B1K6yh3h
Sinkane,spotify:artist:0ip3L7jX2aq8T1VTJRFZ9w
Slash,spotify:artist:4Cqia9vrAbm7ANXbJGXsTE
Slayer,spotify:artist:1IQ2e1buppatiN1bxUVkrk
Sleater-Kinney,spotify:artist:4wLIbcoqmqI4WZHDiBxeCB
Sleigh Bells,spotify:artist:59pWgeY26Q6yJy37QvJflh
Smokie Norful,spotify:artist:0sD8Amms4kSxs5tBV4CUmR
Social Distortion,spotify:artist:16nn7kCHPWIB6uK09GQCNI
Sonder,spotify:artist:2ICR2m4hOBPhaYiZB3rnLW
Soulja Boy,spotify:artist:6GMYJwaziB4ekv1Y6wCDWS
Spacehog,spotify:artist:3NZE8jDD2cCzd4vUyZ5CQQ
St. Lunatics,spotify:artist:6rxiUsSvkn5yTs1kfuV8Le
Staind,spotify:artist:5KDIH2gF0VpelTqyQS7udb
Stat Quo,spotify:artist:6Oesi698iJRUaBeT82zckf
Steel Pulse,spotify:artist:6UL7BodGc5iVmQGlMwHR0g
Stephen Schwartz,spotify:artist:7daPb40K64rRtF36wd3ZOk
Steve Holy,spotify:artist:0iYwcf0XreyCAswJOJMOII
Stevie Nicks,spotify:artist:7crPfGd2k81ekOoSqQKWWz
Sting,spotify:artist:0Ty63ceoRnnJKVEYP0VQpk
Stone Sour,spotify:artist:49qiE8dj4JuNdpYGRPdKbF
Story Of The Year,spotify:artist:0KDuKk6YdEu3hR56HtXmxt
Stretch Arm Strong,spotify:artist:4gUFNJiPHa3kbkoT7N0Nu8
Stunt Taylor,spotify:artist:6OlcRxdAiJfOY2SiexBMej
Sublime,spotify:artist:0EdvGhlC1FkGItLOWQzG4J
Sublime With Rome,spotify:artist:3XXrhkZKSGd3CUJQFnx5tQ
Sugar Ray,spotify:artist:4uN3DsfENc7dp0OLO0FEIb
E-Dubble,spotify:artist:3TOKZohBEXnd5RgCXHUsH3
El Fantasma,spotify:artist:0my6Pg4I28dVcZLSpAkqhv
El General,spotify:artist:6MdGhV0orm16Mgnbpp0tu4
Electric Guest,spotify:artist:7sgWBYtJpblXpJl2lU5WVs
Elevation Worship,spotify:artist:3YCKuqpv9nCsIhJ2v8SMix
Elmo & Patsy,spotify:artist:3Ubvmshojm0HJHWWr4C6GF
Elvis Crespo,spotify:artist:1c22GXH30ijlOfXhfLz9Df
Elvis Depressedly,spotify:artist:5a31Ij1sTxY9LUYVwgBp8m
Emancipator,spotify:artist:6HCnsY0Rxi3cg53xreoAIm
EMF,spotify:artist:39oSLGo3HkaeYXzUEGgAGQ
Epik High,spotify:artist:5snNHNlYT2UrtZo5HCJkiw
Eric Clapton,spotify:artist:6PAt558ZEZl0DmdXlnjMgD
Eric Hutchinson,spotify:artist:39x8gyJjTHiBQklFgVJSV4
Evadne Baker,spotify:artist:3GtvxALXnbuxfxFIo26vC4
Eve,spotify:artist:4d3yvTptO48nOYTPBcPFZC
Exmag,spotify:artist:3ubv8WIA649ar6dwEH6ATm
EXO-CBX,spotify:artist:3Lz3vEN23Fw0hIelrYEzUD
Falco,spotify:artist:0hLd40hVpRDGENe4KGZLnW
Faul & Wad Ad,spotify:artist:6HUm6AHJE0oisACMN6NNJ5
Felly,spotify:artist:2848adRcxvgWNRcz1g1tQD
Fito Olivares,spotify:artist:4VRHPqW54KVxJAhUWNKjNF
Five,spotify:artist:6rEzedK7cKWjeQWdAYvWVG
FKJ,spotify:artist:2FwDTncULUnmANIh7qKa5z
Flatbush Zombies,spotify:artist:1dqGS5sT6PE2wEvP1gROZC
Flex,spotify:artist:13VwGEitoK8J0qjNjbgeTN
Flobots,spotify:artist:0rHiOzaAbw3cCp8D7yjyig
Flume,spotify:artist:6nxWCVXbOlEVRexSbLsTer
Fly Golden Eagle,spotify:artist:7r2alhL2KKfbhgGuqL9LGg
Flying Lotus,spotify:artist:29XOeO6KIWxGthejQqn793
Frankie Avalon,spotify:artist:5zNOI87gG4RttFmYAZWaxQ
Frankie Cosmos,spotify:artist:0x4xCoWaOFd3WsKarzaxnW
Frankie J,spotify:artist:3sMYEBy0CZFxedcnm9i9hf
Fred Hammond,spotify:artist:2ndyVAdV9UqF1XjyTJt484
Free n Losh,spotify:artist:7DY8ywDjWdmToTbrrhLIWN
FRENSHIP,spotify:artist:7xEFii6utZmQ61kX59HmLH
Funkmaster Flex,spotify:artist:34ABXKUj0gzq7R8vXjCaNj
Gardens & Villa,spotify:artist:5NgfalfOtMDHkJ0SbFAxyA
Gene Autry,spotify:artist:5ixB75BQR3ADoWQkcHQJTs
George Lamond,spotify:artist:0L1e8CdX4rdh54b8mIxMqB
Getter,spotify:artist:3QryVD03gGZOLQQXjy3EoA
Ghosted,spotify:artist:3TOyRHj6rptXMN5F97Fpuq
Glenn Miller,spotify:artist:2aAHdB5HweT3mFcRzm0swc
Golden Earring,spotify:artist:1iTlOqIrZy8DlvCPJY2sjS
Golden Features,spotify:artist:2SrWifjYv7b5tR8EzEmn1x
GOLDHOUSE,spotify:artist:670UISOh9XV1zlq5z5IfoY
Gordon Lightfoot,spotify:artist:23rleGXVOVVgTk3xgtmfE4
Gregory Porter,spotify:artist:06nevPmNVfWUXyZkccahL8
Gretchen Wilson,spotify:artist:0IdYRFTswLdsGwSnzOaGNF
Griffin Stoller,spotify:artist:1PAn2z7cLcCoRWdGpUU7Qb
Grizzly Bear,spotify:artist:2Jv5eshHtLycR6R8KQCdc4
Group 1 Crew,spotify:artist:0S4zLQlUn398bugWd6Inmq
Grouplove,spotify:artist:3kVUvbeRdcrqQ3oHk5hPdx
"Grover Washington, Jr.",spotify:artist:05YVYeV4HxYp5rrWalvuE1
Grupo Niche,spotify:artist:1zng9JZpblpk48IPceRWs8
Gunplay,spotify:artist:7cvtOrIEaUrqbGmYA9Kj34
Guy,spotify:artist:2IBPIcSkvQZyoaVfoyZKE8
Gyyps,spotify:artist:6yrnKnj4fIE0RlanJ1iFTI
Hands Like Houses,spotify:artist:0u3d5PM2FuEuG5QuUdt8mT
Hank Williams III,spotify:artist:3qf2YoifC68WTsMv1YIGmh
Harbor & Home,spotify:artist:2zwTFhb1SlPSuER7CMNOiV
Havana Brown,spotify:artist:1EVWYRr2obCRDoSoD6KSuM
Hayden Calnin,spotify:artist:19OAtq7pNHnBRKJORFeahx
Foreign Fields,spotify:artist:74l5kLfO33c4T39eAROuEL
Frank Foster,spotify:artist:77GSkIzDaduRlIbNjlvefc
Frank Ocean,spotify:artist:2h93pZq0e7k5yf4dywlkpM
Frank Sinatra,spotify:artist:1Mxqyy3pSjf8kZZL4QVxS0
Freedom Fry,spotify:artist:195hFqaTDENqLCcG8uGtM7
Fytch,spotify:artist:4A18NGfdKU0HrkmvVlPO7I
G Herbo,spotify:artist:5QdEbQJ3ylBnc3gsIASAT5
Gabe Dixon,spotify:artist:1EwStlJbpwWP3NBYmNzRPP
Gary Go,spotify:artist:6beTArFVpUujvkHi9FVPqs
Gateway Worship,spotify:artist:2b6REyd5UBBp4ZPDhZ2TNB
Gavin James,spotify:artist:25tMQOrIU4LlUo6Sv8v5SE
Geographer,spotify:artist:5vvvgOwPjA4R5t07ZXLLwZ
George Givot,spotify:artist:0amtHf5yFCceg0y8YUBd1z
George Harrison,spotify:artist:7FIoB5PHdrMZVC3q2HE5MS
George Taylor,spotify:artist:0nuq0P5rPEpF6oFM4PTia5
Ghostemane,spotify:artist:3uL4UpqShC4p2x1dJutoRW
Girl Talk,spotify:artist:6awzBEyEEwWHOjLox1DkLr
Glades,spotify:artist:14rP13jdQNgQvuPA2AkBgm
Gloria Trevi,spotify:artist:1Db5GsIoVWYktPoD2nnPZZ
Godsmack,spotify:artist:6gZq1Q6bdOxsUPUG1TaFbF
Gostan,spotify:artist:1nWS89L7evreaF9wcCsIyi
Grace Mitchell,spotify:artist:3VjZEaHXvNbCmV5jc0VfZR
Grace VanderWaal,spotify:artist:3YdT8QvV4QvY4DfVJhxdcZ
Graffiti6,spotify:artist:45q5PZHs50HeLBDRgio4GQ
Green Day,spotify:artist:7oPftvlwr6VrsViSDV7fJY
Greg Holden,spotify:artist:7Bcr2Bs6phLymt6kdqNNez
Greg Laswell,spotify:artist:2Mf99N2VcDEcVuocyBLhyC
Grizfolk,spotify:artist:6Xa4nbrSTfbioA4lLShbjh
Guards,spotify:artist:0Zsp7eS6zZEDnEsZaJtr7U
Haircut 100,spotify:artist:6imyM8T1Xbe8v2iZe41dR7
Haux,spotify:artist:1ifC4znYCvmMSJ0rght5JS
Have Mercy,spotify:artist:2UvzehEVGcYTPKNwJSZ2kM
Heartless Bastards,spotify:artist:2wwMTLM2da1sa2JcJslf8W
Heavy D & The Boyz,spotify:artist:4KHdmkq99PXA6QEJ2lKpA3
HELLYEAH,spotify:artist:4hxDvVq5t8ebPYPdBl1F9f
Hezekiah Walker,spotify:artist:0pXt4sMs2oRnt528LTYgyd
High Highs,spotify:artist:1cXVTtkpqSXVhyD32f9MS4
High School Musical Cast,spotify:artist:2gUMs9PE8XZVQyzCDqaYmW
Hinder,spotify:artist:6BMhCQJYHxxKAeqYS1p5rY
Hippo Campus,spotify:artist:1btWGBz4Uu1HozTwb2Lm8A
Hitimpulse,spotify:artist:2dMO34aTE4wTRQZkgDehMF
HONNE,spotify:artist:0Vw76uk7P8yVtTClWyOhac
Hot Chip,spotify:artist:37uLId6Z5ZXCx19vuruvv5
Hot Sugar,spotify:artist:5doDInHCvRMOOapyaos2AE
Hotel Garuda,spotify:artist:73tITL3u5T35u309PLpN6K
Howard Shore,spotify:artist:0OcclcP5o8VKH2TRqSY2A7
HS87,spotify:artist:6NUVKfz2xAi4mJJkGm6zyz
Hudson Moore,spotify:artist:26iVzd80yAXJjZlsrshRjQ
Hugo,spotify:artist:3VSHFjwG94ubNcoST9hfxX
I Am Oak,spotify:artist:3rkCcFVpbFYCvnNKTT7LUe
I Fight Dragons,spotify:artist:7DBXiFez54rbGjqw1tWi5w
I See MONSTAS,spotify:artist:3yWCAtesP5BFtJnBbgfv8b
IAMDYNAMITE,spotify:artist:7zwglk4YBuDu1r4Es8Eucw
Ice Cube,spotify:artist:3Mcii5XWf6E0lrY3Uky4cA
Idina Menzel,spotify:artist:73Np75Wv2tju61Eo9Zw4IR
Information Society,spotify:artist:6bJUzb3mLEYCkTAp7eNJgO
Iron & Wine,spotify:artist:4M5nCE77Qaxayuhp3fVn4V
J.Views,spotify:artist:54l5FjSx6OSPe2Qv9g4LjQ
Jack Harlow,spotify:artist:2LIk90788K0zvyj2JJVwkJ
Jalen Santoy,spotify:artist:41DGOfz7IFMVvf9wKAzeZS
James Arthur,spotify:artist:4IWBUUAFIplrNtaOHcJPRM
James Blunt,spotify:artist:7KMqksf0UMdyA0UCf4R3ux
For All Seasons,spotify:artist:5ucjhW0VidVLW5TegvgxSf
for KING & COUNTRY,spotify:artist:3sDbKMebVH2VYcRSl7u1VC
For Today,spotify:artist:3xvHWAD1Bz6vvVmVMPpZJs
Foreign Talks,spotify:artist:51HbHoxcd4xNgXl0uxWXnj
Fort Minor,spotify:artist:7dWYWUbO68rXJOcyA7SpJk
Frank Pole,spotify:artist:7LMar0WAyjuaMlYUGh9HBb
Frankie Goes To Hollywood,spotify:artist:1mZu3rO7qSD09GdDpePHhY
Frankie Valli & The Four Seasons,spotify:artist:6mcrZQmgzFGRWf7C0SObou
Freddie Gibbs,spotify:artist:0Y4inQK6OespitzD6ijMwb
Freddie Jackson,spotify:artist:2yaixhgm3yXxjhJAH8SZy3
Fuerza de Tijuana,spotify:artist:0OtCwdMEGIi0GCeLGCO2tQ
G-DRAGON,spotify:artist:30b9WulBM8sFuBo17nNq9c
Gemini Club,spotify:artist:2aCPI1cQHluLnMHkndCL4L
Genesis,spotify:artist:3CkvROUTQ6nRi9yQOcsB50
Gente De Zona,spotify:artist:2cy1zPcrFcXAJTP0APWewL
George Bruns,spotify:artist:5T60shnsXD8hlLRDsbvFoO
George Ogilvie,spotify:artist:56NSAhpJRoeaGi5uyUdYlI
Gerard Way,spotify:artist:4YZ5ECfbM2xSTSQTJGBbO5
Gin Blossoms,spotify:artist:6kXp61QMZFPcKMcRPqoiVj
Glen Templeton,spotify:artist:58PGErqpV9jX7sXz5wmV6o
Gloria Estefan,spotify:artist:5IFCkqu9J6xdWeYMk5I889
gnash,spotify:artist:3iri9nBFs9e4wN7PLIetAw
Goldroom,spotify:artist:4eZebkMFU3xelF8mbZYXyl
Granger Smith,spotify:artist:4sTFGCigAQIUiEy8wSSQNF
Grits,spotify:artist:6aUgzC0cMh0StjV7LyFEDr
Gryffin,spotify:artist:2ZRQcIgzPCVaT9XKhXZIzh
Gui Boratto,spotify:artist:27LGatz1m8aJ7ZaVVWEphc
Haddaway,spotify:artist:0Suv0tRrNrUlRzAy8aXjma
Haley & Michaels,spotify:artist:5ko56X4u667qvCekZkcWHF
Hannah Montana,spotify:artist:7nU4hB040gTmHm45YYMvqc
Hawthorne Heights,spotify:artist:126FigDBtqwS2YsOYMTPQe
Hayley Kiyoko,spotify:artist:3LjhVl7GzYsza1biQjTpaN
Haystak,spotify:artist:1Cv4OTcRrMvpUqKQftW88M
HEDEGAARD,spotify:artist:2ZuweXv0TkfsidZOLZZoM2
Heidi Mollenhauer,spotify:artist:2FmXrymxv6kNBnA66HpoPt
Hellogoodbye,spotify:artist:0qdnNxtEfRNocUUnkyFhIw
Hinds,spotify:artist:4piFCokRN13muTud5Y2lhz
Hollywood Anderson,spotify:artist:3FEdqrYbPI6RE6QT3Ctxmy
Hootie & The Blowfish,spotify:artist:08ct2eZF5lUPdJpHwNKWof
Hot Chocolate,spotify:artist:72VzFto8DYvKHocaHYNWSi
Howie Day,spotify:artist:0ekbDNE2eOq8QiaXM34wer
Howlin' Wolf,spotify:artist:0Wxy5Qka8BN9crcFkiAxSR
Iamsu!,spotify:artist:2ZavqCJe7uqkRpISes0NFi
Ice-T,spotify:artist:0eGh2jSWPBX5GuqIHoZJZG
Ilene Woods,spotify:artist:4DovRSplr3yJIeE3r0RtHj
Illenium,spotify:artist:45eNHdiiabvmbp4erw26rg
Illijah,spotify:artist:2wWKZNmShJsXKCOosnoEIq
In Flames,spotify:artist:57ylwQTnFnIhJh4nu4rxCs
In The Valley Below,spotify:artist:4WQXRya5np83C21wifjNp9
INNA,spotify:artist:2w9zwq3AktTeYYMuhMjju8
INOJ,spotify:artist:5IUvXYeMtVmp8YJWf0eqvf
Interpol,spotify:artist:3WaJSfKnzc65VDgmj2zU8B
Iration,spotify:artist:0q9lPhJHW5R9J7RXIJRbTk
J Alvarez,spotify:artist:6XFITTl7cFTdopDY3lUdlY
J Boog,spotify:artist:7oEWmZ9dKlAVxTgmjUbYr4
Jace,spotify:artist:0vaKiuLwFJLVU664A8GTjE
James Harris,spotify:artist:4UBYU2gjxGYZSG4k6RW32F
James Newton Howard,spotify:artist:2M4eNCvV3CJUswavkhAQg2
Jameson Rodgers,spotify:artist:5pyVHz7lcfqKoV9BflFYwN
Jamiroquai,spotify:artist:6J7biCazzYhU3gM9j1wfid
Jared & The Mill,spotify:artist:0GklSybv01PPje5GlXFq2i
Jason Michael Carroll,spotify:artist:6vgqbvuLEUcrg7SB1kRTYE
Javier Rosas Y Su Artillería Pesada,spotify:artist:5FAAR1LqXQp0HbgVfQ8ZWE
Jay Prince,spotify:artist:2TLYSzGyVYkxAgYSCqUnQj
Jay Skot,spotify:artist:0TQ49ApWMyBmuQdiqDS7kY
Jeezy,spotify:artist:4yBK75WVCQXej1p04GWqxH
Jeremy Jordan,spotify:artist:1eAsLHhN9eQnxU446lhCkR
Jessie J,spotify:artist:2gsggkzM5R49q6jpPvazou
Jim Reeves,spotify:artist:2Ev0e8GUIX4u7d9etNLTXg
JJ Grey & Mofro,spotify:artist:1Jl8u1U1GtBlwocZK5LWZv
Joe Bonamassa,spotify:artist:2SNzxY1OsSCHBLVi77mpPQ
Joe Gil,spotify:artist:2xPjzvlRo2NgaW89XrH5lF
Joe Moses,spotify:artist:54QA4zjZDOyaLN8bVthBjP
John King,spotify:artist:32Cj2WsRALt1SCWaPBR9QP
John Newman,spotify:artist:34v5MVKeQnIo0CWYMbbrPf
Johnny Cash,spotify:artist:6kACVPfCOnqzgfEF5ryl0x
Johnny Mathis,spotify:artist:21LGsW7bziR4Ledx7WZ1Wf
Jon Pardi,spotify:artist:4MoAOfV4ROWofLG3a3hhBN
Jonathan Thulin,spotify:artist:3xGht4cr5E0CQVTMp6g3O3
Jordan Feliz,spotify:artist:0TgNiaeQaWssaH9aWjbqnA
Jordan Rager,spotify:artist:4XoYsecWoLIoV66HEbt365
Jordan Smith,spotify:artist:6TV0LZ3BaEun0OQEh96elP
Jory Boy,spotify:artist:5lFhCi03HDneWzvCxGctrT
Joseph Williams,spotify:artist:5xk0kRuXn1zToTHpHAqpui
Josh Baldwin,spotify:artist:2cB6hX2LI14KUTAevpaYn2
Joy Again,spotify:artist:4jCIAMb0zEArF3GYEYzoDk
Joy Division,spotify:artist:432R46LaYsJZV2Gmc4jUV5
Joywave,spotify:artist:1UfzhwcOR4yfX7yHTPfC9m
Juan Magán,spotify:artist:1ackd5XprZEkH3McKbQD51
Judah & the Lion,spotify:artist:3wWtfT7S2uVJJ3hGZlOLkZ
Junip,spotify:artist:7HcipAIJatVGT4U6HQrnFW
Justice,spotify:artist:1gR0gsQYfi6joyO1dlp76N
Justin Moore,spotify:artist:30e8DmahrEamvLbFRPdWmk
Justine Skye,spotify:artist:0jUQSUOcM7lxVn5eVGTkzQ
Kaiser Chiefs,spotify:artist:0LbLWjaweRbO4FDKYlbfNt
Kathryn Beaumont,spotify:artist:762gpacQ6WcT75zlkrc3Ls
Keith Kenniff,spotify:artist:58vAPNWfb4STwW9IWvSlLG
KeKe Wyatt,spotify:artist:0KWcq2E8ejxp78jdfpCd4K
Kenz Hall,spotify:artist:6FHvRdE9Kl1faP7KR3N7xP
Kid Astray,spotify:artist:5fUbM1zPxRNlooyLpOB2j3
Kid Cudi,spotify:artist:0fA0VVWsXO9YnASrzqfmYu
Kid Quill,spotify:artist:5vGXVYudNgm9E7jhXMM0Ro
Killswitch Engage,spotify:artist:37394IP6uhnjIpsawpMu4l
King Fantastic,spotify:artist:5R2UBQDhqSCBlaKyFqj4rR
Kirko Bangz,spotify:artist:2r8r62VGJKGi463aH1HJUZ
Klaxons,spotify:artist:2qlAMLpUyBjZgnzuFXXZXI
Klyne,spotify:artist:3q4qbeWVDpN7LcwU6db2a7
Knowmads,spotify:artist:6aUKy2LG1OU6KhYOZADolN
Kopecky,spotify:artist:0vRO9bFgOrDoFtLcDHV8b6
Korn,spotify:artist:3RNrq3jvMZxD9ZyoOZbQOD
Kranium,spotify:artist:1LKo6ZA3RNvKtLa6zDu32S
Krept & Konan,spotify:artist:31lnFZEM6ysvjOx59VyxRE
Kurt Carr & The Kurt Carr Singers,spotify:artist:5yoZYhT8x7DXiFl0srkXLQ
L.T.D.,spotify:artist:5P53Exo01miUunItQyR2La
La Original Banda El Limón de Salvador Lizárraga,spotify:artist:2ghByd8ucnRTWceSAnAZ0G
La Quinta Estacion,spotify:artist:7FZj349hdLfD6qzXkJLuAh
La Sonora Dinamita,spotify:artist:13or1Wf6ipcvSIiurZATvw
La+ch,spotify:artist:22w0Xg5kpu5simeHw3afNG
Lacuna Coil,spotify:artist:4OAddazJM576euUnFSvXSL
Lady Lamb,spotify:artist:2wunbYU5KWrpI7RCRBkwF0
Ladytron,spotify:artist:0ucLPotcQNI7AViFytdhBz
LeAnn Rimes,spotify:artist:2d3VHzlOEwXvmBdS4pzOPL
Protoje,spotify:artist:7BGR8y1VZAWK2oR4zD9COr
P-Square,spotify:artist:42IUN9kTPdUdI1kre6L7Wk
Quietdrive,spotify:artist:5L1n6wVJMxBw6sZbxD0XAU
Quvenzhané Wallis,spotify:artist:0xcfJSVb1IoxDnkFFWpEXz
R. City,spotify:artist:4TH4BHy0LdBi3dpBW4P2UX
Rachael Yamagata,spotify:artist:7w0qj2HiAPIeUcoPogvOZ6
Radiohead,spotify:artist:4Z8W4fKeB5YxbusRsdQVPb
Rajitheone,spotify:artist:3jT7IeLgXbSz86qKUq7Bqc
Ram Di Dam,spotify:artist:0AeBkFuGiOlpDvqeNTnpMu
Rammstein,spotify:artist:6wWVKhxIU2cEi0K81v7HvP
Rawayana,spotify:artist:2AbQwU2cuEGfD465wCXlg2
Ray J,spotify:artist:6gbGGM0E8Q1hE511psqxL0
Ray jr.,spotify:artist:2tPGPQrBHy5ZWR819p24q8
Red,spotify:artist:01crEa9G3pNpXZ5m7wuHOk
Rednex,spotify:artist:22Zqu1yyebVnbve8FxbJ2g
Reel Big Fish,spotify:artist:3bXhZFreBJF4QDUUiMmtZW
Rej3ctz,spotify:artist:67oiK9STe75g3hNiUFyaRo
Rex Orange County,spotify:artist:7pbDxGE6nQSZVfiFdq9lOL
Rick Trevino,spotify:artist:28yWs7I4FXiDyBuHoZqkY8
Ricochet,spotify:artist:2ice51RDLjtbzWE26dme4l
RJD2,spotify:artist:1O3ZOjqFLEnbpZexcRjocn
Ro James,spotify:artist:7r2oyrNc0YjSC7hZL87V0Y
Robbie Seay Band,spotify:artist:4xPxYiZyp9SWFG3MIFkee5
Robin Lester,spotify:artist:2gLxMlhoac9PQ0PCV0yyVu
Robin Schulz,spotify:artist:3t5xRXzsuZmMDkQzgOX35S
Rome Fortune,spotify:artist:0AlOgXaMBLYvxNEhqHM4np
Roosevelt,spotify:artist:4AQrqVz6BYwy29iMxcGtx7
Royal Canoe,spotify:artist:5fLcxlU1oDJrMNOZsewCpK
"Royce Da 5'9""",spotify:artist:6DVipHzYsPlIoA0DW8Gmns
Rubén Blades & Seis del Solar,spotify:artist:2UjmjFHnOto35xpyJeQcV7
Ruelle,spotify:artist:5tIkXJTex4JY7cv9mmgAZx
Said The Whale,spotify:artist:0QTnH6UEP2jbZEVO6g6Vfe
Salt Cathedral,spotify:artist:1HhSYZFNNPTTZuOlSfZUJP
Salt-N-Pepa,spotify:artist:7wqtxqI3eo7Gn1P7SpP6cQ
Sam Bruno,spotify:artist:2PgOtERwe37cW1U9z7zAHb
Sarah Reeves,spotify:artist:2vGA5qCDLZGW6exRQgKfLL
Scott Barnhardt,spotify:artist:1A4dOeSiYZ0yBf6l5uYY7m
Seahaven,spotify:artist:0jLpeMAu3aYRlvbjZd65np
Sex Bob-Omb,spotify:artist:0epidpyARaIPmKpFUwcgnJ
Shania Twain,spotify:artist:5e4Dhzv426EvQe3aDb64jL
Shinedown,spotify:artist:70BYFdaZbEKbeauJ670ysI
Shiny Toy Guns,spotify:artist:6UocZe4AprSYBvmn3J0oqY
Show Banga,spotify:artist:0H0ecXlhDYTUGUNYlALEg0
Shwayze,spotify:artist:6f0hUHWLOCxCSDQMtdVAS7
Shwayze & Cisco,spotify:artist:49YSRCrqrCXmNd7nHy4r4j
Si and Am,spotify:artist:5Ay7IoZINgokkgtnWQbYSU
Sia,spotify:artist:5WUlDfRSoLAfcVSX1WnrxN
Sigur Rós,spotify:artist:6UUrUCIZtQeOf8tC0WuzRy
Sik World,spotify:artist:39G9Mcs99KhOEtVuthwztS
Silentó,spotify:artist:7juKTDFlPesGeWQ1GmjmOv
Ski Mask The Slump God,spotify:artist:2rhFzFmezpnW82MNqEKVry
Skrizzly Adams,spotify:artist:6cHNKcqDykgDCRgnvKdSfK
Skylar Spence,spotify:artist:0x0u0jCVf5Jf4DNh45XPXL
Sleepwalkers,spotify:artist:0vIFLqYvyNzfBjzyo6J0Pv
Slightly Stoopid,spotify:artist:6MxlVTY6PmY8Nyn16fvxtb
Soft Cell,spotify:artist:6aq8T2RcspxVOGgMrTzjWc
SomeKindaWonderful,spotify:artist:60Jys4EElM1SuCQbZ63XRm
Sondr,spotify:artist:4hbnUamwrCHpv4wQTwvCIc
Sonic Youth,spotify:artist:5UqTO8smerMvxHYA5xsXb6
Sophie B. Hawkins,spotify:artist:3gdIwZY6Q3RXhDteYr4ZvC
Soul For Real,spotify:artist:296LotOmbj7eOX7r9l46fK
Souls Of Mischief,spotify:artist:5Rzqmz1zAszembFHGZQuAt
Summer Heart,spotify:artist:0JlTFsR41vwvQTppOR3yio
Summerella,spotify:artist:4ttsE1dWJ0G68xMezQ0NRL
Supertramp,spotify:artist:3JsMj0DEzyWc0VDlHuy9Bx
Survivor,spotify:artist:26bcq2nyj5GB7uRr558iQg
Sweater Beats,spotify:artist:62Jfwxon19ZOT9eSL6bvtY
Sweet,spotify:artist:3JaAGmSTpJK35DqWrDUzBz
Tamela Mann,spotify:artist:6ZyV955Ypf3JAKInn1a0dt
Tanzmarathon Orchester,spotify:artist:6L6XOq3CoN4VzPd45mLjv2
Temple Of The Dog,spotify:artist:0iHb0mCbqZTYeb4y9Pirrd
Tesla,spotify:artist:0dgnITyIAN4NrmUVisvxHU
Tevin Campbell,spotify:artist:5VfqJBmXcf6ZqXoGij5qTE
The Animals,spotify:artist:3ICflSq6ZgYAIrm2CTkfVP
The Ataris,spotify:artist:3LC8PXXgk7YtAIobtjSdNi
The B-52's,spotify:artist:3gdbcIdNypBsYNu3iiCjtN
The Bangles,spotify:artist:51l0uqRxGaczYr4271pVIC
The Beatnuts,spotify:artist:5ynvmGwc83ZoRx2EIWHXLX
The Black Eyed Peas,spotify:artist:1yxSLGMDHlW21z4YXirZDS
The Breeders,spotify:artist:1xgFexIwrf2QjbU0buCNnp
The Chainsmokers,spotify:artist:69GGBxA162lTqCwzJG5jLp
The Champs,spotify:artist:3yt4IVDHz0luREG9Uf9xrp
The Colourist,spotify:artist:0hK26QoGcuKV3lH0x9MvUU
The Contours,spotify:artist:2ugPdplEWBmyU6EcIzlcY1
The Damn Quails,spotify:artist:5iU4aLyClzDcJFJUiNjMPl
The Dear Hunter,spotify:artist:51lE580QM13Anmb3mK2j1e
The Delfonics,spotify:artist:6YPRXu1dazGYcSZv4HJEH4
The Euro Allstars,spotify:artist:4yoJYoGZXY5AW2K3TwC2b8
The Everly Brothers,spotify:artist:4ACplpEqD6JIVgKrafauzs
The Friends Of Distinction,spotify:artist:2KK4fR5VwOjGzJxjbGxMIu
The Frights,spotify:artist:2HSEdXKVq1WWtBbsIeNjRX
The Gourds,spotify:artist:2gk28RNJaPStV8BnugHYpF
The Ides Of March,spotify:artist:1Csjn2SQV7R9szDhhR7Aji
The Innocence Mission,spotify:artist:4VcTmgGKGuJn56Ac2zNhiH
The Knife,spotify:artist:7eQZTqEMozBcuSubfu52i4
The Lagoons,spotify:artist:3oK9o2DLbk1VEda7KOMotd
The Lighthouse And The Whaler,spotify:artist:6ls5A8Wys9Swixpz4v6kj3
The Mowgli's,spotify:artist:6AGUQK1EWK6nvN4pLIDQDQ
The Originals,spotify:artist:11EZGTWr2pY0VZPlWokAbl
The Pogues,spotify:artist:2wzMOQwNT6ZvVB4amvhFAH
The Postal Service,spotify:artist:5yV1qdnmxyIYiSFB02wpDj
The Preatures,spotify:artist:5gcDZA9xXCOspWgQilUYIu
The Radio Dept.,spotify:artist:0utS63XytOEVN1EtzWhJpG
The Tide,spotify:artist:6cXVCUCVlW1JSPxRHoelTb
The Ting Tings,spotify:artist:2wvUfjKGoXvcnDHq7GgMOa
The Tony Rich Project,spotify:artist:7uwPrVdjss0FyCCTzpLx5A
The Tragic Thrills,spotify:artist:6Xk7kGyfSdpeuvIlMHx8ys
The Trammps,spotify:artist:1zgNpeHQe8GulzfVkYP2VK
The Turtles,spotify:artist:2VIoWte1HPDbZ2WqHd2La7
The Verve,spotify:artist:2cGwlqi3k18jFpUyTrsR84
The Waitresses,spotify:artist:57AKOY1SF1062tuVzgAPv8
The War On Drugs,spotify:artist:6g0mn3tzAds6aVeUYRsryU
The Wind and The Wave,spotify:artist:5GMZzcgmUwopsHBB7TyCsy
Theia,spotify:artist:29ADVF7I6YQyY2SGUlzCcB
Thomston,spotify:artist:0VQKssIfRKfSd7IfW3JIP1
Tim Atlas,spotify:artist:3CiuXDKttPUT0tWGHicFUH
Tim Myers,spotify:artist:44BkC9lJfLmhcRB4NV7Z38
Timber Timbre,spotify:artist:7HeVXdOdMhLslVputGTZFQ
Toadies,spotify:artist:2QMMktUMtwMSwUZATX1cRO
Todd Carey,spotify:artist:0LCLu0eCcX5xembxDadUbz
Tom Swoon,spotify:artist:2OFEXARoSZyZLR6S0oV2R7
Tom Waits,spotify:artist:7x83XhcMbOTl1UdYsPTuZM
Endless Summer,spotify:artist:2qNrJcE9LjzPdiXbrjkqFa
Enrique Iglesias,spotify:artist:7qG3b048QCHVRO5Pv1T5lw
Equipto,spotify:artist:4mPPxTpWqDR5rmOrTOh4nk
Era Istrefi,spotify:artist:4poL7YCSkG7kMnWjAdDU91
Eric Paslay,spotify:artist:4TONBKcqVR1LmPdfJxvkMU
Evan Ross,spotify:artist:2DJndwwEpPtnmQn48NPBUM
Everclear,spotify:artist:694QW15WkebjcrWgQHzRYF
Example,spotify:artist:6Vh6UDWfu9PUSXSzAaB3CW
Exposé,spotify:artist:5nPz5R1FDPTMI3Dw4JnTGb
Family Force 5,spotify:artist:6aUV3Fndwagje8d4rBA3xw
Fastball,spotify:artist:7FtVJzRtpQpU61nBwB7cKN
Fee,spotify:artist:2Z0x0iKRerLMaQfdbBfyqA
Fever Ray,spotify:artist:5hE6NCoobhyEu6TRSbjOJY
FIDLAR,spotify:artist:3P6duIn7oHeiBACZfYeNud
Filmore,spotify:artist:0FvJm0y2eHw0aPkLLU3sIG
Finatticz,spotify:artist:49AG5IHkJj7M5faSOVGVAW
Fleetwood Mac,spotify:artist:08GQAI4eElDnROBrJRGE0X
Fleurie,spotify:artist:647D92XNDYTUt5A0idePJ4
For All Those Sleeping,spotify:artist:5dLBN2tOGTJwWb5oj3QQ9v
Framing Hanley,spotify:artist:3niqfoc7C6lIeCNVz8iZYE
Francesca Battistelli,spotify:artist:29ywwKkxfoH7iWwNY1UezA
Frank Churchill,spotify:artist:5HxxQWbYtQSFMKTjx9LPtZ
FRND,spotify:artist:7pMqgUModTCyS7hpa5n2Lc
Frou Frou,spotify:artist:6MUyqmIQ35inLjch0YzIEG
Fugees,spotify:artist:2WKdxPFRD7IqZvlIAvhMgY
FuntCase,spotify:artist:6v1BAWFVNPbPJlnFHWR78D
Galantis,spotify:artist:4sTQVOfp9vEMCemLw50sbu
Garbage,spotify:artist:6S0GHTqz5sxK5f9HtLXn9q
Gary Hobbs,spotify:artist:274Y6HvCIUkt5pi7jPWRke
Generation X,spotify:artist:1inWec2E2UgfzMAhwjgTXe
Ghost Town DJs,spotify:artist:4JbmXqez7WvTggoxn3UpVT
Girlpool,spotify:artist:3BYXi96LqI8TwNljFKE0DZ
Gold Panda,spotify:artist:6xS3zemJD9h94iueQvGqVk
Goldfinger,spotify:artist:7sVQKNtdP2NylxMgbNOJMM
Goldspot,spotify:artist:0VvTc0cpuq38K7Gqdg7hjm
Good Morning,spotify:artist:2kMzxA8edU05hvMFU493zJ
Gorilla Zoe,spotify:artist:3Y365ZqTf6fJ4ZcRnLKPGt
Great Good Fine Ok,spotify:artist:422RLznpwUa5FsQgnTlgUH
Greyson Chance,spotify:artist:0Qnx1MPnHYt3jJCYrRFVwX
Groove Theory,spotify:artist:7opRqRgF9lvnVraBFCMvIj
Hailee Steinfeld,spotify:artist:5p7f24Rk5HkUZsaS3BLG5F
HalfNoise,spotify:artist:0y0UzT7xPdd9niCbsODXES
Hans Zimmer,spotify:artist:0YC192cP3KPCRWx8zr8MfZ
Hardo,spotify:artist:3ohrdimoWGwbjGMOnTDoUJ
Harold Melvin & The Blue Notes,spotify:artist:438JBZR1AR0l04AzcYW9gy
Harry Styles,spotify:artist:6KImCVD70vtIoJWnq6nGn3
Havelin,spotify:artist:42kxHIYLflWcEAGkeKNHSp
Headhunterz,spotify:artist:6C0KWmCdqrLU2LzzWBPbOy
HEIZE,spotify:artist:5dCvSnVduaFleCnyy98JMo
Helena Bonham Carter,spotify:artist:7gX22Ua3mEH2KXTCpIfoOP
Here We Go Magic,spotify:artist:4WxjrOJGIngO2hJnlCeK7f
Hilary Duff,spotify:artist:2S9W9aSAd7e5mp8WqWxN2h
Hillary Scott & The Scott Family,spotify:artist:4EVSOMkocOlqAZ9ujkGrQR
Hillsong Chapel,spotify:artist:3kb5Da0lPehCHCE5SVLNQk
Hippie Sabotage,spotify:artist:4dM6NDYSfLcspt8GLoT5aE
Hold on to Me,spotify:artist:4EJ7lqLodUNk4WmLIA0oOw
Hot Buttered Rum,spotify:artist:1g3ZifJpzuFjmLgq4smNOq
House Of Pain,spotify:artist:0AuW7OCyKfFrsMbtHrYgIV
H-Town,spotify:artist:21gGD9dUby5ls0belA1wqZ
Hypercolor,spotify:artist:714XkaoyHeGO1YIyH1WQ6u
I See Stars,spotify:artist:3iCJOi5YKh247eutgCyLFe
iLoveMemphis,spotify:artist:3GsIlcwgQDJVjHD82mbA0Z
Jaël,spotify:artist:0z0YozcOIqw3EDJnU2NgOe
Jaheim,spotify:artist:4sbB4Yy6Qig51pKCIKSLw3
James Gang,spotify:artist:5hfOHpGMsi8O3DA0ROLGqF
James TW,spotify:artist:0B3N0ZINFWvizfa8bKiz4v
James Wolpert,spotify:artist:3c95qPRLU7Jpu9rC3rc5A0
Jamie Cullum,spotify:artist:3XxxEq6BREC57nCWXbQZ7o
Jamie Foxx,spotify:artist:7LnaAXbDVIL75IVPnndf7w
Jamie Walters,spotify:artist:4JRaryUoRSFiZt04ReUD8N
Jamie Woon,spotify:artist:1fUMEn4Yk7ZUloozE0fRLL
Jann Arden,spotify:artist:1aftUCES5zD5xXI7O9ZF9F
Jarabe De Palo,spotify:artist:5B6H1Dq77AV1LZWrbNsuH5
Jay & The Americans,spotify:artist:0DAqhikcMKLo2lPADVz2fs
Jeremy Riddle,spotify:artist:6jZbQXvNtDjnj18yoHMuvi
Jerry Folk,spotify:artist:356FCJoyYWyzONni54Dgrv
Jerry Rivera,spotify:artist:7wOZy3KdFVVINgNFFxkxwO
Jesse Mann,spotify:artist:20roawY1tlpPSVJj1R29T3
Jessica Mauboy,spotify:artist:6rHWAH6F4mr2AViSxMV673
Jessica Mitchell,spotify:artist:6SvTOaNtCJkMypwe0pCr5a
Jetta,spotify:artist:51V0E9ipJyIj7yFDkaLx96
Joan Sebastian,spotify:artist:7FsRH5bw8iWpSbMX1G7xf1
Joanna Wang,spotify:artist:1km0aro5NJuoX5dE0Mub5C
Jodeci,spotify:artist:1eNkUXHPaXyuyC8NAgzykK
Joe Arroyo,spotify:artist:7BFnoFhJjLWcsqmN3Hizqg
Joe Nichols,spotify:artist:4aJTB79uwT4sP0Nb8QGWHc
Joel Adams,spotify:artist:36jaGQtMj5UWD0eO1fCVdD
John Legend,spotify:artist:5y2Xq6xcjJb2jVM54GHK3t
Johnny Balik,spotify:artist:6cXU3B0U7wNEOOU8UjaWww
Johnny Horton,spotify:artist:1bBZcz4jP7CoPlqpCFh4gz
Jonas Blue,spotify:artist:1HBjj22wzbscIZ9sEb5dyf
Jónsi,spotify:artist:3khg8RDB6nMuw34w1IHS6Y
Jorge Quintero,spotify:artist:6dOgQbtNGEOKGXEsAi0puC
Jorja Smith,spotify:artist:1CoZyIx7UvdxT5c8UkMzHd
Juice Newton,spotify:artist:4L1z1IcfK7lbqx8izGHaw5
Juicy J,spotify:artist:5gCRApTajqwbnHHPbr2Fpi
Julieta Venegas,spotify:artist:2QWIScpFDNxmS6ZEMIUvgm
Jurassic 5,spotify:artist:6wFId9Jhuf9AKVzWboOj2B
Just A Gent,spotify:artist:1kwGj7uDO5WXVXtQLvGJr0
Just Juice,spotify:artist:4s0K7Gh1qCZCXB5OuMF1VT
K. Michelle,spotify:artist:2retT7MFwHDVTeGKDdybEx
Kamaiyah,spotify:artist:3XVpDdKav6C6zwlDXPhMEO
KAMAU,spotify:artist:5yqlRwdJcO8wUhGzfDdfd4
KARD,spotify:artist:2JhAlkmukNvarUpGhTFXUQ
Kat Deluna,spotify:artist:0bOlhT8OcoC1lCpN69NcFP
Kavinsky,spotify:artist:0UF7XLthtbSF2Eur7559oV
KBong,spotify:artist:2dzSec5CF9xQeW53ZJ5RHq
Keane,spotify:artist:53A0W3U0s8diEn9RhXQhVz
Ken Loi,spotify:artist:4ot0CxUP0zjjCLWgv145xd
Kenny Wayne Shepherd,spotify:artist:1riHqX633Kup3mJAw8WR8p
Kerli,spotify:artist:4IFgewC2urR62Fwt7uAU03
Kevin Roldan,spotify:artist:1RBzGO6Nm3uyhUSxP7EDWO
KEY,spotify:artist:2tMOCIpxj6jwM9e6pmwGiP
Keys N Krates,spotify:artist:6c1pBXHYjFcGQQNO5MMsdd
Kindness,spotify:artist:6SYIsHAQ1sPokVxmzpaDBU
Klaus Badelt,spotify:artist:03GruNQP8X25PCoWzdvIGZ
Kojo Funds,spotify:artist:2o9hRZ3xI27UQpHT61A4Mm
KONGOS,spotify:artist:58R5LHkK3vkmEyGUPOR5kS
Konshens,spotify:artist:3nwYsifpwrKmCIpw4i0HDW
Kris Kross,spotify:artist:2zrZfs23sjuHDv4E6YRmNf
Krizz Kaliko,spotify:artist:3SEJQy90Vgg1aSnZ9b4AU9
Kyle Thornton & The Company,spotify:artist:4mGPVJbOURnByVYcaQZa2J
La Mafia,spotify:artist:3rhO3rDk432VyAwyZnkECs
La Tribu de Abrante,spotify:artist:3sito6EcNee484oIM6KHwO
Labrinth,spotify:artist:2feDdbD5araYcm6JhFHHw7
League of Legends,spotify:artist:47mIJdHORyRerp4os813jD
Lee Ann Womack,spotify:artist:738OS3zrCO782uDiUN9pet
Lee Greenwood,spotify:artist:3g229vTyhsdwm9SO2p1FPL
LEISURE,spotify:artist:7b04D0yLktCUpvxQBhmG7R
Less Than Jake,spotify:artist:20oQv3LStCKCjI9oQ0JNha
Lewis Del Mar,spotify:artist:2oqwwcM17wrP9hBD25zKSR
Liam Payne,spotify:artist:5pUo3fmmHT8bhCyHE52hA6
Lido,spotify:artist:1aSwrSGBNGMLn9ymttfRkk
Lil Dicky,spotify:artist:1tqhsYv8yBBdwANFNzHtcr
Lil Wyte,spotify:artist:21O7WwRkik43ErKppxDKJq
Lillias White,spotify:artist:5TKKPpY9zr2qrz3JM3Vawq
Linus Young,spotify:artist:2RlEGFSPhk4ynTXUJgRY5T
Lisa Loeb & Nine Stories,spotify:artist:4a7CDXcRCXi4kp5z7SEXtg
Little Big Town,spotify:artist:3CygdxquGHurS7f9LjNLkv
Little Joy,spotify:artist:0aLsJXIaJ6MMCZIzaGpMaX
Local H,spotify:artist:415JrPfN7ukaTu8JV8BLE8
Lori McKenna,spotify:artist:1OV5mEATxtVma7fleFaUyl
Los 5,spotify:artist:7LTaD4KirzB3MApKKPwpmj
Los Fabulosos Cadillacs,spotify:artist:2FS22haX3FYbyOsUAkuYqZ
Los Tucanes De Tijuana,spotify:artist:014WIDx7H4BRCHB1faiisK
Loverboy,spotify:artist:2CLVPk9FcywjClBcTvWPkT
Lucy Schwartz,spotify:artist:6f5Tjpxz9kTRj05LKWlOpf
Luis Fonsi,spotify:artist:4V8Sr092TqfHkfAA5fXXqG
Madds,spotify:artist:0Bdyam7rtOjqj4m1PfpeUy
Made Violent,spotify:artist:4b9JkwX45V6jNi9rtqyqsU
Mambo Kingz,spotify:artist:2T1aUibqR2QC2sINIDQOAK
Man Overboard,spotify:artist:7oT6vt8H3q7kA24sicjFzO
Manila Killa,spotify:artist:4EukMPjtYsdi87lkU1hIxN
Mansa,spotify:artist:09OSlbN2DUUOG9cbRWdWuT
Manu Chao,spotify:artist:6wH6iStAh4KIaWfuhf0NYM
Maria Lynn,spotify:artist:5Mzwod7pfk4JkLR29O3v7j
Marty Grimes,spotify:artist:5PTrX29vKxqFe59hnYb8hx
Maty Noyes,spotify:artist:5JSXWmQO8csVUy6hSRu8TA
Maxo Kream,spotify:artist:6xS5PpBWaVYraexEkEjjXv
MC Breed,spotify:artist:63727CmmJ8oWFh8eAHvDYq
MC Hammer,spotify:artist:2rblp9fJo16ZPTcKDtlmKW
Meat Loaf,spotify:artist:7dnB1wSxbYa8CejeVg98hz
Meghan Trainor,spotify:artist:6JL8zeS1NmiOftqZTRgdTz
Mel Tormé,spotify:artist:4X8QFzZ1HqwPfwDfyjtwXC
Melissa Etheridge,spotify:artist:01Ppu7N8uYJI8SAONo2YZA
Melissa Helser,spotify:artist:0cng44S55pPu1nDrtFFy7r
Melissa Manchester,spotify:artist:78udmCDNaDu5jqfVnBqwia
Melvv,spotify:artist:7cae9Fkz2R1NDHWtdnaE8d
Michael Ray,spotify:artist:6ghiFYcwn2Vzl6K50U0UPz
Mickey Avalon,spotify:artist:546WiMGysEqWZTzP8hJvB2
Mickey Guyton,spotify:artist:6nfN5B7Jmi853SHa9106Hz
Middle Kids,spotify:artist:6AawJaQO4i99Be2A3w7BTW
MIKA,spotify:artist:5MmVJVhhYKQ86izuGHzJYA
Mikey Wax,spotify:artist:2Uk1SfxshYKxVMmtGqFtzo
Mild High Club,spotify:artist:5J81VungUjSVHxlPpTI9KG
Milli Vanilli,spotify:artist:3vRclCt9VnNhYIxFMQCxuM
Mistah F.A.B.,spotify:artist:55TH3aMMK1u2VsR8DPGC6D
Mo Thugs,spotify:artist:73zx64RsUoERRD2dPhdCEy
Mobb Deep,spotify:artist:6O2zJ0tId7g07yzHtX0yap
Modern English,spotify:artist:0fYPQBOx0vsRMmjUba9HgF
Moglii,spotify:artist:0lIIsJafIVVi3ruN2vFzpS
Money Man,spotify:artist:3Rx4PJ7SP6unkOk5elPUK7
Monte Booker,spotify:artist:4p75GTNEXwsAAkpweMVtKo
Morgan Wallen,spotify:artist:4oUHIQIBe0LHzYfvXNW4QM
Mother Love Bone,spotify:artist:3XR64HmFo4OvexUUNW7TP0
Motörhead,spotify:artist:1DFr97A9HnbV3SKTJFu62M
Mott The Hoople,spotify:artist:6ysQi6NI88X627t2srsWz6
Heartland,spotify:artist:6B10yUcmUVw4RPKe6j58E9
Héctor Lavoe,spotify:artist:7opp16lU7VM3l2WBdGMYHP
Helmet,spotify:artist:0qB0cTENhSUc0feov5qbg0
Home Free,spotify:artist:2MSlGNpwXDScUdspOK6TS7
Huntar,spotify:artist:2woivlckW1wdml7zq1WW6e
Hunter G K Thompson,spotify:artist:3cafXZGy8lVX2LJt7wdKVd
Hyuna,spotify:artist:3UwlejyX2b458azZ7eCnHb
Illa J,spotify:artist:72zigmOdJbIsz0iIRhCBvp
Imagine Dragons,spotify:artist:53XhwfbYqKCa1cC15pYq2q
Iron Maiden,spotify:artist:6mdiAmATAx73kdxrNrnlao
Isaac Hayes,spotify:artist:3IKV7o6WPphDB7cCWXaG3E
ItaloBrothers,spotify:artist:5nkYRuiIHg2xXHFC8bfosJ
Jack Garratt,spotify:artist:1Zp054Jc86WVKCxKEqZGOA
Jack Novak,spotify:artist:4X5vI99vwAZqt7YXhElP1y
Jack White,spotify:artist:4FZ3j1oH43e7cukCALsCwf
Jacob Banks,spotify:artist:0AepkoQhYvkjEzzwIcGxdV
Jaden Smith,spotify:artist:0xOeVMOz2fVg5BJY3N6akT
Jaguares,spotify:artist:1RgXxY6uzWo9cjYYwwgVGq
James Baskett,spotify:artist:3x83bY5hTdj6Q3uen2mytX
James Fortune,spotify:artist:4eIjSDb64R18sJaNlOGaFH
Jamie Grace,spotify:artist:2E5E5eAP6yDhZ7EHc0Evr7
Jamie O'Neal,spotify:artist:6sQVeggRv1AhrMzuCjhCZe
Jane XØ,spotify:artist:5keDbKEPwrbe36cPzRpzsK
Jarren Benton,spotify:artist:5YI7PJwny5JsO7djczHwhP
Jason Derulo,spotify:artist:07YZf4WDAMNwqr4jfgOZ8y
Jason Walker,spotify:artist:3XBxSfCwYIMBzWmJL7ZJ4U
Javier Dunn,spotify:artist:08gjsZlaBkyf5Zd988UFwR
Jay Cosmic,spotify:artist:0p7L2MImTqtWEAlMN9qHYx
Jazz Cartier,spotify:artist:0sc5zYshOdiFD4ayqMrJbJ
Jennifer Hudson,spotify:artist:35GL8Cu2GKTcHzKGi75xl5
Jess Glynne,spotify:artist:4ScCswdRlyA23odg9thgIO
Jessie James Decker,spotify:artist:0GzIauSfKRc5BlNXpTWAGz
Jessie Reyez,spotify:artist:3KedxarmBCyFBevnqQHy3P
Jillian Jacqueline,spotify:artist:5GDZ6xhBwk7Yja97CFLmV7
J-Kwon,spotify:artist:1Zz5UxfKSSqc6hpa3xJPCw
Joanna Riding,spotify:artist:5W9v4j2SqXZOKvTIVJ8cNT
Jocelyn Alice,spotify:artist:7iymigONRODGl6XJIprcuF
Joe Public,spotify:artist:3RnBzCfr8bQeLQQMGF6IeE
John Conlee,spotify:artist:4Wfq6fHhifS8MmQOcJ18TP
John Lennon,spotify:artist:4x1nvY2FN8jxqAFA0DA02H
John Michael Montgomery,spotify:artist:7mPcfx7PhnBh6n4HMCd61A
John Splithoff,spotify:artist:7A2x4Urpc4VKF1pb7qnNqD
John Williams,spotify:artist:3dRfiJ2650SZu6GbydcHNb
Jon Brion,spotify:artist:57YJQe0ayvIaRZJ3PW5nFP
Josh Abbott Band,spotify:artist:2EJ5MRZCzpHSSNNEpTx9Kb
Joshua Hyslop,spotify:artist:1I7oHjCjMrMUz66v67yJJu
JOY.,spotify:artist:2sphpXGg1u97VSzbm5gR2P
Joyner Lucas,spotify:artist:6C1ohJrd5VydigQtaGy5Wa
JT Hodges,spotify:artist:7AKlIvLsIJNq4xv8Nl6o5A
Judy Garland,spotify:artist:0hItVPjwJLVZrFqOyIsxPf
Juhn,spotify:artist:2LmcxBak1alK1bf7d1beTr
Julia Stone,spotify:artist:4gZRt9wlRx1IsxT9glJdrc
Jungle,spotify:artist:59oA5WbbQvomJz2BuRG071
Juvenile,spotify:artist:0rG0AZBscc8S8q1ahIsasI
Kadebostany,spotify:artist:3IVrpJxHeUFoYP4H6bxg57
Kalley Heiligenthal,spotify:artist:1VfUR2Su5Ags5Im3mZGnPo
Kap Slap,spotify:artist:1yRxS3CXYM7s6amlkEmozI
KARA,spotify:artist:7aZ221EQfonNG2lO9Hh192
Kat Dahlia,spotify:artist:1peH5tSqnYm8W6Bo3I5egE
Kate Shindle,spotify:artist:4lfNJSATD6VQ1UIctXWeo1
Katie Herzig,spotify:artist:5jbP6txZCMe5l7QLZ1pmJ3
Kenny And The Scots,spotify:artist:48gLPvXooUzznfTU3uEwXB
James Getzoff,spotify:artist:5iN9imkmbKGycRQZZMTNgw
Jamestown Revival,spotify:artist:4w1ZBtHF0HxrGqQdB7i1it
Jamie Lawson,spotify:artist:1jhdZdzOd4TJLAHqQdkUND
Janet Jackson,spotify:artist:4qwGe91Bz9K2T8jXTZ815W
Jason Raize,spotify:artist:7wtyPvLmy8LAf2CO0Xwy4p
Jean Knight,spotify:artist:2Tk0pWxTuQgnE5nsUexrLr
Jefferson Airplane,spotify:artist:2qFr8w5sWUITRlzZ9kZotF
Jenifer Lewis,spotify:artist:6e28WiPlKSu1ukkhHCZEnF
Jennifer Nettles,spotify:artist:2WV4xLQooFalR2cit0XSKp
Jeremy Passion,spotify:artist:5Z8UTQtTYNu5o5FA66LFgv
Jerrod Niemann,spotify:artist:0RKP52f5PNDCRZ9Luq2Sr7
Jesse Corti,spotify:artist:53vhGhGRoi9ARM7kr3jrz5
Jesse L. Martin,spotify:artist:5jpma87NOuRoh5FMf0CW5I
Jim Carmichael,spotify:artist:2PLBxBjzAwnmzQEbGTgtlo
Jim James,spotify:artist:1MhtYlJvUqfd2EgHSQTGK4
Joe Budden,spotify:artist:1SAugjIcuwNPKS4urSB7A6
John Mark McMillan,spotify:artist:0T1KC0OHfbRO0O5bNH2tek
John Waite,spotify:artist:2TPyCsRoh2tjeZLTQ2ojlj
Johnny Nash,spotify:artist:0nAVvgfE9yI4DwvMiYwk8a
Josh Gracin,spotify:artist:1456WwI15Lm9CktCzkLZvm
Josh Groban,spotify:artist:6cXMpsP9x0SH4kFfMyVezF
Jr. Walker & The All Stars,spotify:artist:1rHh0AI30JhKrbzKIFjFNd
JRY,spotify:artist:6r514fXAl2fe5cHF6HKOHW
Julión Álvarez y su Norteño Banda,spotify:artist:1bfl0AU8SqmLkElptOprhC
Junior Senior,spotify:artist:7xNPROyVfkH4mcIxxCxySm
Juventa,spotify:artist:2c8lJBXnL9RqVgp81tm2np
K. Roosevelt,spotify:artist:6NwdT3GPUajFQ9IvBYe0cu
KAASI,spotify:artist:0rCjhB7bSAgpshTquzm1I6
Kabah,spotify:artist:61hAcjvvUS6EXMpeeHwaDi
Kacy Hill,spotify:artist:4dYQmk5ma04mZ1KJ9KkAQK
Kalin and Myles,spotify:artist:2BL5VxhQadpc4v2VlZyKY5
Kaptan,spotify:artist:7yNfjZY3QJpm4cUj1i0fWD
Kari Faux,spotify:artist:4c2ighP1wj8E5dVGJDCOiB
Kat Edmonson,spotify:artist:6WxegST7d2jCYjq7SR8Bds
KB,spotify:artist:77IKXFvO7SpWrq8hflrUXc
KC & The Sunshine Band,spotify:artist:3mQBpAOMWYqAZyxtyeo4Lo
KDrew,spotify:artist:1DLsogyGi0pwPtwV78D8uZ
Kelly Clarkson,spotify:artist:3BmGtnKgCSGYIUhmivXKWX
Kenichiro Nishihara,spotify:artist:4en7e0KjSkfa4sfLDhTc3m
Kennedi,spotify:artist:5eWCWtbcFDjLGPisPgqcy8
Kenny Loggins,spotify:artist:3Y3xIwWyq5wnNHPp5gPjOW
Kevin Fowler,spotify:artist:6NKQIkHTjxD5Ovj6znGV1n
Kevin Garrett,spotify:artist:56tbeL5xhBPxby544GuK3E
Kevin Gates,spotify:artist:1gPhS1zisyXr5dHTYZyiMe
Kid Rock,spotify:artist:7dOBabd5O4CvKrg4iriHTM
Kids These Days,spotify:artist:2A2MfAaWoDvGe0jhcZjKaY
Kiesza,spotify:artist:4zxvC7CRGvggq9EWXOpwAo
King Harvest,spotify:artist:5FHwr1FymaS5kutIEK6e2y
Kingsfoil,spotify:artist:22CmNMoTDKsN0VlybdPVTJ
Kita Alexander,spotify:artist:3CGuwWgoCYSO5Z72H5G2Ec
Kitten,spotify:artist:4zHX9zUUtxUw898g1GyihC
Klingande,spotify:artist:1L9i6qZYIGQedgM9QLSyzb
Kris Kristofferson,spotify:artist:0vYQRW5LIDeYQOccTviQNX
KSHMR,spotify:artist:2wX6xSig4Rig5kZU6ePlWe
Lana Del Rey,spotify:artist:00FQb4jTyendYWaN8pK0wa
Late Night Alumni,spotify:artist:6JtFllJR7nhh8fa6oGefSj
Lauren Daigle,spotify:artist:40LHVA5BTQp9RxHOQ9JPYj
Lauren Sanderson,spotify:artist:06vRrrjT3DBRkhBlXoBdYj
Les Gordon,spotify:artist:4UqXejsLj7uwZmzQ9vkmg8
Lighter Shade Of Brown,spotify:artist:7AyywyUcQP99oit737gZK2
Lights,spotify:artist:5pdyjBIaY5o1yOyexGIUc6
James Brown & The Famous Flames,spotify:artist:32r72WOqqRO1DtSznId7Lr
James Monroe Iglehart,spotify:artist:1RHbG28m5gaCOeIgaxEgLb
James Vincent McMorrow,spotify:artist:7FDlvgcodNfC0IBdWevl4u
Janelle Monáe,spotify:artist:6ueGR6SWhUJfvEhqkvMsVs
Jason French,spotify:artist:2T5vGJaxQIczaOZSUrvM1A
Jayme Dee,spotify:artist:53w2XJb5gOntC0zBRCDmYd
Jeff Bernat,spotify:artist:2vVT4qoxWje0gVD2FiWZ4u
Jess Kent,spotify:artist:6UAI6cR7qAewlSTWkRc7wI
Jesse & Joy,spotify:artist:1mX1TWKpNxDSAH16LgDfiR
Jessie James,spotify:artist:2oPXxg1IOzTBPDro5cJBJj
Jocelyn,spotify:artist:339F0SJNIFMBokUkEFbJxK
Joel Crouse,spotify:artist:4dv6khcueYOkWzoFRZgtPj
Joell Ortiz,spotify:artist:1q13yHC6Syg5Y8iPLrRnCq
Joey Bada$$,spotify:artist:2P5sC9cVZDToPxyomzF1UH
John Cena,spotify:artist:0CV4DAO1wV3ikZGYIkMtmh
John Gibbons,spotify:artist:72luDUYRlE8N8lPSgyhiwo
John Mellencamp,spotify:artist:3lPQ2Fk5JOwGWAF3ORFCqH
John Travolta,spotify:artist:4hKkEHkaqCsyxNxXEsszVH
Johnny Rain,spotify:artist:0kqRUwSJCCooeI3hNRsghY
Johnny Stimson,spotify:artist:00OF0nwYaoBSO3AnPVq3vE
Jonas Brothers,spotify:artist:7gOdHgIoIKoe4i9Tta6qdD
Jonathan David Helser,spotify:artist:7vKyyJZVFb16NTWrUV1fGp
JONGHYUN,spotify:artist:5rGgflnIpRNizTCozbYBuY
Jordan Davis,spotify:artist:77kULmXAQ6vWer7IIHdGzI
Jordan Howerton Band,spotify:artist:6dJSInZyud77bnLiA8NNeC
Jordan Mackampa,spotify:artist:24WPEGLYPvEsmk4GSDFyST
Jordan Pruitt,spotify:artist:1JfkqBTXs6VC3JZ7RJNu7h
Juanes,spotify:artist:0UWZUmn7sybxMCqrw9tGa7
Jukebox The Ghost,spotify:artist:0L8jXe7QeS9oYUoXbANmX4
Julia Sheer,spotify:artist:4jHWpUyRI2rzJVimtasEBF
Jump5,spotify:artist:0qa4GMXrmylKemymbElIwq
Junior,spotify:artist:3kAbsqyLtxTzhOBdfYc6Tq
Justice Crew,spotify:artist:07Q9n9pbwR6jQ8xH4SA46b
K.A.A.N.,spotify:artist:6WSTevYt4rGwm8QPKQr7dU
K.Flay,spotify:artist:0pCNk4D3E2xtszsm6hMsWr
Kajuana Shuford,spotify:artist:19lzhCGyMdYlxjtCwHi1Ee
Kari Jobe,spotify:artist:5XlSS9O4eHRiJ0hKzbaFQ2
Katrina & The Waves,spotify:artist:2TzHIUhVpeeDxyJPpQfnV3
Katy Tiz,spotify:artist:2E19mfEFhCr6UgZUYJGOEW
Kav Verhouzer,spotify:artist:1yYBD4cVxCxXQXi4QGZfSo
Keith Whitley,spotify:artist:0bc7dhY6YXL35m1G0jVwuW
Keri Hilson,spotify:artist:63wjoROpeh5f11Qm93UiJ1
Killer Mike,spotify:artist:2N4EYkIlG1kv25g6Wv8LGI
Kimbra,spotify:artist:6hk7Yq1DU9QcCCrz9uc0Ti
Kirk Franklin,spotify:artist:4akybxRTGHJZ1DXjLhJ1qu
KJ-52,spotify:artist:0kSHocNBxQeP9pr25l1scP
Knocked Loose,spotify:artist:4qrHkx5cgWIslciLXUMrYw
Kool John,spotify:artist:7zmuMr74dNGqjq74uibncO
Kuana Torres Kahele,spotify:artist:7Eshpryyi2F9Jg0ixaysNn
Kurt Vile,spotify:artist:5gspAQIAH8nJUrMYgXjCJ2
Kwabs,spotify:artist:0r0KdmVS1Er3kaFnl1KPog
Kyan,spotify:artist:1fpemL1wk3ZyXVfpzlVEkL
Kyla La Grange,spotify:artist:6KcmUwBzfwLaYxdfIboqcp
L.A. Leakers,spotify:artist:11EpG7GrtkjjPUhEFNEowO
La Adictiva Banda San José de Mesillas,spotify:artist:49EE6lVLgU8sp7dFgPshgM
La Bouche,spotify:artist:488v7rQzthLNK22r0UvMie
La Ley,spotify:artist:1ZVoRDO29AlDXiMkRLMZSK
La Oreja de Van Gogh,spotify:artist:4U7lXyKdSf1JbM1aXvsodC
La Septima Banda,spotify:artist:610tJqABwgZWaRvtJoJQF0
Lady Leshurr,spotify:artist:1Bk2KyFVMN5PeyVyDIiLqF
Lafa Taylor,spotify:artist:0j0HBDnIuT6rsn840ec18A
Firehouse,spotify:artist:28pS8WVbFstY0o1SrqCf8I
Fitz and The Tantrums,spotify:artist:4AcHt3JxKy59IX7JNNlZn4
Flawless Real Talk,spotify:artist:2rexhkVQtyLPp2cSvmy2rh
Fleur East,spotify:artist:37mtx80nMDETlbsq2eFCzc
Flight Facilities,spotify:artist:1lc8mnyGrCLtPhCoWjRxjM
Florida Georgia Line,spotify:artist:3b8QkneNDz4JHKKKlLgYZg
Four Year Strong,spotify:artist:0qqxspZOkbN00bu6DaRIrn
Fox Stevenson,spotify:artist:2BQWHuvxG4kMYnfghdaCIy
Fractures,spotify:artist:7sjRnhONmeFL1tmlUvdq70
Frank Reyes,spotify:artist:4vQV1LCGBdYAt5rIIPjSFZ
FRANKIE,spotify:artist:6V0UIhxibbgh9q9eYKImW7
From Ashes to New,spotify:artist:4HrkLxQHZ5mgCtIVpiH5QX
Future,spotify:artist:1RyvyyTE3xzB2ZywiAwp0i
Gardiner Sisters,spotify:artist:3J28FLi8jjXtUGWf69cP7I
George Maple,spotify:artist:19m3oZKjGSLzVW0OGIAcNg
Geto Boys,spotify:artist:3f5fB1YUbkUnW7cf7I0R48
GFriend,spotify:artist:0qlWcS66ohOIi0M8JZwPft
Ghastly,spotify:artist:2Sa4c9qKaI7ILJs8D6gUCh
Go Radio,spotify:artist:0abIHznUj0oKhDB29cpBZ9
Gold Fields,spotify:artist:3kJeINOSExu0ctySTaMu6Q
Gordi,spotify:artist:6UBMFaCTZnL1Hr1nTOEblM
Gotye,spotify:artist:2AsusXITU8P25dlRNhcAbG
Grace,spotify:artist:6y5amJcTjeDgLXIjtQLMst
Grace Potter,spotify:artist:1PJVVIeS5Wu0wbZDhtC0Ht
Griffin House,spotify:artist:1NmZWNk3idvlh1wKjZOvnt
GRMM,spotify:artist:1KCC851hwexU7srIERu82u
Groove Armada,spotify:artist:67tgMwUfnmqzYsNAtnP6YJ
Grupo Maximo Grado,spotify:artist:0ssx5sZQzc1nZZF2Ks8qXZ
GS Boyz,spotify:artist:7Ej52CNJlhlwWROkrcjKLL
Gus Dapperton,spotify:artist:6sHCvZe1PHrOAuYlwTLNH4
Guy Sebastian,spotify:artist:5PjekOABtfU2Kwo0AHVmci
Hala,spotify:artist:1dTBAtLZBUB8Ir4PmJYw9t
Hamilton Leithauser + Rostam,spotify:artist:3h0w83PsjASrm5999trG4n
Handsome Ghost,spotify:artist:3IaqL9bsZtYJkqNLiovVho
Harvey Fierstein,spotify:artist:7G6zawIBBtDX1WvuT97Ei9
Hatebreed,spotify:artist:17Mb968quDHpjCkIyq30QV
He Is We,spotify:artist:6yFbpXlBH8XHVQGjUPUvKU
Healy,spotify:artist:2Yhge9MsE7qKcV0eWsuuHM
Heart,spotify:artist:34jw2BbxjoYalTp8cJFCPv
Hellberg,spotify:artist:1kgxTtyF91VaqLD3J6Krd5
Heroes Del Silencio,spotify:artist:3qAPxVwIQRBuz5ImPUxpZT
High Dive Heart,spotify:artist:3JUsjiDq2ybY2zHQsMFTkb
Hospitality,spotify:artist:6xgfDCWKp5rIIO7sllJ6us
Hott Headzz,spotify:artist:47hkgwnnlluE8suPZiPclc
Huey Lewis & The News,spotify:artist:7A9yZMTrFZcgEWAX2kBfK6
HUNNY,spotify:artist:5rebfYbZVIhbRVcRKWVOAh
Hurt,spotify:artist:3jnoH2xrhvxUgeN2rrudHL
IAmChino,spotify:artist:0b2GL7Y02vu50qieoQmw1w
Iggy Azalea,spotify:artist:5yG7ZAZafVaAlMTeBybKAL
iKON,spotify:artist:5qRSs6mvI17zrkJpOHkCoM
Imogen Heap,spotify:artist:6Xb4ezwoAQC4516kI89nWz
In This Moment,spotify:artist:6tbLPxj1uQ6vsRQZI2YFCT
Innanet James,spotify:artist:7p1KdHKrIDsXbiHnRNPOTG
Intocable,spotify:artist:108moq3rq6bm1M4Ypz0J02
Isaiah,spotify:artist:5lXfVoQxVgC5fpjkVqvNYn
iSHi,spotify:artist:6Dy7Ex5zlTLgXbsB92rPji
Issues,spotify:artist:3zRstk92RGCVDyslSySNsm
ivy,spotify:artist:2TpNrO0G2ahji2IOR94TLA
Ivy Queen,spotify:artist:6p2442ymrT9lZEuCZJdYcH
Jackie Lee,spotify:artist:25MYbTsDB9aQ70l6VqNKOR
Jacob Latimore,spotify:artist:7t7KCNFOwuMChaQg6L8I69
Jadakiss,spotify:artist:5pnbUBPifNnlusY8kTBivi
LEGADO 7,spotify:artist:7yCGrS6Xh3UngvY6Ad5sMJ
LEN,spotify:artist:0nyc9SZGLITSOJASmTZsnZ
Les Misérables Cast,spotify:artist:71wy5iisVKXLZgoPxdFi8A
Les Sins,spotify:artist:4gSTRpmeyYppvIXuFKjfAL
Lewis Capaldi,spotify:artist:4GNC7GD6oZMSxPGyXy4MNB
Life in Film,spotify:artist:1GiGmnJBIwKiXV8AbjuJ9P
Like A Storm,spotify:artist:5gFZo6Oh5WehnbEj0XtxiF
Like Moths To Flames,spotify:artist:6RRpZz1uPqY9E28kmSPAhw
Lil Bibby,spotify:artist:4uSN8Y3kgFNVULUWsZEAVW
Lil Peep,spotify:artist:2kCcBybjl3SAtIcwdWpUe3
Lil Silva,spotify:artist:2Kv0ApBohrL213X9avMrEn
Limp Bizkit,spotify:artist:165ZgPlLkK7bf5bDoFc6Sb
Linda Ronstadt,spotify:artist:1sXbwvCQLGZnaH0Jp2HTVc
LISTENBEE,spotify:artist:6YvP6AXefuZ3bROoEVjCiY
Little Anthony & The Imperials,spotify:artist:3PF1KBeHYb14yKgsiE693V
Little May,spotify:artist:0TjAAwE04BeoSeOpJIakYH
Lost Kings,spotify:artist:3hyEbRtp617pNCuuQjyOmc
Louis Tomlinson,spotify:artist:57WHJIHrjOE3iAxpihhMnp
Loyle Carner,spotify:artist:4oDjh8wNW5vDHyFRrDYC4k
Lucky Rose,spotify:artist:5ShkaitLUorYdZgJMqTF5E
Ludlow,spotify:artist:1M53T7uktQTvgqM2ui1fui
Luis Coronel,spotify:artist:5DlVR9AUTrBgXWN4wiy5aL
Lukas Graham,spotify:artist:25u4wHJWxCA9vO0CzxAbK7
Luminate,spotify:artist:3yo2YhKm6tyM9NHkd3zgYJ
LUNA,spotify:artist:7FHDreQGEb1Evz3TEj1sJe
Lunice,spotify:artist:5I0593TTVPzkanWW8xsTns
Madcon,spotify:artist:6c4sUNBgdonFJz8Kx2VsGz
Maddie & Tae,spotify:artist:34bhyY8jfKez7uKakMfy4y
Maejor Ali,spotify:artist:1l7P8zlCKFbvOtUYYoJtoV
Maggie Lindemann,spotify:artist:0uGk2czvcpWQA383Im6ajf
Magic Man,spotify:artist:6ejhZKxWJr9apHAzj74DHv
Magneto,spotify:artist:5v287QKYZ7Dyuw4CNzv89p
Mamamoo,spotify:artist:0XATRDCYuuGhk0oE7C0o5G
Maná,spotify:artist:7okwEbXzyT2VffBmyQBWLz
Manfred Mann's Earth Band,spotify:artist:2utNxkLhreF1oIfO8kQT3q
Manic Street Preachers,spotify:artist:2uH0RyPcX7fnCcT90HFDQX
Mann,spotify:artist:3sAHunotiQdUXKSsFj5KUg
Manuel Turizo,spotify:artist:0tmwSHipWxN12fsoLcFU3B
Marc Goone,spotify:artist:7oCp2gudsdAtVrdhnpm5bc
Marc Kudisch,spotify:artist:7J7yKGzSVuaerLfaFue1FW
Maren Morris,spotify:artist:6WY7D3jk8zTrHtmkqqo5GI
Mark Diamond,spotify:artist:7Il2FrLyoQt0JlyhJRDL1c
Martin Jensen,spotify:artist:4ehtJnVumNf6xzSCDk8aLB
Marvin Gaye,spotify:artist:3koiLjNrgRTNbOwViDipeA
Mary Wells,spotify:artist:1cjZk1xXn3YCToNg3uJpA7
Mase,spotify:artist:1wiBLzTI7z9RUwEpNPdFT6
Matt Hammitt,spotify:artist:0o77vi5tCsW348tzvdjNPw
Max and the Moon,spotify:artist:64DQ047yFLjq3TpDwE2zOJ
MC Lyte,spotify:artist:2ZbWlThDW0qSbI3hinpl0w
Mel Gibson,spotify:artist:5VXtGEXyfSC316JafIsPZq
Miami Horror,spotify:artist:0Z5pcmXDCKTrFWLnDChC37
Michael Aasen,spotify:artist:1dESlaX934TFfFpep0Ucwy
Michael Calfan,spotify:artist:4CuipEvwcoQggmCV8jpKF9
Michael Constantino,spotify:artist:5RIA0Nu4LvmOvomuo99oIJ
Michael Tyler,spotify:artist:5xxL6lJNSeb1D22HZxoj5K
Middle Class Rut,spotify:artist:1jl7jCbWw8fQApXAgP7vQN
Midge Ure,spotify:artist:2N4isf5pypyuDVpBofqEN8
Mike WiLL Made-It,spotify:artist:0NWbwDZY1VkRqFafuQm6wk
Miss Li,spotify:artist:04HqRx07Bv9gh7rsrMTqs7
MK,spotify:artist:1yqxFtPHKcGcv6SXZNdyT9
Monty,spotify:artist:1Wnfj5qZsp8nPsGBBRRa4W
Moon Taxi,spotify:artist:5DK8eK7fjvRsziXzyr3sFA
Jars Of Clay,spotify:artist:1lMaDSraU3oiNUsVWJLHdF
Jason Weaver,spotify:artist:5UdPkKWd8YNR5xGcmqH9QJ
Jax Jones,spotify:artist:4Q6nIcaBED8qUel8bBx6Cr
Jay Park,spotify:artist:4XDi67ZENZcbfKnvMnTYsI
Jay Rock,spotify:artist:28ExwzUQsvgJooOI0X1mr3
Jennifer Paige,spotify:artist:26PDtWYDJ1KD0brukKsJH1
Jeremy Camp,spotify:artist:5wpEBloInversG3zp3CVAk
Jerry Reed,spotify:artist:3kvy8do7n0qVqvlNFS4yOF
Jesper Jenset,spotify:artist:4Q6zYbQ2MrKiEWTGB3yrPv
Jesse McCartney,spotify:artist:2Hjj68yyUPiC0HKEOigcEp
Jesse Powell,spotify:artist:4ryyCNxkhfBSXHx4k2lo3T
Jhene Aiko,spotify:artist:5ZS223C6JyBfXasXxrRqOk
Jinco,spotify:artist:2AsCNMhgUuqhs3Sx9Ko5Vq
Jo Goes Hunting,spotify:artist:2x4XbUCAexNSNcotYSrf4K
Joan Jett,spotify:artist:6ZRWxu4ak88m5yHBAEelkQ
Jodi Benson,spotify:artist:4mmMtabvFCKA6HfmVmitNH
Joe Hertz,spotify:artist:76QHVIjgqlkWB9LNGliman
Joe Stone,spotify:artist:4kwEd1P9j15ZqUVP5zK7Pv
Joe Walsh,spotify:artist:5bDxAyJiTYBat1YnFJhvEK
Joey Dosik,spotify:artist:3kANxNTLNOhxpOPoCbGq9E
Joey Graceffa,spotify:artist:50zhmSD9wi3LHamXKx8A2W
Joey Purp,spotify:artist:1ewyVtTZBqFYWIcepopRhp
Johann Pachelbel,spotify:artist:62TD7509VQIxUe4WpwO0s3
John Dahlbäck,spotify:artist:15xvsJMf8phaNa1LYvL9Qv
John David Kent,spotify:artist:4OA2tkA9YYUK0KpiuZ1JUh
John Mayer,spotify:artist:0hEurMDQu99nJRq8pTxO14
John Rzeznik,spotify:artist:4HQjQ1pCcv25LRqTxWKN4t
John Vickery,spotify:artist:71sQodyYotTSDZtRd5Vl2F
Jon Schmidt,spotify:artist:2YQ4MY2VwOMv43C0GemUY5
Jon Waltz,spotify:artist:0fykVRaVSsAkxDFfLoCd1J
Jordin Sparks,spotify:artist:2AQjGvtT0pFYfxR3neFcvz
Josef Salvat,spotify:artist:64PJHZDQTPPVBCdwnv22Wz
Joseph,spotify:artist:5Wfvw7rDz7HA6gE2z6QhqO
Josh Dorr,spotify:artist:02k6KJKwzkjqE2CUvqnQpV
Josh Wilson,spotify:artist:1SbnQl7KrIVnXhYcQcMjL2
Judas Priest,spotify:artist:2tRsMl4eGxwoNabM08Dm4I
Juicy M,spotify:artist:6klooWKc13AOY1BVfE0Tm6
Julie Andrews,spotify:artist:5RdqZVi36tpDPYNPw8jJbO
Julie Fowlis,spotify:artist:3IqWMVFksTbtL2EaFi5o8k
Kasabian,spotify:artist:11wRdbnoYqRddKBrpHt4Ue
Kate Havnevik,spotify:artist:6lb32Pf1I52GnEfnDlu9FR
Kellie Pickler,spotify:artist:021hNAnkFIbyFyL97br6NB
Kelly Price,spotify:artist:49FeZO3eSrJs7oH7lYLU1r
Kenny Chesney,spotify:artist:3grHWM9bx2E9vwJCdlRv9O
Kent Jones,spotify:artist:3jHBxvZ9gbBkZ17wKUqVsO
Ken-Y,spotify:artist:4DYFVNKZ1uixa6SQTvzQwJ
Kesha,spotify:artist:6LqNN22kT3074XbTVUrhzX
Keyshia Cole,spotify:artist:1vfezMIyCr4XUdYRaKIKi3
Kid Indigo,spotify:artist:4z1uiRiYs6W3OZDdfp5Iow
Kid Ink,spotify:artist:6KZDXtSj0SzGOV705nNeh3
Kid Runner,spotify:artist:3uEnRPYLuArz4wKLdsqZ3l
Kill Hannah,spotify:artist:3s6SVwL2W0JLnIlwkjnU55
Kina Grannis,spotify:artist:7h4j9YTJJuAHzLCc3KCvYu
King Louie,spotify:artist:7yd1ITel4z3jXwEFinWmGN
Kirk Knight,spotify:artist:1nSpOxq3pcgomrfpXudQuq
Klangkarussell,spotify:artist:041iTeoMIwXMlShuQPIVKo
Korbee,spotify:artist:5xaoFkc3w6UTdTZ1GJOIsG
Kris Orlowski,spotify:artist:05TVdmW8p3d5yYIyvw6B3w
Kstylis,spotify:artist:5o2jetVpyIsXvWDT27bN4k
KT Tunstall,spotify:artist:5zzrJD2jXrE9dZ1AklRFcL
Kurt Hugo Schneider,spotify:artist:2BHswvFd8tMBizVWGcAMLm
K-Young,spotify:artist:17BUBnfODzDxbXw1tim7JW
Toni Romiti,spotify:artist:0taUqKeI9JbGZECxu5bVV0
Tony! Toni! Toné!,spotify:artist:7vWlb4pM85jCHvV771qZZW
Toppdogg,spotify:artist:03Ejz4OkKzGnTRKZE3KwRN
Tracy Chapman,spotify:artist:7oPgCQqMMXEXrNau5vxYZP
Trapt,spotify:artist:1UdQqCUR7RwB9YYJONwbdM
Travie McCoy,spotify:artist:7o9Nl7K1Al6NNAHX6jn6iG
Trent Harmon,spotify:artist:1YSoHvvSAY0oOJW7VxJx3M
Trevor Guthrie,spotify:artist:6NXk2pLFocS2OkNdT7ncBt
Trevor Jackson,spotify:artist:6vZUJpsm4VHjSWpedp05vg
Trinere,spotify:artist:3KOiTWoybzH9nENWWINWLf
Troop,spotify:artist:5r7mGejWrGSxheAYEIfSwI
T-Wayne,spotify:artist:4MIULe6tfg2loNzBy5B9eu
Twin Peaks,spotify:artist:1xD85sp0kecIVuMwUHShxs
Ty Dolla $ign,spotify:artist:7c0XG5cIJTrrAgEC3ULPiq
Tyler Barham,spotify:artist:1tlqgRTfsvvYcQXc1EKqnc
"Tyler, The Creator",spotify:artist:4V8LLVI7PbaPR0K2TGSxFF
Ugly God,spotify:artist:3Fdm9TFJQCLmC3AWMuGExi
Ummet Ozcan,spotify:artist:7e1BNCygl2Gf7CX8LrByPv
Urban Rescue,spotify:artist:4IrPx5Pieem55X7D0OTAiW
Urge Overkill,spotify:artist:5LEUigTSXpwrtERRcSW1N4
Vampire Weekend,spotify:artist:5BvJzeQpmsdsFp4HGUYUEx
Van Halen,spotify:artist:2cnMpRsOVqtPMfq7YiFE6K
Varsity,spotify:artist:339XMxg3AyRbEfeIAlxB2c
Vexento,spotify:artist:3tYJfCciy07wTBt2HpjCQw
Vicente Garcia,spotify:artist:2Otnykd696YidQYfEGVmNq
Village People,spotify:artist:0dCKce6tJJdHvlWnDMwzPW
Vulfpeck,spotify:artist:7pXu47GoqSYRajmBCjxdD6
Walker McGuire,spotify:artist:6jDzxywOhu6CcmS8MVzWlL
Washed Out,spotify:artist:5juOkIIy18sFw9L30syt1Z
Water Park,spotify:artist:56RJNCzsfFiqgbQOQhFTTk
Webbie feat. Lil' Phat of 3 Deep & Lil' Boosie,spotify:artist:1JxZsoCQh7nkYeFyJ6gdvJ
White Lies,spotify:artist:6ssXMmc5EOUrauZxirM910
Whitley,spotify:artist:17C909ZAaDFHCNLhsqsb25
Whitney,spotify:artist:32aUoW94mJ7xTJI7fG0V1G
WHY?,spotify:artist:0d7aBBLFcc4dlETnae6zcH
Widespread Panic,spotify:artist:54SHZF2YS3W87xuJKSvOVf
Will Hoge,spotify:artist:6a8DSomMqspxk3s3WlBjNT
Will Joseph Cook,spotify:artist:3YO2a6i2cfdFbgxk2HDfPe
WillThaRapper,spotify:artist:2OjtQPNBCojtkS81IYdjxY
Wilson Pickett,spotify:artist:0N5PyKJzS3M1XNlaCL7bbE
Win and Woo,spotify:artist:2KPQ6PYAZapLEwMmkzbQxC
Wiz Taylor,spotify:artist:1ZTvrnaYhbhz4eAVPZJzLC
XTC,spotify:artist:2qT62DYO8Ajb276vUJmvhz
Young Rising Sons,spotify:artist:6ZUjdwG0NvY6MT7vvmluhV
Young the Giant,spotify:artist:4j56EQDQu5XnL7R3E9iFJT
Yøuth,spotify:artist:26fAgSvQl82rjfl9yP4uqH
Youth Lagoon,spotify:artist:1Z2KInfSmPOzAIYyiaXeti
Zak Waters,spotify:artist:0B8XBGloduGCBtRK8nm2YF
Lady Bee,spotify:artist:5WuoHUDzojO8oto22ahnwN
Ladyhawke,spotify:artist:5TfnQ0Ai1cEbKY5katFK14
Larry June,spotify:artist:1grN0519h2zYqpRtYbDZAl
Laszlo,spotify:artist:0IYI04P2UzxwxJxvdvKk7P
Laura Branigan,spotify:artist:4463nfFMmK1cwAWBQDwT5e
Laura Marling,spotify:artist:7B2edU3Q7btJoNsoHCNohM
Laura Veirs,spotify:artist:0jkK3K1ATFFHofEWjd2i00
Lauren Alaina,spotify:artist:1v3tdpIdBSW14rHUfiEVOv
Lauv,spotify:artist:5JZ7CnR6gTvEMKX4g70Amv
Lea Rue,spotify:artist:1RPZu5nxPrakSD5NumbgSn
Leeland Mooring,spotify:artist:2ylW0JAtYmQpymRkrvWnJb
Leo Sayer,spotify:artist:04LIHk1SobiQwt2tlupoAV
Lewis Watson,spotify:artist:40ELTAg7Kg6vbWnlyx2n9R
Lights & Motion,spotify:artist:3ff1CmU6qfTqRAmdrq8EEG
Lionel Richie,spotify:artist:3gMaNLQm7D9MornNILzdSl
Lisa Lisa & Cult Jam,spotify:artist:1vgjN6nIPNKiiQGE9PtzTT
Lissie,spotify:artist:3j4FHbC5zwmYGJ7r0ZgaMt
Little Green Cars,spotify:artist:2Vz3AN2wY3xjS2jCaGMVsy
Little Richard,spotify:artist:4xls23Ye9WR9yy3yYMpAMm
LMFAO,spotify:artist:3sgFRtyBnxXD5ESfmbK4dl
Loggins & Messina,spotify:artist:7emRV8AluG3d4e5T0DZiK9
Looking Glass,spotify:artist:5jJN1nmKXzRjodMl1THQeI
L'Orchestra Cinematique,spotify:artist:4m1i53DaEliWzSkSFwqv5W
Lorde,spotify:artist:163tK9Wjr9P9DmM0AVK7lm
Lords Of The Underground,spotify:artist:17Q9sCBpIyS6yM2YyaI6R4
Los Enanitos Verdes,spotify:artist:4TK1gDgb7QKoPFlzRrBRgR
Los Garcia Bros.,spotify:artist:4oI2xE94fPz2FbKvtrJEgD
Los Tigres Del Norte,spotify:artist:3hYtANQYrE6pd2PbtEyTIy
Lucas & Steve,spotify:artist:5wwneIFdawNgQ7GvKK29Z3
Luigi 21 Plus,spotify:artist:77GVmrLGuxNEvj2ibvT62v
Luis Enrique,spotify:artist:2mUI4K6csTQd3jieswcmiI
Luke Christopher,spotify:artist:787bCXOIvGeBw0Bc4kEjhD
Lydia,spotify:artist:1YYxodrdAUSYhO8ueGQtXs
M83,spotify:artist:63MQldklfxkjYDoUE4Tppz
Madden,spotify:artist:7LbuenKfQNLPKzvi1rKPBG
Maisie Peters,spotify:artist:2RVvqRBon9NgaGXKfywDSs
Maître Gims,spotify:artist:0GOx72r5AAEKRGQFn3xqXK
Major Lazer,spotify:artist:738wLrAtLtCtFOLvQBXOXp
Mallrat,spotify:artist:4OSArit7O2Jaj4mgf3YN7A
Mally Mall,spotify:artist:2F4vlQrJakgfJhEW93DFcZ
Manatee Commune,spotify:artist:41JNAYVuPs7zwJbQBQ6tec
mansionz,spotify:artist:2o8lOQRjzsSC8UdbNN88HN
Marc Anthony,spotify:artist:4wLXwxDeWQ8mtUIRPxGiD6
Marcy Harriell,spotify:artist:0WcOp3vKovD7Z1JaFLUbEJ
Mark Ronson,spotify:artist:3hv9jJF3adDNsBSIQDqcjp
Mars Today,spotify:artist:60jVpPkp3hgECctyeE9gWH
Massive Attack,spotify:artist:6FXMGgJwohJLUSr5nVlf9X
Mat Kearney,spotify:artist:2NQEwAVHBNcI0tGMLlWwF1
Mateo,spotify:artist:3ZSqOgN2W2NrJ0kDoMj2g0
Matt Simons,spotify:artist:1g0fXhQMHAxlRyIBkCbuE7
Maverick Sabre,spotify:artist:0ukgrNYk51TkMQr0f2Br4Q
Maxence Cyrin,spotify:artist:3NcPjvA2rp9FPj1JBAXwOS
Mazzy Star,spotify:artist:37w38cCSGgKLdayTRjna4W
Meg Myers,spotify:artist:0W8xe7IqAPlnBRMUpWOUuJ
Meiko,spotify:artist:6tW9jWf8lpuzDzAdVMvNMV
Melanie Fiona,spotify:artist:4O2YL4ygn6eTBC0w1hyWUM
MellowHype,spotify:artist:5CCrgHVEWtg8YTEn1UaYug
MF DOOM,spotify:artist:2pAWfrd7WFF3XhVt9GooDL
Miami Nights 1984,spotify:artist:18iQQOuyGlHunPVzmoLY20
Miami Sound Machine,spotify:artist:18xgcedCGxFbqLbIQn5R8F
Michael Andrews,spotify:artist:4wU6zFiIHLcMt9JMMo4W6v
Khai,spotify:artist:2nUgzaTpZZxmzOh2hGlp64
Kim Carnes,spotify:artist:5PN2aHIvLEM98XIorsPMhE
Kimya Dawson,spotify:artist:5PPCkoOKabpGGhqrUwSikz
King Charles,spotify:artist:6QKDcdjtwqu4E7rztEUQu5
King Kendrick,spotify:artist:5ikNVOJoWdEO41eADi7t9a
Kings of Convenience,spotify:artist:41AbNVba2ccpmcc9QtOJE7
Kiri T,spotify:artist:1gpUtHqrKRAEy8w7ojs8l5
Kodak Black,spotify:artist:46SHBwWsqBkxI7EeeBEQG7
Kristen Bell,spotify:artist:2kHxkdiKCSnHMkhIgFBZaI
Kristian Bush,spotify:artist:6H2X3nGSnuLh8UeEyair9A
Kristin Chenoweth,spotify:artist:3DgcBA7P0ji5co7Z1Gfp2Q
Kristinia DeBarge,spotify:artist:5Z22vlK4DCgDrQgBEqfc8w
KRS-One,spotify:artist:2gINJ8xw86xawPyGvx1bla
La Arrolladora Banda El Limón De Rene Camacho,spotify:artist:5bSfBBCxY8QAk4Pifveisz
Landon Pigg,spotify:artist:1whjlG0NSaQytgDIWz10GS
Lapalux,spotify:artist:46Ce0QmI1mE2bl5VQ4P9N8
Lary Over,spotify:artist:1jSjfSgDjedJdi5MoyRu78
LAY,spotify:artist:4o7tWrzQOqarDtTMWD2HV9
Lee DeWyze,spotify:artist:1KNNZV9twnpQBqyUoGvWA6
Leigh Harline,spotify:artist:7aXWrnm0b8kKzTTgzublaZ
Lenny Cooper,spotify:artist:4GhUchfx0YFPsDaXZRJp8v
Leon Bridges,spotify:artist:3qnGvpP8Yth1AqSBMqON5x
Leroy Vine Jr,spotify:artist:59hf9oj2NxH7gMlSV1HkC6
Liars,spotify:artist:2z78AlkdwE2Ghj9EB50M6z
Lil Durk,spotify:artist:3hcs9uc56yIGFCSy9leWe7
Lil Lonnie,spotify:artist:6zSBkdKFLKKggDtE3amfCk
Lil Rob,spotify:artist:7B7TGqQe7QTVm2U6q8jzk1
Lil' Troy,spotify:artist:12mkoe71zJDWs4j0rCeXGR
Lily & Madeleine,spotify:artist:1kCC5slv2AdQ6MxcKP2fEQ
Lindsey Stirling,spotify:artist:378dH6EszOLFShpRzAQkVM
LINES,spotify:artist:5O56JMMTXtq0oqSWqqk2uX
Lisa Shaw,spotify:artist:36AfPbkMSwrFoWMQ9sUARb
LissA,spotify:artist:6aAestjbtEbALwyIYPg8Na
Little Boots,spotify:artist:0MoXIHcFwhIWnFgBfdvQ30
Little Mix,spotify:artist:3e7awlrlDSwF3iM0WBjGMp
Living Colour,spotify:artist:6Uhp7WA6sjm5ZL6Xz561de
Logan Mize,spotify:artist:7tje8UB3cuR1ZfeJx2U38T
Lolawolf,spotify:artist:6ABaV7mB6WIZKgfEEtWCf8
Loona,spotify:artist:7ugN9bU7x54gVI2295brJF
lostprophets,spotify:artist:7KnaZr690xW0sCihF9Z8oP
Lot. 12,spotify:artist:2ccNTEo9vy90RJuESSSg9z
Lou Reed,spotify:artist:42TFhl7WlMRXiNqzSrnzPL
Louis XIV,spotify:artist:60NKN6tZYKbkjX1qpFQIqF
Ludwig van Beethoven,spotify:artist:2wOqMjp9TyABvtHdOSOTUS
Luther Vandross,spotify:artist:19y5MFBH7gohEdGwKM7QsP
Lyle Lovett,spotify:artist:0zlJDQgqnr9AocrH9gs1Es
M Milli,spotify:artist:17Apb0lkk5hL942CwP62Eh
Mac Demarco,spotify:artist:3Sz7ZnJQBIHsXLUSo0OQtM
Mack Keane,spotify:artist:7fNI5DhplKeFCErRvzRCVO
Mae,spotify:artist:17Ht3puBDQIHTXvQTYYI3b
Magic City Hippies,spotify:artist:1ikg4sypcURm8Vy5GP68xb
Maia Wilson,spotify:artist:5FghcZFWriEQFftyizgKEU
Mainland,spotify:artist:1glS4fPaSC5EgMTnOsiXif
Maino,spotify:artist:20apXQGKM00jJTvYfyKwlb
Manchester Orchestra,spotify:artist:5wFXmYsg3KFJ8BDsQudJ4f
Manfred Mann,spotify:artist:5670CyWrIOA7702gNjsGMZ
Marc E. Bassy,spotify:artist:3tQx1LPXbsYjE9VwN1Peaa
Mariah Carey,spotify:artist:4iHNK0tOyZPYnBU7nGAgpQ
Marianas Trench,spotify:artist:68EB3QvNdVLkC7SAgDbHIR
Marie Miller,spotify:artist:6zO6YtmClhozAfxR05frh2
Mark Wills,spotify:artist:0dlwjJe4kg9TgOMN184bJF
Marty Robbins,spotify:artist:0Xi59sEw38vRvwleSAVqoo
Speelburg,spotify:artist:0bn8cJWYNORYFzNUxTb8n1
Sports,spotify:artist:4AGNJdJiVltImYk1UTLE0K
Stanaj,spotify:artist:3zrUX1hQrUB9aXcOiyQLmN
Stanley Wayne Mathis,spotify:artist:7IwQ8Cr68eQr3UxrLzcmlv
Star Cast,spotify:artist:6UKDgKJpv0MCwiQHbllkfR
Starkillers,spotify:artist:6gJE2UbjRlQBb0dFmMQTm0
Stephen,spotify:artist:64N1HzkQEXvjlJBQinWeu2
Steve Kazee,spotify:artist:2E0WuV49YeVlDWrmLf4jKK
Steven Jame$,spotify:artist:4xdSwYhRW3XbJZ53L7NCRB
Stolen Jars,spotify:artist:5EAJ2dKLdisq7BOJHQ1B7r
Sturgill Simpson,spotify:artist:3vDpQbGnzRbRVirXlfQagB
Styx,spotify:artist:4salDzkGmfycRqNUbyBphh
Sub Focus,spotify:artist:0QaSiI5TLA4N7mcsdxShDO
Sundara Karma,spotify:artist:4fgXfJCQnK6c44u4KzAtQP
Susie Suh,spotify:artist:6zDFhpdu4WUVVGTz0JSLMh
Swift,spotify:artist:7liBmb2BzlaNhqkBsNgVEB
SWMRS,spotify:artist:7dLkuQHF2ijbK6jiLFyIWM
SŸDE,spotify:artist:2AgbDbAVnc4y7oB2QxISmJ
Tag Team,spotify:artist:3NfJ6VPVz0lf3jWy5F1N7g
Taio Cruz,spotify:artist:6MF9fzBmfXghAz953czmBC
Tal Bachman,spotify:artist:3KEb1kbIZN5jumsjFEWgSW
Tedy,spotify:artist:2Iyxo030DdKWKmhhEaS22p
Tenth Avenue North,spotify:artist:7v35CkHBaT1SStgQHl95a0
Terraplane Sun,spotify:artist:2jUEbzY3ihXrzqOaTV6jTF
Terror Squad,spotify:artist:2BvzbqWWwLN11XGBYgDZzx
The 15th Floor,spotify:artist:2Uxk6dqoiLAVntcLpHfpf4
The Academy Is...,spotify:artist:3jwm6OBdUY5xzFiFIPhMHu
The Almost,spotify:artist:5X09SRt3qx77eh0XRreLjr
The Amity Affliction,spotify:artist:6kNKUYGn6VNGsRoXmyoDPK
The Band Perry,spotify:artist:75FnCoo4FBxH5K1Rrx0k5A
The Beat,spotify:artist:4R90PNicCsCsEoRm8XwiMS
The Beatles,spotify:artist:3WrFJ7ztbogyGnTHbHJFl2
The Blind Boys Of Alabama,spotify:artist:5TVL4FXEntBYZb3ujyt6fH
The Blue Van,spotify:artist:194t6dRuvsKUfqu6J21g5K
The Boxer Rebellion,spotify:artist:7DEseTqRODmSu3C7jxCHl5
The Chiffons,spotify:artist:05sIdEkXAYDbDDdv3T56Oj
The Devil Makes Three,spotify:artist:63knPlGzLHTNDf1J78Fvte
The Drums,spotify:artist:0p5axeJsbtTCXBrRVoKjwu
The Gap Band,spotify:artist:4TwHRCIu3Xg9fjS3l7owkp
The Ghost Inside,spotify:artist:6kQB2RN7WwryMdJ1MoQh1E
The Griswolds,spotify:artist:3nUbzTTtP2w4HqvT5y5vkV
The Heavy,spotify:artist:0bZCak2tcRMY1dzEIuwF42
The Hives,spotify:artist:4DToQR3aKrHQSSRzSz8Nzt
The Hollywood LA Soundtrack Orchestra,spotify:artist:7AjHgPMs8gST9qpPuritzX
The Human League,spotify:artist:1aX2dmV8XoHYCOQRxjPESG
The Hush Sound,spotify:artist:1RCoE2Dq19lePKhPzt9vM5
The Intruders,spotify:artist:30q5mqJmdYPaKabPMytzvv
The Kingsmen,spotify:artist:2iIn8H3l2NNBNHFpYKWbfo
The Kinks,spotify:artist:1SQRv42e4PjEYfPhS0Tk9E
The Kooks,spotify:artist:1GLtl8uqKmnyCWxHmw9tL4
The Lacs,spotify:artist:23OFz99wX0NDBBwrxthLWU
The La's,spotify:artist:47Z8LEl3LnQkcpva0xSthT
The Limousines,spotify:artist:2rKoD8HgdamRQpAtp4N4BA
The Melodic,spotify:artist:1UdfOmrFJrE1xwo5ldmZbx
The Minions,spotify:artist:3NVrWkcHOtmPbMSvgHmijZ
The Moody Blues,spotify:artist:5BcZ22XONcRoLhTbZRuME1
The Neighbourhood,spotify:artist:77SW9BnxLY8rJ0RciFqkHh
The Offspring,spotify:artist:5LfGQac0EIXyAN8aUwmNAQ
The Orwells,spotify:artist:7ia4FaCVsbXvhVwagCJk7l
The Penguins,spotify:artist:6lOk7hCr8x3O9vHwylXyHR
The Pointer Sisters,spotify:artist:2kreKea2n96dXjcyAU9j5N
Lil' Flip,spotify:artist:4Q5sPmM8j4SpMqL4UA1DtS
Lil Jon & The East Side Boyz,spotify:artist:3ciRvbBIVz9fBoPbtSYq4x
Lil Reese,spotify:artist:1bPxKZtCdjB1aj1csBJpdS
Lil Uzi Vert Gucci Future,spotify:artist:53tjQAAoj0K3WsWGiO7mHM
Logan Paul,spotify:artist:7uMSsrbX9MJzf161IcY7KU
Lola Marsh,spotify:artist:56UIK6wmbbxuQ6VA20vrWD
LOLO,spotify:artist:0H0OkFxp022WOyKlt3HmlA
London Philharmonic Orchestra,spotify:artist:3PfJE6ebCbCHeuqO4BfNeA
Lookas,spotify:artist:27fy6rHPC58Eo2VUu0iJSG
Los Cuates de Sinaloa,spotify:artist:6qrWzQSK00anTGkydomNW7
Los Lonely Boys,spotify:artist:4aSEmLLxLX9wR5aLMllOKj
Los Nuevos Rebeldes,spotify:artist:3OFZZxPrO2uYjDVglqTwEr
Los Prisioneros,spotify:artist:2mSHY8JOR0nRi3mtHqVa04
Loud Luxury,spotify:artist:6t1gpxYbY8OlLA7D2RiikQ
Lowell,spotify:artist:3MJ2o2vTovueQARKmOzHls
LSG,spotify:artist:1J3nCyJ2KtGhh9JuywOrVD
Luke Combs,spotify:artist:718COspgdWOnwOFpJHRZHS
M. Keali'i Ho'omalu,spotify:artist:4UHGbgtWLCce28OE2VZZGp
MAGIC!,spotify:artist:0DxeaLnv6SyYk2DOqkLO8c
Magnifikate feat. Jess Nitties,spotify:artist:6S2tR6p4xGzMhu4NH63CtG
Mako,spotify:artist:15QGK4dwzaBD2ePhKYwH7s
Maleek Berry,spotify:artist:520qA5VGL9iI0SbmEnTVNg
Mario Vazquez,spotify:artist:7iMjWsjqbmYLobomSh4B64
Mark Mancina,spotify:artist:4pVaQcaBqbvk0ucB4r65e3
Mary Costa,spotify:artist:1qeo0u3hwxCBcYsn3a4kyo
Mary Jane Girls,spotify:artist:7vRMMs8yrKf4PKUpUllMkr
Mason Jennings,spotify:artist:6CQrZZn0g2ZNfIcXbi4pdo
Mat Zo,spotify:artist:2n7USVO8fO8FF8zq4kG2N1
Matchbook Romance,spotify:artist:5cCgzhFyRJVydeO23BqgLG
Matt Redman,spotify:artist:0bz9hDpUbAw5JElgEiuIYZ
Matt Wertz,spotify:artist:6JVRYNneRsYNInT4TNr5vU
Melanie,spotify:artist:6sOP8RUFR0q0nBOBOXGdBK
Michael Bublé,spotify:artist:1GxkXlMwML1oSg5eLPiAz3
Midland,spotify:artist:1DTZRmlVZBxx2wRQBtx6yi
Migos,spotify:artist:6oMuImdp5ZcFhWP0ESe6mG
Miles from Kinshasa,spotify:artist:6ZWpMqNWzoiiQScsuzeBaE
Milo Greene,spotify:artist:5euJsEvfrlfhYDorMR40OF
Minnie Riperton,spotify:artist:2i1IdHG5w0wiSmJGoqAGlj
Mint Condition,spotify:artist:4MT97VeycuegSicrrphisJ
Mipso,spotify:artist:5Bcrb5qQMVTEbJ43fdIS4A
Miss Piggy,spotify:artist:0r1QrxNtH4pRKXyiCJwZUn
MISSIO,spotify:artist:2HOMW1liAxI3URnEq95SMS
Mitchell Tenpenny,spotify:artist:1p6CdzJRoicjRcSdWoB9Qc
MOD SUN,spotify:artist:3u2R8st1bb6zfBqNWceRXG
Møme,spotify:artist:4lDXfIznmGueBgTjI3qGUX
Monchy & Alexandra,spotify:artist:3rs3EOlJ8jyPpdGiQ9Mhub
Moonlight Sonata,spotify:artist:4QXbXm4691kJuSPySJDMGV
Morningsiders,spotify:artist:5hPR4Atp3QY2ztiAcz1inl
M-Phazes,spotify:artist:4B1CeNsCcLfOvRBJ34UUSX
Ms. Jade,spotify:artist:0WjnlObkDedRrSBTC9N3lW
Mt. Wolf,spotify:artist:4GLzX588I9R2vs0nTHhD6Z
MUNA,spotify:artist:6xdRb2GypJ7DqnWAI2mHGn
My Darkest Days,spotify:artist:64g59lHsc4g2jMFokrKDGW
Mystery Jets,spotify:artist:09K1H1DgyIXHsMx2j7KTFX
Nacha Pop,spotify:artist:1CdLG4i1rTEOsex2UE0jCH
Nadia Ali,spotify:artist:1C60viSZv6BoYtrnkZ44g5
Naked Eyes,spotify:artist:3C6chBmZ9wzisBhoh8G2nK
Natalie La Rose,spotify:artist:2qdONMCoDngQk0eV4Avs1i
Nathan Lane,spotify:artist:0P0do9GwiSgweSF6Ui3mrv
NEIKED,spotify:artist:5H6xmHXjsq98NLbEjuE29f
NERVO,spotify:artist:4j5KBTO4tk7up54ZirNGvK
Imaginary Future,spotify:artist:470WlqN9HSRDGNaMufeHHF
Immortal Technique,spotify:artist:7h8ja4JSORo2sXJPmCXRxa
Ini Kamoze,spotify:artist:1VJspRsoC6c0bvqhnSiFCs
Irene Cara,spotify:artist:3oZa8Xs6IjlIUGLAhVyK4G
Jabberwocky,spotify:artist:7xfdx6PiB50V9VWI4Mq70R
Jack Johnson,spotify:artist:3GBPw9NK25X1Wt2OUvOwY3
Jack Ü,spotify:artist:1HxJeLhIuegM3KgvPn8sTa
Jake Isaac,spotify:artist:6q94KewnCnut4Ta36dCoaB
Jake McMullen,spotify:artist:0kBHkziT1rQpUBWW08p2dN
Jake Owen,spotify:artist:1n2pb9Tsfe4SwAjmUac6YT
James Horner,spotify:artist:3PhL2Vdao2v8SS8AptuhAr
James The Mormon,spotify:artist:3duSIkjjt6d8tLK7EP4shQ
Jamie T,spotify:artist:3Rsr4Z96O6U3lToOiV3zBh
Jane's Addiction,spotify:artist:02NfyD6AlLA12crYzw5YcR
Jaquae,spotify:artist:77sK34HEoBEkzo0jNCVR1t
Jarreau Vandal,spotify:artist:6f96znq79wvlknKHHHhtTW
Jason Castro,spotify:artist:6lv3DKGOLy7HkRUmt6DiEd
Javier Martinez Maya,spotify:artist:73n1XsUsBUw8XKg1W5DQaf
Jay Hardway,spotify:artist:12SPNXi0aDpFt0rMVbmLrr
Jay Sean,spotify:artist:4pADjHPWyrlAF0FA7joK2H
JAYLIEN,spotify:artist:6t3YMGSTDtFDBUFfUHsJS0
Jeff Buckley,spotify:artist:3nnQpaTvKb5jCQabZefACI
Jeffrey East,spotify:artist:3f8yNgA4o9YVIq87Kv0O0S
Jefr Tale,spotify:artist:0fojCSjHUGoeGMPYbEZybu
Jenn Johnson,spotify:artist:0cuW2lF0YWb9VUyHOnvnsO
Jeremy Loops,spotify:artist:0Dct2Gu0qEbgGRjfaxew8g
Jeremy Zucker,spotify:artist:3gIRvgZssIb9aiirIg0nI3
Jesse Daniel Smith,spotify:artist:2ciKXsw2J3JHto2f38qc0W
Jessica Simpson,spotify:artist:2tFN9ubMXEhdAQvdQxcsma
Jessie Ware,spotify:artist:5Mq7iqCWBzofK39FBqblNc
Jethro Tull,spotify:artist:6w6z8m4WXX7Tub4Rb6Lu7R
Jewel,spotify:artist:6FbDoZnMBTdhhhLuJBOOqP
Jim Brickman,spotify:artist:2NzWRNaaLByHyI3wpuec8P
JJ Heller,spotify:artist:7dq8KEwf0kQXJhM79iwcPh
JMSN,spotify:artist:6HCkJzbswOIc7Qc5TJ1n5l
Jo Dee Messina,spotify:artist:3ltFy7g6KKQPPttsdOMlq3
Joe,spotify:artist:3zTOe1BtyTkwNvYZOxXktX
Joe Anderson,spotify:artist:6EdedFZ0TxPvIRZzj0yF6s
Joe Jonas,spotify:artist:7gbmX8SsfjEjxDMzBi1ZOL
John Butler Trio,spotify:artist:6fBF4MULW5yMzyGaon1kUt
John Denver,spotify:artist:7EK1bQADBoqbYXnT4Cqv9w
John Hiatt,spotify:artist:4Sld5LOPbAm1QSq9U32fFV
John Mayer Trio,spotify:artist:68xuC1qXRhCUvGd4SSM655
Joni Mitchell,spotify:artist:5hW4L92KnC6dX9t7tYM4Ve
Jonwayne,spotify:artist:3i7IUsb5VsiJAKqX2Md9Fc
Jordan Fisher,spotify:artist:60wslYioiBcxSTInM4nIy2
Josh Garrels,spotify:artist:16QSVsPKl743hu4U5C18R8
Josh Jenkins,spotify:artist:20nyUQUh2kYdqOauF3y3Pu
Josh Ritter,spotify:artist:6igfLpd8s6DBBAuwebRUuo
Joyce Manor,spotify:artist:7qbvNcfTfckhCNM8NiR8nN
Judy Kuhn,spotify:artist:7tHd518aPjJYUgyv9bidBz
Juice,spotify:artist:4hV7ZszBMz3P4BWKlHU0be
Julie Byrne,spotify:artist:10duXbKJkvdGK5RgktEnxV
Just Blaze and Baauer,spotify:artist:2kw8olPmGrNbVcYS2x3dtk
Justin Bieber,spotify:artist:1uNFoZAHBGtllmzznpCI3s
Justin Jay,spotify:artist:5k5eiijuHxrGwXp2Pz37GZ
K7,spotify:artist:23H1ellgs9wxOBx2V0fkao
Karen Harding,spotify:artist:1QOHbhVRpDoNtRkz79si6b
KAYTRANADA,spotify:artist:6qgnBH6iDM91ipVXv28OMu
Kb Remix,spotify:artist:3sfo56R9wpAVUcxqAIa9JJ
Kelsea Ballerini,spotify:artist:3RqBeV12Tt7A8xH3zBDDUF
Kenny Rogers,spotify:artist:4tw2Lmn9tTPUv7Gy7mVPI4
Mr. Big,spotify:artist:5OfhOoKunSnuubxxRML8J3
Mt. Eden,spotify:artist:3YAy9OUnnRsk2JLTaOLcw2
Mullally,spotify:artist:4oc6eCUAzc3EcutZmmAg5y
Muse,spotify:artist:12Chz98pHFMPJEknJQMWvI
Musical Youth,spotify:artist:2CuzDPkRD6BJBvdWqCrt2I
My Brothers And I,spotify:artist:01pbsrLZgBLuMIoU10Ypyb
Naomi Scott,spotify:artist:2Zi3RrdQqk63Xj0914STkS
Nat & Alex Wolff,spotify:artist:32fNbCzrzfsTbMHjznvm4S
Natalia Kills,spotify:artist:6wdvERzX4CUCOXu6hSS95x
Natalie Imbruglia,spotify:artist:0dlOr0VIysztGWvU1dpjmP
Natalie Taylor,spotify:artist:2WxjxdeF7GGdcCK276qViY
Nathan Hawes,spotify:artist:3TCZ7tmHZOrKKwkikHcSwd
Naughty By Nature,spotify:artist:4Otx4bRLSfpah5kX8hdgDC
Naxxos,spotify:artist:2iG0HNCECG2DxXxSUcMhEX
New Grass Revival,spotify:artist:4H2wzhX55UWQ9POEPok5j5
New Order,spotify:artist:0yNLKJebCb8Aueb54LYya3
Newsong,spotify:artist:1Ng8jGC4dL0gkkuh77pbpX
Next,spotify:artist:2MGT7CYlixSPxAnnkhLpaA
Night Riots,spotify:artist:67Dg546QfThu4PuanvFD8y
Nina Sky,spotify:artist:6eBYLQONaYZhZNAVK061t6
Nitty Gritty Dirt Band,spotify:artist:7y70dch6JuuuNnwlsOQvwW
No Doubt,spotify:artist:0cQbJU1aAzvbEmTuljWLlF
Nonpoint,spotify:artist:6BdSOHfQ6kMg0tbAFlXR1z
Obadiah Parker,spotify:artist:3Kji8hBU9Tqea6pAWRwagQ
Obie Bermudez,spotify:artist:0caLxEeeNrpE0noxdInoGe
Olivver the Kid,spotify:artist:3SoOohS0zlj8nLdGmhrKA7
Olympic Ayres,spotify:artist:4Bz5TfMslds0eViTxhE6gK
Ookay,spotify:artist:1HQGhla3VNj1dBmKTtVT2t
Oso Oso,spotify:artist:63GTn25wbdRNX3ijCHvYxD
Otis Redding,spotify:artist:60df5JBRRPcnSpsIMxxwQm
Ozzy Osbourne,spotify:artist:6ZLTlhejhndI4Rh53vYhrY
P.M. Dawn,spotify:artist:5DgjOwTN6o76J5Gf8MzEoL
Parachute,spotify:artist:2PCUhxD40qlMqsKHjTZD2e
Paul Baloche,spotify:artist:1jH3GuQCPI87UrS0hcScHr
Peggy Wood,spotify:artist:29NNghIZ6BIjrQyyXCkxxp
Perfume Genius,spotify:artist:2ueoLVCXQ948OfhVvAy3Nn
Pete Rock,spotify:artist:3BeQqzKdlARoOd6y30kCO2
Pete Yorn,spotify:artist:5l2EAkfckNPYZbEDbQtEkO
Phantom Planet,spotify:artist:0LsTFjEB1IIrh7IlTxs1GY
Phony Ppl,spotify:artist:0oBsnAC3fzYkTHF3bkfNx6
Phora,spotify:artist:5XDJlfdfbGNJrOJJNxTcdq
Pimp C,spotify:artist:7v9bFXCdSMA2o3gS4nvp0F
Queen Latifah,spotify:artist:5m7wCUhYhBh7A3A3YMxrbt
Queens of the Stone Age,spotify:artist:4pejUc4iciQfgdX6OKulQn
R.K.M & Ken-Y,spotify:artist:3jFjgKOGfVLWfXX8q5wrsg
Radney Foster,spotify:artist:5g9qBduN6VR3dzHA8eCTEW
Rajiv Dhall,spotify:artist:5vZ5k7ySgoaLpLdZB98nfo
Rakim,spotify:artist:3PyWEKLWI0vHPmoNrIX0QE
Rasputina,spotify:artist:4DeF1n7pWrs52PhWd2sEyr
Rationale,spotify:artist:2IQDM5URYGYfSMmwhTCmyy
Ravyn Lenae,spotify:artist:5RTLRtXjbXI2lSXc6jxlAz
Ray LaMontagne,spotify:artist:6DoH7ywD5BcQvjloe9OcIj
"Ray Parker, Jr.",spotify:artist:0NyzfcGDZZ6GM25EBG9BYK
Refused,spotify:artist:5sdxGvwxI1TkTA6Pu2jnTb
Regulo Caro,spotify:artist:0YRwUbRxrawmnBdixwJi5W
Rehab,spotify:artist:1qh1aHXy7LRcb7eyriuJTS
Rejjie Snow,spotify:artist:3lLHpTOJ11tWiUNGYN14gt
Reo Cragun,spotify:artist:08v1r0jqDyvSo2LtSqHxcy
Reyli Barba,spotify:artist:69BUYvpG9MbjCyIZfsFdhJ
Ricardo Arjona,spotify:artist:0h1zs4CTlU9D2QtgPxptUD
Richard White,spotify:artist:3VJHDGyXflZQf3k13816eQ
Rico Love,spotify:artist:2GEcMpeGIad5O23WxDRFMn
Moonchild,spotify:artist:1VgjAK52kjkQJQQRhTn02t
MOONZz,spotify:artist:7cTaYwNT1P49mASgKULKab
Moosh & Twist,spotify:artist:52lUXCmpmAIVsgNd1uADOy
Mosaic MSC,spotify:artist:4hAridhpYF50cbO6o7jB3b
MOTi,spotify:artist:1vo8zHmO1KzkuU9Xxh6J7W
Mount Dreams,spotify:artist:6Ah6MMotJQevJaj47PDXMV
Mount Kimbie,spotify:artist:3NUtpWpGDoffm3RCGhSHtl
Mourning Ritual,spotify:artist:62lOVVcnIqUzWdGvTRU4kz
Mr. Capone-E,spotify:artist:3BG9cpTxZQzQChcsp7ss9a
Ms. Lauryn Hill,spotify:artist:2Mu5NfyYm8n5iTomuKAEHl
Mud Digger,spotify:artist:2feViTLOUpiSsypFLtrRLs
Mudvayne,spotify:artist:2Pfv2w8a20xzC7Dr7QXRqM
Mungo Jerry,spotify:artist:2mbvqMGpwLsakeH45p1Jrb
Murray Head,spotify:artist:479Yp6DvyXoIaCssAxB4QR
Nas,spotify:artist:20qISvAhX20dpIbOOzGK3q
"Nas & Damian ""Jr. Gong"" Marley",spotify:artist:3w2WYNyPCPkZFoC1EqfCMe
Nate Ruess,spotify:artist:1qUjOF5fzrpoNycD36b2jZ
Neil Sedaka,spotify:artist:5N6GwJzOcOY5kv8p0NjhYL
Nelly Furtado,spotify:artist:2jw70GZXlAI8QzWeY2bgRc
NGHTMRE,spotify:artist:76M2Ekj8bG8W7X2nbx2CpF
Nicole Atkins,spotify:artist:4ab2tQaaTr2TnairelOwvO
Nicole Scherzinger,spotify:artist:40xbWSB4JPdOkRyuTDy1oP
Night Ranger,spotify:artist:1Ha0Fz4i0d4gu5fZbhBCtH
Niki & Gabi,spotify:artist:4ky35VlSWzD5iKz1eLFaUU
Nipsey Hussle,spotify:artist:0EeQBlQJFiAfJeVN2vT9s0
Niva,spotify:artist:3BvEQzdNFTD0hoeZCAt3WZ
Niykee Heaton,spotify:artist:63bCkf4n15jiKjHhLV7kSZ
Nyck Caution,spotify:artist:1ZyUXvaBXUsIZ3JD6jYGkt
Obie Trice,spotify:artist:2XnnxQzxFZG8qEPjakokPM
OC,spotify:artist:5Wn0klrAwDcTdJkvwwmzLL
Old School Players,spotify:artist:5anDRAnt2u0S0vwgotMYX7
Open Mike Eagle,spotify:artist:5CuU6SRJjbbZL926nSGGxX
Oscar Isaac,spotify:artist:5opRYqktzpMFqZ7jtnp7yy
P.O.D.,spotify:artist:6KO6G41BBLTDNYOLefWTMU
Pac Div,spotify:artist:5504Qqp7s40bqBqzWMEByl
Palmistry,spotify:artist:4qm6T9pMFiyCDHFTHZchrY
Papa Roach,spotify:artist:4RddZ3iHvSpGV4dvATac9X
Paperboy,spotify:artist:6G62DWLrirhPFrzRQGQrHF
Paris Jones,spotify:artist:1buXx0RSkvGYCCiAl03JIp
Passenger,spotify:artist:0gadJ2b9A4SKsB1RFkBb66
Passion,spotify:artist:6piIAIurGAryW5h1rqQC16
Patrick Baker,spotify:artist:73PTYegu3D1i5vRERzcBhT
Patrick Stump,spotify:artist:0wsdUS0EJ7zHgti2nxTVWR
Patrick Watson,spotify:artist:7bPs6jf983f0bjRAt1yxDM
Patti LaBelle,spotify:artist:0ty0xha1dbprYIUAQufkFn
Percy Sledge,spotify:artist:3rRmDmzPcAFwcUDvG5gBqO
Pet Shop Boys,spotify:artist:2ycnb8Er79LoH2AsR5ldjh
Pete Rock & C.L. Smooth,spotify:artist:3fJ60AcIgLzQkVitEvA7uq
Peter Schilling,spotify:artist:7ip3CWlgPZbQHvgJpmcGSS
Petey Pablo,spotify:artist:4Js9eYwAf9rypNtV8pNSw9
Phil Vassar,spotify:artist:1XhhO2dTs2fKyhILj0aam6
Phil Wickham,spotify:artist:5d1JhBfyb58upMXCZOdbQu
Phineas and the Ferbtones,spotify:artist:1pz6Uk6RETJmyNuxp4TD5m
Pierce The Veil,spotify:artist:4iJLPqClelZOBCBifm8Fzv
PJ Harvey,spotify:artist:12VaqyEhgwDRuFfEqbnrpz
Placebo,spotify:artist:6RZUqkomCmb8zCRqc9eznB
PLVTINUM,spotify:artist:4V2pR2iSd1g0RZCglrP3jn
PREP,spotify:artist:31SBgHxc8eqZUk9MdveH42
Priscilla Ahn,spotify:artist:5oU0tZlItLctcLOQPS3mCy
Pulp,spotify:artist:36E7oYfz3LLRto6l2WmDcD
Pumped Up DJs,spotify:artist:2YSs6SETkdhnFdxUt6qe85
Pusha T,spotify:artist:0ONHkAv9pCAFxb0zJwDNTy
Jaira Burns,spotify:artist:0tRFWXqKBBQcu5oFVOgVzX
James Marsden,spotify:artist:4PMcxAosgYzNpvMCq04K7u
James Taylor,spotify:artist:0vn7UBvSQECKJm2817Yf1P
Jamey Johnson,spotify:artist:5yhxqYI0JBwUKfXpSEjiM8
Jasmine V,spotify:artist:3vskr7Z0TqgoYUi1iLnhy8
Jason Lancaster,spotify:artist:2qelzpB6RrJtn77f5yWmES
Jason Mraz,spotify:artist:4phGZZrJZRo4ElhRtViYdl
Jawga Boyz,spotify:artist:4rfTlSG4QNPCdjo57jAmMW
Jedi Mind Tricks,spotify:artist:0PI3pXpUMScjweiw3IbADc
Jermaine Dupri,spotify:artist:6nfYGe7IIuuP5bMY1jkJP6
Jess and Gabriel,spotify:artist:6wwj6pIJdMJJyDQsQVtPzR
Jesse Woods,spotify:artist:0yCYrNUvVe4VVz7xSZ1xei
Jessie Mueller,spotify:artist:4okEmrM2O6CEW6en3fRWUy
Jesús Adrián Romero,spotify:artist:29SeiO68HQHBs7pDdWOvvX
Jhawk Productions,spotify:artist:37aQHDQ1doIuiVOCeJfXFy
Jibbs,spotify:artist:4USNIVeRwXIAdbVSTqelbh
Jill Baylon,spotify:artist:1w2Fy8mrItCpJCqaPQsdIz
Jim Sturgess,spotify:artist:15cfE4nzURJUvrUyqsrMuF
Jimi Hendrix,spotify:artist:776Uo845nYHJpNaStv1Ds4
Jimmy Cliff,spotify:artist:3rJ3m1tM6vUgiWLjfV8sRf
Jimmy Eat World,spotify:artist:3Ayl7mCk0nScecqOzvNp6s
Joe Strummer & The Mescaleros,spotify:artist:2j0a6SKKTAXaaNWU3pl86d
Johann Sebastian Bach,spotify:artist:5aIqB5nVVvmFsvSdExz408
John De Sohn,spotify:artist:3TVjdmhfFoYJLgBEkkZTBm
John Farnham,spotify:artist:1QxaPWG1POM8Ul6WwsHq4y
Johnny Gill,spotify:artist:7oHzn7edwmrYClrPRINkbn
Johnny Hates Jazz,spotify:artist:6zpPKMhpOoG646kJgZ7RKf
Jon Lajoie,spotify:artist:0ru4hXR4RJY1mikvbQKgWa
Josh Turner,spotify:artist:7vCtweS8UVAXTyau2j0rDT
Joshua Radin,spotify:artist:7omzannyG2lfDqP5xyZo34
Junior Prom,spotify:artist:29noXXNLw1uvxcnd6PLMkS
Justin Timberlake,spotify:artist:31TPClRtHm23RisEBtV3X7
K CAMP,spotify:artist:5bgfj5zUoWpyeVatGDjn6H
Kalimba,spotify:artist:4RjamFQJNT8nVbTKXJDJgv
Kasket Club,spotify:artist:0b3Qo1mk6w8cjcq1TmJiWy
Kay Kay and His Weathered Underground,spotify:artist:2Ra4T0DAERysB9T5HMpL5T
KDA,spotify:artist:3EK3opK9Hp93HJjBPupzfg
Keith Anderson,spotify:artist:4AgQTHagFdBq8VL791lSXz
Keith Ape,spotify:artist:6f9bmfkqiYbhCtdAZsv7KI
Keith David,spotify:artist:1LPgqTHt7RmHwYtS9KQTMY
Kenny Lattimore,spotify:artist:1UjTUqWfGkof4L5HO5NmzP
Kevin Lyttle,spotify:artist:1GaBsp1ICIp1e6udgE7fba
Khia,spotify:artist:3q7isf09BuwXLyR2khBs60
Kiko Rodriguez,spotify:artist:1YYp1qwJ7EAitFINQ7gOKV
Kim Wilde,spotify:artist:73a6pNH4YtLNgDbPQwXveo
King Arthur,spotify:artist:2qPxiZiD34NtmokWN6RoP2
Kings of Leon,spotify:artist:2qk9voo8llSGYcZ6xrBzKx
K'NAAN,spotify:artist:7pGyQZx9thVa8GxMBeXscB
Krrum,spotify:artist:1qxSVLNqRcdhXPkE6suUlN
Kyle Park,spotify:artist:5uZZpd0gd1c36OcQBGxgGC
L.A. Guns,spotify:artist:22TEmHXBBLjTec2LOAuMdS
Låpsley,spotify:artist:27ze6hCgfr3HcDZAHY60pg
Lea Michele,spotify:artist:16rJDrSGCHMXjPUuKwQcvp
Lee Brice,spotify:artist:5Zq7R5qmi58ByYyBQTlNuk
Lennon & Maisy,spotify:artist:720fJ5sGqAOhvU2IUypqIr
LÉON,spotify:artist:4SqTiwOEdYrNayaGMkc7ia
Leslie Odom Jr.,spotify:artist:3cR4rhS2hBWqI7rJEBacvN
Lil Pump,spotify:artist:3wyVrVrFCkukjdVIdirGVY
Lil Uzi Vert,spotify:artist:4O15NlyKLIASxsJ0PrXPfz
Lilla Crawford,spotify:artist:18pAOZ9PvoRllQsjLXwYjh
LION BABE,spotify:artist:4VA3EAvncrTucjTmrvd4GE
Laidback Luke,spotify:artist:53cQZtWDwDJwVCNZlfJ6Qk
LANCO,spotify:artist:2lRH2dgU5Kk4Bc5phmII4T
Larry Hernández,spotify:artist:6djNDzSg08mnh2Ayoh6Ovn
Laura Izibor,spotify:artist:1WKj0LfG2ZQXTszvdQ5yPK
Lawrence Taylor,spotify:artist:7so1HCxGkBmfqdvIF5HzkT
Le Tigre,spotify:artist:2n6FviARgtjjimZXu18uRM
Leon Else,spotify:artist:44cEDUhrf8SHUvGx5iE6O8
León Larregui,spotify:artist:4ClsVDy2g7RKSSlvq8cF6d
Leonard Cohen,spotify:artist:5l8VQNuIg0turYE1VtM9zV
Lesley Gore,spotify:artist:08b2PA6eFyugsWAk41eQKZ
Lia Marie Johnson,spotify:artist:4GaA53bqvMoSs2WzEFGiLe
Lil Jon,spotify:artist:7sfl4Xt5KmfyDs2T3SVSMK
Lil' Kim,spotify:artist:5tth2a3v0sWwV1C7bApBdX
Lil Ronny Motha F,spotify:artist:6uft3KriUGneffNm6jyAug
Lin-Manuel Miranda,spotify:artist:4aXXDj9aZnlshx7mzj3W1N
Little Daylight,spotify:artist:63aFY9yQyFDJtGkInMUris
little hurricane,spotify:artist:5VLQQzAkJrzG7QggE4DVg2
Little River Band,spotify:artist:6clbbhnIqpHnqxwtOWcilg
Live Wire,spotify:artist:6Ty2ZIBP0QoT4O1Rz7kFEH
Liz Phair,spotify:artist:2LXeJdQVcFkhkWydphLI74
Lontalius,spotify:artist:6v6tycmzJDLrgOXTj7mbT9
Lord Huron,spotify:artist:6ltzsmQQbmdoHHbLZ4ZN25
Los Angeles Philharmonic,spotify:artist:6yeL5iw4hXNZtd8T7FOoFU
Los Campesinos!,spotify:artist:6FlOCziOXI157pvUREAh3E
Los De La Nazza,spotify:artist:7sQc4ugqcqoLJPnznIE2jm
Los Gfez,spotify:artist:21oKCrUHWbio1GrIP6zpcF
"Lotus ",spotify:artist:1a4N2lwra7WGjwCDJS1Dkk
Louane,spotify:artist:7wjeXCtRND2ZdKfMJFu6JC
Louis Armstrong & His All-Stars,spotify:artist:7A7O2i0THlzoiZXXAjauG9
Louisa Wendorff,spotify:artist:4gXpkrW0O3Tnf1yf5YKfdK
Louisiana Ca$h,spotify:artist:1BZhW4om1QaMVX8a8KGrOg
Lovage,spotify:artist:2AgMAiv3MvgQMwYrnLBeje
Low,spotify:artist:0wz0jO9anccPzH04N7FLBH
Lupe Fiasco,spotify:artist:01QTIT5P1pFP3QnnFSdsJf
M.I.A.,spotify:artist:0QJIPDAEDILuo8AIq3pMuU
M.O.P.,spotify:artist:1BH45DVSTeGBvcYXNCd67g
Mac Dre,spotify:artist:4sv6VJ2QZlaSosz3kFlxQH
Mac Powell,spotify:artist:5X77nNxT45eR0OshjmAvKa
Macklemore & Ryan Lewis,spotify:artist:5BcAKTbp20cv7tC5VqPFoC
Madness,spotify:artist:4AYkFtEBnNnGuoo8HaHErd
Maldita Nerea,spotify:artist:3heR1it0slFXjaa7E62zpw
Mallory Merk,spotify:artist:5GHFapUxfP2H2xxuMytwaF
Man Man,spotify:artist:0zprAu7NrzRehc0Q0Jc7mL
Mantaraybryn,spotify:artist:4U7hzJON7jzAwaWqB4raLf
Maoli,spotify:artist:6EKzehEG2fwJtRMH4KbjsA
Marc Cohn,spotify:artist:2C8mKwk3z5DtqLcSwUdYJ9
Marcela Gandara,spotify:artist:2zF0KCQEt1O4Z9fWVUVi4T
Margot & The Nuclear So And So's,spotify:artist:4fw9oPmbbmHW5aAJpkJdlI
Mariahlynn,spotify:artist:4jk4lxjwNCDVIwHyCrUmlk
Marina and the Diamonds,spotify:artist:6CwfuxIqcltXDGjfZsMd9A
Mark Morrison,spotify:artist:6V3F8MZrOKdT9fU686ybE9
Marko Penn,spotify:artist:2cJyZ3relxSBT15LIGBjLL
Martina McBride,spotify:artist:3P33qFNGBVXl86yQYWspFj
Master P,spotify:artist:7zICaxnDB9ZprDSiFpvbbW
Mates of State,spotify:artist:4IELX7NrLBXuw8f51cUZuM
Matrimony,spotify:artist:4V5UtbLYaFishr7psURF3Q
Matt Corby,spotify:artist:7CIW23FQUXPc1zebnO1TDG
Max Frost,spotify:artist:7r8xR0LmnaAM623MmRDn1V
Max Vangeli,spotify:artist:6Tu9KiWKN5ENQ2VjGCVN18
Mayer Hawthorne,spotify:artist:4d53BMrRlQkrQMz5d59f2O
Meaghan Martin,spotify:artist:4D4d4SGHSnXy5TxqhfDl3H
Michael Kiwanuka,spotify:artist:0bzfPKdbXL5ezYW2z3UGQj
Michael McDonald,spotify:artist:24hJWbo98sH84tb0nkeaqy
Miguel,spotify:artist:360IAlyVv4PCEVjgyMZrxK
Millencolin,spotify:artist:74xFFXkvOq9dPDigOWTHiX
Milow,spotify:artist:6mo0UbyIvIePdXNyLwQlk5
Miniature Tigers,spotify:artist:7xWU2A2lw1xf4zTjKhkrGK
Misfits,spotify:artist:1cXi8ALPQCBHZbf0EgP4Ey
Mishka,spotify:artist:69NJDQCAGapYsKD2JuqQk5
Mitchel Musso,spotify:artist:3IcF2f5vEkY6HPQfLlQDlw
Moby,spotify:artist:3OsRAKCvk37zwYcnzRf5XF
Modern Baseball,spotify:artist:1HxXNvsraqrsgfmju1yKk8
Moguai,spotify:artist:4xgFgBZ7CRtgtHcziClOwQ
Molly Hatchet,spotify:artist:4ZqBwBVB3dsYWL3d5Spi10
Mr Little Jeans,spotify:artist:0B2SlMW40Hs9mijOi1cDyf
Mumm-ra,spotify:artist:2cUnvdrMWIMACo3fSxCrWW
Mutemath,spotify:artist:1J9Z9bhqkgyqseEi85cbyx
Nazareth,spotify:artist:6fvN9GmMCVKb5LY0WsnjFP
Neal McCoy,spotify:artist:69Etpls5a2aATUkB6NInTY
Nebu Kiniza,spotify:artist:5lCY3tqdQxbeg5igSlObaT
Nef The Pharaoh,spotify:artist:3DiSC0nSNNWpPy5ZK3mcrz
Newcleus,spotify:artist:5X8Tt3rIpdy8VR78KEhZ6C
Nick Bean,spotify:artist:0QG9mb2bxHZGlQRjovWjOx
Night Beds,spotify:artist:533wKOfkJylNSi6ntO1wXd
Nikki Williams,spotify:artist:1IYSbgNotSayG9ypffJi11
NoMBe,spotify:artist:5Lhxlge1CR1DrgDAje8Qaw
Nostalgia,spotify:artist:6h8yrqkWCBPPZUCJ04baAL
"Now, Now",spotify:artist:6ZitSwtBSGqj00w11GvMU3
Oh Land,spotify:artist:46CuxapoPjUfIOiXdNq7qM
Ol' Dirty Bastard,spotify:artist:50NoVNy9GU1lCrDV8iGpyu
Old 97's,spotify:artist:27AzFtMZhRN78bAMPntbpF
Olivia Foa'i,spotify:artist:5GIaRpKCtzquc5UUicqe50
one sonic society,spotify:artist:2PmYKBQgsjegT3k5C6pkqW
Onyx,spotify:artist:10Khz9BDdDT2mzm3330Cvu
Overcoats,spotify:artist:2pst3pDewxsl4kJERuDZpp
Paige O'Hara,spotify:artist:7oavKrnYbTZPAPq7zCuipM
Pam Tillis,spotify:artist:1SX44N5qjWuFcCK8WTO0c6
Panda Bear,spotify:artist:1R84VlXnFFULOsWWV8IrCQ
Parade of Lights,spotify:artist:5acfZKELBZRBvyhrC0kzG1
Parquet Courts,spotify:artist:23NIwARd4vPbxt3wwNnJ6k
PARTYNEXTDOOR,spotify:artist:2HPaUgqeutzr3jx5a9WyDV
Patrick Stewart,spotify:artist:63LljpkL9zSFiMggvYQKnh
Paul Kandel,spotify:artist:6M3XR163Q68THc9IFMwfAH
Paul Simon,spotify:artist:2CvCyf1gEVhI0mX6aFXmVI
Peewee Longway,spotify:artist:0xTcxl35DKXUeYRWqY10w6
Pegboard Nerds,spotify:artist:0lLY20XpZ9yDobkbHI7u1y
Peter Tosh,spotify:artist:0oea1hwGMfUxZbLxJc1XUN
Pinback,spotify:artist:4ZWvN9FEfdTea1SEHjpTNi
Pinegrove,spotify:artist:2gbT6GPXMis0OAkZbEQCYB
Pink Floyd,spotify:artist:0k17h0D3J5VfsdmQ1iZtE9
Pinto Colvig,spotify:artist:4X8LTt7CXvrqzfS4G4ONUX
Pleasure P,spotify:artist:6dROiL44pIQZVNZ6Bc0OJO
Poison,spotify:artist:1fBCIkoPOPCDLUxGuWNvyo
Positive K,spotify:artist:5NtJpNZgRqBvRCq6OE08ZU
Pretty Sister,spotify:artist:4bvWFV51SAEocM22uiDOza
Project 46,spotify:artist:2RhRT6DNOVoDTfS0rG31pZ
QUE.,spotify:artist:4Mop3hBjHoSoKwwkzKD3Gi
Quiet Riot,spotify:artist:1dLWg6m8RRhizsdqJbhyj3
Quintino,spotify:artist:1V3VTM7VspiQjcmRhC010n
RAC,spotify:artist:4AGwPDdh1y8hochNzHy5HC
Raelee Nikole,spotify:artist:4ktrs83Hjyo4evbF4adTrb
Ralph Tresvant,spotify:artist:6MLDcHrNh4OqxDZAjMt5pt
Ramriddlz,spotify:artist:3fHjwMnkM9ov8CozqkYxWY
Rappin' 4-Tay,spotify:artist:4tzxCsdhR0IIUNyzwrag4C
Matoma,spotify:artist:4YXycRbyyAE0wozTk7QMEq
Matt Pond PA,spotify:artist:3JVgWZxQa78cVa2cUuAUQ4
Matt Stinton,spotify:artist:7hpcX3zORb79qaPYgwkXbi
Matthew Morrison,spotify:artist:3Fx1vJHj530oWC2AxnZq5z
Matthew Wilder,spotify:artist:3bmFPbLMiLxtR9tFrTcKcP
Men Without Hats,spotify:artist:34PLzyi7CdXUekiLHYyqXq
Meryl Streep,spotify:artist:2HB65P72dFRiOKvbLLcil2
Michael Brun,spotify:artist:1HcAkAeL4xf02wzAnl7mIV
Michael Silverman,spotify:artist:59PMoeYMK4U67YYzVWZGoi
Michel'le,spotify:artist:4D0WfOUqTzqKysXt33VL3j
Mick Jenkins,spotify:artist:1FvjvACFvko2Z91IvDljrx
Miguel Bosé,spotify:artist:7mWCSSOYqm4E9mB7V4ot6S
Mike G,spotify:artist:1QdjL34EAib5zndNoqA2ly
Mike Sherm,spotify:artist:3tqosLbNFNekyZyO2KJ6qd
Mike Williams,spotify:artist:3IpvVrP3VLhruTmnququq7
Mila J,spotify:artist:6cN9XwPMj9bWzJ32GC6V7v
MiM0SA,spotify:artist:5BTlwnHtDmzpMj0URbp4Ur
Mista,spotify:artist:4uX071Qr9VaAsJz7hpAv7s
MisterWives,spotify:artist:5ivCbtrcD5N4rD337xIb2z
MKTO,spotify:artist:2l35CQqtYRh3d8ZIiBep4v
Moriah Peters,spotify:artist:1w0QYx2G0ywsCClH84FcAv
Mr Twin Sister,spotify:artist:5ltJZgIW3OkY5WvuzX5MYz
Mr. Probz,spotify:artist:33W1pnW9zScZtYTnAoWnOT
Mr. Vegas,spotify:artist:1pmixngtBJleMrGUG5o8DE
MS MR,spotify:artist:4XaUmUGjidSklcDHxv3XWf
Musiq Soulchild,spotify:artist:3UVRliakQfa1pMWIsNuiZ8
Mystery Skulls,spotify:artist:5ZbRDyTYX4HhXveONcZQn2
N.E.R.D,spotify:artist:5wPoxI5si3eJsYYwyXV4Wi
N.W.A.,spotify:artist:4EnEZVjo3w1cwcQYePccay
Nause,spotify:artist:4PVn1b2WnnXdq80C7uaZLZ
NAWAS,spotify:artist:58l4CfKVxJcp2tYu7Ux2up
Newsboys,spotify:artist:1SZMaiNHfdUuU0qZKZ6y62
Newsies Ensemble,spotify:artist:1LixgO7iYYxlco9KysaeeF
Nicholas Hooper,spotify:artist:6S9bLkEZSVIcY18RNcNG50
Nick Carter Green,spotify:artist:1fWrfhCJfsVyIA0OGCveYY
Nico,spotify:artist:0IwlY33zbBXN7zlS9DP2Cj
Night Terrors of 1927,spotify:artist:7m3fe3erw9iO9gs4AeLSG8
Nik Kershaw,spotify:artist:7kCL98rPFsNKjAHDmWrMac
Nina Nesbitt,spotify:artist:7AzjETXRUKNRSJHMW9GIqd
Noname,spotify:artist:1EpyA68dKpjf7jXmQL88Hy
Novo Amor,spotify:artist:0rZp7G3gIH6WkyeXbrZnGi
Octave Minds,spotify:artist:3t5CzAvVZ7ruA3Uv3QvUrt
Oliver Riot,spotify:artist:28dDyPkw069ypiqC78dhRb
Omar Kadir,spotify:artist:1dZdd4uleOGer6HoYZq62D
OneRepublic,spotify:artist:5Pwc4xIPtQLFEnJriah9YJ
Orgy,spotify:artist:4uYwLU7k03RCQSRXGtQGg0
Outasight,spotify:artist:1zuG3w1Zgeou53fb3Vu3bO
Owl City,spotify:artist:07QEuhtrNmmZ0zEcqE9SF6
P!nk,spotify:artist:1KCSPY1glIKqW2TotWuXOR
Paper Bird,spotify:artist:3KPP9ZbN4Yu5mEQj2UWRqn
Parker Millsap,spotify:artist:0MASTEXfUt3bpiyGOoEaur
Parmalee,spotify:artist:4TshyQDihSYXSWqvclXl3I
Pasadena,spotify:artist:71o5LXUPYZTNu4b6abSJv3
Pat Carroll,spotify:artist:0Yy9u86cq66Se2pB9fYaiW
Patrick Doyle,spotify:artist:1W42coQfIlt6btgqpfJWYQ
Patsy Cline,spotify:artist:7dNsHhGeGU5MV01r06O8gK
Patty Griffin,spotify:artist:7tNLRmiAN8hpmFrbIHiHsy
Paul J. Smith,spotify:artist:3g6RWqrG0tt6oXPMLP2WE5
Pendulum,spotify:artist:7MqnCTCAX6SsIYYdJCQj9B
PENTAGON,spotify:artist:1wKpMkucynaTfG8lyPprYV
Pepper,spotify:artist:1YK8JdPbiaMSnf4hrlBkGT
Peter Cetera,spotify:artist:5xWPOujQqd4wXyB08slZ9Z
PHASES,spotify:artist:29oC50T8bu88migNloxhgT
Never Shout Never,spotify:artist:5pUmXBIQtqpvdV1HAy2xYC
New Beat Fund,spotify:artist:5IqdTZwvASXwM39z5qPqAA
New Hollow,spotify:artist:4NVjldBwjF0DzudAiLvti0
New Navy,spotify:artist:5ypIMlORxA9iDgQdJXi0ZO
New Politics,spotify:artist:3RbyaF3Pq6iDUKNp04AIcU
NF,spotify:artist:6fOMl44jA4Sp5b9PpYCkzz
Nick Jonas & The Administration,spotify:artist:6dse9FDodKw65ZQoLjE5F1
Nightcore,spotify:artist:77t00lrU1uk65snqAdoPnt
Ninja Sex Party,spotify:artist:3jsyANBBy6gOZUSQhiGclx
Nitemayor,spotify:artist:45KCfdrl8y47xRUtd3FZ5a
Nitty,spotify:artist:0kEcxP5ezzvP5RcO51TCBD
No Wyld,spotify:artist:4xM4nZLhGE0pMKbXA08s6A
Noah And The Whale,spotify:artist:0aeLcja6hKzb7Uz2ou7ulP
Nora En Pure,spotify:artist:24DO0PijjITGIEWsO8XaPs
Norman Greenbaum,spotify:artist:7f8LNBVXN0h35veHrpxQFL
Nothing More,spotify:artist:39VNwvlQTqE9SvgPjjnMpc
O.A.R.,spotify:artist:1Cq0LAHFfvUTBEtMPXUidI
Oberhofer,spotify:artist:5zb7wVUx1vTXLB6HX26EnX
Ocean Park Standoff,spotify:artist:1qGohIp3a4kh1Euymx0pyL
OK Go,spotify:artist:3hozsZ9hqNq7CoBGYNlFTz
Old Southern Moonshine Revival,spotify:artist:1SiqdYbg90yv4m8G7ImecY
One Direction,spotify:artist:4AK6F7OLvEQ5QYCBNiQWHq
One Drop,spotify:artist:5pf5LNOq8NQJYCS44cF8Kw
Otherwise,spotify:artist:1OVyBGCKn7vObVIVPXcmLa
P.O.S,spotify:artist:4sH7SLGP6BLOYDtcP6Lm47
Pablo Alborán,spotify:artist:5M9Bb4adKAgrOFOhc05Y50
Pacific Dub,spotify:artist:34C8BychSPwkYdYDmiSWa0
Panjabi MC,spotify:artist:74D1UgRzMhTSPz698exXmR
Paris Hilton,spotify:artist:1vkJFCwstOoJO7yQ4lTtLK
Parov Stelar,spotify:artist:65EXuYHVoehCKqp0kOS6px
Pastor Troy,spotify:artist:3D04N2X2w6vUGeyG94FBaY
Patrick Lentz,spotify:artist:21uICil8mM128FNvcYJDv0
Peabo Bryson,spotify:artist:49iKbKGqgn8OESkW5WduX0
Peking Duk,spotify:artist:0UZ1nu3kcdNlCoiKRjmSSY
Pellican Child,spotify:artist:5fpA7YzdL7jf0eCzus9imp
Peter Gabriel,spotify:artist:7C4sUpWGlTy7IANjruj02I
Phil Harris,spotify:artist:2ISMfPtVzHc9jDDVPUEHDa
Phil Spector,spotify:artist:3jVMgT4X7YeuYE4aludcmE
Picturesque,spotify:artist:412BedlPBwXH6Dz6xetzGI
Pink Guy,spotify:artist:3yJnBqAoRUNeDabdYoiYWD
Piso 21,spotify:artist:4bw2Am3p9ji3mYsXNXtQcd
Plies,spotify:artist:3jksrX4oBklxR78ft8gv3j
Pollie Pop,spotify:artist:730ntnkLWwTRTuYtqvrKVP
Poolside,spotify:artist:5szdY7KaSi7epwyffrbV8c
Pop Evil,spotify:artist:1pRaG81GsVtaTBuVSpldt2
Pop Star,spotify:artist:174Ulx4WshPtPMig4uyXIK
Popcaan,spotify:artist:62DmErcU7dqZbJaDqwsqzR
POWERS,spotify:artist:0PGB0xsAyDqHHlvNQcgq5S
PRISTIN,spotify:artist:6VAphrHp0Oc88qg9BDaH9D
PSY,spotify:artist:2dd5mrQZvg6SmahdgVKDzh
Pure Prairie League,spotify:artist:1MXwwmS2JpmsHZhdMeOL2s
Quavo,spotify:artist:0VRj0yCOv2FXJNP47XQnx5
QuESt,spotify:artist:2hPQGvUpihHsCeow0Xuau1
R. Kelly,spotify:artist:2mxe0TnaNL039ysAj51xPQ
Rachel Bay Jones,spotify:artist:782wocBbKLROLTSPViayHH
Rachel Platten,spotify:artist:3QLIkT4rD2FMusaqmkepbq
Rage Against The Machine,spotify:artist:2d0hyoQ5ynDBnkvAbJKORj
Raheem DeVaughn,spotify:artist:59NO6KX7wQCG7jGdtH1NtL
Rain Man,spotify:artist:6J4zegMTYP4nGJSpSDvy49
Ramon Ayala,spotify:artist:0fIdQWpwzU2oEtsoyArDOL
Re Beatles,spotify:artist:2DghgxF3jV3G5xfcTpZpKr
Red Cafe,spotify:artist:4BWn7qje7L2bGp79bupn3B
The Police,spotify:artist:5NGO30tJxFlKixkPSgXcFE
The Pussycat Dolls,spotify:artist:6wPhSqRtPu1UhRCDX5yaDJ
The Real Tune,spotify:artist:0Y619QjWhmBbSV5LGZN7oi
The Romantics,spotify:artist:3daM7asS0gCFvyLemNx2EE
The Rumble Strips,spotify:artist:2LrQtNcBWufq2AjaM6swf7
The Saturdays,spotify:artist:15qI5w4XJFLRMwOp2VrlD5
The Silver Beetles,spotify:artist:1MLXQOUzVRfjYAu5xyEntV
The Stairwells,spotify:artist:6mrxbyEEsUxIQxwNEEem0B
The Staple Singers,spotify:artist:7xGGqA85UIWX1GoTVM4itC
The Struts,spotify:artist:3lDpdwM8KILepMHqBWUhIA
The Tallest Man On Earth,spotify:artist:2BpAc5eK7Rz5GAwSp9UYXa
The Vines,spotify:artist:7vkiEK5D7Gf0z4M1Va0CXD
The Wailin' Jennys,spotify:artist:331QVEZKK1yz5KhYiR2pBj
The Whitest Boy Alive,spotify:artist:1qcU8NabUQ5efQf8UGW6CV
The Wood Brothers,spotify:artist:6FxuPrpa8phaP3Xn73emhT
The Wreckers,spotify:artist:2jI32eTOcSx2bn1MGgRyei
The Yardbirds,spotify:artist:2lxX1ivRYp26soIavdG9bX
Thomas Dolby,spotify:artist:2Uz58cSxlJgefDaSikxYQ7
Tiffany,spotify:artist:4C3uGP8vRDzxrhJxZiOjTe
Tinashe,spotify:artist:0NIIxcxNHmOoyBx03SfTCD
Tion Phipps,spotify:artist:5KG3hJkpMOHos8yaEyLMSF
Tommy James & The Shondells,spotify:artist:01hRNr3yF5bYnPq4wZ88iI
Tommy Swisher,spotify:artist:6T0X8EzxxwaOyAUCvJrNze
Tony Jay,spotify:artist:5qQpn0ZokyamZjyKtkKUYD
Tory Ln,spotify:artist:59BCe4DKqPObkrbgWJSHVk
TRACE,spotify:artist:5k7Y2t4cB5dG219QgFCvXW
Trae Tha Truth,spotify:artist:49vCIUW46QY3L5vo1xVFoy
Trampled By Turtles,spotify:artist:3GjVVVcFmUgEJEAAsbGkf4
Travis Mills,spotify:artist:5fzbfP3jLDaJZe7TdFDXRY
Trinidad Cardona,spotify:artist:4wP1kxjUsc9IR4Iy2smL7o
Trippie Redd,spotify:artist:6Xgp2XMz1fhVYe7i6yNAax
Tropical Zombie,spotify:artist:3IKayUgrS5GGtrjhvbazvi
Troy,spotify:artist:6zTbBugfNc95zo8ClFDhIn
Tujamo,spotify:artist:2vVNxGBvKRQMWwI5c8KmYh
TYuS,spotify:artist:5J7URjIP8aFmeSn2QwF9Au
Umphrey's McGee,spotify:artist:7mQilAy42MqNPqUFqK4Z0o
Vai Mahina,spotify:artist:4I9DOo7pz3fn9yjxTktmX9
Van Zant,spotify:artist:6ZRkCThyw6syuSOAGT7lY1
Vixen,spotify:artist:4wlPkvHKZzP2K8wtBzFRyY
W.A.S.P.,spotify:artist:3BVkDHWRvLJEyKdvhLbjsq
Wafia,spotify:artist:0FL2d6iFFNAV3yBUbXjZ1U
Wall Of Voodoo,spotify:artist:6zPcUezmkw9aGjoRlBxYxw
Warren Haynes,spotify:artist:73iWh9WUMf0xK6cRkNJK4h
WATCH THE DUCK,spotify:artist:5pHc8cGF3alNcHJUx7bcaq
WATERS,spotify:artist:4KKQvsAWZWMkS1QCuPnajG
WebsterX,spotify:artist:1m8lFDTBhbsYPvaN553kbP
Wes Walker,spotify:artist:0HjYETXAvcL6mzaKjAmH2K
Wet,spotify:artist:2i9uaNzfUtuApAjEf1omV8
Wheatus,spotify:artist:4mYFgEjpQT4IKOrjOUKyXu
White Sea,spotify:artist:5WzsdqnI9jOwLrW9YuXI4t
Whitney Houston,spotify:artist:6XpaIBNiVzIetEPCWDvAFP
Wilco,spotify:artist:2QoU3awHVdcHS8LrZEKvSM
Wild Belle,spotify:artist:4wHZkzWXD9GPr4RQAYjUcv
Wildwood Kin,spotify:artist:2KOxHm9lGE9lFZDQdebD6B
William Fitzsimmons,spotify:artist:41FEVJCBGidsJwbjq0KfgM
Wisin & Yandel,spotify:artist:1wZtkThiXbVNtj6hee6dz9
Wolf Alice,spotify:artist:3btzEQD6sugImIHPMRgkwV
Woodie Smalls,spotify:artist:1ng2cH6hJIOSYxQMk6pEux
WSTRN,spotify:artist:5nSAh3wlH7VaqpnkiMjzDs
Xavier Atencio,spotify:artist:6eajFXBUnFh0Z5udAWYnw4
Xavier Dunn,spotify:artist:1JmAXAbenjeUV9rTxyI9ZZ
R5,spotify:artist:5aptPwTkTKmlPx6csmNJLA
Rae Sremmurd,spotify:artist:7iZtZyCzp3LItcw1wtPI3D
Railroad Earth,spotify:artist:6ijT84fUReKCGYV3MjhB2y
Ram Jam,spotify:artist:6FITmSxIMsk6TfulFiCIIz
Ramin Djawadi,spotify:artist:1hCkSJcXREhrodeIHQdav8
Ramones,spotify:artist:1co4F2pPNH8JjTutZkmgSm
Rascal Flatts,spotify:artist:0a1gHP0HAqALbEyxaD5Ngn
Ratatat,spotify:artist:57dN52uHvrHOxijzpIgu3E
Redbone,spotify:artist:0w7HLMvZOHatWVbAKee1zF
Refugee Camp All-Stars,spotify:artist:7Jkv0oBbEmxtNnLsxT7NMt
Reggaetones,spotify:artist:6tpuzNNJUO7xfyLlrlA5kW
REO Speedwagon,spotify:artist:55vs7NT1KxcFjbMC4y202E
Rick Springfield,spotify:artist:6IFXsrXBpwbIqtOUOiAa3p
Riff Raff,spotify:artist:31IZdHrCZ5pRhLz4zBxN3o
Rixton,spotify:artist:0kkxsdcaWmWU2yWAqclDh4
Roadkill Ghost Choir,spotify:artist:1oAydpuJQRf27egyjg5mu9
Rocko,spotify:artist:0T5OJgMVjKIX3b3W3ekqOl
Roger Bart,spotify:artist:4sZw3BLoQ9SniX4mcoh80b
Rogue Valley,spotify:artist:1EbGAjTV50qpZ53jXTvmV7
Roméo Testa,spotify:artist:5EOXBhbJjuR8hdY2LaqPG9
Rosie Lowe,spotify:artist:3xGUleMP0VqmYNXcGBNhnI
Roxy Music,spotify:artist:3fhOTtm0LBJ3Ojn4hIljLo
Royal Bangs,spotify:artist:2D4mOa28iV3EbMHeHaK8xj
Royal Teeth,spotify:artist:1niOQVlqnlW8hFqKSlbx7p
Rufus Wainwright,spotify:artist:2PfBzriIMRsCXPDtSy9vg8
RuPaul,spotify:artist:2SdOKxC1sSxEyv8JYERaNe
Rustic Rousers,spotify:artist:6CcUcpjf1L8JEXQ2MByOo7
Ryan Helsing,spotify:artist:3Xtq9IlfA0l3dNPe3lhGAY
Rynn,spotify:artist:4aOOnr90lZUhyGcEgmtgcl
Sage The Gemini,spotify:artist:6d47Z08T4snK50HgTEHo5Z
Saje,spotify:artist:3I2596dGk4K3e4qKjwpzQb
Sam Sure,spotify:artist:2Axfmy8RlEqUHpK81UUOOd
Samuel Hernández,spotify:artist:17XxPdvl2MD39MnT9zhNjU
San Holo,spotify:artist:0jNDKefhfSbLR9sFvcPLHo
Sanders Bohlke,spotify:artist:4AP2adBA7JiDBoymnpYqVI
Santo & Johnny,spotify:artist:4hGjngc0tPOBwTgTPci3IK
Sarah McLachlan,spotify:artist:4NgNsOXSwIzXlUIJcpnNUp
Sarah Vaughan,spotify:artist:1bgyxtWjZwA5PQlDsvs9b8
Savoir Adore,spotify:artist:2weMnYqCmtNUrSLAJq5dD8
SBTRKT,spotify:artist:1O10apSOoAPjOu6UhUNmeI
Scatman Crothers,spotify:artist:7oDjuab7uVdRk9Ism8pFIc
Sean McConnell,spotify:artist:42N7nSYb8pRmVpBpkLSHVC
Sean Rowe,spotify:artist:0h8q5Df7MVYUDg4Ic8IHwF
Seether,spotify:artist:6B5c4sch27tWHAGdarpPaW
Set It Off,spotify:artist:06bDwgCHeMAwhgI8il4Y5k
Seven Lions,spotify:artist:6fcTRFpz0yH79qSKfof7lp
SF9,spotify:artist:7LOmc7gyMVMOWF8qwEdn2X
Shaboozey,spotify:artist:3y2cIKLjiOlp1Np37WiUdH
Sharon Jones & The Dap-Kings,spotify:artist:6LufpoVlIYKQCu9Gjpk8B7
Shooter Jennings,spotify:artist:0F6yRPhUj9fUzWn0z3ysyr
Showtek,spotify:artist:3gk0OYeLFWYupGFRHqLSR7
Shy Girls,spotify:artist:4oFdxup3UmMDNoLLITyDrs
Sick Individuals,spotify:artist:0XqFDQJjqW5PfhfBCb53LR
Silent but Deadly,spotify:artist:2wLntq4zymiMf6BLAAji8k
Sing Street,spotify:artist:7AKznuvHmbW7uZbUkLY4Je
Sjowgren,spotify:artist:32Ko3nL0210QAt14S3Rs4Y
Skepta,spotify:artist:2p1fiYHYiXz9qi0JJyxBzN
Skrillex,spotify:artist:5he5w2lnU9x7JFhnwcekXX
Slick Shoes,spotify:artist:1sxRcl7G7tpQvuQkMyAWau
SLIGHT,spotify:artist:0TlnMWv7ZGzqskCKGgKmGI
Smallpools,spotify:artist:4iiQabGKtS2RtTKpVkrVTw
Smokey Robinson,spotify:artist:0h9smro0z3HqUbD94jotU8
L7,spotify:artist:2zMQOJ4Cyl4BYbw6WqaO3h
Laleh,spotify:artist:62QZPjYQMoo5g56FP9Webq
Laura Bell Bundy,spotify:artist:32bisvV1h0yF3PeKmWI6sj
Led Zeppelin,spotify:artist:36QJpDe2go2KgaRleHCDTp
Lenachka,spotify:artist:1KMdIxzX1BddGfY2H8aGvn
Leon-Wooley,spotify:artist:6KwUkoMqmP6cPhsnkKruLr
LFO,spotify:artist:1FizW0swe8ODtXvEOHXbHX
Lily James,spotify:artist:5AX847SDSKlQyXoEOVdHNG
Lipps Inc.,spotify:artist:0lwRI7lvmlRY5DiA5Xa6wQ
Little People,spotify:artist:3cbU0WxlZJTFLTfXEUB433
Living Legends,spotify:artist:0E4UA1bttJjSFNgAkLyQuo
Local Natives,spotify:artist:75dQReiBOHN37fQgWQrIAJ
LOCASH,spotify:artist:5IcGbIAgdns0R5EJKHMjCQ
Logic,spotify:artist:4xRYI6VqpkE3UwrDrAZL8L
Loote,spotify:artist:00TKPo9MxwZ0j4ooveIxWZ
Los Horóscopos De Durango,spotify:artist:46uJrEeqP88sYlHFqaGPid
Los Socios Del Ritmo,spotify:artist:7bzt5lHL6bzLO3c9mkxNMW
Lost Boyz,spotify:artist:0OtigLoCgLYvXnMxbE5qH5
Lou Bega,spotify:artist:46lnlnlU0dXTDpoAUmH6Qx
Lou Rawls,spotify:artist:1zJBFCev9UwOMcrZsLi2od
Low Roar,spotify:artist:5WoWlP0ihSFIxnppxjwSgE
Ludovico Einaudi,spotify:artist:2uFUBdaVGtyMqckSeCl0Qj
Lungz,spotify:artist:7pISosBnYQqnJApvefPP6w
MAALA,spotify:artist:5W0u1pQ5BbnkLGZGMnxtp8
MadeinTYO,spotify:artist:5SyGEPymt1G2uto47tVWvZ
Mako,spotify:artist:0Ye4nfYAA91T1X56gnlXAA
Mali Music,spotify:artist:4S4kD5NBlgaq4YLBQSEMyY
Mandolin Orange,spotify:artist:675tsBPpaZtqyiBwEf3ZEP
Mandy Moore,spotify:artist:2LJxr7Pt3JnP60eLxwbDOu
Mansionair,spotify:artist:4qOzMSukiZoiSjPQw8Zs7s
Marlena Shaw,spotify:artist:0hirZ8kPPdM9pzXpoagB4w
Maroon 5,spotify:artist:04gDigrS5kc9YWfZHwBETP
Marques Houston,spotify:artist:1goOx6gnQdUllLfSMsL4Rt
Masen Lee,spotify:artist:3JW7u0QzNcJfPmwvDV09Bd
Matstubs,spotify:artist:0chxndMxE0AhAeYED1Ay9d
Matt and Kim,spotify:artist:4MSMDY0ClgWqXApU53I1L1
Matt Maher,spotify:artist:1dPl8axUL09mso0myZqPZW
Matt Maltese,spotify:artist:12j6dJrPXanCBwY599pZxf
Maurice Moore,spotify:artist:2r3A0lVppaYaTz2ttY1Jws
Meek Mill,spotify:artist:20sxb77xiYeusSH8cVdatc
Melanie Martinez,spotify:artist:63yrD80RY3RNEM2YDpUpO8
Merle Haggard & The Strangers,spotify:artist:3mSAqBoXQgdlpwzWsIgBzL
Message To Bears,spotify:artist:6MmQrV24zUeieNf027zkh3
MIAMIGO,spotify:artist:5p9uMSvVA404CC1dICtVeV
Michael Blume,spotify:artist:5BhvG9bggFHpnuUkl5SnKw
Michael Henry & Justin Robinett,spotify:artist:7sJ8jwhDIbAHVHcvx9PKjQ
Michael Mind Project,spotify:artist:3I4ttwmYBwsR01fin6ItJR
Miguel,spotify:artist:1itHjymAB17H3XG1ZM0AHT
Mike Faist,spotify:artist:3OPl8pWnz8rdYTiaNQ0eMv
Mikkel S. Eriksen,spotify:artist:4NagmapOfJiPOxJ9vQsrsf
MIKNNA,spotify:artist:53htGvuREf9YT5LYk5HEvb
Mindy Smith,spotify:artist:4QGC11o7gQR7MBEJ5cUMSv
MØ,spotify:artist:0bdfiayQAKewqEvaU6rXCv
Molly Moore,spotify:artist:0mEUqATSCsYZUTyL09kB8g
Mona,spotify:artist:4AKwIU9B31J3L41DuJfFym
Monica,spotify:artist:6nzxy2wXs6tLgzEtqOkEi2
Montell Jordan,spotify:artist:0iVrCROxeyon7MZUW3MfzT
morgxn,spotify:artist:034u8Qcs47NHkRQXaWkLXW
Mothica,spotify:artist:1JhiIIXT9DWqEU3BYFZwGA
Mötley Crüe,spotify:artist:0cc6vw3VN8YlIcvr1v7tBL
Mountain,spotify:artist:7LCp4MN0SOIVWlssid9KyE
Mr Eazi,spotify:artist:4TAoP0f9OuWZUesao43xUW
Kero Uno,spotify:artist:3CzIZAYykK3RjxEipSr185
Kim Walker-Smith,spotify:artist:4leTWyczsXYGlzUh8sFGSz
KISS,spotify:artist:07XSN3sPlIlB2L2XNcTwJw
Klaypex,spotify:artist:4HBMToZ4yMR07eiK9IxtjK
Knox Hamilton,spotify:artist:1XyjBsbZBunXsYDTkaYtk9
Kodaline,spotify:artist:4BxCuXFJrSWGi1KHcVqaU4
Kolohe Kai,spotify:artist:3Je8tRazTtqZxGkbeJDGL8
KR,spotify:artist:7mEa1sO46BAxAelp27vZHz
Kreayshawn,spotify:artist:51xJF4OqJPHWop1fv0VVyd
Kungs,spotify:artist:7keGfmQR4X5w0two1xKZ7d
Lady Sovereign,spotify:artist:36ikBJX6oQWWlgrXCock30
Lake Street Dive,spotify:artist:3nuc29fYGlQbIrwh4yrNWd
Laura Mvula,spotify:artist:0Dy94lW3txJhWQHqNXP1BT
LCD Soundsystem,spotify:artist:066X20Nz7iquqkkCW6Jxy6
Le Youth,spotify:artist:1Zz6NBe8UIZjm88TvehFtx
Leeland,spotify:artist:6j1fmLreVuAay7k6Gudfa2
Leftover Salmon,spotify:artist:2dU9NlAClSjQtKoVgUQwdz
Len,spotify:artist:6oMfS8fHX0CyDwRptywVjr
Lena,spotify:artist:5slpk6nu2IwwKx0EHe3GcL
Leo Stannard,spotify:artist:37fzXndf2fxVrk7qarhyo0
Leon Redbone,spotify:artist:7hYKC5uBED0V5rpKQkqgQ5
Less Is More,spotify:artist:2scCthfq8kpZS50gb8koTD
Lil' Mo,spotify:artist:5wBDD4FNJvob5fAGkAIQ92
Lilly Wood and The Prick,spotify:artist:50OApTJurDusIo9dGTqSU4
Lincoln Brewster,spotify:artist:1aoy0R8uP3x33eqKZOLpN1
Lindsay Lohan,spotify:artist:4vRSocKbGh7PsQrYRDVMEF
Lit,spotify:artist:5mgr0FFpvy267wKVAYg8qp
Little Chief,spotify:artist:5oYrefc0gr24yRUMCDBZkB
Little Texas,spotify:artist:5CCf77sKGlTdfIiIDaVScj
Locnville,spotify:artist:3dG8agWw8q1yaBis5HRT5K
Lo-Fang,spotify:artist:5EDkJDlRNcMs3ewliB24QA
London On Da Track,spotify:artist:5Nf5yishRW9Ye174sJISkg
Long Beach Dub Allstars,spotify:artist:3zAxGWQqKmDnAsCY57ihKR
Los Plebes del Rancho de Ariel Camacho,spotify:artist:6cnl6Jz97730GUS8zEAK77
Love and Theft,spotify:artist:03a5eVjzFyQlR4XyVSwt4t
Lucenzo,spotify:artist:5bv5RplEOwdCvhq0EILh9E
Lucero,spotify:artist:1MspPfENB9nzFGaagXmF7R
Luna Shadows,spotify:artist:55SUpsj027epu8yi663EKZ
LunchMoney Lewis,spotify:artist:2iUbk5KhZYZt4CRvWbwb7S
Luny Tunes,spotify:artist:5pZE9tgrhmIGWAsJZ7YxNK
M City JR,spotify:artist:0wSIyRIXxXiOBCIV0TyXZH
M. Ward,spotify:artist:6nXSnNEdLuKTzAQozRtqiI
Machine Head,spotify:artist:0lVlNsuGaOr9vMHCZIAKMt
Madonna,spotify:artist:6tbjWDEIzxoDsBA1FuhfPW
Maite Perroni,spotify:artist:6ModsWtBph2rE6zCTVxvZt
Manganas Garden,spotify:artist:3UBLk5vv3UXfXHeHvM7LpL
Marc Broussard,spotify:artist:4cEwEednPwWCdYT7ZhROZe
Marilyn Manson,spotify:artist:2VYQTNDsvvKN9wmU5W7xpj
Marshmello,spotify:artist:64KEffDW9EtZ1y2vBYgq8T
Martika,spotify:artist:40enFxfEXXsEXKOt1vgx0k
Masketta Fall,spotify:artist:11chmyejrrXloeSBF6ZjWt
Matisyahu,spotify:artist:5eyMzR1hYiEZtN2c9ly2kw
Matthew Koma,spotify:artist:1mU61l2mcjEFraXZLpvVMo
Mavado,spotify:artist:0eezS9KmhdjGN436RdTIXu
Mc Magic,spotify:artist:3cuVSUrq0yoSSP7gpvI6q1
MDWS,spotify:artist:4D4V8azUT35CXHASQGY9k6
Melody's Echo Chamber,spotify:artist:1S0vL284jxZYKtZQ2jsQ2X
Meredith Brooks,spotify:artist:2QmLFuIDtNDmmJY3OtvinN
Merry Clayton,spotify:artist:71cyZ6pH0KrM2MdtO8RGmy
Metallica,spotify:artist:2ye2Wgw4gimLv2eAKyk1NB
Michael Giacchino,spotify:artist:4kLvhMAuCloLxoP1aVM7Lr
Michael Sembello,spotify:artist:771qBvjnXOH9Azr6lKy6FB
RAY BLK,spotify:artist:0CkbPVBpOwwz9NPPglFKyq
Real Life,spotify:artist:1n0pe6Cx9pCNvXYkX9TTLX
Rev Theory,spotify:artist:10n5DVRlZbjbZ5ffpwpn6l
Ricardo Montaner,spotify:artist:4uoz4FUMvpeyGClFTTDBsD
Richard Marx,spotify:artist:0grdhNhiRLFBaFVyybqsj6
Richard O'Brien,spotify:artist:0aIOdrjH5s3hJqxmKoAEUg
Richy Mitch & The Coal Miners,spotify:artist:4qU7IJSReZnsLy5907Mtau
Rick Astley,spotify:artist:0gxyHStUsqpMadRV0Di1Qt
Rick James,spotify:artist:0FrpdcVlJQqibaz5HfBUrL
Ricky Martin,spotify:artist:7slfeZO9LsJbWgpkIoXBUJ
Rico Richie,spotify:artist:2m9RrWGUj3mvOTashLmMil
Ringo Starr,spotify:artist:6DbJi8AcN5ANdtvJcwBSw8
RIVVRS,spotify:artist:5T3N5ks9c3L7D4aXw54DVs
Romeo Santos,spotify:artist:5lwmRuXgjX8xIwlnauTZIP
Rose Royce,spotify:artist:1OxJzMLmR9l5zPLap9OxuO
Rosie O'Donnell,spotify:artist:4V8U8U6LwsHGyRTLCt9t19
Round2Crew,spotify:artist:5A2EELfE8LtySGSho9njSd
Roy Jones Jr.,spotify:artist:5K6YsAKuRtcczPgxAdzc3B
Rufus,spotify:artist:3MCjwjfIor5FkK3h639qkW
Run River North,spotify:artist:0INDB6Snts5NDbzh8jC3lk
Runaway June,spotify:artist:7yPbJOX7olhT3ynAyuj3Zl
Rx Bandits,spotify:artist:47bGK00zHXcGlUWfrE0dvi
Ryan Caraveo,spotify:artist:1PDE2MIJ4M6uvFJDrslazf
Ryan Hemsworth,spotify:artist:2CgysNw5B7rFNRtRjQbPZ9
Ryan Hurd,spotify:artist:7lDVEkjIURPMyUYwoQRrpw
Ryuichi Sakamoto,spotify:artist:1tcgfoMTT1szjUeaikxRjA
SACHI,spotify:artist:6kG0WKHsAOfWp5IsizmQxR
SAINt JHN,spotify:artist:0H39MdGGX6dbnnQPt6NQkZ
Sak Noel,spotify:artist:15jrieCvf3EklAScnD9kKl
Samantha Jade,spotify:artist:5i84V8Zk7YqCN6xxb7SWgw
Sammy Kershaw,spotify:artist:3tkZthBATD0S45hm1DmB2O
Samuel E. Wright,spotify:artist:6Id8rcDNyBXPcgKQVfQ8rX
Sandro Silva,spotify:artist:53UXMZxwzQyV4j7tZaVF58
Sara Bareilles,spotify:artist:2Sqr0DXoaYABbjBo9HaMkM
Sarah Jarosz,spotify:artist:6nFBonVf7Lqaj05R0v5VGJ
Saving Jane,spotify:artist:3SFVchRRMmFuOi3Azi0vTo
Saxity,spotify:artist:1jG8sNQCiRuv1Nz1GiFlax
Screamin' Jay Hawkins,spotify:artist:3VBpsrUi2vV7Uj87ONHu7Z
Seal,spotify:artist:5GtMEZEeFFsuHY8ad4kOxv
Sebastian Ingrosso,spotify:artist:6hyMWrxGBsOx6sWcVj1DqP
Sebastian Mikael,spotify:artist:4hknFHNFp3UMm2Rbc6Ansf
Sevyn Streeter,spotify:artist:6If57j6e3TXXk0HiLcIZca
Sex Pistols,spotify:artist:1u7kkVrr14iBvrpYnZILJR
Shake Shake Go,spotify:artist:1FmnkGJ5KDt1eCHJQVyAbk
Shalamar,spotify:artist:3REpOYo13YkVj1dFzda12A
Shawn Colvin,spotify:artist:0K7VN4aHxHcEb7PqkfoIVA
Sheila E.,spotify:artist:6OQrOpxSIfPai3cFaN4v4P
Shenandoah,spotify:artist:36eTeLNx8ErucrEyRm6JOo
Shontelle,spotify:artist:4M6Z1wubeKtwPqbjJygTOc
Shop Boyz,spotify:artist:3v3clM1KQgVfpPjKJFPAmx
Shovels & Rope,spotify:artist:1M3BVQ36cqPQix8lQNCh4K
Sigala,spotify:artist:1IueXOQyABrMOprrzwQJWN
Sigma,spotify:artist:01pKrlgPJhm5dB4lneYAqS
Simon & Garfunkel,spotify:artist:70cRZdQywnSFp9pnc2WTCE
Simple Minds,spotify:artist:6hN9F0iuULZYWXppob22Aj
Sirens Of Lesbos,spotify:artist:18XyLuKeMMfkTNKTmc6yOU
SLANDER,spotify:artist:20DZAfCuP1TKZl5KcY7z3Q
Slim Thug,spotify:artist:0st5vgzw9XkH5ALJiUM1lE
Slipknot,spotify:artist:05fG473iIaoy82BF1aGhL8
Sloan,spotify:artist:1ahN3WDDULKaAQs7ZUrGNP
Slushii,spotify:artist:41rVuRHYAiH7ltBTHVR9We
Smash Mouth,spotify:artist:2iEvnFsWxR0Syqu2JNopAd
Michael W. Smith,spotify:artist:5aBxFPaaGk9204ssHUvXWN
Michelle Featherstone,spotify:artist:1Y50jSAGSM3NnuzqB8yTsk
Michelle Pfeiffer,spotify:artist:6nKfpz5OosWfOp3CnY0kvy
Mike Jones,spotify:artist:6GsPmNut1ND0llA2WPLdyQ
Mike Ryan,spotify:artist:026v3mvWdRvVdjL67VBySh
Mike Yung,spotify:artist:4UffC3o3JiLSg7pa5DpQbp
Missy Elliott,spotify:artist:2wIVse2owClT7go1WT98tk
Missy Higgins,spotify:artist:6aP8ry8w3bSNyfyqhE8rGf
Mokita,spotify:artist:3sKeaby6GMSJWgYueZaSjE
Montgomery Gentry,spotify:artist:3bGXaFVQLASmDMdjjeJr8a
Motionless In White,spotify:artist:6MwPCCR936cYfM1dLsGVnl
Mozzy,spotify:artist:4AA474G2hRfrHyGrfyDseO
Mree,spotify:artist:3K8cGxW088HVyhFSGWJJcX
Muddy Waters,spotify:artist:4y6J8jwRAwO4dssiSmN91R
Murda Beatz,spotify:artist:3CbYyyd8wH3RT6t0jwpdzC
Muscadine Bloodline,spotify:artist:0EyZDKtc41e4A3a3v69MxD
Mýa,spotify:artist:6lHL3ubAMgSasKjNqKb8HF
Natalie Cole,spotify:artist:5tTsrGPwQRWUsHR2Xf7Ke9
Natalie Grant,spotify:artist:6KVnMm856M8CHHBCw53Ihh
Nathan Sykes,spotify:artist:2Rf4X6m0oayCJhaJ5K63GQ
Neko Case,spotify:artist:4Cedjq5BQL3MhapRvDpFED
Nelly,spotify:artist:2gBjLmx6zQnFGQJCAQpRgw
Neon Jungle,spotify:artist:0JEvQJxxsnNUo6LQygr4AL
Neptunica,spotify:artist:5dGsIOepO9ufQlXjW8KrPL
Niall Horan,spotify:artist:1Hsdzj7Dlq2I7tHP7501T4
Nice & Smooth,spotify:artist:5QhsLryFrDbj9IZ38UmMyn
Nichole Nordeman,spotify:artist:0KSjxPoT71Dq8qcgfWTdHh
Nick Drake,spotify:artist:5c3GLXai8YOMid29ZEuR9y
Nick Wilson,spotify:artist:09Z3wZ88af1pfyJxziESQF
Nine Inch Nails,spotify:artist:0X380XXQSNBYuleKzav5UO
Nneka,spotify:artist:0VX4MyYhvKRtU1AZUVGLUZ
Noah Kahan,spotify:artist:2RQXRUsr4IW1f3mKyKsy4B
NOFX,spotify:artist:4S2yOnmsWW97dT87yVoaSZ
Noriel,spotify:artist:3RtNN1VnooWEn3KQk03DUL
Oasis,spotify:artist:2DaxqgrOhkeH0fpeiQq2f4
Odd Future,spotify:artist:5xpkLC1MxiPRiIJUDEzuVm
Omar LinX,spotify:artist:6fSNDuge2fLINdnCCbpZx6
On An On,spotify:artist:3Topzt1UZCz8GQlP7Zsu0M
OnCue,spotify:artist:0CXywp8jAy9xMF9sA67bXi
Opetaia Foa'i,spotify:artist:759h9uEwoHm8KKq1pGI9RH
Our Lady Peace,spotify:artist:1lqW59DUEKqvcHc8mVWBtH
O-Zone,spotify:artist:5M5PjPSiKeXynM6Ohu350r
Packy,spotify:artist:18C3NkGkA0HmL5vvZZtXjL
Pale Waves,spotify:artist:0wOej91SVqB1zcYkW6xUtA
Palisades,spotify:artist:2w6slVluzWlwADP8aB5yz5
PANG!,spotify:artist:6TlN75Ns66CyxBuZ7i3TK3
Paolo Nutini,spotify:artist:7x5rK9BClDQ8wmCkYAGsQp
Paper Route,spotify:artist:2EoJ4ILZNAHjVtZgmWBaID
Paper Tongues,spotify:artist:2TwquBGFuPq6ZtxEqKhDL2
Paul Anka,spotify:artist:7ceUfdWq2t5nbatS6ollHh
Paul McClure,spotify:artist:7Dl8usoHibuYnDVT5PRVnz
"Peggy Lee (performer), Oliver Wallace (comductor), Walt Disney Studio Orchestra",spotify:artist:3MHlIt9IAlysdZJz2xvkj6
Penny and Sparrow,spotify:artist:65o6y7GtoXzchyiJB3r9Ur
Pentatonix,spotify:artist:26AHtbjWKiwYzsoGoUZq53
Pesado,spotify:artist:4BwiodzEp9Hwes5HeFjMVK
Pete Townshend,spotify:artist:24Wa5wIZIo1sPkzVGP0B5p
"Peter, Paul and Mary",spotify:artist:6yrBBtqX2gKCHCrZOYBDrB
Pia Mia,spotify:artist:1BhWF9W2PngtPSyobKg0rP
Pistol Annies,spotify:artist:2wSgVsgLUZeDJwoLcPO7ny
Pixies,spotify:artist:6zvul52xwTWzilBZl6BUbT
Porter Robinson & Madeon,spotify:artist:07BzG3j5ux7OXJ66zn4I7d
Little Monarch,spotify:artist:1zeHZCkBteZhJHsRI9qv29
Little Simz,spotify:artist:6eXZu6O7nAUA5z6vLV8NKI
Live,spotify:artist:6eoJpTIlcuxJNjV5fDzDJH
Los Angeles Azules,spotify:artist:0ZCO8oVkMj897cKgFH7fRW
Lostboycrow,spotify:artist:5PxCTrv3Y1xVACfngpt7D2
Lotte Kestner,spotify:artist:0LmmhAkoebSsbFfgCybcGI
LP,spotify:artist:0J7U24vlOOIeMpuaO6Q85A
Lucius,spotify:artist:1WrqUPWlHN5FXCRcQgrkas
Lud Foe,spotify:artist:0Cu32uCaqDJYQADOev92Et
Ludacris,spotify:artist:3ipn9JLAPI5GUEo4y4jcoi
Lush & Simon,spotify:artist:0UN8vGMxWEBKNNu8NtyF96
Lyfe Jennings,spotify:artist:33C3ByGk9NCrjTIXr6npqf
Lynyrd Skynyrd,spotify:artist:4MVyzYMgTwdP7Z49wAZHx0
Lyrica Anderson,spotify:artist:6yqadcG6z5djW3lDuP7Abh
Machine Gun Kelly,spotify:artist:6TIYQ3jFPwQSRmorSezPxX
Macy Gray,spotify:artist:4ylR3zwA0zaapAu94fktwa
Maddi Jane,spotify:artist:6p0HFtE6QhdHNY1H4Nk0mo
Maggie Rogers,spotify:artist:4NZvixzsSefsNiIqXn0NDe
Maia Mitchell,spotify:artist:3730ZT92AjnEzC83q5RzDC
Majid Jordan,spotify:artist:4HzKw8XcD0piJmDrrPRCYk
Maps & Atlases,spotify:artist:572aBw8LAuVMk47tfozZZr
Margaret Whiting,spotify:artist:5ZGDxHhju6eE8ja4IyGe87
Mark Battles,spotify:artist:24SwsBq76FnNeXW9Do4wPI
Markus Schulz,spotify:artist:6OO0PboZcIWUWL7j2IyeoL
Marshvll,spotify:artist:6GpHhOPYcMVyiMtZyeWsfw
Martin Solveig,spotify:artist:1bj5GrcLom5gZFF5t949Xl
Matt Costa,spotify:artist:0EghvcisxKybq4CVO7rB5t
Matt DiMona,spotify:artist:1PMiXPKjsgXEDDcfIRNVaq
Matt Woods,spotify:artist:7lWm7B37N2Phj7l1bpEx91
"Matthew ""Mdot"" Finley",spotify:artist:6VlHZVWsWDe7xtzWk5HxCk
Matthew Mole,spotify:artist:1LfnIuggAY5qQdS4sP1K86
Maybe Next Summer,spotify:artist:0m2RyqWe0EtF2thJvBSCkN
Mayday Parade,spotify:artist:3WfJ1OtrWI7RViX9DMyEGy
Mazz,spotify:artist:71L1Q7gkwA3lFldMfBuDSA
Mel McDaniel,spotify:artist:1fMdO9vLUd6wW4jbMeNiup
Melleefresh,spotify:artist:7CxdGFcZV0dgrz4D35aG6o
Men At Work,spotify:artist:0f3EsoviYnRKTkmayI3cux
Michael Franti,spotify:artist:4vCYwGCNg2XUsdi9IVMzwo
Midlake,spotify:artist:4YsP5zmteLQ7etNjHAOu30
Midnight Oil,spotify:artist:72KyoXzp0NOQij6OcmZUxk
Midnight Red,spotify:artist:4zkg0pRNAYeYLFEVcVrvA5
Mike Waters,spotify:artist:35rZNMlMkBs7ghHmGKt0xq
Miley Cyrus,spotify:artist:5YGY8feqx7naU7z4HrwZM6
Milk & Bone,spotify:artist:4fmvA5uVlZUNsje29D1PaW
Milky Chance,spotify:artist:1hzfo8twXdOegF3xireCYs
Misty Edwards,spotify:artist:1D0eJV6n9INYqsRVhFoLZI
Mitski,spotify:artist:2uYWxilOVlUdk4oV9DvwqK
Moderat,spotify:artist:2exkZbmNqMKnT8LRWuxWgy
Molotov,spotify:artist:27Owkm4TGlMqb0BqaEt3PW
Monsta X,spotify:artist:4TnGh5PKbSjpYqpIdlW5nz
Monsters Of Folk,spotify:artist:7wcYEfyBTrH0iT6J4PgSTj
Morgan Evans,spotify:artist:6fzQ81ouajOEFqCIB9VwrS
Morning Teleportation,spotify:artist:5jOwDRC4Ha9MLHxF9YELyV
MORTEN,spotify:artist:19HFRWmRCl27kTk6LeqAO8
Motopony,spotify:artist:5urVI6ZUTzPlsqQoHVwc9s
My Chemical Romance,spotify:artist:7FBcuc1gsnv6Y1nwFtNRCb
Nacho,spotify:artist:2ayNSoKPCRAfjp6hQ76hRu
Nancy Sinatra,spotify:artist:3IZrrNonYELubLPJmqOci2
Nastyboy Klick,spotify:artist:2kZ6dVdEkEs8YjlLy2dsky
Natalie,spotify:artist:4lFOyLUXnV2Emuus9X8xpA
Nate Dogg,spotify:artist:1Oa0bMld0A3u5OTYfMzp5h
NEEDTOBREATHE,spotify:artist:610EjgFatGvVPtib97jQ8G
Rihanna,spotify:artist:5pKCCKE2ajJHZ9KAiaK11H
Ripp Flamez,spotify:artist:0i2MkQSmpTQjsT5NZs7jOX
Rita Ora,spotify:artist:5CCwRZC6euC8Odo6y9X8jr
Rizzoo Rizzoo,spotify:artist:2zaB41HXDxNghkA6X0fgXT
Rob $tone,spotify:artist:2hWs22BmQkK4czFtDLnar2
Rooney,spotify:artist:78inRkIIF0n9R9I2HPoWP7
Rosemary Clooney,spotify:artist:0NkyXWGxE3WTFixDSJ39PK
Roy Orbison,spotify:artist:0JDkhL4rjiPNEp92jAgJnS
Royal Tailor,spotify:artist:1CmWVjnzTRTqZqdVIlZSSY
Rubblebucket,spotify:artist:6xriZDSK3wPXhOoZXr9fzF
Rucka Rucka Ali,spotify:artist:77avA3qzF6itxvXlb2mmNy
Russell Dickerson,spotify:artist:1E2AEtxaFaJtH0lO7kgNKw
Ryan Bingham,spotify:artist:31z9f9AyPawiq0qlBO1M3i
Saavan,spotify:artist:7HIN13S8A6wfupCwXRNv6U
Sacha Baron Cohen,spotify:artist:1JY6Dve5sex0urYQnbshM9
Sam Brookes,spotify:artist:2QfiISy54lQqFOiZV5f1Zh
Saosin,spotify:artist:1NUOfvAhA9AvsF1ISMkgHX
Sarah Jaffe,spotify:artist:1z2SrszsRmq47kDhBAnyNS
Sarah Ross,spotify:artist:6BHFfCwwWCOGRNSZAxNvrk
Say Hey to Single Life,spotify:artist:6Tb8UQRIApqjJFu5yAWqnM
Scars On 45,spotify:artist:5ltIfb6fKhN2sxGic1WRWy
School Of Seven Bells,spotify:artist:1mBdei7fcRpbUEYHgsQN9H
Screaming Trees,spotify:artist:3Ukr3Ufjg8ygRJv7Ww887f
Seals and Crofts,spotify:artist:6jdObwsrIjSRnBbMw6lPBj
Sean Leon,spotify:artist:5dtbsNKCK6Q9yZzdhZpaqW
Shane Harper,spotify:artist:1zKD316iTPlm0I1EUk8x6j
Shaun Frank,spotify:artist:0BBwlSQvHHtahgYpLj1wJE
Shawn Mullins,spotify:artist:4TROLx8HvrnfGGNo2ngL2N
SHeDAISY,spotify:artist:2qFe0FyUMK8XXoyOsfYJr2
Sheppard,spotify:artist:6VxCmtR7S3yz4vnzsJqhSV
Shonlock,spotify:artist:0Fs18mA7TFMvYVRNX4dNTt
Shuggie Otis,spotify:artist:4YHtIE7FI8ITfekzzN5Jpl
Single File,spotify:artist:37pQvKClaOxAsDgWgAccM9
Sister Hazel,spotify:artist:7m60UAnbgFFNuJbmS6OxTk
Sister Sledge,spotify:artist:6gkWznnJkdkwRPVcmnrays
Sly & The Family Stone,spotify:artist:5m8H6zSadhu1j9Yi04VLqD
So Far So Good,spotify:artist:2IFHlJJo1SRKHAfaxBvCDa
Sojourn,spotify:artist:3obIEwSdJCDahAb7WtFdjg
Sóley,spotify:artist:7DtlawO7T5bsgq81EeHxwh
Son Little,spotify:artist:4lujUKeO6nQAJXpq37Epn7
Sonny,spotify:artist:7M32CCGFBfGnTWfQuLngrb
Stateless,spotify:artist:6msJKphD3VXZPItnztefdH
Stealers Wheel,spotify:artist:7bPU7cvfoD20ixGD9Qnqki
Step Rockets,spotify:artist:13NBINjChpGTx6AXEZ73O7
Steven Lee Olsen,spotify:artist:5MW08rvyz59mdceF4urxXO
Steven Tyler,spotify:artist:32zks9ovi0IExzUd1C7W6o
Stevenson Everett,spotify:artist:2VjaUsXjLqXvqNjLR08SyZ
STS9,spotify:artist:1eZ4td9oadjw7GkW0LzxNK
Stwo,spotify:artist:5WQxQAu4xmUwCzxPw3GiB4
Surface,spotify:artist:7dXeJ8kAqTqtvNWQNV3sdU
Sutton Foster,spotify:artist:2RWaZohsuqSJX9xWX3p95G
Sweet N Slow,spotify:artist:66VcWbIYdroGcWxcE340Fn
Swishahouse,spotify:artist:7qpbQKIG4ghU6YXxB5kI6r
SZA,spotify:artist:7tYKF4w9nC0nq9CsPZTHyP
Talib Kweli,spotify:artist:0lEssBAxQl2In4RpaB1C2Y
Talking Heads,spotify:artist:2x9SpqnPi8rlE9pjHBwmSC
Tanerélle,spotify:artist:1r1n66Rkx4fzNCIUQhS6OH
Tanner Fox,spotify:artist:3cDLQ56DHYTMFC1WoXVb8m
Tech N9ne,spotify:artist:6UBA15slIuadJ8h2lPRPos
Teddy Geiger,spotify:artist:1YIpZOfyHXMUgUaxxxgbaC
Terence Trent D'Arby,spotify:artist:1JpHKf8Ztyd8HXU8p6m9cc
Terri Clark,spotify:artist:0HLOP0AdsaWe5Pt5TNueGC
Xavier Wulf,spotify:artist:3uo0ix4Y67XHVWBhXXIY1S
Yates,spotify:artist:5ibJXyzQ2WlGCfKjVVFILy
Yellow Days,spotify:artist:3dv4Q4q3LWOnbLJnC6GgTY
Yonee,spotify:artist:23nkUQDzM0ZbotcoS9SAmY
Young Greatness,spotify:artist:6eUSUma6IbsuvfAs9c0Kti
Young Money,spotify:artist:5OrB6Jhhrl9y2PK0pSV4VP
Zac Efron,spotify:artist:6U1dBXJhC8gXFjamvFTmHg
Zella Day,spotify:artist:100sLnojEpcadRx4edEBA6
Zerbin,spotify:artist:0dlr1FsAcalNnpq1q2RIoT
Philip Bailey,spotify:artist:6ZNeppgfBLPUyugks9Yn1u
Phish,spotify:artist:5wbIWUzTPuTxTyG6ouQKqz
Phoenix,spotify:artist:2rfUBKC90VW9OhYKvygTf5
PHOX,spotify:artist:3ix4iw2URncSdE7X292bXy
Pitbull,spotify:artist:0TnOYISbd1XYRBk9myaseg
Plain White T's,spotify:artist:1g1yxsNVPhMUl9GrMjEb2o
Plan B,spotify:artist:2jSGzJw0ebJLu7OLVSOcBP
Playboi Carti,spotify:artist:699OTQXzgjhIYAHMy9RyPD
Plumb,spotify:artist:2tbxcCCM7A71cmkzuB8lyH
Pocahontas,spotify:artist:07ULXhMc8VhsweqjYYZqbc
Priory,spotify:artist:3sk9GNYRthjLjrZDflxhiB
Priyanka Chopra,spotify:artist:5TPY1mgCEaVjJQnpDPFJVF
Pvris,spotify:artist:6oFs3qk4VepIVFdoD4jmsy
Quality Control,spotify:artist:6i392l38cR3uBPF0DbNs7S
R I T U A L,spotify:artist:3RP50pmG8Wz1mhNCidQj68
Rachel House,spotify:artist:1kB7GlXzdNWl28zLcOkQqU
Rameses B,spotify:artist:06EfEcjc0vdvI6VNL0soIO
Random Encounters,spotify:artist:23Mk68F0po0fPFDUXLY0wX
Randy Houser,spotify:artist:56x8mYvS3cyDGAi8N2FxbB
Rapsody,spotify:artist:6NL31G53xThQXkFs7lDpL5
Raven Felix,spotify:artist:63TvkV41ximAwjYp9d1hUm
RDX,spotify:artist:4GpVRyxDYccJrbQkO3KWws
Red Sun Rising,spotify:artist:01ZtptlLUxoAbJDrS9fTqX
Renee Sandstrom,spotify:artist:5geY3oNUkPickC6dPX0SKB
Rich Boy,spotify:artist:6mXlDbi03T8wXYwWYew0Ut
Rob Bailey & The Hustle Standard,spotify:artist:70eNABm9r2VXOGYW4r209H
Robyn Sherwell,spotify:artist:6vjYF7rDvsWBtHnPgBmJvs
Rock Mafia,spotify:artist:4pzAvicKWenQtv9zIQim47
Rock n Roll Soldiers,spotify:artist:6oEva7PVTpHbNx9JOzNRdv
Rodney Atkins,spotify:artist:2qgvmDsc4jrqbAbjq1HGM2
Rodríguez,spotify:artist:5PrHzxc3kFm4hIrGNmelpX
Roger Miller,spotify:artist:1RP2UpEaRzkF0Id3JigqD8
ROMES,spotify:artist:4b3MzzOReTrle64Pxc1r9g
Roscoe Dash,spotify:artist:0bfX8pF8kuHNCs57Ms4jZb
Route 94,spotify:artist:1dgdvbogmctybPrGEcnYf6
Rowdy Rebel,spotify:artist:6LXRvV2OAtXF7685fzh3mj
Royal Blood,spotify:artist:2S5hlvw4CMtMGswFtfdK15
Röyksopp,spotify:artist:5nPOO9iTcrs9k6yFffPxjH
Rozzi Crane,spotify:artist:4c4aEmXU6Hx95REbIZ3S82
Ruff Endz,spotify:artist:7liFhc0PDIx8etigqd2WhW
RÜFÜS,spotify:artist:5Pb27ujIyYb33zBqVysBkj
Run–D.M.C.,spotify:artist:3CQIn7N5CuRDP8wEI7FiDA
Ryan Cabrera,spotify:artist:3C4t1usFGoKHCSRdujm2GN
Ryn Weaver,spotify:artist:2MuFzH1J5I6gGFYo2qhZmX
SALES,spotify:artist:6vVztIuqdDHvYWxOEXCzjN
Saliva,spotify:artist:5S6hjAxgxjsLylsTtMIimO
San Cisco,spotify:artist:0Ou0138wEd8XWebhc4j7O0
Sandoval,spotify:artist:4FG27h3EzTkxI1YDnHhuRW
Sara Watkins,spotify:artist:1FDE7zZ6jmP8HHb9ej3mek
Say Anything,spotify:artist:3ImqpXKKgkH5VydfgX1hd4
SayWeCanFly,spotify:artist:6nKQmcReKxJx1vUt9g25j6
Scarlett Johansson,spotify:artist:2KAaJOwfu8n93byx6YPRPa
Scorpions,spotify:artist:27T030eWyCQRmDyuvr1kxY
Sean Kingston,spotify:artist:6S0dmVVn4udvppDhZIWxCr
Sebastian Yatra,spotify:artist:07YUOmWljBTXwIseAUd9TW
Selena Gomez,spotify:artist:0C8ZW7ezQVs4URX5aX7Kqx
Seoul,spotify:artist:3e69LorE0YSsEaYY6x9XuG
Serebro,spotify:artist:1Ulwacsns9Me7dz4OVwkiQ
Sevdaliza,spotify:artist:5MraexJKZDrQYzS98kNwie
Seven Mary Three,spotify:artist:2zsLaQhHFdQPdFXqG1nRmM
SiDizen King,spotify:artist:41vaFCxAUS3rxOybvYy241
Silvestre Dangond,spotify:artist:3OcvS8PzSGYMBvLdzY6g3e
Sin Bandera,spotify:artist:7xeM7V59cA1X8GKyKKQV87
Meg Mac,spotify:artist:4faUajx9k93O56nlmpkOuz
Melting Oak,spotify:artist:0oxmexlKTti9cCpu56Mczy
Metric,spotify:artist:1rCIEwPp5OnXW0ornlSsRl
Metro Station,spotify:artist:7vXwfZyDp3spzIVNXDaTPN
Mic Nice,spotify:artist:0e030i9MLm04Z2vfOoLPcJ
Michl,spotify:artist:0qG3lxHmrUeKzL1BJJ7IBN
Mighty Oaks,spotify:artist:5AVJt6VYXT4hMRP8D3MRAC
MIIA,spotify:artist:0h3YCmvRJ2jqt4jFiR6nGL
Mike Perry,spotify:artist:6lB8vOoI4DRrrVxXwuV19c
Mikel Knight,spotify:artist:3zFs8X9v1e7Yqpv1wc9Cuw
Milo,spotify:artist:0J6PhnVD21GSFoJ9HoadLH
MiMS,spotify:artist:76RrKpsvOmSKG8CIjROdSG
MNEK,spotify:artist:7uMh23xWiuR7zsNkuNcm2G
Mo Lowda & the Humble,spotify:artist:3P3iJ6AlAdlb4tYAu00Fhk
moe.,spotify:artist:2ZfHMUPrxoZNDTBPHmmdhj
Montana of 300,spotify:artist:74dMZMvy8P27oPqnprnvBb
Moonshine Bandits,spotify:artist:7DBsiQxsZAKC5lHoRCdOFG
Morrissey,spotify:artist:3iTsJGG39nMg9YiolUgLMQ
Moxie Raia,spotify:artist:1dSRKlg9rzvs63rhT8Sbpp
Mystikal,spotify:artist:3LIJJJkO7R5RasRwt7xIn5
Nada Surf,spotify:artist:11zHPjHnZN0ACA50rSnTcy
Nahko and Medicine for the People,spotify:artist:35fFUv2850L9CQjjNrLBpb
NateWantsToBattle,spotify:artist:0Vb15td3iKkAzdGD5Sj9Ky
Nathaniel Rateliff & The Night Sweats,spotify:artist:02seUFsFQP7TH4hLrTj77o
Natural Vibrations,spotify:artist:2u0CzUCFU8OEoIFORUq6wJ
Neck Deep,spotify:artist:2TM0qnbJH4QPhGMCdPt7fH
Neil Young,spotify:artist:6v8FB84lnmJs434UJf2Mrm
Neon Hitch,spotify:artist:2TnJ7VOpGzjtKUn0ObpEYe
Netherfriends,spotify:artist:5nYfBUxnHtI6LAp32fl9qY
New Edition,spotify:artist:1mFX1QlezK1lNPKQJkhwWb
New Kids On The Block,spotify:artist:55qiaow2sDYtjqu1mwRua6
Ne-Yo,spotify:artist:21E3waRsmPlU7jZsS13rcj
Nick Cannon,spotify:artist:480i0t8YiGc2aoOR6BeLAb
Nick Hakim,spotify:artist:1Goe2NezNnym45kco2xTk6
Nick Mulvey,spotify:artist:3x8FbPjh2Qz55XMdE2Yalj
Night Lovell,spotify:artist:2y246nnP9pQT0E6v3ZMMOO
Nivea,spotify:artist:15Dh5PvHQj909E0RgAe0aN
Nothing But Thieves,spotify:artist:1kDGbuxWknIKx4FlgWxiSp
Nu Shooz,spotify:artist:2The4Ur661sLPGndcUuuLu
NxWorries,spotify:artist:6PEMFpe3PTOksdV4ZXUpbE
ODESZA,spotify:artist:21mKp7DqtSNHhCAU2ugvUw
Of Monsters and Men,spotify:artist:4dwdTW1Lfiq0cM8nBAqIIz
of Montreal,spotify:artist:5xeBMeW0YzWIXSVzAxhM8O
Ofenbach,spotify:artist:4AKwRarlmsUlLjIwt38NLw
Oingo Boingo,spotify:artist:5LXEAEGrpKQtpyCu2sZuWu
Old Crow Medicine Show,spotify:artist:4DBi4EYXgiqbkxvWUXUzMi
Olly Murs,spotify:artist:3whuHq0yGx60atvA2RCVRW
Omega,spotify:artist:1UjxAZqzphB1tsMb1aWBj0
OMI,spotify:artist:5MouCg6ta7zAxsfMEbc1uh
Only Real,spotify:artist:5cyHu7tidauRJ9UawaPwG5
Operators,spotify:artist:4kU5nN9B7hXLqUg7sMiQKw
Original Broadway Cast - The Little Mermaid,spotify:artist:3TymzPhJTMyupk7P5xkahM
Original Broadway Cast of Hamilton,spotify:artist:3UUJfRbrA2nTbcg4i0MOwu
Otto Knows,spotify:artist:5fahUm8t5c0GIdeTq0ZaG8
Palm Trees,spotify:artist:3IYNUniWKkMmHKUHssC392
Panama,spotify:artist:3W9UldYu0xJcaOAw2SUTDI
PAPA,spotify:artist:2WQfUqU0HCYbiOA2w9zmBp
Paradiso Girls,spotify:artist:0Ll05d44isngmRZHZEjfIY
Party Favor,spotify:artist:7yPPzu5UdAK7yagQqjEZQm
Patina Miller,spotify:artist:1V5Hq88OkI5tpsh1EKxStp
Patti Austin,spotify:artist:0JxChc2w5fwTGbXKfc4cRd
Smokey Robinson & The Miracles,spotify:artist:6TKOZZDd5uV5KnyC5G4MUt
Snoop Dogg,spotify:artist:7hJcb9fa4alzcOq3EaNPoG
Snow,spotify:artist:3uZFBSsMiooimnprFL9jD1
Soca Man,spotify:artist:3v6rMO9xp8triNTLIv2jUG
Social Repose,spotify:artist:2KGgkFhzF8mQwDy321OHIy
Sody,spotify:artist:01y8iBZYk8aeNfPsuTVrAt
Somewhere Else,spotify:artist:5LA9eBtrAmkfQveuJZLH5h
Sorority Noise,spotify:artist:7jXQfCP0xRnnind08ie0zT
Sound Behaviour,spotify:artist:449C53epW4jdjYgsSBChgl
Spandau Ballet,spotify:artist:2urZrEdsq72kx0UzfYN8Yv
Special Ed,spotify:artist:3vIFTM70CYTYr122vTVpzx
Spongebob Squarepants,spotify:artist:3zCAmjKyHsG7kTGsls1cfj
St. Lucia,spotify:artist:5WId4o5jdGVhptNU0uqKxu
St. Paul & The Broken Bones,spotify:artist:4fXkvh05wFhuH77MfD4m9o
Stephen Malkmus & The Jicks,spotify:artist:7wyRA7deGRxozTyBc6QXPe
Sterling Fox,spotify:artist:1N29uZsEW74pVL6zNKIukF
Steve Lacy,spotify:artist:57vWImR43h4CaDao012Ofp
Steve Ouimette,spotify:artist:0dl1CSyAIvbLjyXwE4LcCz
Steven Curtis Chapman,spotify:artist:3vcFXwLEUdfWMu7gTQKyot
Stevie Stone,spotify:artist:2IvPBSC4CgNLYC1GHEAxcN
Stevie Wonder,spotify:artist:7guDJrEfX3qb6FEbdPA5qi
Streetlight Manifesto,spotify:artist:1OKOTYGoCE2buxTYMegJp7
Sugar Fix,spotify:artist:3hrIm2M8DzmO6XI56HG7QG
Sum 41,spotify:artist:0qT79UgT5tY4yudH9VfsdT
Sun Kil Moon,spotify:artist:4G0XDEk7RbA4BBCTs917U9
Superdrag,spotify:artist:1UGwqiX4QA7R9hNBwzjavF
Survive This!,spotify:artist:6XEeYczHI2fZDw3ZuUrL1m
Susan Boyle,spotify:artist:1qAuetfG6mhtDgsVIffWQc
Swizz Beatz,spotify:artist:2cADQgiLMjNhbsfeN52Bf3
Syd Matters,spotify:artist:4kDmwaDsfY9hcvz7K0otLJ
Sydney Renae,spotify:artist:1WCkk0zp3ukPnap26Ffe34
Sylvan Esso,spotify:artist:39vA9YljbnOApXKniLWBZv
Symon,spotify:artist:0Yi8b2U9AemQbI0dj0jtRE
System Of A Down,spotify:artist:5eAWCfyUhZtHHtBdNk56l1
TAEMIN,spotify:artist:13rF01aOogvnkuQXOlgTW8
Tally Hall,spotify:artist:7lqaPghwYv2mE9baz5XQmL
Tammy Wynette,spotify:artist:1LFKKuzn302wp15dYH28id
Taron Egerton,spotify:artist:5nwjcZ87CGNRiO98nFKdOD
Tech N9ne Collabos,spotify:artist:4UOlRVifrFdQHW9qu5ep8t
Technotronic,spotify:artist:2Cd98zHVdZeOCisc6Gi2sB
TeeFLii,spotify:artist:1pCVxwkdixCeBPTboRZIi2
Teena Marie,spotify:artist:61UT1Zj9dFgPAjZfwnsqsb
Terror Jr,spotify:artist:5QatamYwvUTOmMHW6WA0AG
Thao & The Get Down Stay Down,spotify:artist:2dn0CGCWvtrwZ66bOeLNb2
Thayne Jasperson,spotify:artist:4lSm9vkdpKSs1O8nKflRaB
The 88,spotify:artist:3OfiFNgFbJAwuQnVvOL2bh
The Afters,spotify:artist:1Q9nxD19emMUTTWtFi7jZc
The Arcadian Wild,spotify:artist:4tHZV2ZowPkzOvX4eG1inY
The Asteroids Galaxy Tour,spotify:artist:68g1s6VqLLLBI3tXR0Bb7C
The Bad Plus,spotify:artist:5qOfTfMzTj2dvvpWKzIFk6
The Bellamy Brothers,spotify:artist:5iB5AWIa7qreioi0AF3Bxa
The Black Crowes,spotify:artist:5krkohEVJYw0qoB5VWwxaC
The Bots,spotify:artist:4BytPrwCFHaxTtfKxoaaxD
The Bouncing Souls,spotify:artist:3mvTAjG7rcyk7DQzLwauzV
The City Harmonic,spotify:artist:6qAVoMGl7omcu0RhX1B3fm
The Cranberries,spotify:artist:7t0rwkOPGlDPEhaOcVtOt9
The Del-Vikings,spotify:artist:10xLCBOlt2NhclsRmrOvX5
The Digital Age,spotify:artist:10e64Uf9i4sWOj7jYaOsSN
The Exciters,spotify:artist:2GF1B0GIaFrLFLdfH6ufRO
RedOne,spotify:artist:6O9WquDfQTxGRZqZUXVEQx
Reef,spotify:artist:191Koh7PSIi28IrGAGoINO
Reel 2 Real,spotify:artist:4AXX8UN3xaPrxHSqrgE3Ta
Relient K,spotify:artist:3nJWBJvK7uGvfp4iZh9CkN
REMMI,spotify:artist:14eQOEJwQwEFzqlaXuSMjf
Rexx Life Raj,spotify:artist:5rDXcEIODl8TgGTgrntnjX
Rhythms Del Mundo,spotify:artist:7kXpvrS3xtr0nGzNFGuuQq
Richard Haydn,spotify:artist:4L26KugcKxFLhnDRtubUwh
Ricky Nelson,spotify:artist:73sSFVlM6pkweLXE8qw1OS
Right Said Fred,spotify:artist:15ajdFAi5bjj5pS9laBfBL
Rittz,spotify:artist:5sRhscbWRXFbjXtSZyfaWY
RJMrLA,spotify:artist:6kQWPGBItT0oMCHZy3M9DN
Rob Gasser,spotify:artist:1WlxlG9IzXsq9MkneOPkxc
Robby Hunter Band,spotify:artist:20LhC1gJIZQvzwrrHprZiJ
Rogue Wave,spotify:artist:2JSc53B5cQ31m0xTB7JFpG
Ronnie Dunn,spotify:artist:1iLuTmIgxCEiEllDSWkeIy
Rostam,spotify:artist:04XggbrM51GcFPTxBYtRXT
Royal Bliss,spotify:artist:2DntubHirEICSdXa23WNpV
RUNAGROUND,spotify:artist:0bTwqu2kHGHJyomMDAGpkK
Rupee,spotify:artist:60TYV12IFUaDfnUA0S67zb
Rush,spotify:artist:2Hkut4rAAyrQxRdof7FVJq
Ryan Adams,spotify:artist:2qc41rNTtdLK0tV3mJn2Pm
SahBabii,spotify:artist:7GuUYiGZOzQwq4L6gAfy1T
Said the Sky,spotify:artist:4LZ4De2MoO3lP6QaNCfvcu
Saint Motel,spotify:artist:1dWEYMPtNmvSVaDNLgB6NV
Sam Gouthro,spotify:artist:44jLOUh67NE3q0HAwDtrvg
Sam Riggs,spotify:artist:3vmCb694uLT5FBO1lVB52U
Sam Roberts,spotify:artist:09XH90DXG8hru6NN96GbA0
Sammy Hagar,spotify:artist:1hXjTjJzZTXDZ75AclOo6N
Savage,spotify:artist:1GbrJTB56Xs4XQGlmVbaCf
Save Dat Money,spotify:artist:4VI2EuesZrBgMARPYMT68X
Savoy,spotify:artist:25vU5DYwHIHhg1ViWV3SJq
Scary Kids Scaring Kids,spotify:artist:3cdos5vq3wSUR8mEvMiqq9
Semisonic,spotify:artist:1TqQi97nqeiuOJrIFv5Sw0
Seramic,spotify:artist:0pu9LAsUMg8nhMK1hmiM5b
Serena Ryder,spotify:artist:3jmxkI8Jhv8bHOd2qSiU9j
"Sergio Vega ""El Shaka""",spotify:artist:5YNi3BopLa4XtYRtzML80L
Set Your Goals,spotify:artist:2Ivw6FhAZpa7kiAXWztCq5
SG Lewis,spotify:artist:0GG2cWaonE4JPrjcCCQ1EG
Shakewell,spotify:artist:1w7GLktHE8w0aEhhaZ0QKB
She Wants Revenge,spotify:artist:2zRt0sfxNnqI8gLR7d8gWt
Shivaree,spotify:artist:34xAiSyQG6nlH0eZNLjbLW
Sickick,spotify:artist:3NR7hAacOhmcztWvD7vJfS
Sidney Samson,spotify:artist:3XonXgjEAAXVl0WKLF1Z4g
Silverstein,spotify:artist:1Tsag5J854qxeOo2apszug
Sir Felix,spotify:artist:3jUtu6ALbeVTfpZqn9ccgc
Slim Dunkin,spotify:artist:1j9teSUrqJuPSWtXmgpbO3
Slowdive,spotify:artist:72X6FHxaShda0XeQw3vbeF
Snails,spotify:artist:2yT7X3Gg2S51DHz67FAYL6
Sofia Carson,spotify:artist:7bp2lSdh12wcA8LyB1srfJ
SOL,spotify:artist:7F3F1w0FK3HYyNLe3wE56T
Solange,spotify:artist:2auiVi8sUZo17dLy1HwrTU
SoMo,spotify:artist:5AtWO8IEnjhRLzaVVQxFUs
Songs: Ohia,spotify:artist:3uQ5cxFHxXddqPL58egs1z
SOPHIE,spotify:artist:5a2w2tgpLwv26BYJf2qYwu
Soul Asylum,spotify:artist:02da1vDJ2hWqfK7aJL6SJm
Sound Remedy,spotify:artist:1UtzKaSQyctQO8GN8EyzOn
Sparks The Rescue,spotify:artist:07DRdecWdrPljDGClOl3nL
St. Vincent,spotify:artist:7bcbShaqKdcyjnmv4Ix8j6
Stacey Q,spotify:artist:3q8tRS0hCMVCylgKAoA0ya
Starz,spotify:artist:4iN7npIRjlGTe2ueM2QRlQ
State Radio,spotify:artist:6eaKsv68njcrz5OjeQor5L
Stephen Swartz,spotify:artist:2RMgYVDRYOGHlqqcushWNU
The Flaming Lips,spotify:artist:16eRpMNXSQ15wuJoeqguaB
The Floaters,spotify:artist:6GpuL6WNTOVhmMl6lZbiKS
The Georgia Satellites,spotify:artist:2hnzQ6eCFkxUIPsVcsdj8A
The Jud Conlon Chorus and The Mellomen,spotify:artist:0CHypT4Ez38PqvLQqxKkbK
The Kills,spotify:artist:5BYuBzqmTXwUDw2rYkwExr
The Knocks,spotify:artist:2x7EATekOPhFGRx3syMGEC
The Madden Brothers,spotify:artist:5geIMZUDvBE9CwP2iBnBuM
The Mamas & The Papas,spotify:artist:1bs7HoMkSyQwcobCpE9KpN
The Mighty Mighty Bosstones,spotify:artist:5uYXMC13cIUulobh204QuK
The Moldy Peaches,spotify:artist:7GGv4mV9JTJK9e7nIzUliU
The Oh Hellos,spotify:artist:3Fe3pszR2t4TOBVz41B1WR
The Orb,spotify:artist:5HAtRoEPUvGSA7ziTGB1cF
The Osborne Brothers,spotify:artist:6gM87haEMrst4Eqdobf98c
The Party Boyz,spotify:artist:4r7ZAibeMbA2QgXisHtQBr
The Pass,spotify:artist:1YZ8Q9yDeYWrCDPFSz3crB
The Piano Guys,spotify:artist:0jW6R8CVyVohuUJVcuweDI
The Ready Set,spotify:artist:2eRJjYEaWyGZbOBGYFLBoC
The Red One Rocketman,spotify:artist:4pnCFvqm27NL3msmn8Nnoc
The Rolling Stones,spotify:artist:22bE4uQ6baNwSHPVcDxLCe
The Secret Handshake,spotify:artist:24WD4syZasIzg6XVENc0FD
The Shoes,spotify:artist:6buUuVTdxxAe5ODJtKZ4hP
The Silent Comedy,spotify:artist:4s7QvzBMTW4BKWI5pVO2mY
The Skyliners,spotify:artist:4JeG1IusHcsL2owYnsJ7wk
The Spencer Davis Group,spotify:artist:3i9hP422d2KMjaupTzBNVS
The Stranglers,spotify:artist:0RUEHcBiENFEqxgicqS2ig
The Submarines,spotify:artist:6D9Y5lqXKgJv8CV6Ur59oS
The Thermals,spotify:artist:4qAJ54O4V0W8SQcSz0bl1C
The Time,spotify:artist:1EgGVV9cmmlLEsFlunjmvv
The Ventures,spotify:artist:2GaayiIs1kcyNqRXQuzp35
The Verve Pipe,spotify:artist:242iqFnwNhlidVBMI9GYKp
The Virgins,spotify:artist:6RNuLHIAlLt1FQHm03oEru
The White Stripes,spotify:artist:4F84IBURUo98rz4r61KF70
The Wild Feathers,spotify:artist:5YENCIQVzziCFdoVWc26Bn
THEY.,spotify:artist:0pghUohLPptZWBasy2wmUx
Thousand Foot Krutch,spotify:artist:6GfiCQDFYANz5wUkSmb3Dr
Throwing Muses,spotify:artist:5xU5wRTlZHVRoo2OxPvqA4
Tigger,spotify:artist:2hblnfACzyljMfIZDwRZ7e
Tim Halperin,spotify:artist:3nVeK8gQChVtVCCjGreal2
Tink,spotify:artist:4v6XOdonnfpdTKTRJArG7v
Tobias Jesso Jr.,spotify:artist:3RosuARXNIOfNYoJXR7fzA
Toby Keith,spotify:artist:2bA6fzP0lMAQ4kz6CF61w8
Tokyo Police Club,spotify:artist:3wyfo3svXNWnszGAEVey11
Tommy Torres,spotify:artist:264nbMzGPSkDZqTY8nXwCG
Tone-Loc,spotify:artist:5Y8EphH8Vdqu5SLj6K5vjj
Toots & The Maytals,spotify:artist:6ZFv3wQwwWPiVDWhv0mjQK
Tory Lanez,spotify:artist:2jku7tDXc6XoB6MO2hFuqg
TOTEM,spotify:artist:0Nmzni4mLSbgpRyDim6yYG
Train,spotify:artist:3FUY2gzHeIiaesXtOAdB7A
Travis,spotify:artist:3bUwxJgNakzYKkqAVgZLlh
Travis Tritt,spotify:artist:2M4Yt7oKGoYd0wqU44k4i2
Tribal Seeds,spotify:artist:7jgZFR40bWjwOrRCOZFB02
Trinidad James,spotify:artist:0I5HubncQ8E1MFZOlPDY4J
TRUSTcompany,spotify:artist:21ALJSG7U07dShegeJQ2xA
TS & The Past Haunts,spotify:artist:7fIV52KxHOrV7rcQpxli1x
Turnpike Troubadours,spotify:artist:1YSA4byX5AL1zoTsSTlB03
Twin Atlantic,spotify:artist:4A9xtvezlouTD7H0kyUje9
Twin Shadow,spotify:artist:6fLrPFLWLSCrp7gcTZXcKb
Tyga,spotify:artist:5LHRHt1k9lMyONurDHEdrp
Tyler Carter,spotify:artist:4VCAHkdzvJBHJAcPyvWY5s
Soko,spotify:artist:4Q3f2YYH4gQxWFS3WY5G3j
Sol,spotify:artist:5mYS4mPFCpxvQwGU8rT43a
SOLANO,spotify:artist:4JprKwueQv8ws3n7N8BLVC
Sophia Black,spotify:artist:3wdXgSpjbbU3tX9KasdxMh
Spank Rock,spotify:artist:1LcLsIWOl1Z8vo1wl6bxg2
Spencer Sutherland,spotify:artist:6mjz3NMhNE5SK7GsbJIg6C
Spice,spotify:artist:0wEvWMQRqaXcgnrZv6KtyL
Spice 1,spotify:artist:4TqmaFJYM8SvuhrunxpmT3
Sponge,spotify:artist:2JXDwIo5HsiwTcTPQytrZ8
Stacie Orrico,spotify:artist:5QjWgYDeKNP2iPHTdTttnG
Stadiumx,spotify:artist:0DRf6JJDQnRnz0Yp209CmH
Starland Vocal Band,spotify:artist:66QeIFuFJDNCImNHlFzrY1
Stars,spotify:artist:2EO56JK4txid1Pss9GVbOL
Starship,spotify:artist:0kObWap02DEg9EAJ3PBxzf
Startisan,spotify:artist:3aHFKQMfuirpu3ZlbQuYnI
Statik Selektah,spotify:artist:5v0XTlB9FqNvfBfnw8n5b0
Stepdad,spotify:artist:2ot2iyWGOnT9afKQxy9iNd
Stephen Sondheim,spotify:artist:4TbtUt49IMXEIMmNdifHb1
Steppenwolf,spotify:artist:1WRM9i067hd2ujxxi8FI3m
Steve James,spotify:artist:2rYFy6vVM1YiECVIAHaJBY
Stevie Ray Vaughan,spotify:artist:5fsDcuclIe8ZiBD5P787K1
Stick Figure,spotify:artist:5SXEylV07TC57eanSxxg4R
Stooki Sound,spotify:artist:6ky7h0ow6NQgAnsoN2AB7h
"Sultan + Shepard ",spotify:artist:14Tg9FvbNismPR1PJHxRau
Superchunk,spotify:artist:7lmde7T1WJPFwv1eR6melP
Surfer Blood,spotify:artist:0IlQRCafsMrd0QkTRBU6n0
Sylo Nozra,spotify:artist:0QitJHI0ZwMa5F9TR6EYSl
SYML,spotify:artist:6AyATGg7mDgBlZ4N5uNog0
Taj Mahal,spotify:artist:1aTDTChWWyiJH3SEnYrdVp
Take/Five,spotify:artist:4MD0pIPxvGvPdohFuEkCua
Taking Back Sunday,spotify:artist:24XtlMhEMNdi822vi0MhY1
Tasha Cobbs Leonard,spotify:artist:5YxebzzreNswbtYC1td4cx
Taylor Girlz,spotify:artist:2CCqizWr7RQhtABnxW9epA
Tear Da Club Up Thugs,spotify:artist:6EXX0GpVsILp9TGCfu7AVG
Teddybears,spotify:artist:3gqv1kgivAc92KnUm4elKv
Télépopmusik,spotify:artist:3aKCo8gLJfuPYtr88aWKjF
Ten,spotify:artist:3Q5Qep7ytrjVleNnMnntgQ
Tenacious D,spotify:artist:1XpDYCrUJnvCo9Ez6yeMWh
Tha Dogg Pound,spotify:artist:5UtQf6Eqewo02lVCo3lImQ
The 1975,spotify:artist:3mIj9lX2MWuHmhNCA7LSCW
The Americanos,spotify:artist:4XxgN35ZzxIrzUH9Fz8e1y
The Band CAMINO,spotify:artist:6d4jrmreCmsenscuieJERc
The Beatles Tribute Band,spotify:artist:0rhGLV687CCwGfeJYXd176
The Black Jets,spotify:artist:3vLHHLcJnVDoKOyKYdH1g6
The Bravery,spotify:artist:2bcrMsFlF632EQ6VZERWFu
The Calling,spotify:artist:5aMmmNxw4vgpc5XC6hK0zp
The Collection,spotify:artist:3sva1UjOJOx6cGISZOpItl
The Cure,spotify:artist:7bu3H8JO7d0UbMoVzbo70s
The Disney Afternoon Studio Chorus,spotify:artist:0kzp6Ezum8UhblfmLkcyPq
The Echelon Effect,spotify:artist:20lGLFmdtadbUYmqzFRcA2
The Frank & Todd Show,spotify:artist:7C5kb51ZDvGVr3yJvVTTTy
The Glitch Mob,spotify:artist:3a9qv6NLHnsVxJUtKOMHvD
The Good Husbands,spotify:artist:6omVBaiP9tu3l6gOlXA9dg
The Hoosiers,spotify:artist:4LlDtNr8qFwhrT8eL2wzH4
The Human Beinz,spotify:artist:7KdxWrkwsSjIxyHL0HNtiv
The Jesus and Mary Chain,spotify:artist:4rjlerN21ygkIhmUv55irs
The Marshall Tucker Band,spotify:artist:59QxeZBL6k9L4oJBGSyukd
The Monotones,spotify:artist:39aV9if9R4QuPZxrJsxc9a
The Paper Kites,spotify:artist:79hrYiudVcFyyxyJW0ipTy
The Raveonettes,spotify:artist:3LTXHU3DhiYzGIgF2PP8Q8
Thalía,spotify:artist:23wEWD21D4TPYiJugoXmYb
The 2 Bears,spotify:artist:0tCMgjr8y7UKNmE3B1Uwbl
The Allman Brothers Band,spotify:artist:4wQ3PyMz3WwJGI5uEqHUVR
The Angels,spotify:artist:6YtJeguOS8yoMkmLLnzU7q
The Aquabats!,spotify:artist:0WgiEOrXlaXJGHKhkd9s4s
The Beta Band,spotify:artist:2LMR8u7DOMF0FBseDpTsRa
The Bone Collector,spotify:artist:0A9AVtDbdUQB6vfjBPn7hn
The Bright Light Social Hour,spotify:artist:7oIZ8VPQ688hUQ3dQ4y6rD
The Byrds,spotify:artist:1PCZpxHJz7WAMF8EEq8bfc
The Cast Of 'Lemonade Mouth',spotify:artist:6S1iMHoXg8Ktnvc8bt4JtE
The Dean's List,spotify:artist:6YSjNCQzQQf62xXMW9nAaj
The Districts,spotify:artist:3HZgaiR960RFqx9d4LPraD
The First Edition,spotify:artist:5XDSGEZV9xG35PRLJ0O3hx
The Five Stairsteps,spotify:artist:3Inrg8cs8oc4q8oPES4a6S
The Format,spotify:artist:3ZJC8cLts8Q8s8JbNJKsLf
The Front Bottoms,spotify:artist:5ictveRyhWRs8Gt8Dvt1hS
The Greeting Committee,spotify:artist:1MIe1z4RdqLqHSJsb7EBMm
The Halloween Dancer,spotify:artist:6uEDmPvOArrrhDP6fTf2Ki
The Hooters,spotify:artist:7uhvDINTTiD0XBrP9fquN1
The Hotelier,spotify:artist:3kzNckjE5FzHQhe4pJiLKa
The Infamous Stringdusters,spotify:artist:7yTltkMBvChBkA86Tz8WfW
The Jud Conlon Chorus,spotify:artist:5s5jvj5TkkMkQDR28awRsA
The Karaoke Channel,spotify:artist:5UloVKzUNJcjORzhhTWWiJ
The Killers,spotify:artist:0C0XlULifJtAgn6ZNCW2eu
The King's Son,spotify:artist:6odusjO6ZjjoV3IFlzSxoE
The Lady Of Rage,spotify:artist:5CxwOBCoGSvWxfDgNoa1Nv
The Love Unlimited Orchestra,spotify:artist:457yGSZecENoIuNWelRHhH
The Pharcyde,spotify:artist:7yk35uHNQclPXFGFoTU44w
The Polish Ambassador,spotify:artist:2dI9IuajQnLR5dLxHjTTqU
The Raconteurs,spotify:artist:4wo1267SJuUfHgasdlfNfc
The Railers,spotify:artist:2fQutsJyyUnhQdjDK3VUIA
The Righteous Brothers,spotify:artist:4b0WsB47XCa9F83BmwQ7WX
The Roots,spotify:artist:78xUyw6FkVZrRAtziFdtdu
The Royal Concept,spotify:artist:7LAucJAvbQa7ZIA0qP8YI2
The Shins,spotify:artist:4LG4Bs1Gadht7TCrMytQUO
The Staves,spotify:artist:5G49Sq5mMzAkGL4ZP6eVPY
The Summer Set,spotify:artist:0pwyD6DhbFWn8uVSz2Fr0w
The Sweeplings,spotify:artist:3fTedgf4fh8D3s41dP0HWt
The Symposium,spotify:artist:2FQgnKHydnhSnRS17BSy28
The Wallflowers,spotify:artist:0jJNGWrpjGIHUdTTJiIYeB
The Weather Girls,spotify:artist:19xz1vcuKNjniGEftTOSSH
The White Tie Affair,spotify:artist:4lmpEOYpB8yNe8buBDP5vF
Thelma Plum,spotify:artist:0C6qzW0Am8OVyHSoT57fnC
ThiDaniel,spotify:artist:1i32ri06aqokvKPj11DlS5
Thunderstruck,spotify:artist:2DEBmoSoKievI35XVv4kcF
Tim North,spotify:artist:0aF4uopelh675gJDvtpCnU
Tish Hyman,spotify:artist:6WzffCtFJ1iDsAwEV35h6K
TK N Cash,spotify:artist:0BuvqDNQaCHcKJLCbK0M3P
Tom Cochrane,spotify:artist:5Jj4mqGYiplyowPLKkJLHt
Tommie Sunshine,spotify:artist:42tlZWSz1V6Rsqds29GcRo
Tor Miller,spotify:artist:6HCZOENaZRSdEWQVSN8vzL
Tourist,spotify:artist:2ABBMkcUeM9hdpimo86mo6
TR/ST,spotify:artist:64NhyHqRKYhV0IZylrElWu
Transviolet,spotify:artist:7ixzNQXQ64I2ayrtyhlF7i
Trick Daddy,spotify:artist:12FHARd9fY0Tu0ila4Ua25
Tristan Prettyman,spotify:artist:49RRjdOtssOA73G9NnVeUM
Trivium,spotify:artist:278ZYwGhdK6QTzE3MFePnP
Troye Sivan,spotify:artist:3WGpXCj9YhhfX11TToZcXP
Tweedy,spotify:artist:3F4PBcfdeFdmxjRPS2UdMl
Sir Michael Rocks,spotify:artist:2F3zBRfrDfm2FyNT0YKyAx
Sister Nancy,spotify:artist:21pMSs2JHWwwy2kp1QIIVB
Skippa Da Flippa,spotify:artist:4YWK3hXt1QRAw2rNBao55d
Skizzy Mars,spotify:artist:00Z3UDoAQwzvGu13HoAM7J
Sky Ferreira,spotify:artist:7pyhre5oEEFMqcgMEvJY7q
Skylar Grey,spotify:artist:4utLUGcTvOJFr6aqIJtYWV
Smithfield,spotify:artist:1aPmWgDU4JXEWg1d2BwH5M
Smokepurpp,spotify:artist:21dooacK2WGBB5amYvKyfM
Snow Patrol,spotify:artist:3rIZMv9rysU7JkLzEaC5Jp
Sofia Karlberg,spotify:artist:2msPoIYdnKVeuOOM960FC2
Sonny & Cher,spotify:artist:71lGEtP9qYXDsSXjfexTqO
Sonny Alven,spotify:artist:2zHHEU3t9cutZFyG0fHdOR
SonReal,spotify:artist:2OlZK0VIzr7wQYSrj9bOvF
SOS,spotify:artist:01y0qj3pkC0Fw07YLnKsvK
Spawnbreezie,spotify:artist:0BvwGBAFqNeDqjkeoxRlm6
Stan Getz,spotify:artist:0FMucZsEnCxs5pqBjHjIc8
Star Slinger,spotify:artist:4GyYa2wB1SohURhDwDCCnQ
Stargate,spotify:artist:7KUri7klyLaIFXLcuuOMCd
Starley,spotify:artist:02A3cEvlLLCbIMVDrK2GHV
Stars Go Dim,spotify:artist:4O5EDKGt6YC5IXkOArVqk3
State Champs,spotify:artist:1qqdO7xMptucPDMopsOdkr
Steve Azar,spotify:artist:6x9fdTmlcJVJtChlLgT1G3
Steve Perry,spotify:artist:5xQKoGD7Ql92fWd1uWwKkf
Stormzy,spotify:artist:2SrSdSvpminqmStGELCSNd
Straight No Chaser,spotify:artist:1yQ8S4xdGOGbUcpaPR6hCM
Styles P,spotify:artist:2x8KDZdSONA3872CnhaAlX
Sugarcult,spotify:artist:04RtvnUz0XrUbUZzOA8ZoW
Super Duper,spotify:artist:5zFMLXUnqxwdgTpLCX9LDj
Susanne Sundfør,spotify:artist:54KCNI7URCrG6yjQK3Ukow
Swedish House Mafia,spotify:artist:1h6Cn3P4NGzXbaXidqURXs
Sweet Babe May,spotify:artist:3unn2dJYmOFpUbozYoyBKl
Swizz Beatz & A$Ap Rocky,spotify:artist:4JKf2qQ6qcCCIrknk4I3zW
Syleena Johnson,spotify:artist:1lE6SEy8f84Zhjvp7r8yTD
Taylor Mcferrin,spotify:artist:0yLmsf6RBPYqm6hvFJCPg6
Taylor Ray Holbrook,spotify:artist:58nB2Z6IiDdTUTwHYw56xI
The Aces,spotify:artist:2AmfMGi3WZMxqFDHissIAe
The All-American Rejects,spotify:artist:3vAaWhdBR38Q02ohXqaNHT
The Apache Relay,spotify:artist:62pBNClOEZJEyRXrzC2CtI
The Cadillac Three,spotify:artist:1nivFfWu6oXBFDNyVfFU5x
The Cardboard Swords,spotify:artist:3gOeOm5BGovGGF64kM98LP
The Chi-Lites / The Whispers,spotify:artist:1SF18TJXEAD6jYcvRLa2j1
The Cinematic Orchestra,spotify:artist:32ogthv0BdaSMPml02X9YB
The Disneyland Children's Chorus,spotify:artist:4OO3sW1MwAxI5MW3V1Dx4v
The Doors,spotify:artist:22WZ7M8sxp5THdruNY3gXt
The Fall of Troy,spotify:artist:5fuQrhMRYMtoO9uOlFad4P
The Features,spotify:artist:3FaKHeTy1zMZVtQAvwaF0x
The Flamingos,spotify:artist:6iygtKnPG7TRvDaTYcLOd6
The Grouch,spotify:artist:1MYkU0PmvFtLiCOYxdQua7
The Growlers,spotify:artist:2RhgnQNC74QoBlaUvT4MEe
The Hit Co.,spotify:artist:2UxjiPpWHNc2txHrYy5EF3
The Hollies,spotify:artist:6waa8mKu91GjzD4NlONlNJ
The Jane Doze,spotify:artist:2cXHX0utHfwr61RMsKtFgU
The Living Tombstone,spotify:artist:0I6yADrmeyvw66g7yjkqIF
The Marcels,spotify:artist:1JQYskbOoudT9cylam24a3
The Naked And Famous,spotify:artist:0oeUpvxWsC8bWS6SnpU8b9
The National Parks,spotify:artist:2JMtxA2S9SNUlqBlkDtXm6
The Nicol Kings,spotify:artist:6Gf5dmKzurDnYP2enyV8pW
The Outfield,spotify:artist:1zxDewzd2j1ZdSBGaYcr0y
The Presets,spotify:artist:1zTAQ6zkGz2L2i6lfR30EX
Paul Baribeau,spotify:artist:6I3KHx5mARRC9v1k1wZiIQ
Paul Wall,spotify:artist:0k7Xl1pqI3tu8sSEjo5oEg
PeaceTreaty,spotify:artist:6SwEeZVewzRLzWWe0Sq1NR
Peaches,spotify:artist:1gkSl4XpHIHI4I1WQbfXOE
Peggy Lee,spotify:artist:602DnpaSXJB4b9DZrvxbDc
People Under The Stairs,spotify:artist:0av074qUwLn5eyzwqoq3xh
Pep & Rash,spotify:artist:2HmmA3GhP0xsbRUiDllJUn
Peter Hollens,spotify:artist:7EIbKyiLnEJ1Y074UIUyZJ
Pham,spotify:artist:2GH5uRMxmuAWn90B8DEZU3
Phantogram,spotify:artist:1l9d7B8W0IHy3LqWsxP2SH
Phillip Larue,spotify:artist:7gIDHAJ0iFOGSMTiqsNUZT
Phillipa Soo,spotify:artist:2OEGI2wrCVmvavKEOMlccy
Pianos Become The Teeth,spotify:artist:5gbwngeG3dwS4ARmtgud9C
Pilot,spotify:artist:6PwcexHTG0qJWQQwp05Bpm
Plan B,spotify:artist:5rM8dB5rqWAN4WhQpOHcEy
Point Point,spotify:artist:5L67d6oZKOOmXcBcMMJdZZ
POP ETC,spotify:artist:6gUiIIPmV6OXjHcvv1KCuL
Pouya,spotify:artist:4nXOZlYoAD67hF9aUEncMY
Primitive Radio Gods,spotify:artist:5wTpMQz4RtF6dFX9blvMDc
Prince Royce,spotify:artist:3MHaV05u0io8fQbZ2XPtlC
ProbCause,spotify:artist:1ZcfGrGrm9aHnUNVQz3sCY
Qulinez,spotify:artist:6d7AYr4nvqHPhfPaDLLeRU
R.E.M.,spotify:artist:4KWTAlx2RvbpseOGMEmROg
R.LUM.R,spotify:artist:7JBZN2pehWRUu3fX11lP2y
Rachel Taylor,spotify:artist:4tiMiMwK4tAO2QVJHfZFhg
Rainbow,spotify:artist:6SLAMfhOi7UJI0fMztaK0m
RATKING,spotify:artist:2xtXCUTxmekNFB8oIYuOfe
Ray Charles,spotify:artist:1eYhYunlNJlDoQhtYBvPsi
Ray Scott,spotify:artist:3rSkrADbDJKdigL5RctjPH
Rebel,spotify:artist:7vdcsB9p8PtIooVpemHb63
Rebelution,spotify:artist:2WjvvwAX0mdWwq3aFuUdtc
REMI,spotify:artist:5t69dnux4K2vcJO4VjS39q
Reuben And The Dark,spotify:artist:6eXJslu7IJJ6Ej8Czbd0iO
RHODES,spotify:artist:07FfkbljNIdl45Ijlh1aXS
Rhye,spotify:artist:2AcUPzkVWo81vumdzeLLRN
Richard Armitage,spotify:artist:6DQsmplq17UDA3zmiybbSb
Robert Earl Keen,spotify:artist:1jjpkAHC8bd9fRFfgKyYLP
Roberto Tapia,spotify:artist:1TZXFnFYNzRTDrNFoH8YC0
Ronnie Milsap,spotify:artist:6Sb8EHpZvyjSTT5KD9DjUZ
Roy Woods,spotify:artist:7mDU6nMUJnOSY2Hkjz5oqM
Ruben Vela,spotify:artist:0H9vfhuQVe087hPqbFzb8D
Run The Jewels,spotify:artist:4RnBFZRiMLRyZy0AzzTg2C
Rupert Holmes,spotify:artist:0TqIPD4IS1w4e30R38B3vj
Russell Crowe,spotify:artist:3YBIrJozn8fop4UYIt7wcV
RY X,spotify:artist:2KjAo6wVc9d2WcxdxSArpV
RZA,spotify:artist:4iCwCMnqsNZ6atvRiADgtn
Saba,spotify:artist:7Hjbimq43OgxaBRpFXic4x
Saint Mesa,spotify:artist:0e2fMEJlAuBo3iYh118cKI
Sam Cooke,spotify:artist:6hnWRPzGGKiapVX1UCdEAC
Sam Hunt,spotify:artist:2kucQ9jQwuD8jWdtR9Ef38
San Fermin,spotify:artist:7fSnislKgW9Mz0YIqWQmGt
Sander van Doorn,spotify:artist:22bukBZvUppuwQwmDz75Gz
Satellite Stories,spotify:artist:2qRxFU6TyYb3HCMIIq8npH
Scott Stapp,spotify:artist:6HySSUk2KthFj3bd9R61ql
Seapony,spotify:artist:2oXlRFuAhCNnKcjQDu64GI
Selena Gomez & The Scene,spotify:artist:6dJeKm76NjfXBNTpHmOhfO
Sevendust,spotify:artist:35Uu85Pq33mK8x1jYqsHY2
Seventh Day Slumber,spotify:artist:6kFLnclYFc3gzpNt13wim5
Shabba Ranks,spotify:artist:3j7Sw80qzL2FJlryUhI3wG
Shakey Graves,spotify:artist:1fZpYWNWdL5Z3wrDtISFUH
Shaman's Harvest,spotify:artist:3pigXV2QUatr3szcb3MacR
Sharpay Evans,spotify:artist:3WtcOzeKXq5mUINE0bNfnt
Neil Patrick Harris,spotify:artist:3UBvyQF5Hipou6Pm7wncxr
Nek,spotify:artist:5mXMQJHLLfym1KyNcDrhoZ
Nessly,spotify:artist:6POMCYQE1sq1BJ8FnAvTA8
Neutral Milk Hotel,spotify:artist:2ooIqOf4X2uz4mMptXCtie
New District,spotify:artist:29YNGwklE8u2BEdYszxgZk
New Found Glory,spotify:artist:4ghjRm4M2vChDfTUycx0Ce
Nick Jonas,spotify:artist:4Rxn7Im3LGfyRkY2FlHhWi
Nicolas Jaar,spotify:artist:5a0etAzO5V26gvlbmHzT9W
NIHILS,spotify:artist:0O7NhieDairfQvi9jr66Cx
"nothing,nowhere.",spotify:artist:7FngGIEGgN3Iwauw1MvO4P
O.T. Genasis,spotify:artist:1Zatb2YN4erBOoSivOXc0o
Of Mice & Men,spotify:artist:4tususHNaR68xdgLstlGBA
Offset,spotify:artist:4DdkRBBYG6Yk9Ka8tdJ9BW
Old Dominion,spotify:artist:6y8XlgIV8BLlIg1tT1R10i
Olivia Newton-John,spotify:artist:4BoRxUdrcgbbq1rxJvvhg9
Omar Ruiz,spotify:artist:2ylQO8qFEBINvkNNZGe4uC
Paces,spotify:artist:5xO9868Xc1mjAzmaN1efoK
Pacific Air,spotify:artist:3LedjkHgJTjLJfDTM5YgmD
Paperwhite,spotify:artist:2JSBQeazRlk0kVp2gelwbZ
Pascäal,spotify:artist:1lPoUtXvNsSiVYGpmOjv4v
Pat Benatar,spotify:artist:43mhFhQ4JAknA7Ik1bOZuV
Patti Smith,spotify:artist:0vYkHhJ48Bs3jWcvZXvOrP
Paul McDonald,spotify:artist:26VoPCfOpSe5L7kpskenXy
Paul Young,spotify:artist:6rqU9HQ57NYGBnBzbrY3a4
Paula Abdul,spotify:artist:4PpmBoqphQusNFsxuVKb6j
Paulina Rubio,spotify:artist:1d6dwipPrsFSJVmFTTdFSS
Peaches & Herb,spotify:artist:6qI4LTzMRpTxRzMZPvv2C6
Pennywise,spotify:artist:6i0KVTOvm96T55mbp742ks
Pepe Quintana,spotify:artist:7LXdYckhvHWU4ejXbkHa3N
Peter Bradley Adams,spotify:artist:0CdbG1eHVjqjkQsGoH2u1V
Phil Collins,spotify:artist:4lxfqrEsLX6N1N4OCSkILp
Phillip Phillips,spotify:artist:6p5JxpTc7USNnBnLzctyd4
Pickwick,spotify:artist:0lqeNK72rVwuLwWOkNOoKD
Pierce Fulton,spotify:artist:5p0zkKpBuRguKebwRe0RI2
Pleasure State,spotify:artist:7mJYO2qwtt4sUj2JJLO58V
Pond,spotify:artist:4skJp5OKvcc9eKokiuhi2s
Porter Robinson,spotify:artist:3dz0NnIZhtKKeXZxLOxCam
Portishead,spotify:artist:6liAMWkVf5LH7YR9yfFy1Y
Post Malone,spotify:artist:246dkjvS1zLTtiykXe5h60
Priceless Da Roc,spotify:artist:5UFWdAKsTs2o6gwSyBXxS2
Primus,spotify:artist:64mPnRMMeudAet0E62ypkx
Public Enemy,spotify:artist:6Mo9PoU6svvhgEum7wh2Nd
Puddle Of Mudd,spotify:artist:3dXaa6jwM7B52GZpaJEIr5
Purple Reign,spotify:artist:0TRSxJtLAxr3Q7y21hoT2l
R3HAB,spotify:artist:6cEuCEZu7PAE9ZSzLLc2oQ
Randy Rogers Band,spotify:artist:04DUpHOyQqwbHFyvIhcGi3
Rayven Justice,spotify:artist:0m9husdLSRyNHOuxFAr5hB
Real Friends,spotify:artist:6dEtLwgmSI0hmfwTSjy8cw
Reckless Kelly,spotify:artist:0jmPjksXqVrO92Urmx58vg
Red Rider,spotify:artist:4EGlaDAVZTNNknDdKHrHRp
Rend Collective,spotify:artist:11Y54BxlxC3UIAUkU2eadQ
Renée Elise Goldsberry,spotify:artist:5VJN4jB6PqqEg4kJiAj6Eu
Revive,spotify:artist:6bK4Fa8uAdZk35JmuDmZCt
Rey Ruiz,spotify:artist:1S0uvW1rgvtkNGma9su3fJ
Rhoda Williams,spotify:artist:7C3YSHR8TLh6b73PbQojuk
Ricegum,spotify:artist:5RQqbE8uh2NwotXk6wvYa6
Rick Derringer,spotify:artist:1FX4aA0cUcWndv39j1YoTm
Rick Ross,spotify:artist:1sBkRIssrMs1AbVkOJbc7a
RL Grime,spotify:artist:5eIbEEQnDM8yuDVB0bimSP
Rob Base & DJ EZ Rock,spotify:artist:6vwFR7NilfrQ4AX0d41fWu
Rod Stewart,spotify:artist:2y8Jo9CKhJvtfeKOsYzRdT
Mr_hotspot,spotify:artist:3FTvzBdLVG3n1Knrza3zpQ
Mumford & Sons,spotify:artist:3gd8FJtBJtkRxdfbTu19U2
Mura Masa,spotify:artist:5Q81rlcTFh3k6DQJXPdsot
N.A.S.A.,spotify:artist:07WjVPM79OGQLOZ1jfUVk9
N2DEEP,spotify:artist:7zgtJuRm0JcJpPQRjCgXT7
Natasha Bedingfield,spotify:artist:7o95ZoZt5ZYn31e9z1Hc0a
Neako,spotify:artist:4l8WPB3dhjAUOFcoCa8FOR
Neon Indian,spotify:artist:0KydPQPUUoTNhmiHKOg5Er
NERO,spotify:artist:4uRYpUQZrNrY5t8tAv3XrD
newworldson,spotify:artist:2T1zDgDdhfxRw39KHrNpC7
Nick Lowe,spotify:artist:3BqaUtuQmqIHg7B5Bc7fP7
Nicole Kidman,spotify:artist:0ExYzTb7raTAfsXPtiI5vq
Niia,spotify:artist:1KlUwB6uFECMC3zzvFvykx
Nikki Blonsky,spotify:artist:51cLPvmhBdl3qTsZCL32Yl
Nina Simone,spotify:artist:7G1GBhoKtEPnP86X2PvEYO
Nirvana,spotify:artist:6olE6TJLqED3rqDCT0FyPh
Noah Gundersen,spotify:artist:34482S5nfxR441wcnVfrHi
NONONO,spotify:artist:513t0jZUP0K98C4h7KHtEb
North Point InsideOut,spotify:artist:4EOKpEhAFc9ISyMJHZlQYm
OB OBrien,spotify:artist:4thGcsymOK5oc43gJVtAqZ
Odessa,spotify:artist:7xtlNrmdLZS2sqIkgWewi1
Olivia O'Brien,spotify:artist:1QRj3hoop9Mv5VvHQkwPEp
OMFG,spotify:artist:0UdoKjWIe3tHyiqc4qT3Oz
One Way,spotify:artist:001aJOc7CSQVo3XzoLG4DK
Opia,spotify:artist:70zHrrrPfBkVV44AEhFyyh
Orianthi,spotify:artist:0yNy8fi1yBBq526E6mx4Zs
Ozuna,spotify:artist:1i8SpTcr7yvPOmcqrbnVXY
Page,spotify:artist:5OsGiqFzthFwOzufJYuGpN
Palace,spotify:artist:48vDIufGC8ujPuBiTxY8dm
Parker McCollum,spotify:artist:0Z8XVUAOBPM4x12wKnFHEQ
Parra for Cuva,spotify:artist:238y1dKPtMeFEpX3Y6H1Vr
Patternist,spotify:artist:1n5JefcusF9c1qITJSp6Ms
Paul Lekakis,spotify:artist:5T5nmu5zNxNJHGdWMfcUkx
Paula DeAnda,spotify:artist:54kWB5z9SbenPFQXtBDUBK
Pearl Jam,spotify:artist:1w5Kfo2jwwIPruYS2UWh56
Petric,spotify:artist:7afffqSIWfxozaDGWAqSjh
Pharrell Williams,spotify:artist:2RdwBSPQiwcmiDo9kixcl8
Phlake,spotify:artist:7xSP5ABX7IOegINeUtUVay
Phoebe Ryan,spotify:artist:4N874uPqBka1QiCvnCVOtr
Phosphorescent,spotify:artist:57kIMCLPgkzQlXjblX7XXP
Pickin' On Series,spotify:artist:6AEIKVwB27miPI3uJxM4Dw
PJ,spotify:artist:4O36cq71Cq7NazopFLBMmb
PJ Simas,spotify:artist:23DN6axfAGedBZKTmBdGpX
P-Lo,spotify:artist:2QLM9IFaHBtB16b8ZDaA3A
Porches,spotify:artist:2JzhQYGos3RqV7MT5fWeek
Powerman 5000,spotify:artist:5imUS9dQyCbAjUEJJ9QyWC
Prelow,spotify:artist:7aSRqRjQAYTEm2fFohlZZn
Preme,spotify:artist:0bdJZl7TDeiymDYzMJnVh2
Pretty Ricky,spotify:artist:6XwcepfAsPhrvwziGxhwju
Prince,spotify:artist:5a2EaR3hamoenG9rDuVn8j
Prince Fox,spotify:artist:1nf5yEVCfMbqm1OCYpntBT
Q-Tip,spotify:artist:3ZotbHeyVQKxQCPDJuQ4SU
Quad City DJ's,spotify:artist:4mar1GMMEhvGyJdWagu6KS
Quasimoto,spotify:artist:1rJkz5vopfGxTUGFNB3o4G
Queensrÿche,spotify:artist:2OgUPVlWYgGBGMefZgGvCO
Quinn XCII,spotify:artist:3ApUX1o6oSz321MMECyIYd
Rachel Crow,spotify:artist:4TIHghOOQ0f8sxHvaV5LOx
Radical Face,spotify:artist:5EM6xJN2QNk0cL7EEm9HR9
Radical Something,spotify:artist:2UohZ1T4H9BwBb5lYgZodI
Raekwon,spotify:artist:2yQf6b8hxahZaT5dHlWaB1
Ramon Ayala Y Sus Bravos Del Norte,spotify:artist:5j9R5dTGerKvdXopZnfJh9
Randy Newman,spotify:artist:3HQyFCFFfJO3KKBlUfZsyW
Randy Travis,spotify:artist:1pTuR132U5b4Rizal2Pr7m
Prismo,spotify:artist:23ostNBoB9z6GMXLtHdg7y
Queen,spotify:artist:1dfeR4HaWDbWqFHLkxsg1d
RaeLynn,spotify:artist:5dMnvpYEfXvSexjwnSRH5n
Raspberries,spotify:artist:7Kkx4dACo6kFSeT9wjfVA5
Red Hot Chili Peppers,spotify:artist:0L8ExT028jH3ddEcZwqJJ5
Redfoo,spotify:artist:3mH3OBKopDDVgnJcT5PrPk
Redlight King,spotify:artist:6hha7AM7ao3kNpN0VwOXgD
Regina Spektor,spotify:artist:3z6Gk257P9jNcZbBXJNX5i
Reik,spotify:artist:0vR2qb8m9WHeZ5ByCbimq2
Remmy Valenzuela,spotify:artist:4stSxe6AbpXw3x7nRDsYVX
Rene Auberjonois,spotify:artist:5vLv7RBpAmIPypST2zhKUw
Rich Homie Quan,spotify:artist:5lHRUCqkQZCIWeX7xG4sYT
Richard Sherman,spotify:artist:1gEBrIx4KtcNEpTetKrAJH
Ricky Smith,spotify:artist:56TRCjLqLPF4d77aSgq540
Rise Against,spotify:artist:6Wr3hh341P84m3EI8qdn9O
Rob Curly,spotify:artist:2KNrpdPEKndErPWFHkpvj6
Rob Thomas,spotify:artist:3aBkeBhwadnWMWoVJ2CxJC
Rob Zombie,spotify:artist:3HVdAiMNjYrQIKlOGxoGh5
Robbie Williams,spotify:artist:2HcwFjNelS49kFbfvMxQYw
Robert DeLong,spotify:artist:42crL07E4WPfVovyUtMpvC
Rudimental,spotify:artist:4WN5naL3ofxrVBgFpguzKo
Russ,spotify:artist:1z7b1Pr1rSlvWRzsW3HOrS
S Club 7,spotify:artist:1kM5rgJvkiDMOoKX56H6pX
Sabrina Claudio,spotify:artist:30DhU7BDmF4PH0JVhu8ZRg
Sam Feldt,spotify:artist:20gsENnposVs2I4rQ5kvrf
Sam Lachow,spotify:artist:42UrF25gDVhovYn4Dd422d
Sam Morrison Band,spotify:artist:4Hl7XDx1N4h7qjLCX3SlcZ
Sampa the Great,spotify:artist:7fw0E8WHdG3r9SuPBcGmWk
Sanctus Real,spotify:artist:6QgOGgahvXBHEEzpjbDsOj
Sango,spotify:artist:7e3FtKBIPLrIVm8g1FJMVg
Savage Garden,spotify:artist:3NRFinRTEqUCfaTTZmk8ek
Scott Helman,spotify:artist:2LgklPXmvWVOQfzPVkuChg
Sean Feucht,spotify:artist:3DJuBJtjHdjAXlpIZCltTR
Seaway,spotify:artist:0JXDwBs1sEp6UKoAP58UdF
Selena,spotify:artist:6IE6z7DcZIT4Ml3Fh5Ivch
Shanice,spotify:artist:0Ttph0pOZiPNTD3y2wUUb6
Shawn McDonald,spotify:artist:0alRw2BasYQZdFSJLfLbIY
Shawn Wasabi,spotify:artist:1DLKitfb8fshL0DtCecRpY
Shelby Flint,spotify:artist:55APUUV6bCtJVEF1O2jKNT
Shura,spotify:artist:1qpR5mURxk3d8f6mww6uKT
Sinéad O'Connor,spotify:artist:4sD9znwiVFx9cgRPZ42aQ1
Sir Mix-A-Lot,spotify:artist:3TQ9JTBI2n2hfo7aRONEYV
Skeme,spotify:artist:6TlLdicGl92pqnySP64n2g
Skillet,spotify:artist:49bzE5vRBRIota4qeHtQM8
Skrux,spotify:artist:6cwRqYSDYwWsLveCcDRhyY
sleepmakeswaves,spotify:artist:0EnDtiDrCgklr97QMJOSPv
SLik d,spotify:artist:4BIt12Sb6cfNxalNdEtbR5
Smino,spotify:artist:1ybINI1qPiFbwDXamRtwxD
Snakehips,spotify:artist:2FwJwEswyIUAljqgjNSHgP
SNBRN,spotify:artist:2zJ8chFLjiBHRNchfevMRI
Snootie Wild,spotify:artist:1YXg2Chm7UfZAUAkjJEpqK
Soda Stereo,spotify:artist:7An4yvF7hDYDolN4m5zKBp
Sofi de la Torre,spotify:artist:45VGByxe5GLUyX1XQlcC8I
SOHN,spotify:artist:6XZYAWJLL8UIbxAqjKj3cg
Sons Of Maria,spotify:artist:2SfhiNVhk8w8xCQ89P3NPU
St. South,spotify:artist:1n3X60xWCyL1zytSiKeu4D
Starfield,spotify:artist:6sGx32zrdgpSQybEVnywmT
State of Sound,spotify:artist:05o1zW8b6PV6rEquXr74sB
Steve Goodman,spotify:artist:0n5eyZr2XjOLUODPGZrlLB
Steve Miller Band,spotify:artist:6QtGlUje9TIkLrgPZrESuk
Stitches,spotify:artist:6e2u9HgI4qz8Dzr7WBM3o1
Superherose,spotify:artist:3v5JTlZtOMPc6BIOnHsWf4
Susan Sarandon,spotify:artist:42NHYB18y6bE9WIAdxxeU4
Tyler Rich,spotify:artist:78eqps3BavCqe2q7GCU1VK
Tyler Thomas,spotify:artist:5xAFZrdnSXmEnHPLfkxJsa
U2,spotify:artist:51Blml2LZPmy7TTiAg47vQ
Valley,spotify:artist:7blXVKBSxdFZsIqlhdViKc
Various Artists,spotify:artist:0LyfQWJT6nXafLPZqxe9Of
Vera Blue,spotify:artist:5ujrA1eZLDHR7yQ6FZa2qA
Verse Simmonds,spotify:artist:0EgUow5z0SXVA9lunNSB1q
Vinyl Pinups,spotify:artist:6pbE0pacGL0MCKjJRnTnP8
Vitamin String Quartet,spotify:artist:6MERXsiRbur2oJZFgYRDKz
VIXX,spotify:artist:5BkB3rXc0qIdUtuEnhbK0A
Voices of Theory,spotify:artist:7xojBGlLd0SGscMIL31gdV
Volcano Choir,spotify:artist:6gAtOqhriLzOzb3Qqmg5kO
Vorwerk,spotify:artist:0JiAaia66Exx0UcsxD4TiC
Wale,spotify:artist:67nwj3Y5sZQLl72VNUHEYE
Walker Hayes,spotify:artist:7sKxqpSqbIzphAKAhrqvlf
Wang Chung,spotify:artist:6Zh3xrWlA0SA9Fsfj9AVwm
Warren Zevon,spotify:artist:3mY9Ii0cL5SQxpOTAm8SHx
Whiskeytown,spotify:artist:0tyLMmQvEuyQR4qjGBdbem
Wild Nothing,spotify:artist:6NrkINd80slV25wkBu9mEB
Will Sparks,spotify:artist:1u7OVFmWah4wQhOPIbUb8U
William Clark Green,spotify:artist:0cshCXEe1I7wlRwdrL91ZQ
William McDowell,spotify:artist:6PTGRlwNbg36Mu4boWlixN
Willie Nelson,spotify:artist:5W5bDNCqJ1jbCgTxDD0Cb3
Woodkid,spotify:artist:44TGR1CzjKBxSHsSEy7bi9
Xuitcasecity,spotify:artist:6YxrfNCKBcQlbITpmDLErL
Yandel,spotify:artist:0eHQ9o50hj6ZDNBt6Ys1sD
Yelle,spotify:artist:0WbqAlM1WvfUD6dF7omThd
Yo Gotti,spotify:artist:6Ha4aES39QiVjR0L2lwuwq
Yolanda Be Cool,spotify:artist:4KkHjCe8ouh8C2P9LPoD4F
You+Me,spotify:artist:0WO1Yn4pcC30HOKLD68JKm
Young Boss,spotify:artist:4S9JHkwPHHcx0H7AVNHspz
Young Buck,spotify:artist:4pr7J7wzgObkE3DD3Izi7q
Young Gunz,spotify:artist:2sBv30RzdeMVPoBXbzjIo5
Yung Lean,spotify:artist:67lytN32YpUxiSeWlKfHJ3
Yusuf / Cat Stevens,spotify:artist:08F3Y3SctIlsOEmKd6dnH8
Z,spotify:artist:6ZdfgM3lZ3ikEPsH0GJV4x
Zacarias Ferreira,spotify:artist:1LKPL2O3vA3ozNsmshDg3o
Zaytoven,spotify:artist:1mceaxtjWdEmwoDVAlkC41
Z-Ro,spotify:artist:6MrdwyCIKbpXmTKQBlG3uq
ZZ Ward,spotify:artist:7aJSIsbI5wV8aFi2kkFfPi
Stereophonics,spotify:artist:21UJ7PRWb3Etgsu99f8yo8
Steve Earle,spotify:artist:2UBTfUoLI07iRqGeUrwhZh
Steve Moakler,spotify:artist:63t3EqMeymxd4CM85RqsCd
Steven Universe,spotify:artist:4rF7c8zpCKzuSXohs2HIpA
Still Time,spotify:artist:6qjj7de3myPwUK1egXovpn
Stoney LaRue,spotify:artist:0T7J61YgErxSH8yuyggHJO
Supermerk2,spotify:artist:3coKfYwV0ppdzD65z1cu3i
Sweet da Kid,spotify:artist:4epWHIfSUhWfX3K07XYvZ3
Ta-ku,spotify:artist:13Kd75NSHSp9lB4CaqPMOV
Tanya Tucker,spotify:artist:7dmeVSH4lJqxXU7C87dKIB
Taproot,spotify:artist:319rafipfKvd4cqaOwWIvA
TastyTreat,spotify:artist:5blFoLWc5SYueRS8wX8mMi
Tatiana Manaois,spotify:artist:7z1VrrLktQYoS9C0cFbfnI
Taylor Dayne,spotify:artist:32lVGr0fSRGT6okLKHiP68
Teddy Pendergrass,spotify:artist:68kACMx6A3D2BYiO056MeQ
Tego Calderon,spotify:artist:3SUT1jjM5hzZj9TLfLZGIP
Ten Fé,spotify:artist:3cohAS2UQTaOo80kCn8qjT
Tensnake,spotify:artist:75nC6MXUalYZSOd7OfNkwq
Tercer Cielo,spotify:artist:2bimgkRmsxRhhuWsOnd5rz
TGT,spotify:artist:1lEXbUjKjHQ7uc9jFfEViJ
Tha Joker,spotify:artist:7JDx2l9hbNg7vlr6eVLbKV
The Avalanches,spotify:artist:3C8RpaI3Go0yFF9whvKoED
The Beach Boys,spotify:artist:3oDbviiivRWhXwIE8hxkVV
The Beautiful Girls,spotify:artist:0hDJSg859MdK4c9vqu1dS8
The Beu Sisters,spotify:artist:6FOKCU0vF1lDo1qIRjvVKi
The Boys from Nazareth,spotify:artist:0a3iHkqj5GZ5CpiKOrB5sS
The Brinks,spotify:artist:4fLpQdr6R7gqNGY7xpr7Jz
The Brothers Johnson,spotify:artist:6h3rSZ8VLK7a5vXjEmhfuD
The Cab,spotify:artist:2C2sVVXanbOpymYBMpsi89
The Cheetah Girls,spotify:artist:4ntkql3f3ect7NDRUJ7aAY
The Chordettes,spotify:artist:62GnBjssWSXBlKvQohT2Bk
The Color Morale,spotify:artist:3QHJftSfNb6KIerLVsx7zn
The Corcoran Brothers,spotify:artist:5q8kfHKWznpRbieARniXFh
The Darkness,spotify:artist:5r1bdqzhgRoHC3YcCV6N5a
The Dunwells,spotify:artist:7D0V1JYNXvhpxHDoP3zu0x
The Foundations,spotify:artist:4GITZM5LCR2KcdlgEOrNLD
The GGGG's,spotify:artist:1VhNc66SEhEWOpOs0Vze3m
The Gold Magnolias,spotify:artist:52YDbdT312mNbnVxG52i1d
The Grass Roots,spotify:artist:2IU5UBup85LmAXh5U36DeC
The J. Geils Band,spotify:artist:69Mj3u4FTUrpyeGNSIaU6F
The Jeff Healey Band,spotify:artist:3d2hJTVTwo08F9b0ZFQukJ
The Joy Formidable,spotify:artist:4LdZNE5MHGqvc0N9ivXNF3
The Last Shadow Puppets,spotify:artist:2Z7UcsdweVlRbAk5wH5fsf
The Maine,spotify:artist:4o0pNHbyj36LPvukNqEug0
The Marvelettes,spotify:artist:0MponVSpW81oLvJZ53vYZH
The Miracles,spotify:artist:6TqQLejnHXMGr7KcegxUND
The Motels,spotify:artist:6scOultrkXrQsClcbGKM7e
The Neon Crew,spotify:artist:1PK9RsfL7i81kMZ4c9wcbR
The New Pornographers,spotify:artist:4mO4aGO6u29UyR6XLZR9XW
The Outlaws,spotify:artist:72JEwd3EjDEwTLypkFYJn9
The Red Jumpsuit Apparatus,spotify:artist:1SImpQO0GbjRgvlwCcCtFo
The Shelters,spotify:artist:7LrFQFaZaxfa9deqkjvc89
The Spinners,spotify:artist:5fbhwqYYh4YwUoEs582mq5
The Supremes,spotify:artist:57bUPid8xztkieZfS7OlEV
The Walters,spotify:artist:027TpXKGwdXP7iwbjUSpV8
The Weeks,spotify:artist:3zE5jV6Uw9hhdWCXM8hS3j
The Who,spotify:artist:67ea9eGLXYMsO2eYQRui3w
The Wonders,spotify:artist:0EvwXj0AVMDWfOhhEQJfLa
The Word Alive,spotify:artist:1CF8aEN939swnuIZGFI7Hk
The xx,spotify:artist:3iOvXCl6edW5Um0fXEBRXy
The Rural Alberta Advantage,spotify:artist:0v6gOfGBclTSGu6agfXb23
The Spill Canvas,spotify:artist:4W8SeWrRZUburGZyp5JwYj
The Swon Brothers,spotify:artist:1nf0nRF0W4ybnJdda00pKY
The Temptations,spotify:artist:3RwQ26hR2tJtA8F9p2n7jG
The Tokens,spotify:artist:1GAJzApRTMmYZ9EjQ91VOy
The Unlikely Candidates,spotify:artist:4hwJwkgsufeilLXS1ZfJqq
The Wailers,spotify:artist:6uSKeCyQEhvPC2NODgiqFE
The Youngbloods,spotify:artist:5I6MzhNEMk27cZsCqGAIYo
Third Day,spotify:artist:7uWXomGkKtIq9B4XgA3gch
Thomas Bergersen,spotify:artist:6BF0bXbsdujMSMeFZBGcBq
Thompson Twins,spotify:artist:5jVeqi3PNaTOajfvBa4uFn
Throttle,spotify:artist:6mPZJXtFVaakznkRxdgWtC
Thundercat,spotify:artist:4frXpPxQQZwbCu3eTGnZEw
Tiësto,spotify:artist:2o5jDhtHVPhrJdv3cEQ99Z
Tim Berg,spotify:artist:7iLc4hrjOjQPfg1E3cCHg1
"Tito ""El Bambino""",spotify:artist:5fJsY7afrbsyzJj9wdzJMh
Tito Rojas Y Su Orquesta,spotify:artist:0i9gejdCzP2q0iCqs0XO29
Tobtok,spotify:artist:6pcxIOhQCNb7DX2iuEXgxL
Tobu,spotify:artist:1feoGrmmD8QmNqtK2Gdwy8
tobyMac,spotify:artist:5VX8hxrcfJWwaTLiqGUHG3
Tom Alan Robbins,spotify:artist:25X8ispTOFwbyfJEpkGh50
Tom Novy,spotify:artist:1EVpn7mXyF07LuJqgUk6RX
Tracy Byrd,spotify:artist:0xxJO75NeIAF5jYruLYIDT
Trap Beckham,spotify:artist:5AK2gJtEA2SWI9lBywSZjN
Trey Songz,spotify:artist:2iojnBLj0qIMiKPvVhLnsH
Trina,spotify:artist:4PrinKSrmILmo0kERG0Ogn
TroyBoi,spotify:artist:0tvpihdAsKiNnP6sWS3jUI
Tucker Beathard,spotify:artist:1FQXio7XougvCvKLIu0CCk
Tune-Yards,spotify:artist:0asVlqTLu3TimnYVyY5Jxi
Tunji Ige,spotify:artist:5fW1JQP4DfDyNqvYQ5m4Ju
Tuxedo,spotify:artist:0CCqHvxGgfjJzwzQzmPlEr
Tweet,spotify:artist:6zDBeei6hHRiZdAJ6zoTCo
Twisted Sister,spotify:artist:7b85ve82Sh36a3UAx74wut
Two Feet,spotify:artist:5sWHDYs0csV6RS48xBl0tH
Tycho,spotify:artist:5oOhM2DFWab8XhSdQiITry
Ulices Chaidez Y Sus Plebes,spotify:artist:55B5kzhfoMa2hjIW3B5LPt
Uncle Kracker,spotify:artist:2DnqqkzzDKm3vAoyHtn8So
Uncle Lucius,spotify:artist:49zZ2lRNpfwWfUnASUxCYW
Underoath,spotify:artist:3GzWhE2xadJiW8MqRKIVSK
Upchurch,spotify:artist:2pSObt5Fk8izuX8ZfI3jRn
V V Brown,spotify:artist:39ZHUueufhIdbW4yu9uODG
Van Morrison,spotify:artist:44NX2ffIYHr6D4n7RaZF7A
Vanessa Hudgens,spotify:artist:6G9bygHlCyPgNGxK2l3YdE
Vanjess,spotify:artist:0Ek89uaJyo6NfWK22awFvI
Vicki Sue Robinson,spotify:artist:25pwh5JrKHzLv2FTPSvoqa
Vybz Kartel,spotify:artist:2NUz5P42WqkxilbI8ocN76
Wande Coal,spotify:artist:1fYVmAFB7sC7eDoF3mJXla
Warm Brew,spotify:artist:51YACffgZvQwjs8J4ZVDQF
Wax Tailor,spotify:artist:3qwxSif06Qwzykdln8ZGfG
We Are The In Crowd,spotify:artist:1BSXtdFlVDUOS6g1T3tmME
White Denim,spotify:artist:0RdRumkn2UydUjqytNJ2Cp
Whitesnake,spotify:artist:3UbyYnvNIT5DFXU4WgiGpP
Wild Cherry,spotify:artist:4apX9tIeHb85yPyy4F6FJG
Wild Child,spotify:artist:1xLMexpeeTKQ20SwGMaGSK
Winston Surfshirt,spotify:artist:61HS7DjYDQIkKSeGvpqmJh
Worship Central,spotify:artist:3i0j8jwJKHchZU40nbd2Xt
Worship Together,spotify:artist:3DMbpVPUYdZnft4OoqHqPc
Wynter Gordon,spotify:artist:4nmrm4zpgJ0RC6aZRSUEjF
Xavier White,spotify:artist:4UvrEx9zsN8faur6UPSRWX
Young & Divine,spotify:artist:2yj4bZaAnl3uhfE4pjOXel
Young Dolph,spotify:artist:3HiuzBlSW7pGDXlSFMhO2g
Rodrigo Amarante,spotify:artist:0UOrkpzPED604dKzxgfJqg
Roger Creager,spotify:artist:1DyywGnuzXGEzlZMXBcc0j
Roxette,spotify:artist:2SHhfs4BiDxGQ3oxqf0UHY
Ryan Corn,spotify:artist:6HOBJhMPSZxZEsfTcSPD0m
Sabrina Carpenter,spotify:artist:74KM79TiuVKeVCqs8QtB0B
Sade,spotify:artist:47zz7sob9NUcODy0BTDvKx
Sam & Dave,spotify:artist:2BVYdY4PyfCF9z4NrkhEB2
Sam Padrul,spotify:artist:6G6wGudDVkxMg6SaCF0bdF
Sam Smith,spotify:artist:2wY79sveU1sp5g7SokKOiI
Samantha Mumba,spotify:artist:7L12TqJ0fbwtFljTbwfwRI
Savant,spotify:artist:5RBdF1pJSLF3ugc2Y2PoB8
Savatage,spotify:artist:3N1B1g6JtIgd6ClRkzD4yT
Saves The Day,spotify:artist:5gWhlJBlLQGLOgYWO8lwCU
Sean Paul,spotify:artist:3Isy6kedDrgPYoTS1dazA9
Secondhand Serenade,spotify:artist:6eouuqqGggqDlYRV63cgPo
Selah,spotify:artist:5dZiRoY9Vpp6qrxqXNRwPE
Shakira,spotify:artist:0EmeFodog0BfCgMzAIvKQp
Shallou,spotify:artist:7C3Cbtr2PkH2l4tOGhtCsk
Shane & Shane,spotify:artist:2LFbgsbEhfilNpQYW7mied
Shannon,spotify:artist:2O8QAJmRrwkFXq2aWZnHYB
Shawn Mendes,spotify:artist:7n2wHs1TKAczGzO7Dd2rGr
Shoffy,spotify:artist:4wO0kHiOwf8l9VMJJN9HmG
Shrek Ensemble,spotify:artist:3xwUEPC5QorOgRF1qYOSTu
Sick Puppies,spotify:artist:7qAcXJgt1PWnxwUgxMdyuk
Sidewalk Prophets,spotify:artist:2SMYoM2Kbcj6rI6U3FRc4U
Sierra Boggess as Ariel,spotify:artist:1j4a3bBWYNjecFqxcjRtr5
Skate,spotify:artist:26YfTnYYiKNMF2PUlpY6n9
Skinny Living,spotify:artist:405DvLr0FOuOWYgCt0emff
Sleeping With Sirens,spotify:artist:3N8Hy6xQnQv1F1XCiyGQqA
Slow Club,spotify:artist:75Kh0eqgzo9f43Dan1JzSV
Small Faces,spotify:artist:1YqGsKpdixxSVgpfaL2AEQ
SNAP!,spotify:artist:2FrKQPjJe4pVMZOgm0ESOx
Sneaker Pimps,spotify:artist:1EJWNhiYbOyeUHbsS7Kp1P
SOJA,spotify:artist:2vaWvC8suCFkRXejDOK7EE
Solomon Burke,spotify:artist:4nts0oxMT67lVUoi5Kjxrb
Something Corporate,spotify:artist:71h7GTahhKcSkQ1ayhTvOD
Son Lux,spotify:artist:3kZdsaTYgaaolNxpnJ4iDe
Soul II Soul,spotify:artist:2sIx6SmAMw9IBySG3Uj0jf
Southern Creek Players,spotify:artist:5dY9fABFwnSkIlG0LnFXiB
Sovereign Grace Music,spotify:artist:6MYKRhEIKscR8qdGlvpk9y
Speaker Knockerz,spotify:artist:3KuLo66B73btyQpdXlkqFx
Spencer Ludwig,spotify:artist:6miuYP0AovZaaKpRFaDQMQ
Spice Girls,spotify:artist:0uq5PttqEjj3IH1bzwcrXF
Spring Harvest,spotify:artist:6okBvpENAfIe6u7n5bdFDK
Stan Bush,spotify:artist:7qT1EPkli4RDJ2KNynkQyQ
Starrah,spotify:artist:6DpWtzfwV8fcwP6fXckDVu
Static-X,spotify:artist:7JDSHlDdVTo7aZKdQZ53Vf
Steve Wariner,spotify:artist:45S8rtgQSxj1a0tzCNhSeD
Steve Winwood,spotify:artist:5gxynDEKwNDgxGJmJjZyte
Stevie B,spotify:artist:6V7pNWhlJpD0s0bMdB1PU9
Stockard Channing,spotify:artist:5JFi0qiRtsMLnSUJDwhBKo
Strange Talk,spotify:artist:0trBqRcZ4lXqh8FERL5ZMa
Stroke 9,spotify:artist:6Nwc4urCR2Qdx302j2XIlv
Stu Larsen,spotify:artist:44M8i4BCwuBbmcQWwMaOfH
Sugarloaf,spotify:artist:1T3RPiMH711kvoXymKUTYH
Sunny Sweeney,spotify:artist:3uBMhKEXqr2UtRlx7Jn9LL
Sunshine Anderson,spotify:artist:0hnmRa5ahunapQbPjKUbMK
Super Junior,spotify:artist:6gzXCdfYfFe5XKhPKkYqxV
Supergrass,spotify:artist:0sHeX8oQ6o7xic3wMf4NBU
Swan Montgomery,spotify:artist:0Nbd9JL3nvlU5ZofPGZd79
Swanky Tunes,spotify:artist:06cLuOP0p7VAnBnqil1eWX
Swell,spotify:artist:78xSB1R1x8T6o0QuRaodez
The Rocket Summer,spotify:artist:3Uqc6c1DUPkyUQSeatexYU
The Script,spotify:artist:3AQRLZ9PuTAozP28Skbq8V
The Shirelles,spotify:artist:0x83OBqixqdCHnStP5VMcn
The Used,spotify:artist:55VydwMyCuGcavwPuhutPL
The Wanted,spotify:artist:2NhdGz9EDv2FeUw6udu2g1
The Weeknd,spotify:artist:1Xyo4u8uXC1ZmMpatF05PJ
The Well Pennies,spotify:artist:1bkuqagwavNQJVWEmYDoQi
Thirty Seconds To Mars,spotify:artist:0RqtSIYZmd4fiBKVFqyIqD
Thug Life,spotify:artist:76fO70b6BK2xt3UVOe4BIZ
Tina Turner,spotify:artist:1zuJe6b1roixEKMOtyrEak
Tired Pony,spotify:artist:69Q7zvYHGcTWZpZlLbY2oU
Tobi Lou,spotify:artist:4T8NIfZmVY6TJFqVzN6X49
Todd Rundgren,spotify:artist:0Lpr5wXzWLtDWm1SjNbpPb
Tommy Trash,spotify:artist:1tBU8jUEdVR3mqSsAqEGfD
Tomorrows Bad Seeds,spotify:artist:4CfFkWbFTygKAWZmSJML3D
Too Close To Touch,spotify:artist:2XziUthG3Ug3eiWuE5KRsp
Topaz Jones,spotify:artist:76bAuLD5jMIT1YDJ84KB8l
Total,spotify:artist:1urjDGTd4iBze91Z1W1gu7
Tough Love,spotify:artist:16KSSLMXOdKQ2MHt9bOHTG
Trademark Da Skydiver,spotify:artist:2RPgvowoS8BYurtbUjwKjt
Traditional,spotify:artist:1U5zgr455OGyIkLNXvDdrf
Traffic,spotify:artist:1CD77o9fbdyQFrHnUPUEsF
Traviezoz de la Zierra,spotify:artist:1tX4Yf64m81Ju9THQiXAzn
Trevor Hall,spotify:artist:3RMHexittaAZkf8zukkZB8
Tristam,spotify:artist:28Ky95tmlHktB96DBUoB0g
Trombone Shorty,spotify:artist:37ZvFp654tY74Z1D2TLOGR
Troy And Gabriella,spotify:artist:02Hgklr4HzJLezYlNsitXp
Twang and Round,spotify:artist:6K01VDVF9BORq58XTAR1aM
Twerps,spotify:artist:4vkIW79PRnJM8PNylIMTQB
Twiddle,spotify:artist:0hNjIdUHXWhd0dilzi6c12
twoloud,spotify:artist:6eUtrZgzxqbV7zMxzN3Sz2
Tyson Motsenbocker,spotify:artist:5zhKRxsS4pRPhkO6vbE07u
UGK,spotify:artist:6ZhjJOJXXwnPS8PrXdmjLw
United Pursuit,spotify:artist:4YCpRzudpG6AeE0IvCjiGo
Upon This Dawning,spotify:artist:0U9Fse06C4EXQBXBWJKpoA
V.I.C.,spotify:artist:49mHZzhcsoQB1JXWv8Q9gU
Van She,spotify:artist:4FTDSkWpchgZy2axPEGDJW
VÉRITÉ,spotify:artist:1Fr6agZ6iSM5Ynn2k4C8sc
Vertical Horizon,spotify:artist:6Hizgjo92FnMp8wGaRUNTn
Vertical Worship,spotify:artist:6N6Sk9XOoHsadAGYR44C2o
Vince Gill,spotify:artist:3IhWQSrLj8EJjdvjFTpCyo
Vince Guaraldi Trio,spotify:artist:4ytkhMSAnrDP8XzRNlw9FS
Vinny West,spotify:artist:08jCyIC4E6iQjr4nrd1yDA
Virtual Riot,spotify:artist:4FXGRMSHh2JjHxVwS8dhH1
Voxtrot,spotify:artist:7b697TI9p2abLzSo3eJTKW
WALK THE MOON,spotify:artist:6DIS6PRrLS3wbnZsf7vYic
Warrant,spotify:artist:7HLvzuM9p11k9lUQfSM4Rq
Watsky,spotify:artist:3mJ9GlkLzj8Ka7Z7EQaCMi
Wax,spotify:artist:36kzCQhGfJzrLuZzrHweNV
Wax Fang,spotify:artist:28apqXruaLOhD1nGDhrr9Q
We Are Scientists,spotify:artist:35YNL4wwv11ZkmeWWL51y7
When In Rome,spotify:artist:3jOO5nZ2XPmc232rNjzqJy
Whilk & Misky,spotify:artist:6m9a3tDNWDe6bVR2csIjEv
WildOnes,spotify:artist:4IqkwrIatVfPr9kyvWjnih
Wilkinson,spotify:artist:6m8itYST9ADjBIYevXSb1r
Will Champlin,spotify:artist:2kM1LxD0AhAE5GULSYRQSa
Will Smith,spotify:artist:41qil2VaGbD194gaEcmmyx
William Singe,spotify:artist:5exS0bytCYdixgv02DaCm3
William Wild,spotify:artist:3DrB9nBkn2tfhXxSsKAaor
Willie Colón,spotify:artist:7x5Slu7yTE5icZjNsc3OzW
WizKid,spotify:artist:3tVQdUvClmAT7URs9V3rsp
Wolf Gang,spotify:artist:6EkvDqOOEX08BotcQppKoD
Real Estate,spotify:artist:41SQP16hv1TioVYqdckmxT
Red Velvet,spotify:artist:1z4g3DjTBBZKhvAroFlhOM
Redman,spotify:artist:7xTKLpo7UCzXSnlH7fOIoM
Revol,spotify:artist:2wYOpkTJZGByNEOjEnSmoW
Rhett Akins,spotify:artist:4qivGtDBIkQFLCeduRpi24
Rich The Kid,spotify:artist:1pPmIToKXyGdsCF6LmqLmI
Ritchie Valens,spotify:artist:5Y9xEAGW4GwGJgbiI6W85P
Rizzle Kicks,spotify:artist:2ajhZ7EA6Dec0kaWiKCApF
Ro Ransom,spotify:artist:5tLx2xpkiHdzvX9CIymCfR
Robert Tepper,spotify:artist:5T1bhiyED6hokaKTechcKI
Roberta Flack,spotify:artist:0W498bDDNlJIrYMKXdpLHA
Robot Koch,spotify:artist:47V6nyjOrUR98qv6gkYssI
Robyn,spotify:artist:6UE7nl9mha6s8z0wFQFIZ2
Rocío Dúrcal,spotify:artist:2uyweLa0mvPZH6eRzDddeB
Rufio,spotify:artist:0HjoyITAvSVktTCjXUa40Q
Salva,spotify:artist:0JQaXh3HoqpI68C2pYUbNW
Sam Gellaitry,spotify:artist:07UJz804RJxqNvxFXC3h9H
Samantha Barks,spotify:artist:4gOl5m9dY7IGAipqpul7GZ
Sammy Johnson,spotify:artist:0vMGGYcvLOnwg7t4kl33BA
Sammy Wilk,spotify:artist:36TGx7BxtQA4uz6irWnX3T
Saving Abel,spotify:artist:2AVVj8ezW2mJ0v8u7XydiF
Say Hi,spotify:artist:2da7ehIX9lFyIDqmjqVZvS
Scavenger Hunt,spotify:artist:2CJw5Z0VmlBMrS1J1dtG9Z
Scotty McCreery,spotify:artist:6ZV6lGY0prbqpTD0Md8i29
Secret Nation,spotify:artist:0gX4Kuwic0S5GfOp1oBZYC
Seeb,spotify:artist:5iNrZmtVMtYev5M9yoWpEq
Seinabo Sey,spotify:artist:4X0v8sFoDZ6rIfkeOeVm2i
Senses Fail,spotify:artist:591yCCsZCLXvaJ0Rg38vLZ
Seryn,spotify:artist:3ldZSv4kK1NQnohM0sjIR0
Shannon and The Clams,spotify:artist:6A5Ns1SpGWTt8SzXPwiqVE
Shaparder,spotify:artist:5noq1NLJtMqS5iRFM4VZyu
ShaqIsDope,spotify:artist:3Is1kGaN2jmS0hB1Hn6dp4
Sharon Van Etten,spotify:artist:2wJ4vsxWd7df7dRU4KcoDe
Ship's Chorus,spotify:artist:6lVfv13tNN5AORH9RWA6aN
SIAS,spotify:artist:6krsiTtc4T9aJEkwT3lyP5
SIBA,spotify:artist:5cWjMVmlNGYh0hpnmzDuQL
Silverchair,spotify:artist:4iudEcmuPlYNdbP3e1bdn1
Siriswad,spotify:artist:56GXx5OO5CFScS8EV3pXzI
Sixto Rein,spotify:artist:2dYSrA999b3VYp5V4J12T7
Sixx:A.M.,spotify:artist:3886aFez2HDLkio5tUzmP6
SJUR,spotify:artist:1X6dfPmF8f5C5EW3WIGfvm
Skid Row,spotify:artist:4opTS86dN9uO313J9CE8xg
Skip Marley,spotify:artist:4ryoUS0W8qXokfMxrlJt6O
Slaptop,spotify:artist:5NFB7dL4b4ZtcMAk2wCOoi
Sleeping At Last,spotify:artist:0MeLMJJcouYXCymQSHPn8g
SOAK,spotify:artist:4PLsMEk2DCRVlVL2a9aZAv
Sofi Tukker,spotify:artist:586uxXMyD5ObPuzjtrzO1Q
Sparklehorse,spotify:artist:64tVHZVSAZhDEiOJxnb6hE
Squeeze,spotify:artist:6Jrj26oAY96EEC2lqC6fua
Starting Six,spotify:artist:1YXGHQqcA8fph4ovRYXQLB
Steely Dan,spotify:artist:6P7H3ai06vU1sGvdpBwDmE
Steve Angello,spotify:artist:4FqPRilb0Ja0TKG3RS3y4s
Steve Aoki,spotify:artist:77AiFEVeAVj2ORpC85QVJs
Stonefox,spotify:artist:3lQvg5w1PYUH7HzcbTBsLu
Strange Names,spotify:artist:7h0IuoboK8IGcFsS5ey0hj
STRFKR,spotify:artist:2Tz1DTzVJ5Gyh8ZwVr6ekU
Sugarland,spotify:artist:0hYxQe3AK5jBPCr5MumLHD
Sunset Sons,spotify:artist:6yY9g2nwqyduN2RpxRHWdy
Supa Dupa Humble,spotify:artist:5GRcUxWCbjylgesQn7Zqox
T. Powell,spotify:artist:1t4m0kYFjPEVUNGevGQVTn
Tash Sultana,spotify:artist:6zVFRTB0Y1whWyH7ZNmywf
Taylor Gang,spotify:artist:5EU334rCTsW5fOSHaSjBBK
Tchami,spotify:artist:1KpCi9BOfviCVhmpI4G2sY
Twelve'len,spotify:artist:0G57ms4DD5dn6wXwuFOLdO
Twin Forks,spotify:artist:6GwNGuDRNbx5XwoHQA3QiD
Twista,spotify:artist:6vbY3hOaCAhC7VjucswgdS
Two Friends,spotify:artist:44Ewva5aHOX00EwaX2D2mh
Tyrese,spotify:artist:08p7B5OtcUuVblvkQIlBhJ
UB40,spotify:artist:69MEO1AADKg1IZrq2XLzo5
Uppermost,spotify:artist:58UpHBCQ1Jj67DJsR7Qyqg
Urban Cone,spotify:artist:3WOOglGBDGvr6c2WBeMAWn
Vacationer,spotify:artist:4rs1K6gDzLY5VnCMSC80o7
Vado,spotify:artist:4ubKsFJjMgWkARG6w2Qlv8
Van McCoy,spotify:artist:0bShb58TO0fM5jOjXhB1WT
Vashti Bunyan,spotify:artist:4chuPfKtATDZvbRLExsTp2
Velvet Revolver,spotify:artist:7CHilrn81OdYjkh4uSVnYM
Vengaboys,spotify:artist:0cwmNvclzPd8mQnoHuIksj
Vern Gosdin,spotify:artist:4kNRotUiNCcfZhnpJJTDtl
Veruca Salt,spotify:artist:2QwJQuBekTA4qF7N7uLHDP
Verzache,spotify:artist:59KX7XUUgAOOo5IyDjca0T
VHS Collection,spotify:artist:2Nvaq4y2ygxIqfwXyz0HeH
Vinyl Theatre,spotify:artist:7xSEWLsywYbocdtt3xsQsU
Walter Catlett,spotify:artist:1yCdvNCmOAMzEqOcw3CvHF
Wankelmut,spotify:artist:01e2lCvLZ4fLUIRy68nptH
War,spotify:artist:3ICyfoySNDZqtBVmaBT84I
watt,spotify:artist:4olE3I5QU0dvSR7LIpqTXc
Wave Racer,spotify:artist:147jymD5t0TCXW0DbaXry0
Wayne Newton,spotify:artist:5NX29TmuYrENlpvz6IgYMJ
Waze & Odyssey,spotify:artist:0D9AnJzAnYyu1kfJFQDY5d
Webbie,spotify:artist:6aIm51fHkokqlJn2vzNTH8
Wheeland Brothers,spotify:artist:5mabMBNdrC8AIPmjpiqvEq
Wheeler Walker Jr.,spotify:artist:6PjV05LlULv9XmFu7HeAia
Whigfield,spotify:artist:0lHoDF96DNKSIcIpcOfMnq
Whiskey Myers,spotify:artist:26opZSJcXshCmCwxgZQmBc
Wild Rivers,spotify:artist:59sBwR0jPSTrbMtuTkRPN5
Wildlight,spotify:artist:6af8aRyYJXqbM7u9qljiRk
Wings,spotify:artist:3sFhA6G1N0gG1pszb6kk1m
Xavier Omär,spotify:artist:3UjPnt2nRmw10N58bBeNOg
Yeasayer,spotify:artist:04HvbIwBccFmRie5ATX4ft
Yello,spotify:artist:3xgj17ZsWxxU86S4qlWvOi
Yellow Ostrich,spotify:artist:3zIJJVhqINXeuLWMbZdlbY
YG,spotify:artist:3elR9fj2COXgTJlJm7NtP7
YONAS,spotify:artist:6gWsNpg9lhVbimwQ8bP5K1
Young Franco,spotify:artist:6mK0vAO13gT8jWYANyoXAl
Young Guns,spotify:artist:4v4qHupYi7eRJfkniHrp4Z
Zach Williams,spotify:artist:6g10GEtmIVqIQBhPZh4ScQ
Zhané,spotify:artist:6cjSmkVvMvyE6tCAo1M9Is
Shaun Reynolds feat. Laura Pringle,spotify:artist:1XmE9z8PzyHRK5Aw71h2zx
She Is We,spotify:artist:70D0rOJsq3HFnXFrlp9I6x
Shout Praises Kids,spotify:artist:0SKVoWXola9WXgw3PwMYpE
Sigrid,spotify:artist:4TrraAsitQKl821DQY42cZ
Sinead Harnett,spotify:artist:6tUJpYN2aYiXbzAcg0pIOo
SiR,spotify:artist:3QTDHixorJelOLxoxcjqGx
Skee-Lo,spotify:artist:55Pp4Ns5VfTSFsBraW7MQy
Slaughterhouse,spotify:artist:5rVbcJv0JRfhWLA3mgM73r
Slum Village,spotify:artist:1020a42xVklY6c56imNcaa
Snap,spotify:artist:6cZcQZJF7cV01bXd0rR9oG
Snavs,spotify:artist:4xFadP7L1YVwVSjDDfjKjM
Snow Tha Product,spotify:artist:3p3jPcp8b7WL9XYj4xlsWj
South Park Mexican,spotify:artist:4kKaAWGdu6WW0W415RWaQA
Spooky Black,spotify:artist:62TFj06qes00QmQuKmK7c2
Spoon,spotify:artist:0K1q0nXQ8is36PzOKAMbNe
SR-71,spotify:artist:7fTcs8dn9y6XuB2IqZMzBq
SRNO,spotify:artist:0Kwf0zcciIFGLCKiqNcO6Q
Stark Sands With Punch Brothers,spotify:artist:7fSFodkzoxDp9Q10qL3NPu
Steffany Gretzinger,spotify:artist:2akNRvGNB400IDDUMr1PHW
Steven A. Clark,spotify:artist:2EwZTE4cjewxoigHD5Y3UF
Stone Temple Pilots,spotify:artist:2UazAtjfzqBF0Nho2awK4z
Stromae,spotify:artist:5j4HeCoUlzhfWtjAfM1acR
Subtact,spotify:artist:6kx1NiHogZzkSU7lHMc3Ow
Sultan,spotify:artist:1okXUZeKxitazV69zp5LLK
Summer Salt,spotify:artist:3MATPJ9tYbcMhw5VOZrRU6
Sundy Best,spotify:artist:21lH0EoFGV5oUmyCZuz7jg
Swim Deep,spotify:artist:2XddLUPFBmTonCFy8uB3uc
Sy Ari Da Kid,spotify:artist:5ZI5pbnKxA6Qy1fVNsjCp0
Syd,spotify:artist:3jk39CGeaaSO3FPKNx1RUx
t.A.T.u.,spotify:artist:2Q3eZMfDQgT8MhPowKFXYO
Tamar Braxton,spotify:artist:1MT1Wz4G9Z9EVOg4L5zZMS
Tame Impala,spotify:artist:5INjqkS1o8h1imAzPqGZBb
T-ara,spotify:artist:1R52cwGf75yTf7I3Q0Irf8
Tate Kobang,spotify:artist:05ZOzt8hlefGYXWJIL37PI
Tate Stevens,spotify:artist:7c9RtcxxUIDLt2YdKZkVSr
Tdot illdude,spotify:artist:4gcBXAL1iwHPIrf1LdVsKg
Tegan and Sara,spotify:artist:5e1BZulIiYWPRm8yogwUYH
Temples,spotify:artist:4ogwGU9VPWrnVBs1GEwZVV
The Album Leaf,spotify:artist:02uPe16VFxPaiueQsPEDkE
The Band,spotify:artist:4vpDg7Y7fU982Ds30zawDA
The Blow,spotify:artist:3VNDPLoRirZi28lxSEYkZQ
The Buggles,spotify:artist:057gc1fxmJ2vkctjQJ7Tal
The Cataracs,spotify:artist:7C64wNX3howEFZjAYRKsfP
The Ceremonies,spotify:artist:6RXXWho8kNQtLbhoxeH8WZ
The City of Prague Philharmonic Orchestra,spotify:artist:2oQJQUIpJFFnfKvHJA0xBu
The Clash,spotify:artist:3RGLhK1IP9jnYFH4BRFJBS
The Cool Kids,spotify:artist:1AWNf5CLnHH4oM1hcHiVeV
The Crickets,spotify:artist:4r7JUeiYy24L7BuzCq9EjR
The Decemberists,spotify:artist:7ITd48RbLVpUfheE7B86o2
The Dig,spotify:artist:2Ki2mlU4LhZZ0BOYHWbcot
The Dream Academy,spotify:artist:1JVoO5bwfU8GNuAZLpBoHe
The Drifters,spotify:artist:1FqqOl9itIUpXr4jZPIVoT
The Five Satins,spotify:artist:2YP02JRa1JLejrg3XTssJS
The Fixx,spotify:artist:53RkHTcl0SJZjpzqogkBf4
The Green,spotify:artist:5RkXaPxdZ8L7ERNgDZXlKh
The Hics,spotify:artist:2XHJ36WzMJKpDk6fLl6lMo
The Him,spotify:artist:5WdqBAQhGFCrZvBKXiPIu7
The Hit Crew,spotify:artist:76PJKS3IQsf4sSayx2taE0
The Internet,spotify:artist:7GN9PivdemQRKjDt4z5Zv8
The Lennings,spotify:artist:3YR9GXVsIt2XW3btris22Y
The Low Down,spotify:artist:7BaOGj1Tm9WcFYVwSNqjrO
Suyano,spotify:artist:6ydu7uQ1zZeWUA7FuKnTWG
SWV,spotify:artist:2NmK5FyrQ18HOPXq1UBzqa
SWV Featuring Wu-Tang Clan,spotify:artist:75HQ95i9UuaDKmDn45ov8f
Syn Cole,spotify:artist:6i1GVNJCyyssRwXmnaeEFH
Tamia,spotify:artist:0le01dl1WllSHhjEXRl4in
Tank,spotify:artist:4mwXUEKaW4ftbncf9Hi58l
Tanto Metro & Devonte,spotify:artist:4mVpYIVAOE8sEdYuL8HDpd
Tayler Buono,spotify:artist:5doPfvddXXjtQIJu9rQEz5
Taylor Bennett,spotify:artist:6CqjoQyGZlnhnq5gAUz92c
Taylor Phelan,spotify:artist:44iHSdUVq8HYJytxWmatDn
Tedeschi Trucks Band,spotify:artist:2gFsmDBM0hkoZPmrO5EdyO
Tennis,spotify:artist:1ybAN3utgdoUL1MUCtH4QM
Tennyson,spotify:artist:3Nb8N20WChM0swo5qWTvm8
The Airborne Toxic Event,spotify:artist:7xovAENFxmyEWhzbnHsB3Z
The Alan Parsons Project,spotify:artist:2m62cc253Xvd9qYQ8d2X3d
The Andrews Sisters,spotify:artist:2NCGI6dLTxLdI9XHdv7QfM
The Avener,spotify:artist:0e6qzpphJHtObTSwD75mi0
The Barden Bellas,spotify:artist:2BaKphge9AdjZIxQqv7WoQ
the bird and the bee,spotify:artist:65XA3lk0aG9XejO8y37jjD
The Black Keys,spotify:artist:7mnBLXK823vNxN3UWB7Gfz
The Cardigans,spotify:artist:1tqZaCwM57UFKjWoYwMLrw
The Cave Singers,spotify:artist:4SjCvf9Ctuz369ZKAnjkZP
The Chain Gang Of 1974,spotify:artist:3Qy1IxDSU8SLpUUOfbOpxM
The Charlie Daniels Band,spotify:artist:12d4iIvTOk7JkI6ecvc3ca
The Chemical Brothers,spotify:artist:1GhPHrq36VKCY3ucVaZCfo
The Corrs,spotify:artist:1VbWUxZTRNY2gw3qZ1tg9W
The Cover Girls,spotify:artist:6D01mATo26VaiiCfZzpWAm
The Early November,spotify:artist:2rxtSTPBJawYhQAXIpgEAi
The Edgar Winter Group,spotify:artist:7j9PMegEgVN1fNp8NZXNCI
The Execs,spotify:artist:51t8iNAfrqHtmBjXy7BkWx
The Fray,spotify:artist:0zOcE3mg9nS6l3yxt1Y0bK
The Gaslight Anthem,spotify:artist:7If8DXZN7mlGdQkLE2FaMo
The Indians,spotify:artist:7MsNZABIIqhzypuBXQRN9H
The Kite String Tangle,spotify:artist:3D6cosC5ZOLCpRxt6T3XS7
The Lake Poets,spotify:artist:1DuQn0J1YVDcA4g0WJwRvw
The Last Goodnight,spotify:artist:4UrGiQXrpB2CmzVGVFtH5E
The Lone Bellow,spotify:artist:7JFtD8KnbAADBBDleIMuH7
The Long Winters,spotify:artist:6zdwVjGPgGGZ7W5oBcisP2
The Lumineers,spotify:artist:16oZKvXb6WkQlVAjwo2Wbg
The Manhattans,spotify:artist:1DpIDwg8FGD50N9Tfunfsf
The Milk Carton Kids,spotify:artist:7fxtWEwKKrFaykKItspdYg
The Monkees,spotify:artist:320EPCSEezHt1rtbfwH6Ck
The Mountain Goats,spotify:artist:3hyGGjxu73JuzBa757H6R5
The Movement,spotify:artist:1qwdTaVUdjYJLLoxtFmsqr
The Pirates,spotify:artist:31NCZhwUN45usixwARPxtJ
The Presidents Of The United States Of America,spotify:artist:1lZvg4fNAqHoj6I9N8naBM
The Revivalists,spotify:artist:5kuJibJcwOC53s3OkoGMRA
The S.O.S Band,spotify:artist:6pXCjxMOBcWtvULYkFPVW6
The Saint Johns,spotify:artist:3tdY20WqCriinEyudhu6r4
The Samples,spotify:artist:4KV8ACcPuT3Jyx9Bvh6OFs
The Score,spotify:artist:2DynDgt8427Fleqe2CxVcY
The Score,spotify:artist:2q3GG88dVwuQPF4FmySr9I
The Smashing Pumpkins,spotify:artist:40Yq4vzPs9VNUrIBG5Jr2i
The Stone Roses,spotify:artist:1lYT0A0LV5DUfxr6doRP3d
The Strumbellas,spotify:artist:6ujr1NkqbZpYOhquczUUfl
The Sugarhill Gang,spotify:artist:7zliF6Q946WznVk3ZMYhZX
The Temper Trap,spotify:artist:4W48hZAnAHVOC2c8WH8pcq
The The,spotify:artist:7cKtqv9cYVlOwnuCFH95ce
The-Dream,spotify:artist:1W3FSF1BLpY3hlVIgvenLz
Them,spotify:artist:5BaHqGtf6UAZnHfqdPaTDA
There For Tomorrow,spotify:artist:0lYXa6aa87Tz8Jzv1nW4HM
They Might Be Giants,spotify:artist:6zB02lwP6L6ZH32nggQiJT
Thin Lizzy,spotify:artist:6biWAmrHyiMkX49LkycGqQ
Thirdstory,spotify:artist:7GJbWH8vhhuW22707B8HsW
Thomas Jack,spotify:artist:6JmzdIDSQdeHg0pocIascm
Three Days Grace,spotify:artist:2xiIXseIJcq3nG7C8fHeBj
Timeflies,spotify:artist:6dC0rIJNLSFZwqckLgXJ8p
Title Fight,spotify:artist:2CnhqfjUG0qzsru0SMuhrk
Tito Rojas,spotify:artist:2kgCV0fFS0wt3q6M5B39nH
TOKiMONSTA,spotify:artist:3VwKSHAfgzV1DOHV0aANCI
Tom Odell,spotify:artist:2txHhyCwHjUEpJjWrEyqyX
Tom Petty,spotify:artist:2UZMlIwnkgAEDBsw1Rejkn
Tony Dize,spotify:artist:3LKXWvXFWrkwUzJWxzwVpW
Tora,spotify:artist:7KGI0OwY8iAL5rI5p47YyK
Trans-Siberian Orchestra,spotify:artist:5OSQDUNmll299ldFIF1Dau
Travis Barker,spotify:artist:4exLIFE8sISLr28sqG1qNX
Travis Scott,spotify:artist:0Y5tJX1MQlPlqiwlOH1tJY
Trillville,spotify:artist:3jahzTuztFVegfKXChatkY
Tritonal,spotify:artist:521qvhdobR0GzhvU6TFw76
Troop 41,spotify:artist:2epZPZ7pPLAho4JLe9UwFd
TV Girl,spotify:artist:0Y6dVaC9DZtPNH4591M42W
TWRK,spotify:artist:2wo3eLY26t8AMyYuYi1pZQ
Ty Segall,spotify:artist:58XGUNsRNu3cVOIOYk5chx
U.S. Royalty,spotify:artist:6TcExoxcwEPHPmh1HLIfL3
Unified Highway,spotify:artist:2NHCOkNgLrsSSdKEZgcxvI
Until The Ribbon Breaks,spotify:artist:0PFM64sKw3GG4Sk8kqNIcp
Valentino Khan,spotify:artist:0deIjoDjl9g9Zpw0sCIOHh
Vancouver Sleep Clinic,spotify:artist:77BznF1Dr1k5KyEZ6Nn3jB
Víctor Manuelle,spotify:artist:4N5fp4zhTsVITZTVfsXpc2
Villagers,spotify:artist:2m1l9MLSslzup4vvokKgvQ
Volt & State,spotify:artist:1qHD7NdzvjBXQwb7rms3lD
Voz De Mando,spotify:artist:5sLCZx5RvQ1Cv6kguDLCLx
W&W,spotify:artist:2rTo8KIkBTFjQS7VvaKYQ4
Wahlstedt,spotify:artist:7yOWqfe8iP613Ne5SV9XPP
Wavves,spotify:artist:6bUJpbekaIlq2fT5FMV2mQ
Waxahatchee,spotify:artist:5IWCU0V9evBlW4gIeGY4zF
When It's the End,spotify:artist:4x717uKDCxQxuNPBSL5qtN
will.i.am,spotify:artist:085pc2PYOi8bGKj0PNjekA
William Matthews,spotify:artist:6xzvt1VigDuN3Qt39YozYA
William Michael Morgan,spotify:artist:03tfKFHhDoDqF73vCI3cxn
Wintertime,spotify:artist:1XNVFs9EIrPqDsmARzDKR7
X.O.,spotify:artist:0gHP61iWw5TExXKSvSrZjJ
Xxxtentacionn,spotify:artist:0hV7aHlpeyGVh6bhaghVTJ
Yall,spotify:artist:0ZRBa9pTfhhCsJW95F1ugg
Yann Tiersen,spotify:artist:00sazWvoTLOqg5MFwC68Um
Yellow Claw,spotify:artist:47z7ZrgFoBvVpCnElCE3Zh
Ying Yang Twins,spotify:artist:44PA0rCQXikgOWbfY7Fq7m
Yogi,spotify:artist:0QiCCpzEYPFaWqkWtDQTmH
You Me At Six,spotify:artist:1kNQXvepPjaPgUfeDAF2h6
Yuna,spotify:artist:3kHVioJpVxlazAAKQ64pC1
Yung Erns Money,spotify:artist:1nhUNj6d2DZw6H5yIgmwMr
Yung Joc,spotify:artist:23LbwefIODbyGdRbAz3urj
Yung Simmie,spotify:artist:44mzV1KxYq8i2S4LHZxQAp
Zara Larsson,spotify:artist:1Xylc3o4UrD53lo9CvFvVg
ZAYN,spotify:artist:5ZsFI1h6hIdQRw2ti0hz81
Zion,spotify:artist:68Yelg8HOZqYn4EjOnXsZy
T. Rex,spotify:artist:3dBVyJ7JuOMt4GE9607Qin
T.I.,spotify:artist:4OBJLual30L7gRl5UkeRcT
TAEYANG,spotify:artist:6udveWUgX4vu75FF0DTrXV
TAEYEON,spotify:artist:3qNVuliS40BLgXGxhdBdqu
Talk Talk,spotify:artist:7Fo8TAyGJr4VmhE68QamMf
Tall Heights,spotify:artist:1OVaGC0CDZaxjcPxclSNmp
The Acid,spotify:artist:0bRtSoJSpQdnbB3dWrWprR
The Antlers,spotify:artist:5o8Wylae9k23IEJMIiwd8s
The Arcs,spotify:artist:3mVWMgLc7bcyCBtL2ymZwK
The Aston Shuffle,spotify:artist:4Jv9I6DAbcjDa8HGFAjv94
The Avener & Phoebe Killdeer,spotify:artist:5a3LNFE90ApnB22P9GhGwq
The Birthday Massacre,spotify:artist:16AVsBqzmIZTNHd0eX8VbK
The Bobby Fuller Four,spotify:artist:5XoM6cP8fQykllfuK5V5TR
The Buttertones,spotify:artist:1CMml5seBEaxQzlmaGxMPx
The Cars,spotify:artist:6DCIj8jNaNpBz8e5oKFPtp
The Civil Wars,spotify:artist:6J7rw7NELJUCThPbAfyLIE
The Coasters,spotify:artist:3QZKZBEmr54lAVI5XvmjnM
The Coral,spotify:artist:6OiHleP2bHM18dXq4aZQWt
The Dandy Warhols,spotify:artist:7siPLyFwRFYQkKgWKJ5Sod
The Dangerous Summer,spotify:artist:0iMnpaEHXkgMT956CmP1kj
The Dodos,spotify:artist:10tysauSA5JATqniBDu2Ed
The Dresden Dolls,spotify:artist:5JqX1glXPg6428ubI1w72i
The Dumbo Chorus,spotify:artist:1BDYVEdOV6orvZjStMmZaT
The Emotions,spotify:artist:64CuUOOirKmdAYLQSfaOyr
The Flys,spotify:artist:3brlG1zNhqIkYhdneCaPVi
The Fratellis,spotify:artist:3M4ThdJR28z9eSMcQHAZ5G
The Guess Who,spotify:artist:0cQuYRSzlItquYxsQKDvVc
The Handsome Family,spotify:artist:72PnPUc1qv9UjRPaGVZ1jq
The Henningsens,spotify:artist:5I94i3AXDxFsSCyRuSn7fN
The High & Mighty,spotify:artist:4hJpETVqz3jIrAH1WUzGEj
The Hunts,spotify:artist:1fFdRZK1GDGXL7vRxxUWLH
The Impressions,spotify:artist:1b1N51wmSK0ckxFAMPSSHO
The Jackson 5,spotify:artist:2iE18Oxc8YSumAU232n4rW
The Janoskians,spotify:artist:5PP8syQrThERevdtvBZX60
The Japanese House,spotify:artist:3IunaFjvNKj98JW89JYv9u
The Lonely Island,spotify:artist:1f5GqyOPo0CkotzzRwviBu
The Mars Volta,spotify:artist:75U40yZLLPglFgXbDVnmVs
The Moth & The Flame,spotify:artist:6Fk18HpdnXUsKWpN9mPb9R
The Mouseketeers,spotify:artist:7vnmderMtsr4NY2OAr7bPZ
The Muppets,spotify:artist:0czJqnJDu3vWrLHmsbLunu
The National,spotify:artist:2cCUtGK9sDU2EoElnk0GNB
The New Basement Tapes,spotify:artist:2oQpz9DEfhuSbuT8hjhTDK
The Oak Ridge Boys,spotify:artist:3XnO697XIus1M0cMuxZjos
The O'Jays,spotify:artist:38h03gA85YYPeDPd9ER9rT
The O'My's,spotify:artist:1GQx6SUIHxDC1mRIFIpslD
The Pack,spotify:artist:5M6GE2n46o0qBIyGXtzdQz
The Platters,spotify:artist:6KWcxMWVNVIYbdOQyJtsSy
The Pretty Reckless,spotify:artist:2R57sY41L9XvGPiIgHOaYq
The Proclaimers,spotify:artist:1A92IAcd7A6npCA33oGM5i
The Psychedelic Furs,spotify:artist:0O0lrN34wrcuBenkqlEDZe
The Replacements,spotify:artist:4WPY0N74T3KUja57xMQTZ3
The Ronettes,spotify:artist:7CyeXFnOrfC1N6z4naIpgo
The Royal Guardsmen,spotify:artist:2ltpcCK86foogli20z9raq
The Royal Royal,spotify:artist:2cPTpcNsTDp3xA1qSmr96P
The Shacks,spotify:artist:6vqxTQz5ZOfRSQZWfes7mR
The Sing-Off Singers,spotify:artist:5xfK5dk9AbgwI1R3qAag0E
The Union Underground,spotify:artist:54akiBa0DkNM3qkhnGRflb
The Weepies,spotify:artist:6pwHWKweuoCyx3OoFaD0Q5
The Whispers,spotify:artist:2XzHxDFTNywDd5ReMhgxkg
The Walkmen,spotify:artist:6kFay2DQ5aZfeu5OsrF3Pw
The Wrecks,spotify:artist:458aS6ALc3QkzwfR5USt34
Three 6 Mafia,spotify:artist:26s8LSolLfCIY88ysQbIuT
Tigerlily,spotify:artist:48xCatjXaoohtyOHrHTijG
Tigers Jaw,spotify:artist:0tLaqkKW7K6tc3QF9SM0M8
'Til Tuesday,spotify:artist:1L0y9srZMyh9XUnYGv37IP
Tilian,spotify:artist:2hj2E6c3lMHm5QlqsQFI04
Tim McGraw,spotify:artist:6roFdX1y5BYSbp60OTJWMd
Tim McMorris,spotify:artist:5UTSnsj3Xf9gw0vEGk9Jp6
Timbaland,spotify:artist:5Y5TRrQiqgUO4S36tzjIRZ
Tino Cochino,spotify:artist:70ZuHznI5SBhBA2XlduCaN
Tom Johnston,spotify:artist:77vFMS6JGC1VvpBh60OCRr
Tom Petty and the Heartbreakers,spotify:artist:4tX2TplrkIP4v05BNC903e
Tom Rosenthal,spotify:artist:1AgxgADPuRIW1wyaA4OKcB
Tomas Barfod,spotify:artist:5hpBysnp54w1yxvpw2WhAF
Toploader,spotify:artist:6xeFne1rkxMhKSW3ipvkdV
Toro y Moi,spotify:artist:6O4EGCCb6DoIiR6B1QCQgp
Tove Styrke,spotify:artist:2QSPrJfYeRXaltEEiriXN9
T-Pain,spotify:artist:3aQeKQSyrW4qWr35idm0cy
Trails and Ways,spotify:artist:4waBtLEoe70SqdFLGsaXCZ
Trevor Wesley,spotify:artist:5N9mXRQoidjsUWjowibwqw
Trivecta,spotify:artist:4AT7XlLBevgZIiKvZQ83ye
TRXD,spotify:artist:29JlvmcJaB2Iv1dQZ8Jd8F
Tungevaag,spotify:artist:49CE2ffZ6Z3zeYSDauSKck
TV On The Radio,spotify:artist:3HJIB8sYPyxrFGuwvKXSLR
Twerkteam,spotify:artist:7xBL98Dam4vQBRLHsvu8cM
Twin Wild,spotify:artist:5k8vZsGwQ2AlHNfsne055D
Twine,spotify:artist:2aY6BempYyL4jB9MJNQT9P
Twiztid,spotify:artist:2aMAN8kMJ7eUOAuPUYOwI7
Tyler Farr,spotify:artist:3vHV92ecrylnUHDM4d2MtC
Tyler James Williams,spotify:artist:2DMYrndKZ3twgaT3wwuS5w
Tyrone Wells,spotify:artist:5zeCSgiRyezbfLiGOpKAsR
Unknown Mortal Orchestra,spotify:artist:1LeVJ5GPeYDOVUjxx1y7Rp
Unlike Pluto,spotify:artist:4zjO8Jhi2pciJJzd8Q6rga
Us The Duo,spotify:artist:3QGKsAfhZdldQCLuLjk6zl
V,spotify:artist:3JsHnjpbhX4SnySpvpa9DK
Vanessa Williams,spotify:artist:75L9s8KVrhCNtBUkZFnDFW
VASSY,spotify:artist:7HqEmV7FeCi16bQyHMpIrF
Vaults,spotify:artist:0TytASn0kOZkCpjYTrXsBt
Verna Felton,spotify:artist:7aU90hxXexP47nEeMee6xM
Vetiver,spotify:artist:7ACSlU8kTcQIbvpwLWze8E
Vic Mensa,spotify:artist:27w1NoOLMX7tJMYqcetPyG
Victors,spotify:artist:163g9TCjTPJMjem8Iwv6iN
Violent Femmes,spotify:artist:0rpMdBzQXf7aYRnu5fDBJy
Volbeat,spotify:artist:0L5fC7Ogm2YwgqVCRcF1bT
Wakey!Wakey!,spotify:artist:6nwykPKe0s5K030p5lliIY
Walk Off the Earth,spotify:artist:6jEiUoyyJNPHzSR0Nib6HX
Wallpaper.,spotify:artist:6NMcnx3vKGSAeqSMbySlpw
Warpaint,spotify:artist:3AmgGrYHXqgbmZ2yKoIVzO
Wayman Tisdale,spotify:artist:3h25qUbua6H0dcBJgDPg5c
Wayne Wonder,spotify:artist:3kc5AFnL1TQQdNaMdSW2UO
Webster,spotify:artist:3YlaSQ8ZoN8XTO3MaqNYzQ
Weezer,spotify:artist:3jOstUTkEu2JkjvRdBA5Gu
Widowspeak,spotify:artist:5ZW7HlSuZz8ng2X21cXbdP
Willy Moon,spotify:artist:5aPH21KxzBBb7SZTpuITrC
Within Reason,spotify:artist:7oevzNTtvs1voO1V2Z0UTv
Wolfgang Gartner,spotify:artist:3534yWWzmxx8NbKVoNolsK
Wyclef Jean,spotify:artist:7aBzpmFXB4WWpPl2F7RjBe
xxyyxx,spotify:artist:1iqXhsjGeWi2Gje5q0mFYb
XYLØ,spotify:artist:6ioOEWNNGK40H8xrGj6XPW
YBN Nahmir,spotify:artist:3gGUMEwIX6XodWsYEvKSal
Yellowcard,spotify:artist:3zxKH0qp3nBCuPZCZT5Vaf
Teen Suicide,spotify:artist:2cAvReLDmjFQtCJFDJbHBU
Tei Shi,spotify:artist:1xcMOgFUM1IYZE22YjCvsL
Ten Years After,spotify:artist:7nkLRaWHImCvWGHdNGnhVE
Teyana Taylor,spotify:artist:4ULO7IGI3M2bo0Ap7B9h8a
The Barr Brothers,spotify:artist:4OyRutd80DZC22C4pl63l7
The Blanks,spotify:artist:1jYMGPJD48WOoXpOZFqW2J
The Brevet,spotify:artist:6tK77FerjTNLS5EEhI0zGM
The Bubbles,spotify:artist:4AB1Gvl3iaTwY6wsqma2U4
The Click Five,spotify:artist:01lz5VBfkMFDteSA9pKJuP
The Crystals,spotify:artist:7rewR1TVjhisjI6gauUamf
The Cult,spotify:artist:49DW3KvkyjHO35mK1JnSyS
The Deep Dixie Boys,spotify:artist:7zsszvWNKWDrFOLt2tLC5u
The Downtown Fiction,spotify:artist:7MRDkEKtdsGcYn11A4qgUL
The Expendables,spotify:artist:2OpHxx1SArSMlBrIMM0aV9
The Game,spotify:artist:0NbfKEOTQCcwd6o7wSDOHI
The Garden,spotify:artist:4UVlSeEFDPmlkYKaRMRoOz
The Girl and The Dreamcatcher,spotify:artist:1xVYxkSq6IWhFpSW1OMe41
The Go-Go's,spotify:artist:2mG8HHQ9S9kcbjcrb5N1FE
The Goo Goo Dolls,spotify:artist:2sil8z5kiy4r76CRTXxBCA
The Head and the Heart,spotify:artist:0n94vC3S9c3mb2HyNAOcjg
The Holdup,spotify:artist:1gwTohHbTpE3qdPyDvnOEu
The Hotel Café Medley,spotify:artist:4WeQ2E8qRpgmrI0Uo9d6is
The Isley Brothers,spotify:artist:53QzNeFpzAaXYnrDBbDrIp
The Judds,spotify:artist:7MSTO40bsb3DOJQT6xLsIc
The Jungle Giants,spotify:artist:6wFwvxJkurQPU2UdeD4qVt
The Lemonheads,spotify:artist:6w7fc6IZlo5zwBaKT5jU1X
The Lion King Ensemble,spotify:artist:3NFbUzq93dowxr0IsiINMv
The Lonely Biscuits,spotify:artist:1kH04wI2CKDdnVarLhOQy7
The Lost Trailers,spotify:artist:3A5urS1Gh3qwxSvQgCx9ow
The Lovin' Spoonful,spotify:artist:7CCn4PFRRRZF127jtCBAUe
The Magician,spotify:artist:4WUGQykLBGFfsl0Qjl6TDM
The Naked Brothers Band,spotify:artist:2qi6i5kIHHeEszXyQT7VJb
The New Electric Sound,spotify:artist:33Y5JkVwK4c1H8YhuG3zze
The Notorious B.I.G.,spotify:artist:5me0Irg2ANcsgc93uaYrpb
The Smiths,spotify:artist:3yY2gUcIsjMr8hjo51PoJ8
The Stylistics,spotify:artist:2O0Hw1WSMbskB5tD9aWah3
The Technicolors,spotify:artist:6hQS54VPpxunuwR0W7usuo
The Temprees,spotify:artist:3RTmjg2aicwP3HFZP760BU
The Treblemakers,spotify:artist:1T81IFRFywCJW0SNWMv3T1
The Tubes,spotify:artist:7zfhej6FnVXN9LIXs6dcoK
The Underachievers,spotify:artist:51Pn4gGnZuyOMDfIT1Zy3N
The Velvet Underground,spotify:artist:1nJvji2KIlWSseXRSlNYsC
The Von Bondies,spotify:artist:5QPNEMldc8k1g5hT54PCWg
The Wldlfe,spotify:artist:2Vvj76fff5uAw10W1sW54W
The Wonder Years,spotify:artist:0nq64XZMWV1s7XHXIkdH7K
This Century,spotify:artist:7DS32FizWDYqYkzR7K8u9n
Thomas Hayes,spotify:artist:1127FlmEDHXC26IBsg8zHP
Thomas Rhett,spotify:artist:6x2LnllRG5uGarZMsD4iO8
Thurl Ravenscroft,spotify:artist:5Gejwv3xz2DpLcxVpMD6hL
Timmy Trumpet,spotify:artist:0CbeG1224FS58EUx4tPevZ
Tom Jones,spotify:artist:1T0wRBO0CK0vK8ouUMqEl5
Tom Tom Club,spotify:artist:1m24736Bdew1oQVxTePOCo
Toni Basil,spotify:artist:59hMeIYY3k3NoX54rrVGPv
Tonic,spotify:artist:6qXwLwTLdA44HYsA26vaNU
Tori Kelly,spotify:artist:1vSN1fsvrzpbttOYGsliDr
Toto,spotify:artist:0PFtn5NtBbbUNbU9EAmIWF
Tow'rs,spotify:artist:3LcpRDABINyBTa4V1s9Hql
T'Pau,spotify:artist:47qTcvYlqJGAEsCI7BcENC
Trace Adkins,spotify:artist:79FMDwzZQxHgSkIYBl3ODU
The Maccabees,spotify:artist:0vW8z9pZMGCcRtGPGtyqiB
The Magnetic Fields,spotify:artist:6RWjTQqILL7a1tQ0VapyLK
The Mellomen,spotify:artist:548L4DXlt7N14Mhbfdmdqq
The Middle East,spotify:artist:6imbHAlhHrFwtsOgqpeBK2
The Morning Benders,spotify:artist:5UqjSHztpMyc0liXncNbGD
The Rembrandts,spotify:artist:0gDg7FEsF4Y1jWddJJgcn4
The Secret Sisters,spotify:artist:5fIZHCg2de8322HZodBDWL
The Soggy Bottom Boys,spotify:artist:3T0CG1MKkAu9rxA2ezgyLC
The Specials,spotify:artist:6xnvNmSzmeOE1bLKnYXKW3
The Steeldrivers,spotify:artist:3bLSAQPeix7Xm2e5Gtn48R
The Stooges,spotify:artist:4BFMTELQyWJU1SwqcXMBm3
The Troggs,spotify:artist:57xdnSVt4ahJCIXYLieQ25
The Vapors,spotify:artist:4K3NWDwBIxgktui14SccR2
The Zolas,spotify:artist:0BVWMc7JEHdh2Ku6xgKuYL
The Zombies,spotify:artist:2jgPkn6LuUazBoBk6vvjh5
Theophilus London,spotify:artist:4EMtGVFvfCSrEmWaGV0roE
Third Eye Blind,spotify:artist:6TcnmlCSxihzWOQJ8k0rNS
Thompson Square,spotify:artist:0Bvs8yPjrQSbmVIRqSg1Sp
Three Dog Night,spotify:artist:4FAEZeJcsYYBkNq2D3KGTV
Three Loco,spotify:artist:3Vr9XbwWLsVhiVsyRE9OTn
Thrice,spotify:artist:3NChzMpu9exTlNPiqUQ2DE
Tigertown,spotify:artist:35qLEcmYiuYpOMDuAO8BYh
Tim Legend,spotify:artist:3pfQKkyELe3zxBQDgQP6Py
Tinie Tempah,spotify:artist:0Tob4H0FLtEONHU1MjpUEp
Tito Torbellino,spotify:artist:0c2yelD6HE33WZYXbn8CEJ
Tito Y Su Torbellino,spotify:artist:1QkpNJ56SmIN2EaqAXf1m7
TLC,spotify:artist:0TImkz4nPqjegtVSMZnMRq
Toad The Wet Sprocket,spotify:artist:4j7EVY3kuDwLPfD2jfC7LC
Tom Hanks,spotify:artist:3OCGqx0Y3UyrBnyzjIokIr
Tom Misch,spotify:artist:1uiEZYehlNivdK3iQyAbye
Tommy James,spotify:artist:7eRORqxEbt7ftbaaWP0k5v
Tonight Alive,spotify:artist:5pjCYG6hPLBO3y4swxu3dh
Tony Matterhorn,spotify:artist:6taesTUSevB9eK8bm5Y7b9
Topic,spotify:artist:0u6GtibW46tFX7koQ6uNJZ
Toussaint Morrison,spotify:artist:3NTtPe8crN07jmxBkKwtFW
Town Mountain,spotify:artist:5cudslRGWg0GsXaN79Wifs
TRACES,spotify:artist:74qSjJarNp1Ilz2kp7IMdL
Travis Atreo,spotify:artist:58xmt13Xf7RsThzGOM1aKh
Travis Porter,spotify:artist:6z1cicLMt9XArxN10q7m8a
Travis Thompson,spotify:artist:6WZfEqqsYujHTUDuNd5Lbc
Tray Jack,spotify:artist:2mUIsqeqTNPIkpSIRRle5o
Tricky,spotify:artist:6hhA8TKRNryM8FNzqCqdDO
Trinix,spotify:artist:3HqP3nd8WI0VfHRhApPlan
Trip Lee,spotify:artist:12H1Dmi64fAmmARrsyVFzy
Twenty One Pilots,spotify:artist:3YQKmKGau1PzlVlkL1iodx
Two Worlds,spotify:artist:472pLATJRRVRxQSxnnlcrB
Tyrone Davis,spotify:artist:76agLI5oSCFbmZnBqKcBJd
Uncle Murda,spotify:artist:3kortApcf0ntRWexUkJE4H
Unk,spotify:artist:0PGtMx1bsqoCHCy3MB3gXA
Upstates,spotify:artist:3vFCgxYcaQ5iBPavzd6bqH
Usher,spotify:artist:23zg3TcAtWQy7J6upgbUnj
Vallis Alps,spotify:artist:7qhWa7UI1QNZNDnzYwAYZm
Vanic,spotify:artist:2LY0E3xg8svCVYXVNTze5T
Vega4,spotify:artist:3hVwMqPRoC3FFARz2wxwtP
Vicente Fernández,spotify:artist:4PPoI9LuYeFX8V674Z1R6l
Vicetone,spotify:artist:0daugAjUgbJSqdlyYNwIbT
Vigel,spotify:artist:72S5xAuE30pC3FHJHaz5CQ
Vigiland,spotify:artist:3tLYpanVDomWAZqF82NPds
Vindata,spotify:artist:1Vxf1UfzcxqzqItoOA0DDT
Violet Days,spotify:artist:4uNv6RD2YXwoaKgHfJZkkL
Vivian Green,spotify:artist:3t83f2J04dRWOpNBe9GTfs
Waka Flocka Flame,spotify:artist:6f4XkbvYlXMH0QgVRzW0sM
Young Mister,spotify:artist:4NuiDXtUaaclXGNEPQYBBx
Young Scooter,spotify:artist:4cmA2QDPdzh8W2ytpyUGes
Young T.H.U.G.,spotify:artist:6pxwzi0xDny2rMI1KJFZoi
Young Thug,spotify:artist:50co4Is1HCEo8bhOyUWKpn
Yumi Zouma,spotify:artist:4tPyCwWrsvZ8OKYl7QRavL
Yung Pinch,spotify:artist:61qMnYXa1GxSBoV3IiYKjZ
Zane Williams,spotify:artist:7LjXLho6TAS9wkSfnjd0AX
zebrahead,spotify:artist:6SiyKSeJo6gcsS2NvuAbsl
Zedd,spotify:artist:2qxJFvFYMEDqd7ui6kSAcq
Zimmer,spotify:artist:2pts5B2shsEtIVC4onTFKb
Wolfgang Amadeus Mozart,spotify:artist:4NJhFmfw43RLBLjQvxDuRS
Wreckx-N-Effect,spotify:artist:6lLYZf9GpSq6Pf09g2N2xK
XV,spotify:artist:4GKRKf0FAK4nLtmL3u3JQ9
XXL Freshman,spotify:artist:016YHhRTzQSGRJk5EkbU2O
XYLØ feat. Win and Woo,spotify:artist:3bZeX4189UZOhknQdWQ8nk
Yo La Tengo,spotify:artist:5hAhrnb0Ch4ODwWu4tsbpi
Young Oceans,spotify:artist:41crVXG3GeS8TmyWEaPZVr
Yung Tory,spotify:artist:392I9I5QMSyoA0FmI5pVfx
Zak Abel,spotify:artist:6Gk5hoM7eW8NSCYhICMDHw
Zico,spotify:artist:4XpUIb8uuNlIWVKmgKZXC0
Ziggy Alberts,spotify:artist:6tuPdaFPIytg3l2f51L7Hw
Tracy Lawrence,spotify:artist:2BQVRw9md4UKcGUrDXABCD
Travis Cottrell,spotify:artist:4q7PS6zi0CyrEo23orQCkW
Travis Garland,spotify:artist:5tpWDRL3doEgCZdVn4FsNN
Trent Dabbs,spotify:artist:6QFuGrftxjfONIARygYHIe
Trisha Yearwood,spotify:artist:3XlIhgydjvC4EniPFZT20j
Tye Tribbett,spotify:artist:1xy9x7h2jKEg8iG22Sml32
Typhoon,spotify:artist:6p6WlxIkeWH8yOYvciFfVl
UNO Stereo,spotify:artist:253f0pT64ByK78L928CjbE
UP10TION,spotify:artist:2LjaeuGS0ubYXZfNihGp9y
Vance Joy,spotify:artist:10exVja0key0uqUkk6LJRT
Vanessa Carlton,spotify:artist:5ILrArfIV0tMURcHJN8Q07
Vanilla Ice,spotify:artist:7GXXMm3DB1VswVcuGyInUd
Virlan Garcia,spotify:artist:0vjeBgTzYTwmYoVySJzXGD
Vista Kicks,spotify:artist:6wnSPJpmVKFcn1TpRl5Uli
VIXX LR,spotify:artist:14Crgqr0bcwGyyxXSkj01S
Wade Bowen,spotify:artist:3OftZbLfcqulxWNZMX8zLI
Waylon Jennings,spotify:artist:7wCjDgV6nqBsHguQXPAaIM
We As Human,spotify:artist:6FFTGpuvFDztqTz4t1Hqy9
Whodini,spotify:artist:4dBOV77d0Fy9KcTZkieXcu
Wifisfuneral,spotify:artist:1vb1XqzyNMQ16BqbxRz5BV
Wild Cub,spotify:artist:5cTn7jRVGqTdmgMW75FIal
Wild Ones,spotify:artist:0W0kuKgO5dLKxBOZUU2erM
Will Reagan,spotify:artist:3P9Tb34QQEWyjm1pYdPfOP
Wilson Phillips,spotify:artist:1yMYjh77WgOVafRkI50mim
Wingtip,spotify:artist:1Eie0tY91rpi7Y0jtIOXzI
WINNER,spotify:artist:5DuzBeOgFwViFcv00Q5PFb
Wisin,spotify:artist:3E6xrwgnVfYCrCs0ePERDz
WWE,spotify:artist:0spHbv2fw49lDMkbOAdaqX
Xavier Rudd,spotify:artist:5lbM4g6bhxjNX7R5QHP2nD
Xscape,spotify:artist:5z2cHsOmmmWcAPNG1oEhw0
YACHT,spotify:artist:57anmI1X2hXWPrNagFdzZr
Yael Naim,spotify:artist:3cHwmcXlo7XvovQcl5YxlQ
Yandar & Yostin,spotify:artist:3ptY5WTxu77JpAQQnHyxEl
YC Worldwide,spotify:artist:1JvKSExhqV480k3qFUJwLm
Yelawolf,spotify:artist:68DWke2VjdDmA75aJX5C57
Yhung T.O.,spotify:artist:1Yss4ClgrS9sIprNlq5O3l
Yiruma,spotify:artist:0fauHpmSHwodVYIjTqOGHz
Ylvis,spotify:artist:2lEOFtf3cCyzomQcMHJGfZ
Yo Preston,spotify:artist:17QrJsIIiAFuh1VuniANKz
Yoke Lore,spotify:artist:7FU0xCgmSYQEiBeevUqQ4S
Yung Berg,spotify:artist:0BrPKSAeplwezYR1T2DF9s
Zapp,spotify:artist:396Kh0m4wGUvcMUULw71yi
Zay Hilfigerrr,spotify:artist:7nKeLE1toRtW4M279iS26h
Ziggy,spotify:artist:4YNeMA58IPpXjOOUO43kjG
Zoé,spotify:artist:6IdtcAwaNVAggwd6sCKgTI
Zoey Dollaz,spotify:artist:39Uhf21aJFjMLus1j0YGT8
The White Panda,spotify:artist:1mOUOvOOaoTF2b3kDjrety
The Wombats,spotify:artist:0Ya43ZKWHTKkAbkoJJkwIB
The Young Wild,spotify:artist:2xMOfuQeNn7IaHchvmwuqz
Theory of a Deadman,spotify:artist:74eX4C98E4FCrAMl39qRsJ
Third Party,spotify:artist:2J80qXI4NHKpq5RT3xUF7V
This Will Destroy You,spotify:artist:0MG4LXIw7n4x0wjDc6WYXk
Thriving Ivory,spotify:artist:0gHWXdaWQObi1A6C1rzgRM
Tigo B,spotify:artist:7L9uSydB8VxJzo3nPyaf4J
Tim Curry,spotify:artist:5upLeyz8OjRZcbFuXOF59B
Timbiriche,spotify:artist:1FbygZnWsyUjzjTGLhWVlO
TiRon & Ayomari,spotify:artist:5w4jm6oj9XguE2zaCEfd3S
Tkay Maidza,spotify:artist:1kMPdZQVdUhMDKDWOJM5iK
Tomppabeats,spotify:artist:0Q2Tc5yZFJpumLMc7Yz4e4
Toni Braxton,spotify:artist:3X458ddYA2YcVWuVIGGOYe
Top 40,spotify:artist:5ayLGTByEwYu0fpL8l224B
Tossing Copper,spotify:artist:34FobNhXOS7yulcqBuIy7u
Tove Lo,spotify:artist:4NHQUGzhtTLFvgF5SZesLK
Trick Trick,spotify:artist:7tT5h21rKj9yFfQuqBYLqT
Turnover,spotify:artist:0gLjJuczGWhqKVMmVpIT52
TWENTY88,spotify:artist:6g8AmloI8egfrr3dm3SnUL
Two Door Cinema Club,spotify:artist:536BYVgOnRky0xjsPT96zl
TYSM,spotify:artist:774uzes7MVqVcuU3r8IE1G
Valentín Elizalde,spotify:artist:3CAhiUHkUYT1mFtVHM9SHA
VAN HØF,spotify:artist:63MsklKb1ks7r8zMzuJcsn
Vell,spotify:artist:5o2e685rYkzKTPXEwR82H3
Viceroy,spotify:artist:5PzC9pOeviQlNF6iGlUF5C
Victorious Cast,spotify:artist:1KYszkVzlhV3rAqmAcYIgd
Vitamin C,spotify:artist:3OsUvoKmZA2gw8rETtxGlz
W. Darling,spotify:artist:1kJHmqou1WF0wMrCwH9ppR
Walking On Cars,spotify:artist:632WMoQfBWk76kBz7vMXNg
We Are Messengers,spotify:artist:5WcisvYoq6332gCUX039Jd
We Are Toonz,spotify:artist:4rN9gEi2IbnV59Tm4kid4c
WE ARE TWIN,spotify:artist:1AorvDJVBFNYvHPmdA1fU9
We Came As Romans,spotify:artist:6qO6LhD6FuXK5e2PtfAIMz
Westlife,spotify:artist:5Z1CCuBsyhEHngq3U5IraY
Who Is Fancy,spotify:artist:5QSx2vpiSchSeCwc0qmfNI
WILD,spotify:artist:0jcaMhfyinUx3Pj8w4nmWZ
William Bolton,spotify:artist:1NPkkY0RutjrXakIihpIiS
With Confidence,spotify:artist:2PWXHVDEtObSmUrNhfPRav
Witt Lowry,spotify:artist:5ghnxpW47ojtLHHyTLdxdY
Wiz Khalifa,spotify:artist:137W8MRPWKqSmrBGDBFSop
"Woe, Is Me",spotify:artist:7AzzsLSrHV9darZnK3RSDN
Wolfmother,spotify:artist:3yEnArbNHyTCwMRvD9SBy4
Wrongchilde,spotify:artist:6I98msL0hv5umKGyRHovON
Wye Oak,spotify:artist:5SjNVG3L9mgWQPsfp1sFDB
X Ambassadors,spotify:artist:3NPpFNZtSTHheNBaWC82rB
Xtreme,spotify:artist:47bVt95bvBMpmJFWoyhH0C
XXXTENTACION,spotify:artist:15UsOTVnJzReFVN1VCnxy4
Y&T,spotify:artist:49Cw140t9jupn4S3udehoP
Y.V.E. 48,spotify:artist:5zSWGyWE5d0PYaYrtdVwOz
YFN Lucci,spotify:artist:5Berubt6ysOy2LCMyqhmXP
YG,spotify:artist:0A0FS04o6zMoto8OKPsDwY
YoungBoy Never Broke Again,spotify:artist:7wlFDEWiM5OoIAt8RSli8b
Young-Holt Unlimited,spotify:artist:5r2DrmyTTiDTQaFz3tyX8W
ZHU,spotify:artist:28j8lBWDdDSHSSt5oPlsX2
Ziggy Marley,spotify:artist:0o0rlxlC3ApLWsxFkUjMXc
Zion & Lennox,spotify:artist:21451j1KhjAiaYKflxBjr1
Zomboy,spotify:artist:0ycHhPwPvoaO4VGzmMnXGq
WALLA,spotify:artist:1lhtpwswW0liqyOU52EP0E
Wallace & Rachel Faagutu,spotify:artist:1FRbvfNJQfzzKXXLPTD4R1
Warren G,spotify:artist:2B4ZHz4QDWJTXPFPgO5peE
Wayne Wilcox,spotify:artist:1ZrlnxoiI0Banz5TlU50Ay
We The Kings,spotify:artist:3ao3jf5d70Tf4fPh2bnXVl
Ween,spotify:artist:3u1ulLq00Y3bfmq9FfjsPu
Westside Connection,spotify:artist:3zNM2tRfTX6LI1lN2PlrTt
Weval,spotify:artist:12tZvy2xFpWSkuJ3FsfisZ
What So Not,spotify:artist:4AA8eXtzqh5ykxtafLaPOi
Whethan,spotify:artist:0vqJkZ0RpLZixt3lTmD8vP
Whitaker,spotify:artist:1GWD06y70kh2xnhw3SMnaC
Wiliam Matthews,spotify:artist:1m6eWfbCoXdPgaCku3HqN8
Will Claye,spotify:artist:29ko7p6q0gVHvzy7B2alol
Willamette Stone,spotify:artist:19gmxCK2V3jLMi5fDYyKtS
Years & Years,spotify:artist:5vBSrE1xujD2FXYRarbAXc
Young Dro,spotify:artist:3ZooCJzNMTLpmJaIRUEorI
Youngblood Hawke,spotify:artist:6VXZCpbkwm0W0aPjQR1t4K
Yu Jae Seok,spotify:artist:4zmCovcjfUoYP3VilaMGxb
Yvng Swag,spotify:artist:6tDsitphxZ846wEoP97FtT
Zac Brown Band,spotify:artist:6yJCxee7QumYr820xdIsjo
Zacari,spotify:artist:3qBKjEOanahMxlRojwCzhI
Zach Torres,spotify:artist:3son94FN6rbM7dtVQZmEm2
Zayion McCall,spotify:artist:5AsWcQXw4RJFRWBbwa0ti0
Zeds Dead,spotify:artist:67qogtRNI0GjUr8PlaG6Zh
Zendaya,spotify:artist:6sCbFbEjbYepqswM1vWjjs
Zero 7,spotify:artist:14H7ag1wpQOsPPQJOD6Dqr
Zion I,spotify:artist:3LLs28LJVlXAjWc8UDkcQZ
Yim Yames,spotify:artist:3xYTLiIPIJU3KPFB8tqFSd
Young Summer,spotify:artist:2SlMPjZm02pC12ODpApdhB
Youngr,spotify:artist:5TrkbV9x6OdTBlzWPJeBz5
Yulema,spotify:artist:0vTBc2IpccX4e59gatG4d1
Yuridia,spotify:artist:5B8ApeENp4bE4EE3LI8jK2
Zak Downtown,spotify:artist:2qcAIycColPoLfaz16NvbI
Zion.T,spotify:artist:5HenzRvMtSrgtvU16XAoby
ZZ Top,spotify:artist:2AM4ilv6UzW0uMRuqKtDgN
Blondfire,spotify:artist:5ySYeIhqg4Rfs5tjteVMz3
Bob Sinclar,spotify:artist:5YFS41yoX0YuFY39fq21oN
Bobby Caldwell,spotify:artist:4V4Z3qMCwYofWHtip6ePF6
Bobby Driscoll,spotify:artist:4CkLcamYYOTtKnLWjuUDyr
Bobby Vee,spotify:artist:5MX2l6ewjOaeWn1lYNhzlO
Bone Thugs-N-Harmony,spotify:artist:5spEJXLwD1sKUdC2bnOHPg
Boney M.,spotify:artist:54R6Y0I7jGUCveDTtI21nb
Box Car Racer,spotify:artist:0DK7FqcaL3ks9TfFn9y1sD
Boyz N Da Hood,spotify:artist:030sRm1rnXI9MeQ23pdax8
Brandi Carlile,spotify:artist:2sG4zTOLvjKG1PSoOyf5Ej
Breathe Carolina,spotify:artist:53M4Iv2RkzzxFFvW2B1jhC
Brian Puspos,spotify:artist:6b7899n8Uz21dTYrABfFEO
Brillz,spotify:artist:26Pe1UkFeUi8pqFaTS1JCq
BROCKHAMPTON,spotify:artist:1Bl6wpkWCQ4KVgnASpvzzA
Brooke Eden,spotify:artist:6TFhESBLRTi95wmI1dRFVt
Brooks Jefferson,spotify:artist:6RuIbUAQK9fmBq08AbY6XE
Bryan James,spotify:artist:30TsnayB7H0xkno8ROvvQv
BTOB,spotify:artist:2hcsKca6hCfFMwwdbFvenJ
Buddy,spotify:artist:6PDLwWvgYNMfBRLqC1h5cJ
BUNT.,spotify:artist:2CpLIMBoE2ZzyY3ZBCRZ7j
BYU Vocal Point,spotify:artist:5zhxxb24WP6q6rbLHAn2UQ
Caifanes,spotify:artist:1GImnM7WYVp95431ypofy9
Cal Scruby,spotify:artist:2wcrc3fjebDRLVdtRUa3pu
Cam Meekins,spotify:artist:0wNuUG1alVKXEEiwEypprs
Camila,spotify:artist:2gRP1Ezbtj3qrERnd0XasU
Camp Lo,spotify:artist:4oLZx5FplbgfM8DEe9U8LB
Canopy Climbers,spotify:artist:5ziBAh1fMM9OkzduomlSgg
Capital Cities,spotify:artist:4gwpcMTbLWtBUlOijbVpuu
Capital Lights,spotify:artist:0xhIBddw7R69CWKsCt2gVt
Captain Cuts,spotify:artist:0rlKkLkpsCnJbZethGBfAk
Carl Douglas,spotify:artist:5Pqx4mXYDGIDcg8E5FYjZ8
Carlos Baute,spotify:artist:3smfreCkyJt7bShaTYpG77
Carlos Vives,spotify:artist:4vhNDa5ycK0ST968ek7kRr
Carmada,spotify:artist:4R3mzuQZhfwDkjdE1wx31O
Cas Haley,spotify:artist:2MrqCKzxfyDA2mqfNWEXKy
Case,spotify:artist:5aEWnrN8h3MhuFUPRfaVuy
Cass Elliot,spotify:artist:5jX7X3kRkfJTRqAdT7RcHk
Cast Of Rent,spotify:artist:0ZAibQ1lZh5UbUaQybsn62
Cham,spotify:artist:5G8IlDlnPQPN4YmtJ6NDxK
Chantal Kreviazuk,spotify:artist:1x1NsoNPyVy6FlgSLSovSk
Charlie Mars,spotify:artist:6opelqBLUDZCLeuRCjt6AL
Charly Black,spotify:artist:5sK8BsvyDl4TFA6KaBf8or
Charming Horses,spotify:artist:5rr0CMtvn1p9Be8ICfkTc3
Chayanne,spotify:artist:1JbemQ1fPt2YmSLjAFhPBv
Cheryl Freeman,spotify:artist:3E0MPcbZSjfJ1HsnJKXkqd
Chet Faker,spotify:artist:2Q0MyH5YMI5HPQjFjlq5g3
Chicano Batman,spotify:artist:0LklyUMMUhpIjMgYHlV0hN
Chiddy Bang,spotify:artist:40giwFcTQtv9ezxW8yqxJU
China Anne McClain,spotify:artist:6SvFyXN6qzhw95Bj4HoevV
Chiodos,spotify:artist:4ZIBrskTJWmkJUvM7uAu1o
Chorus - Hercules,spotify:artist:2pLvZNFSNqj5ggB8cPK7ki
Chris Cornell,spotify:artist:0XHiH53dHrvbwfjYM7en7I
Chris Knight,spotify:artist:2XJzOLYV2mF5K2JfUhJEK0
Chris Lane,spotify:artist:68abRTdO4meYReMWHvBYb0
Chris Rene,spotify:artist:4ZDZLlxANNNTlQs6WJDgE1
Chris Webby,spotify:artist:3IstlZaHyUP9SONpulb4SM
Chrisette Michele,spotify:artist:3YJMzGjAm245zwJooY7PEj
Christian Nodal,spotify:artist:0XwVARXT135rw8lyw1EeWP
Christina Grimmie,spotify:artist:0Cav8jyZKAHMFbAusOmjku
Christopher Fitzgerald,spotify:artist:1Yq9Q4bPuxh1N4wtIEXyII
Christopher Wilde,spotify:artist:533HtQP5btWIZcKlHJtEWK
Citizen Cope,spotify:artist:7enBrBojgBJuPPdqTq4Z5F
Citizens & Saints,spotify:artist:5AjReGuEzAdYgbNfrTwLU9
Civil Twilight,spotify:artist:6i4aN0I3l7uldsLTjbZOF8
Clint Mansell,spotify:artist:01xiB0IlXMXy3wrrotgDnU
Coco O.,spotify:artist:4cc6PmIfhsUCGJUU9QsxEy
Coconut Records,spotify:artist:2YKp8Odp8GGbAkVU60Yk2Y
Cole Swindell,spotify:artist:1mfDfLsMxYcOOZkzBxvSVW
Collective Soul,spotify:artist:4e5V1Q2dKCzbLVMQ8qbTn6
Colonel Loud,spotify:artist:1daweWn875YnCp0S9O3pDv
Conan Gray,spotify:artist:4Uc8Dsxct0oMqx0P6i60ea
Connan Mockasin,spotify:artist:247AfC9pLuqwgpH8Mo96oA
Cosmo Pyke,spotify:artist:1RKG6WXRzmTJtbLRZTPU0T
Crash Test Dummies,spotify:artist:1YEGETLT2p8k97LIo3deHL
"Crosby, Stills, Nash & Young",spotify:artist:1CYsQCypByMVgnv17qsSbQ
Cute Is What We Aim For,spotify:artist:7AsPubxWM5tfW4hTZEL3aP
D4L,spotify:artist:4AllEJE7mVkhhyUV6DjqPz
Da Brat,spotify:artist:2I1bnmb9VQEQGKHxvr0gSf
Dance Dance Dance!,spotify:artist:5xCeDPABuGyybLicrjcWPv
Danny Ocean,spotify:artist:5H1nN1SzW0qNeUEZvuXjAj
Danzig,spotify:artist:34c4iQ5tkaZKu6Sv28BTde
Darleen Carr,spotify:artist:3Gs23U1LEgii7Hw1YIi8Ud
Darlene Love,spotify:artist:391oLRVmoTkumiN79HkTWu
Darondo,spotify:artist:4JfFdF9Row7UXtdsKtT6tc
Daryle Singletary,spotify:artist:1mQ9wgWshECdFsDbT7ATzT
Dead Man's Bones,spotify:artist:66uU7VPJQ8eC06LAZyqYYk
Debbie Gibson,spotify:artist:18jZvCsW1PJ4FDQ5gEXuKp
DeeWunn,spotify:artist:2QeuYhXNA1WNPCeMLNBqIc
Demrick,spotify:artist:3hEgzEeaZ0hb3UXx1U1JRR
Dent May,spotify:artist:34me8hAxavRmcDIwhxa3b7
Desire,spotify:artist:2OuSnRT9BKAvFuw0yoTim0
Devon Baldwin,spotify:artist:5JYReWgOGu4JKm5pqmACqG
Devvon Terrell,spotify:artist:4WcJL1x8azi1Qkv4jc6fhH
DJ Max Star,spotify:artist:3oTDO2HdnIHS42f8E6KIFJ
DJ Nelson,spotify:artist:2ydZrTy8U3kOMOzx20s3dg
DJ Premier,spotify:artist:6GEykX11lQqp92UVOQQCC7
DJ Snake Machine,spotify:artist:08D4g5qIkSY71Y6IEbsNLd
D-Money,spotify:artist:2MVJ6LQcUHdZY95sCePcy1
Dodge & Fuski,spotify:artist:6SJnjpekgnONgNtxKeMP8m
DOLF,spotify:artist:3Xq2UDTRsQqQnfR3FIGoFG
Don Lore V,spotify:artist:0Wn2sUjlWiK9P193EOF0dW
Donna Lewis,spotify:artist:2EfG2EoT8GFJrMiilbTVl2
Donnie Trumpet & The Social Experiment,spotify:artist:0ojcq9LJQWMawQdFDw3M0L
Donovan,spotify:artist:6vLlQYujOujIrm7zAKzEdG
Dove Cameron,spotify:artist:2W8yFh0Ga6Yf3jiayVxwkE
Down Like Silver,spotify:artist:5u96pPXm3JmksPRgYDiVps
Dr. John,spotify:artist:320TrJub4arztwXRm7kqVO
Draper,spotify:artist:5Z8Qlj0jWh0OOmJ55EwSnu
Duke Ellington,spotify:artist:4F7Q5NV6h5TSwCainz8S5A
Duncan Dhu,spotify:artist:2MLHBMApNE5h8wIufiTPs7
Dustin Lynch,spotify:artist:1dID9zgn0OV0Y8ud7Mh2tS
Dustin O'Halloran,spotify:artist:6UEYawMcp2M4JFoXVOtZEq
Earl Sweatshirt,spotify:artist:3A5tHz1SfngyOZM2gItYKu
Eclipse,spotify:artist:6MouSjfJLn0KEckfkmS9GS
Edison Lighthouse,spotify:artist:1NRzxuPpdGushT8YmF5NAa
EDX,spotify:artist:7GMot9WvBYqhhJz92vhBp6
Elephant Man,spotify:artist:6NOvBZrkd83MSD51xkq4on
Elliot Moss,spotify:artist:2xGCGoulmU85qYdpb2Z4xx
Elohim,spotify:artist:6wKxOKEA3K6R2UZ3COLXEY
Emma Thompson,spotify:artist:4tB1f1h4TQqDz4bNaibMpl
Enya,spotify:artist:6uothxMWeLWIhsGeF7cyo4
Eptic,spotify:artist:4dvZ0abeUaiHm7Fu9Gj0PQ
Eric Johnson,spotify:artist:4CxobvwTpmfpIEbkYh4pAb
Erick Sermon,spotify:artist:2VX0o9LDIVmKIgpnwdJpOJ
Estelle,spotify:artist:5T0MSzX9RC5NA6gAI6irSn
Esthero,spotify:artist:1VmTG1NmumTwTIOGbew6gH
Eva Cassidy,spotify:artist:6fNmOWQzfOVyHLQ2UqUQew
Evanescence,spotify:artist:5nGIFgo0shDenQYSE0Sn7c
"Evelyn ""Champagne"" King",spotify:artist:4JCt4xrbbBB9blkKwNlcJ7
Eventide,spotify:artist:2LXD6fOM8RRfhmF3duZqnV
Fallulah,spotify:artist:4e2tVpGd0doErQ4dzVyxu6
Family and Friends,spotify:artist:2AmW5LU0vqfHoN2qvghRFe
Famous Dex,spotify:artist:0WOxhx4hikIsyF3CRPLC8W
Fatman Scoop,spotify:artist:15GGbJKqC6w0VYyAJtjej6
Feid,spotify:artist:2LRoIwlKmHjgvigdNGBHNo
Fergie,spotify:artist:3r17AfJCCUqC9Lf0OAc73G
filous,spotify:artist:2IjiuEObrCKyZvSb8xLxG9
firekid,spotify:artist:61XyQHQKfzbzgTmtbiVOR3
Fleet Foxes,spotify:artist:4EVpmkEwrLYEg6jIsiPMIb
Florian Picasso,spotify:artist:4GWqzTTt2uA9Ms6HfUhWUn
Fontella Bass,spotify:artist:6k3YMXJ1MJLgUEAlSPC6hA
Foo Fighters,spotify:artist:7jy3rLJdDQY21OgRLCZ9sD
Foxy Brown,spotify:artist:1wvlC6NwleHt1iRD6d5X2C
Foy Vance,spotify:artist:4bUqnkrDrb4f7rqmDR9yDu
Freddy Fender,spotify:artist:0SNdq9iJyup4XY6JbNHbt6
Fredo Santana,spotify:artist:6I9TgZbapKRXsunA05fiPl
Friday/Dr. Dre,spotify:artist:1IDoJluprZtLCOV3z3kXsx
G. Love & Special Sauce,spotify:artist:74fkl73HDlCXw0l6cemB89
Gavin DeGraw,spotify:artist:5DYAABs8rkY9VhwtENoQCz
Generationals,spotify:artist:57MtJQ6Sc4tIxrXIhrqVJL
Gentle Bones,spotify:artist:4jGPdu95icCKVF31CcFKbS
George Strait,spotify:artist:5vngPClqofybhPERIqQMYd
Gerardo Ortiz,spotify:artist:4J13m9IZh03PEhoxAxRhXO
Ghost Loft,spotify:artist:4fQHCuys7JZvaQzRvB1kPR
Gibbz,spotify:artist:6mcEXkX1gFc4kttIF6JKb5
Gigamesh,spotify:artist:1Bo8Afb2Qbjs4x6kJHyjle
Gin Wigmore,spotify:artist:4Gzfk9Lxm67nBs7E9BZjzG
Girls' Generation,spotify:artist:0Sadg1vgvaPqGTOjxu0N6c
Glass Animals,spotify:artist:4yvcSjfu4PC0CYQyLy4wSq
Golden Coast,spotify:artist:2BNCTgGRuxgSkROKwfJ4r2
GoldFord,spotify:artist:4I2QW85rkIhCRRZt1kuBqS
Gosh Pith,spotify:artist:0Uct0uToxfEVc7w5waYEnT
Graham BLVD,spotify:artist:3Ax8nTiDevlBAqLxQSYSV1
Gramatik,spotify:artist:179BpmLkQCRIoU68Co80f5
Grandmaster Flash & The Furious Five,spotify:artist:5hQCwevTf03u1rECrRMeop
Great Caesar,spotify:artist:4R2xkQL6chRRTgUQ1Xgaf1
GRiZ,spotify:artist:25oLRSUjJk4YHNUsQXk7Ut
Ground Up,spotify:artist:0p1CrPBclXVis7VD4gtFri
G-Unit,spotify:artist:6evKD5JWJON3qPBJtUEmtY
Guttermouth,spotify:artist:2zIenWuthqTgWumViRZCZV
Guy Clark,spotify:artist:0Ekfvspc0hlcxdfJJVjcnq
HANA,spotify:artist:224Zsim3dmWXWYUXFuHv0o
Helios,spotify:artist:592TFYwu9Qb0RC1hKDbX2w
Hendersin,spotify:artist:3cqPXPnl7DjDFBIxS5Qq88
Hiatus Kaiyote,spotify:artist:43JlwunhXm1oqdKyOa2Z9Y
Highly Suspect,spotify:artist:2pqd3HsfsvcBGtHvPOg6eg
Holy Ghost!,spotify:artist:2Vhc7Y0Kc6HzMC6glKM4h6
Home Gym Class,spotify:artist:7IsJT0mei7gFnoN8MN6z0f
HoodRich Pablo Juan,spotify:artist:1ZLO8d7zll1WeQJUHaxQer
Hot Hot Heat,spotify:artist:5UVftEhSsIg0kkXlmfhB6M
Hudson Thames,spotify:artist:3AoNmoBJyEsBxlAjhrdxtw
Huey Mack,spotify:artist:5l5JD2LJPnIoVeco82Tk4q
Humans,spotify:artist:4BCVARfLoVaJDbk5x3Qqmz
Ibeyi,spotify:artist:5Q8NEHGX70m1kkojbtm8wa
iCarly & Victorious Casts,spotify:artist:33PwkSp7tLhc9FjuEaAtJ7
Icon For Hire,spotify:artist:1Jy0lTKAQDnTklKzF0g2o7
IshDARR,spotify:artist:1MlV4b7HGi4AiZWXholyVu
Israel & New Breed,spotify:artist:77HU1Zb1VDIFvWKteJii0E
J. Pat O'Malley,spotify:artist:2BnQLPkDB42Fot9dmC8Rps
Jack & Jack,spotify:artist:1INuLZXjjVbcJRyWvD1iSq
Jacob Forever,spotify:artist:4fCRFHEQgjqakvFgQCliMp
Jacquie,spotify:artist:0SuQEAJ7EMAipBdrAYO4XS
JAHKOY,spotify:artist:1c5SlzViAqsaB0kXygfSjh
Jake Paul,spotify:artist:41hhOkoRcm7m4fE0g7t1sa
Jakoban,spotify:artist:6SWfXHtwi1BlIKNLGQe0H8
Jakubi,spotify:artist:71Mm7PHNOerxK5GkaT9ACY
James Blake,spotify:artist:53KwLdlmrlCelAZMaLVZqU
Jamie Campbell Bower,spotify:artist:6ZXHmiOkRWgjVopMhyRbiE
Jamie Scott,spotify:artist:29QbBR0oTzA7A0kiOzrbbr
Jamie xx,spotify:artist:7A0awCXkE1FtSU8B0qwOJQ
Jarryd James,spotify:artist:23IZADrJHPStZ6aMxJVq3s
Jason Aldean,spotify:artist:3FfvYsEGaIb52QPXhg4DcH
JB and The Moonshine Band,spotify:artist:0fY9RWMWc5guge9XOKe4OW
Jefferson Starship,spotify:artist:3HC7NcxQx2Yk0fWoRKJ0xF
Jemaine Clement,spotify:artist:1Ymky4GOgYA1NI96FCY8yE
Jeremih,spotify:artist:3KV3p5EY4AvKxOlhGHORLg
Jeremy McComb,spotify:artist:6HEo4zLRyevlX8TikDTH1Q
Jerry Douglas,spotify:artist:4YgACLaoEjPl4kVZ5WmBN9
Jet,spotify:artist:5ypxebeHEIXjMtJb17uJlI
Jim Jones,spotify:artist:6AMa1VFQ7qCi61tCRtVWXe
Jimmy Dean,spotify:artist:1RaDKTFXuy0qA8YV1h9SwC
John Fogerty,spotify:artist:5ujCegv1BRbEPTCwQqFk6t
Johnny Paycheck,spotify:artist:0DchahWJGQqrqr8PMM5zQD
Jonathan Freeman,spotify:artist:2970T0VJFpIWMA2aZi6Lpi
Jonathan Groff,spotify:artist:7KkqUt65v6LMtR369OQ6FB
JONES,spotify:artist:6Mn5HNY6bJSqK31cRa0uiv
Jonz,spotify:artist:3gmG36RoexMykxkvFDe9E2
Jordan Gray,spotify:artist:0iqY9Onfqu47Lm6bEC5gpy
José Feliciano,spotify:artist:7K78lVZ8XzkjfRSI7570FF
José González,spotify:artist:6xrCU6zdcSTsG2hLrojpmI
Juan Luis Guerra 4.40,spotify:artist:3nlpTZci9O5W8RsNoNH559
k?d,spotify:artist:714O3xvBNiclo82vxBn8Bf
Kaaze,spotify:artist:6WGE3kO8ULME2ErBcOksSR
Kali Uchis,spotify:artist:1U1el3k54VvEUzo3ybLPlM
Kandi,spotify:artist:0ThrQemMA2B8xxusTUl8IM
Kane Brown,spotify:artist:3oSJ7TBVCWMDMiYjXNiCKE
Kany Garcia,spotify:artist:69UypehHabb68utzfjAVlV
Kaskade,spotify:artist:6TQj5BFPooTa08A7pk8AQ1
Kat Krazy,spotify:artist:60PKQFvtGXaQWYfVixrrDk
Katastro,spotify:artist:2CimT0aCxKVuJsKPVLG0j5
Kate Voegele,spotify:artist:7whckrkkTMEuvqfaNfMs7S
Kato,spotify:artist:1udruffum7CorOphFUMB9A
K-Ci & JoJo,spotify:artist:05RZIdfz59ZW2FvFuwnmNK
Kendrick Lamar,spotify:artist:2YZyLoL8N0Wb9xBt1NhZWg
Kevin Drew,spotify:artist:0iEQgB03UHGzSoaqXNj8sM
Kevin Hart,spotify:artist:3rHl3rSgCnHhOlVB87ZxyF
Kiiara,spotify:artist:4u5smJBskI6Adzv08PuiUP
Kill Paris,spotify:artist:6BNaPZdAIZAJnbgJRiZz2w
Kill The Noise,spotify:artist:3qnMl4DHT4gndzFAcG4FlM
Kim Cesarion,spotify:artist:1FbsmLXvj5CccZj6JLk46Z
King Geedorah,spotify:artist:77AKJs9SJqxHXbPgtJPKRa
King Los,spotify:artist:29M3C4IzWXrztUr4cV2umC
kirstin,spotify:artist:5DyZW81YAU4dHttoNjvXqi
KLOE,spotify:artist:0Olr5bDiMEkn5Z9eQwUIAq
Krewella,spotify:artist:0Cd6nHYwecCNM1sVEXKlYr
Kutless,spotify:artist:3lLT23km6QvzYCojCXAYtX
Kwame And A New Beginning,spotify:artist:1bgbOxxV50xZtAdQtc387B
Kweku Collins,spotify:artist:2SPt3i9sJKS1qiMQQQr9LS
L D R U,spotify:artist:2RnDmyX1zzOkK5Cj9QPhMq
La Roux,spotify:artist:3K2zB87GZv1krx031en5VA
Lady Gaga,spotify:artist:1HY2Jd0NmPuamShAr6KMms
Lajan Slim,spotify:artist:1xQd5ZsSiEiz0wgdobasZM
Last Dinosaurs,spotify:artist:677sHrkjhB7IP4YwjzZyc4
Lawrence,spotify:artist:5rwUYLyUq8gBsVaOUcUxpE
Lea Salonga,spotify:artist:1GlMjIezcLwV3OFlX0uXOv
Leagues,spotify:artist:6wMt8nBoOxcnZtGf6hEmtW
Leaving Austin,spotify:artist:67igAZjBrO42dnYYbTT6WI
Leland,spotify:artist:7dnMXd8vKl0C2NUZvkyd69
Leo Kalyan,spotify:artist:62lbPZcnp95moF4T4afcPn
Leona Lewis,spotify:artist:5lKZWd6HiSCLfnDGrq9RAm
Leroy Styles,spotify:artist:2MoxYOhy9ooC8KRcdgIFif
Lia Ices,spotify:artist:2hy115qI1RfVvSeSvKfZj3
Lianne La Havas,spotify:artist:2RP4pPHTXlQpDnO9LvR7Yt
Lifehouse,spotify:artist:5PokPZn11xzZXyXSfnvIM3
Lightshow,spotify:artist:0bxqbGrU4OdgDQNGs9DYp4
lil aaron,spotify:artist:3FCYSWNVmpjTCiwzJwbMAC
Lil Duke,spotify:artist:06Qf6vq8AVIpE9XIw8LAsY
Lil June,spotify:artist:3GH3KD2078kLPpEkN1UN26
Lil Wayne,spotify:artist:55Aa2cqylxrFIXC767Z865
Lily Allen,spotify:artist:13saZpZnCDWOI9D4IJhp1f
Lindsay Ell,spotify:artist:4lpA7MWpQpY7hKkwfLxw2Q
Lita Ford,spotify:artist:77tBvvyd6SD4Y9Um1xcbxP
Little Dragon,spotify:artist:6Tyzp9KzpiZ04DABQoedps
Lonestar,spotify:artist:3qbnxnvUqR14MJ9g8QwZJK
Los Alegres de la Sierra,spotify:artist:4Yfe8uXcl5PYwknQ4OMZIP
Los Angeles Police Department,spotify:artist:5cZo7U5yKYEWzcaR8ZKhNw
Los Buitres De Culiacan Sinaloa,spotify:artist:535ap2f16rTOKTMPTkvbGB
Los Lobos,spotify:artist:6OWapcJm9xd55ci9CYbAuT
Loso Loaded,spotify:artist:6iHjyhqvFSzRPe329fW6WD
Louis Futon,spotify:artist:79ffq2PHS5TDmgnHhAyudW
Louis The Child,spotify:artist:7wg1qvie3KqDNQbAkTdbX0
Love & The Outcome,spotify:artist:1xU1V8I8pFrMOjtuSmjPBs
Love Thy Brother,spotify:artist:5dCJGRjhOrGxfKKGJCpsCg
LoveRance,spotify:artist:1rBxtaN521NYi8Z35G7fUn
Lucian,spotify:artist:5CVsjwjuzUOrlEc2OJbUg4
Luke Sital-Singh,spotify:artist:3Lw97gGh8bp1MftsYmwJHG
Lustra,spotify:artist:3IJ770I1QPmwVp7yug0eJ4
LVNDSCAPE,spotify:artist:2QlwnS23KrBeshXFyK5U6M
Macklemore,spotify:artist:3JhNCzhSMTxs9WLGJJxWOY
Made in Heights,spotify:artist:71zBpZsf6YDEBfWayKdAOA
Madeon,spotify:artist:4pb4rqWSoGUgxm63xmJ8xc
Mads Langer,spotify:artist:028xhPwqtWva4J0MkFHY2x
Magic & Bird,spotify:artist:3Sv0RnybkUFxZfPJJlSV2x
MagnusTheMagnus,spotify:artist:7xS4HWHJv4AKkOhzehHjSs
Mahmut Orhan,spotify:artist:3t8WiyalpvnB9AObcMufiE
Mandisa,spotify:artist:0YPElKYjOD1sofFCtLdYj3
Marama,spotify:artist:4GepMkTgrIZECoCC55vqjW
Marcy Playground,spotify:artist:7AQzXO3NPNQsI7oNu5rC3r
Mario,spotify:artist:20s0P9QLxGqKuCsGwFsp7w
Marky Mark And The Funky Bunch,spotify:artist:4046bnFxFJdLEtG7F2qXaV
Martin Garrix,spotify:artist:60d24wfXkVzDSfLS6hyCjZ
Marvin Sapp,spotify:artist:5r0KYGxdIZEHZ6z6XbkVbo
Mary Chapin Carpenter,spotify:artist:0qAmeOULjwn04k6jMMeDyr
Mase,spotify:artist:66BtwTebRZiKaBpj3qTZk5
Masego,spotify:artist:3ycxRkcZ67ALN3GQJ57Vig
Matchbox Twenty,spotify:artist:3Ngh2zDBRPEriyxQDAMKd1
Matt Mason,spotify:artist:3l130bxGOP8cZMezRc13Xk
Matthew Dear,spotify:artist:2GLf7iaOOujAem5R87xwto
Matthew James Thomas,spotify:artist:0fVsDLtoHfzKS8nsocu0G3
Max P,spotify:artist:3ZEIXKN5zTzpaxJpgNh8EA
Maxine Nightingale,spotify:artist:6jQ9UtYXqNfVnPkrH1Xxwi
Maxwell,spotify:artist:2AOt5htsbtyaHd5Eq3kl3j
Maze,spotify:artist:3DvdryKH4O95ZnsUZJKXpt
Megadeth,spotify:artist:1Yox196W7bzVNZI7RBaPnf
Mélanie Laurent,spotify:artist:7HS5tD2CPw2AgG4AgWpxpN
MEMBA,spotify:artist:7nJNuftnqwrFGFs3ZRRe0u
MercyMe,spotify:artist:6APm8EjxOHSYM5B4i3vT3q
Meredith Andrews,spotify:artist:6qk2W9h3eE5UtPJlIatzsY
Merle Haggard,spotify:artist:2ptmyXoL7poH6Zq62h1QT9
Mest,spotify:artist:1ToMIJExb7R5Klsff81NsK
Metro Boomin,spotify:artist:0iEtIxbK0KxaSlF7G42ZOp
Mice Chorus,spotify:artist:3gcnVAcMBdtYbril7EqBz6
Michael Bolton,spotify:artist:6YHEMoNPbcheiWS2haGzkn
Michael Christmas,spotify:artist:1POk07q5vJ4NcdOgkLyPzp
Michael Franti & Spearhead,spotify:artist:1mHuZMOP8FG5ip4yAb1vrB
Michael Woods,spotify:artist:3G1QoWkaZ1CUnTLUb0CqtC
Mike Jones,spotify:artist:07VmOvmuBp9G0gb8BTrpn0
Mike Schiavo,spotify:artist:5JF8j1QUaemw7Eony41ipq
Miles Davis,spotify:artist:0kbYTNQb4Pb1rPbbaF0pT4
Minus The Bear,spotify:artist:0YQBN02bmZvwGNrrWsg2sT
Miranda Cosgrove,spotify:artist:3SYGWAHCe31oykdeUPpoJp
Miss May I,spotify:artist:2OTuoIi28WybVbVcykc237
Moccasin Creek,spotify:artist:0NbK6zi0udNSXMzL7Ekq5T
Mon Laferte,spotify:artist:4boI7bJtmB1L3b1cuL75Zr
Mondo Cozmo,spotify:artist:7ybnRZKtRbWQzJfKyYSyh6
Moose Blood,spotify:artist:5fEKZRCUa0JApec5Xy095q
Mother Mother,spotify:artist:0e86yPdC41PGRkLp2Q1Bph
MOVEMENT,spotify:artist:3x7BaW5q1SDNv6bVrbOCmX
Mr. Mister,spotify:artist:7Bah8E0kCETqEpAHI6CPzQ
Murphy Lee,spotify:artist:07W0YfsvHM7Mw7Bq48Mb0A
N.O.R.E.,spotify:artist:4GMgdB3vwbBOc42hbXEi9p
Naughty Boy,spotify:artist:1bT7m67vi78r2oqvxrP3X5
NB Ridaz,spotify:artist:2KNDYRKdCzuKzCCUyjAcF4
NCT 127,spotify:artist:7f4ignuCJhLXfZ9giKT7rH
Neon Trees,spotify:artist:0RpddSzUHfncUWNJXKOsjy
Netsky,spotify:artist:5TgQ66WuWkoQ2xYxaSTnVP
Nevada,spotify:artist:15NtJjjHRFybdNSMyM9smT
New Boyz,spotify:artist:1ZKqrja0WvbSssYNFO3lzs
Nick Gilder,spotify:artist:2kzcxYyQIRbwtkwVtj48mG
Nickelback,spotify:artist:6deZN1bslXzeGvOLaLMOIF
Nicki Minaj,spotify:artist:0hCNtLu0JehylgoiP8L4Gh
Nico & Vinz,spotify:artist:0awl5piYwO0CDTHEkCjUhn
Nine Days,spotify:artist:306JHpIRGVaQd6OltnOzUO
Noel Torres,spotify:artist:1GUYk7GLP4tALtorFH1OWG
Noise Ratchet,spotify:artist:6ZSerBwvNggQtqqfGB8POQ
Ohboyprince,spotify:artist:7Ck9ZyYvzMnaBQ76ZrSJFI
Olivia Holt,spotify:artist:188VINPQh5dyNfLUkevKqf
OMC,spotify:artist:4vdt8TD56jjQfmxFCmhubX
Opus Orange,spotify:artist:2DtidViVelNGRQW2Znq5Mf
Orchestral Manoeuvres In The Dark,spotify:artist:7wJ9NwdRWtN92NunmXuwBk
Original Broadway Cast,spotify:artist:14RYY9XL83LYPpsHle6W9G
Original Broadway Cast Recording,spotify:artist:43qpnCSCXefs3GzxOrWzdz
Outshyne,spotify:artist:1ZniFKNln8GCfMNqX5B6n0
Palaye Royale,spotify:artist:0hAd6zwEgt9ILuMDY1prcI
Paloma Faith,spotify:artist:4fwuXg6XQHfdlOdmw36OHa
Panama Wedding,spotify:artist:4Cjsh7anKDaMnQ3YHB1Xwq
Pantera,spotify:artist:14pVkFUHDL207LzLHtSA18
Parliament,spotify:artist:5SMVzTJyKFJ7TUb46DglcH
Parson James,spotify:artist:48sLioddyaXkuhyHXSkpsB
Passion Pit,spotify:artist:7gjAu1qr5C2grXeQFFOGeh
Patty Loveless,spotify:artist:6SFUC6ORDCIBqPssCBpeHT
Paul Oakenfold,spotify:artist:5MO2kbaGGA2a8kL4c9qqHq
Pebbles,spotify:artist:702AvACMk5mieXIYlC2Gxx
Perry Como,spotify:artist:5v8jlSmAQfrkTjAlpUfWtu
Pete Astudillo,spotify:artist:5wB9uZHnYDudrgfxOXUsjY
Peter Frampton,spotify:artist:0543y7yrvny4KymoaneT4W
Phil Keaggy,spotify:artist:1bAzlT6fMBcvCfwgh4S3Xl
"Phillips, Craig & Dean",spotify:artist:0g5OkLnQogzLrT9s5vw6kl
PnB Rock,spotify:artist:21WS9wngs9AqFckK7yYJPM
Pras,spotify:artist:0kJMPTXq7h3ztpDukSx5iD
Prestige Collection,spotify:artist:3AuPZETfqwHbMQldbh4Bik
Pretenders,spotify:artist:0GByy3DcfbQwDvXGCWmzv9
Pretty Lights,spotify:artist:4iVhFmG8YCCEHANGeUUS9q
Pretty Taking All Fades,spotify:artist:5CrjHndlVWfIQWF2sw3uhr
Pritam,spotify:artist:1wRPtKGflJrBx9BmLsSwlU
Punch Brothers,spotify:artist:4gFssfOmWNY3LfIZ3zyoy4
Purity Ring,spotify:artist:1TtJ8j22Roc24e2Jx3OcU4
Pusher,spotify:artist:2exudSjTjUksRJhnF5JZYn
Rainbow Kitten Surprise,spotify:artist:4hz8tIajF2INpgM0qzPJz2
Raleigh Ritchie,spotify:artist:0IB0VjX9NSrGX6PjCXGVcq
Raphael Saadiq,spotify:artist:6g0Wah2YFtb1rFgKhUktlo
Rare Earth,spotify:artist:6eEsIl4wosvhuWI0mfXxAF
Ratt,spotify:artist:3tufWJzpCiAGleBt5TkmTn
Raury,spotify:artist:2PU4qFehXQF7WnlFsJpBiJ
Rayland Baxter,spotify:artist:251UrhgNbMr15NLzQ2KyKq
Rayy Dubb,spotify:artist:5JkD3p2fJbGwVagjQSfD7h
Rebecca Black,spotify:artist:3Vl9fyKMIdLMswk8ai3mm9
Rhett Walker Band,spotify:artist:4ImxhwjNOz0es0voxGHCoP
Rich Gang,spotify:artist:6h2J3dxLnTyURwIUBumKog
RKCB,spotify:artist:4QDvXnbmw1znkqkK1119Fc
Robby Benson,spotify:artist:3QcGV278a6mmLRTOK29WBP
Robert Plant,spotify:artist:1OwarW4LEHnoep20ixRA0y
Robotaki,spotify:artist:5ar4zFgUQG1RsH8nhmjOeM
Ron Pope,spotify:artist:6CmXhyslohOFRJMtPpRm4O
Roo Panes,spotify:artist:0XHM5ZNJDU8e4CfbWMeSzC
ROZES,spotify:artist:6jsjhAEteAlY0vCiLvMLBA
Rush Of Fools,spotify:artist:4KQZcyr3Dn3NEr5Qu7dxuc
Rusko,spotify:artist:4BTcOR2hEQZQQL5AMo5u10
Rustie,spotify:artist:6YGu0Rv2120wkc4AXZSGgl
Ryan Gosling,spotify:artist:6kXm2YCtdUOpRYNKeKhfue
SafetySuit,spotify:artist:3V8Gdws52TzoL8WLZHvpzc
Saint Raymond,spotify:artist:1eIoJGCu3rShrRm2wfOhN8
Sam Grow,spotify:artist:4cFA9cxl7v3CrFYxOOXsSs
Sam The Sham & The Pharaohs,spotify:artist:05sRO4JdAtJGyZQOTb6kSL
Sam Tsui,spotify:artist:7lPWuLostTtlIShgm4wpf0
Santana,spotify:artist:6GI52t8N5F02MxU0g5U69P
Santigold,spotify:artist:6Jrxnp0JgqmeUX1veU591p
Sarah Darling,spotify:artist:4WCpgJFxAdAsm4FSD9CAfX
Sawyer Brown,spotify:artist:50hFWG3MaUUX5phNrrVc97
Scarface,spotify:artist:19KwjzvIL92r29IINtlPNP
Scissor Sisters,spotify:artist:3Y10boYzeuFCJ4Qgp53w6o
Scott Bradlee's Postmodern Jukebox,spotify:artist:5HYNPEO2NNBONQkp3Mvwvc
Sea Wolf,spotify:artist:3ZllGjNdP5pS8UFnT5Jj2x
Selah Sue,spotify:artist:5Oc4knEQaid8K7AFqO5lHu
Sérgio Mendes,spotify:artist:65c5si0ePAwkOCn4M35Ho7
Seth Ennis,spotify:artist:2dEZtPJFspWetycGtouit2
SEU Worship,spotify:artist:7M7UXUwtz3Wb25PVS8dwHs
SEVENTEEN,spotify:artist:7nqOGRxlXj7N2JYbgNEjYH
Shaggy,spotify:artist:5EvFsr3kj42KNv97ZEnqij
Shai,spotify:artist:72y3ZI95ctkQC2O4mjBaU3
She & Him,spotify:artist:3CIRif6ZAedT7kZSPvj2A4
Sheryl Crow,spotify:artist:4TKTii6gnOnUXQHyuo9JaD
SHINee,spotify:artist:2hRQKC0gqlZGPrmUKbcchR
Shivum Sharma,spotify:artist:4quFKN9tkMu9ExIfUBp4M4
Shout Out Louds,spotify:artist:0UOrN3LNaKApiOSdvJiETl
Shrub,spotify:artist:7uzJiBrgOJrSMR6PoGJA0h
Shy Glizzy,spotify:artist:1DvtabXAjfrMihPP6JQdHs
Silk,spotify:artist:3wVllS5itPK6rpHwfvNce4
Silver,spotify:artist:7oeuJSyVZTCkm3BurLz8cG
Simple Plan,spotify:artist:2p4FqHnazRucYQHyDCdBrJ
Sin Fang,spotify:artist:7xsi0kBJ58yWMu4WXFYPHU
Siouxsie and the Banshees,spotify:artist:1n65zfwYIj5kKEtNgxUlWb
Sir Sly,spotify:artist:3DFoVPonoAAt4EZ1FEI8ue
Sisqo,spotify:artist:6x9QLdzo6eBZxJ1bHsDkjg
Sister Sparrow and the Dirty Birds,spotify:artist:5kah03Pzp6s8eD8vRIhdfL
Sixpence None The Richer,spotify:artist:0lJlKQvuM2Sd9DPPyUXcHg
Sleeper Agent,spotify:artist:1f4it0Ej0T3TiSpYldK8qS
Slick Rick,spotify:artist:1W9qOBYRTfP7HcizWN43G1
SLUMBERJACK,spotify:artist:55BFQS36sJYz2B0ClypIvS
Snoop Lion,spotify:artist:4RxUeUyMaEe2T5tvULq5j0
SOB X RBE,spotify:artist:2TImI3DW7o5MdRXJs4D37h
Soul Survivor,spotify:artist:3jTzI8EpjES1TRYhWs34nm
Soundgarden,spotify:artist:5xUf6j4upBrXZPg6AI4MRK
Spin Doctors,spotify:artist:2PSiyldxmJze7xiqbz658m
Stagecoach Stars,spotify:artist:2Y3mVM55MILR28mlVGKhkJ
Starset,spotify:artist:0kD8IT1CzF7js2XKM9lLLa
Stephen Marley,spotify:artist:0CIwCGmQMqHqiblnZlFia1
Steve Jablonsky,spotify:artist:5Il8YjuVAWkWNH2xgjFMpF
Sticky Fingers,spotify:artist:3ZGr7nQBXDU2WhyXgRVbt0
Strangers You Know,spotify:artist:6Rde1nqSxy5dqTpzmNXysL
Stray Cats,spotify:artist:2ibPkysx2PXqWLmxFD7jSg
Straylight Run,spotify:artist:1tjsxXugls5CwUxSlsDgKB
Sufjan Stevens,spotify:artist:4MXUO7sVCaFgFjoTI5ox5c
Superfruit,spotify:artist:50VoYemccTaftNfFqWtlXd
Switchfoot,spotify:artist:6S58b0fr8TkWrEHOH4tRVu
Taylor Swift,spotify:artist:06HL4z0CvFAxyc27GXpf02
Team Twin,spotify:artist:677zBE8673c80bV0f0p2aF
Tears For Fears,spotify:artist:4bthk9UfsYUYdcFyqxmSUU
Tebey,spotify:artist:2S0WpGRnEPyS5OuMp3KOEo
Ted Nugent,spotify:artist:21ysNsPzHdqYN2fQ75ZswG
Tedashii,spotify:artist:4c6lhwoOrmgNWvl0GxHlW1
Tee Grizzley,spotify:artist:6AUl0ykLLpvTktob97x9hO
Tep No,spotify:artist:7MlotYZhHjOlXcvmwrITj8
Tez Cadey,spotify:artist:5cBeFQv3kBVP8o15CmPTKb
The Archies,spotify:artist:33QmoCkSqADuQEtMCysYLh
The Audition,spotify:artist:7EE9Xq8yiJyO5FIVho6ibI
The Avett Brothers,spotify:artist:196lKsA13K3keVXMDFK66q
The Beatles Tribute Project,spotify:artist:7EzNTMzMN70jRxBWbxeshd
The Bloody Beetroots,spotify:artist:0QJKELJZZuLAjqLOOixJm5
The Brilliance,spotify:artist:26nltVmOVeIfYmwcmqTm7e
The British Invasions,spotify:artist:2Yh912sMG2eJEqH0PT1qOl
The Crystal Method,spotify:artist:5eKLa1xyHLq8ERWmT1CRHj
The Deele,spotify:artist:7ohSq6OUvkH1hkslgXfGMi
The Devil Wears Prada,spotify:artist:0NbQe5CNgh4YApOCDuHSjb
The Dirty Guv'nahs,spotify:artist:4h3cy2TQzlb5Aklcr2CghR
The Dø,spotify:artist:2mcNCn1qbZUQ3J9KHapUxj
The Doobie Brothers,spotify:artist:39T6qqI0jDtSWWioX8eGJz
The Dwarf Chorus,spotify:artist:6oyAC5MXCvdwRH2bpPOmYz
The Fabulous Thunderbirds,spotify:artist:6zmLTiN3NBNCDECRbbJKkT
The Highwaymen,spotify:artist:6e7QpHYqEiyJGiM98IysLa
The Hunna,spotify:artist:7jZycSvTyx0W9poD4PjEIG
The Jacksons,spotify:artist:2yrbLiuBmc9j81lTX3XUuI
The Knack,spotify:artist:0Nn9YwJzcaeuU1jJL06e3r
The Matches,spotify:artist:5abLT4tuAZuFx5dKHaYSGo
The Prodigy,spotify:artist:4k1ELeJKT1ISyDv8JivPpB
The Runaways,spotify:artist:5eTq3PxbOh5vgeRXKNqPyV
The Sounds Of Garth Brooks,spotify:artist:4eeIEFGyzf6wgPzWnMiRXh
The Starting Line,spotify:artist:3E3xrZtBU5ORqcmX78v5YZ
The Story So Far,spotify:artist:6meTcQ79DrfkIuSLPZkpBg
The String Cheese Incident,spotify:artist:7N3JfLDzzjXdPbsyco7X0l
The Strokes,spotify:artist:0epOFNiUfyON9EYx7Tpr6V
The Union Trade,spotify:artist:5XNpznProDTSgi8PDvK1Rc
The Vaccines,spotify:artist:0Ak6DLKHtpR6TEEnmcorKA
The Vamps,spotify:artist:7gAppWoH7pcYmphCVTXkzs
The Veronicas,spotify:artist:1dIdBZaaHRW2bDTkHNfWln
The Western States Motel,spotify:artist:0np3DNse6jVePj4H6kwXZa
TheFatRat,spotify:artist:3OKg7YbOIatODzkRIbLJR4
Thievery Corporation,spotify:artist:25KNo5GDS6ZpLkjasaecA3
This Wild Life,spotify:artist:3eoazmwspxeKFenMP1PQva
Thomas Gold,spotify:artist:1XLjkBxFokuDTlHt0mQkRe
Thomas Newman,spotify:artist:1csBgT42N4pPPs1HJhxXIK
Tickle Me Pink,spotify:artist:0LxNRMxfVJgMbbGSC7dxAI
Tiger La,spotify:artist:6YfepwGLdfDimIwSfivgVv
Tm88,spotify:artist:5RMUeKq0dZxg9RHE1f0B9P
Tommy Tutone,spotify:artist:1n2LWYgwtGp7EzDapUoniE
Tony Bennett,spotify:artist:2lolQgalUvZDfp5vvVtTYV
Tony Terry,spotify:artist:1IEiax2qJ9BZiCKs0DXzc1
Too $hort,spotify:artist:4sb7rZNN93BSS6Gqgepo4v
Troy Ave,spotify:artist:3cvKNz7BwIY404XtZ5tpUW
Trunk Boiz,spotify:artist:0NVG9QUs1QB7Bi5I6tdpk8
Tsidii Le Loka,spotify:artist:478Cvh1XjJiURpkqbM23SV
Twenty One Two,spotify:artist:2A5VOguZzXMBrg27MEUZcp
tyDi,spotify:artist:7tOUuyCplrFWLXCZuhE3C4
Tyler Hilton,spotify:artist:1bKdOEfMk4ftojJQdyV2Ik
Tyler Ward,spotify:artist:5Hc9oDGvStNGmnj44m8sHg
Ugly Kid Joe,spotify:artist:3XsgWn63EnA4wYZBjVyxjf
Underworld,spotify:artist:1PXHzxRDiLnjqNrRn2Xbsa
Unspoken,spotify:artist:0CqDqmyIQ9VQHQp52OEbB0
Unwritten Law,spotify:artist:30h6MvMZfHQ8yzYCbfHMMT
Us3,spotify:artist:4LtIfuFeAamus9OOItuWDD
Vacation Manor,spotify:artist:6lcBiGiT3dlyDMjBBtfyfS
Vedo,spotify:artist:3wVXTWabe3viT0jF7DfjOL
Vice,spotify:artist:0q4NrXqJnc367PieejuROJ
VICTON,spotify:artist:0ziR2zN0NFcB4x1G3P8cW3
Vince Staples,spotify:artist:68kEuyFKyqrdQQLLsmiatm
Vincent Price,spotify:artist:2p81PEUXquhwwXOnifRlqV
Virginia To Vegas,spotify:artist:3v9wPA58IVrX2dg6AjSPgi
Wake Owl,spotify:artist:2lnn5H36McBxbyhPYg10oj
Wash,spotify:artist:22jKZLs2baK33fJ19bar2V
Waterbed,spotify:artist:41yTdTDoHOK9dG7iupSZx4
Waterloo Revival,spotify:artist:3dYdcyW7mhZYVDDkNvkd0c
Weathers,spotify:artist:4OTFxPi5CtWyj1NThDe6z5
WENS,spotify:artist:0QcblRyHbgYTLOKlP5BE66
Wham!,spotify:artist:5lpH0xAS4fVfLkACg9DAuM
White Hinterland,spotify:artist:4yBP36OGJNfQLqiI6IWQqv
White Lion,spotify:artist:3nLYJvqbEzs5kg2TlprxIG
White Town,spotify:artist:1MPcILKoMCJym9KscdYxuM
White Zombie,spotify:artist:0CF71zaDOJWCynIkW9bSK8
Wi-Fi,spotify:artist:1sigbughvnheBLG8G92u9n
Wild Party,spotify:artist:48PAAxWdIDbA4WHkHjgsEv
Wildcat! Wildcat!,spotify:artist:75idpsM55NDCel7H06QwKO
Willow,spotify:artist:3rWZHrfrsPBxVy692yAIxF
Winger,spotify:artist:2qQeKHrQJHLLbvDAOSO874
Wooster,spotify:artist:22F1ug299uTMV4sI0VkrVQ
Wrabel,spotify:artist:7r2uG6BlFXKcwmh9ItqlII
Wu-Tang Clan,spotify:artist:34EP7KEpOjXcM2TCat1ISk
Wynonna,spotify:artist:4yiXkMbxDIZ3jgEG89NSC1
XY&O,spotify:artist:636Zdq45wjoYRFToU0t3Gb
Xzibit,spotify:artist:4tujQJicOnuZRLiBFdp3Ou
Yeah Yeah Yeahs,spotify:artist:3TNt4aUIxgfy9aoaft5Jj2
Yes,spotify:artist:7AC976RDJzL2asmZuz7qil
You Won't,spotify:artist:5lBYzBQdFqhcJRc30cPHa9
Young & Sick,spotify:artist:3pQXFWbvLit77NpvNmOo3k
Young Empires,spotify:artist:2NaTjGw60CSAEKY0tQTCYv
Young M.A,spotify:artist:7LvoDJUNGnOrPdGRzVtOJ9
Young MC,spotify:artist:5n30a5V4ftXNMHCHChmK2h
Youngbloodz,spotify:artist:2OqENqJFXPORP4BUGnu2Qq
Yung Gravy,spotify:artist:2YOYua8FpudSEiB9s88IgQ
Zappacosta,spotify:artist:3yygJErLlROGCXcIruNSHc
