antecedents,consequents,antecedent_names,consequent_names,support,confidence,lift,conviction,antecedent_len,consequent_len
['spotify:track:0SGkqnVQo9KPytSri1H6cF'],['spotify:track:4Km5HrUvYTaSUfiSGPJeQR'],['Bounce Back'],['Bad and Boujee (feat. Lil Uzi Vert)'],0.008509017018034037,0.4085365853658537,17.971045101512466,1.6522863973563,1,1
['spotify:track:5kjyiH6but1t2UDXq15aeS'],['spotify:track:4dGJf1SER1T6ooX46vwzRB'],['Toes'],['Chicken Fried'],0.00762001524003048,0.6382978723404255,40.20765957446808,2.720816088691,1,1
['spotify:track:4dGJf1SER1T6ooX46vwzRB'],['spotify:track:5kjyiH6but1t2UDXq15aeS'],['Chicken Fried'],['Toes'],0.00762001524003048,0.48000000000000004,40.20765957446809,1.9001191848537544,1,1
['spotify:track:1yEwEiTpsaPhQi9lb5EVV4'],['spotify:track:4dGJf1SER1T6ooX46vwzRB'],['Knee Deep (feat. Jimmy Buffett)'],['Chicken Fried'],0.007493014986029972,0.6020408163265306,37.92375510204082,2.472929407397276,1,1
['spotify:track:4dGJf1SER1T6ooX46vwzRB'],['spotify:track:1yEwEiTpsaPhQi9lb5EVV4'],['Chicken Fried'],['Knee Deep (feat. Jimmy Buffett)'],0.007493014986029972,0.47200000000000003,37.923755102040815,1.8703673770983904,1,1
['spotify:track:6HZILIRieu8S0iqY8kIKhj'],['spotify:track:7KXjTSCq5nL1LoYtL7XAwS'],['DNA.'],['HUMBLE.'],0.007366014732029464,0.5576923076923077,22.066679551604174,2.2037304944175107,1,1
['spotify:track:5kjyiH6but1t2UDXq15aeS'],['spotify:track:1yEwEiTpsaPhQi9lb5EVV4'],['Toes'],['Knee Deep (feat. Jimmy Buffett)'],0.007112014224028448,0.5957446808510638,47.866261398176285,2.4428966752670345,1,1
['spotify:track:1yEwEiTpsaPhQi9lb5EVV4'],['spotify:track:5kjyiH6but1t2UDXq15aeS'],['Knee Deep (feat. Jimmy Buffett)'],['Toes'],0.007112014224028448,0.5714285714285714,47.866261398176285,2.3054779442892217,1,1
['spotify:track:0B8QzDH7YWih85V5SEMnyJ'],['spotify:track:2ANLarE8yHVsLWW21nj79M'],['Money Longer'],['You Was Right'],0.006731013462026924,0.4953271028037383,35.136987454744464,1.9535484811710362,1,1
['spotify:track:2ANLarE8yHVsLWW21nj79M'],['spotify:track:0B8QzDH7YWih85V5SEMnyJ'],['You Was Right'],['Money Longer'],0.006731013462026924,0.47747747747747743,35.136987454744464,1.8877865169523442,1,1
['spotify:track:6Ius4TC0L3cN74HT7ENE6e'],['spotify:track:62vpWI1CHwFy7tMIcSStl8'],['Wet Dreamz'],['No Role Modelz'],0.006604013208026416,0.48148148148148145,17.96770229945585,1.8768913966399359,1,1
['spotify:track:5HGibWoxnkYSkl6mHmAlOE'],['spotify:track:03fT3OHB9KyMtGMt2zwqCT'],"[""That's My Kind Of Night""]",['Play It Again'],0.006477012954025908,0.49038461538461536,35.102622377622374,1.9348512659289472,1,1
['spotify:track:7KOlJ92bu51cltsD9KU5I7'],['spotify:track:4Km5HrUvYTaSUfiSGPJeQR'],['T-Shirt'],['Bad and Boujee (feat. Lil Uzi Vert)'],0.006477012954025908,0.47222222222222215,20.772501551831155,1.8516637033274064,1,1
['spotify:track:03fT3OHB9KyMtGMt2zwqCT'],['spotify:track:5HGibWoxnkYSkl6mHmAlOE'],['Play It Again'],"[""That's My Kind Of Night""]",0.006477012954025908,0.4636363636363636,35.102622377622374,1.8397816456649863,1,1
['spotify:track:6eYYm2xwrvdav2yakF3cqg'],['spotify:track:2FviG1Ma0M0BSZbqaDvw0x'],['Leave The Night On'],['House Party'],0.0063500127000254,0.5102040816326531,35.551742821022216,2.0123666497332997,1,1
['spotify:track:2FviG1Ma0M0BSZbqaDvw0x'],['spotify:track:6eYYm2xwrvdav2yakF3cqg'],['House Party'],['Leave The Night On'],0.0063500127000254,0.4424778761061947,35.551742821022216,1.771326971225371,1,1
['spotify:track:4gmmRb6bZJffOOiww1JGTO'],['spotify:track:6fwdbPMwP1zVStm8FybmkO'],['No Heart'],['X (feat. Future)'],0.006223012446024892,0.6712328767123288,41.946727549467276,2.992993819320972,1,1
['spotify:track:7vWGeYZJUzBXKGPro05UXS'],['spotify:track:2FviG1Ma0M0BSZbqaDvw0x'],['Take Your Time'],['House Party'],0.006223012446024892,0.5051546391752577,35.19989052093787,1.9918322961645922,1,1
['spotify:track:2FviG1Ma0M0BSZbqaDvw0x'],['spotify:track:7vWGeYZJUzBXKGPro05UXS'],['House Party'],['Take Your Time'],0.006223012446024892,0.43362831858407086,35.19989052093788,1.7438742221234445,1,1
['spotify:track:0BCy325UZyR9z0t0uxwn2N'],['spotify:track:5kNe7PE09d6Kvw5pAsx23n'],['H.O.L.Y.'],['Die A Happy Man'],0.006096012192024384,0.4752475247524752,29.465346534653463,1.87492391965916,1,1
['spotify:track:6p8NuHm8uCGnn2Dtbtf7zE'],['spotify:track:7KOlJ92bu51cltsD9KU5I7'],['Slippery (feat. Gucci Mane)'],['T-Shirt'],0.006096012192024384,0.4444444444444444,32.40329218106996,1.7753111506223012,1,1
['spotify:track:7KOlJ92bu51cltsD9KU5I7'],['spotify:track:6p8NuHm8uCGnn2Dtbtf7zE'],['T-Shirt'],['Slippery (feat. Gucci Mane)'],0.006096012192024384,0.4444444444444444,32.40329218106996,1.7753111506223012,1,1
['spotify:track:2FviG1Ma0M0BSZbqaDvw0x'],['spotify:track:5kNe7PE09d6Kvw5pAsx23n'],['House Party'],['Die A Happy Man'],0.006096012192024384,0.4247787610619469,26.33628318584071,1.710421836228288,1,1
['spotify:track:7jslhIiELQkgW9IHeYNOWE'],['spotify:track:27GmP9AWRs744SzKcpJsTZ'],['Big Rings'],['Jumpman'],0.005969011938023876,0.5222222222222223,20.979478458049886,2.0409236167309546,1,1
['spotify:track:4Q3N4Ct4zCuIHuZ65E3BD4'],['spotify:track:0VgkVdmE4gld66l8iyGjgx'],['Tunnel Vision'],['Mask Off'],0.005969011938023876,0.4392523364485981,26.402083184704285,1.7536639573279145,1,1
['spotify:track:2Fk0WwAqTBesLtKg97nojy'],['spotify:track:5kNe7PE09d6Kvw5pAsx23n'],['Crash And Burn'],['Die A Happy Man'],0.005842011684023368,0.5227272727272727,32.40909090909091,2.0614439324116742,1,1
['spotify:track:1WoOzgvz6CgH4pX6a1RKGp'],['spotify:track:5NQbUaeTEOGdD6hHcre0dZ'],['My Way (feat. Monty)'],['679 (feat. Remy Boyz)'],0.005842011684023368,0.5168539325842697,25.59564695074553,2.0279725443171817,1,1
['spotify:track:7vWGeYZJUzBXKGPro05UXS'],['spotify:track:6eYYm2xwrvdav2yakF3cqg'],['Take Your Time'],['Leave The Night On'],0.00571501143002286,0.4639175257731959,37.27435304018515,1.8421679920282918,1,1
['spotify:track:6eYYm2xwrvdav2yakF3cqg'],['spotify:track:7vWGeYZJUzBXKGPro05UXS'],['Leave The Night On'],['Take Your Time'],0.00571501143002286,0.4591836734693877,37.27435304018514,1.8262780299145502,1,1
['spotify:track:4pdPtRcBmOSQDlJ3Fk945m'],['spotify:track:7BKLCZ1jbUBVqRi2FVlTVw'],['Let Me Love You'],['Closer'],0.00571501143002286,0.44117647058823534,17.19714618520676,1.74356643450129,1,1
['spotify:track:3ts6xK5GzfMAAriT9AIBmP'],['spotify:track:4dGJf1SER1T6ooX46vwzRB'],['Barefoot Blue Jean Night'],['Chicken Fried'],0.00571501143002286,0.4326923076923077,27.25615384615385,1.7347287575931083,1,1
['spotify:track:16qYlQ6koFxYVbiJbGHblz'],['spotify:track:62vpWI1CHwFy7tMIcSStl8'],['G.O.M.D.'],['No Role Modelz'],0.0055880111760223524,0.45833333333333337,17.103870458135862,1.7966823625954944,1,1
['spotify:track:1soxUgYIZb1qx1c7o1Lc7z'],['spotify:track:5kNe7PE09d6Kvw5pAsx23n'],['Drunk On A Plane'],['Die A Happy Man'],0.0055880111760223524,0.4489795918367347,27.836734693877553,1.7855436081242535,1,1
['spotify:track:4pdPtRcBmOSQDlJ3Fk945m'],['spotify:track:6DNtNfH8hXkqOX1sjqmI7p'],['Let Me Love You'],['Cold Water (feat. Justin Bieber & MØ)'],0.0055880111760223524,0.4313725490196079,27.841208614593384,1.7313725661934083,1,1
['spotify:track:5ZManJDV3CexO66nRCkdiV'],['spotify:track:5kNe7PE09d6Kvw5pAsx23n'],['Break Up with Him'],['Die A Happy Man'],0.005461010922021844,0.5512820512820513,34.17948717948718,2.192626728110599,1,1
['spotify:track:5T6DM9qjjngWnukcw0svkX'],['spotify:track:6s9ICeczYOfbHHIaSMq9jd'],['Round Here'],['Get Your Shine On'],0.005461010922021844,0.5180722891566265,45.834844997969405,2.051546228092456,1,1
['spotify:track:0jx8zY5JQsS4YEQcfkoc5C'],['spotify:track:0v9Wz8o0BT8DU38R4ddjeH'],['Angels (feat. Saba)'],['No Problem (feat. Lil Wayne & 2 Chainz)'],0.005461010922021844,0.4886363636363636,19.93535091851154,1.907622837467897,1,1
['spotify:track:6s9ICeczYOfbHHIaSMq9jd'],['spotify:track:0i5el041vd6nxrGEU8QRxy'],['Get Your Shine On'],['Cruise'],0.005461010922021844,0.48314606741573035,33.66630207815452,1.9070164879460196,1,1
['spotify:track:6s9ICeczYOfbHHIaSMq9jd'],['spotify:track:5T6DM9qjjngWnukcw0svkX'],['Get Your Shine On'],['Round Here'],0.005461010922021844,0.48314606741573035,45.834844997969405,1.914388024428223,1,1
['spotify:track:43PuMrRfbyyuz4QpZ3oAwN'],['spotify:track:3pXF1nA74528Edde4of9CC'],['Exchange'],"[""Don't""]",0.005461010922021844,0.43,29.188103448275864,1.7285402991858614,1,1
['spotify:track:7lL3MvFWFFSD25pBz72Agj'],['spotify:track:62vpWI1CHwFy7tMIcSStl8'],['A Tale of 2 Citiez'],['No Role Modelz'],0.005334010668021336,0.5060240963855422,18.88357220350597,1.970142550041198,1,1
['spotify:track:2N3F1EQCpnIeDOA3rLSAfE'],['spotify:track:2FviG1Ma0M0BSZbqaDvw0x'],['Break Up In A Small Town'],['House Party'],0.005334010668021336,0.5,34.84070796460177,1.9712979425958852,1,1
['spotify:track:1TKlBK9cSrM5u4CiL4SETS'],['spotify:track:05ZACkzW8YbRq3eFgIfSNB'],['Talladega'],['Springsteen'],0.005334010668021336,0.48837209302325585,31.26375496313103,1.9240134389359687,1,1
['spotify:track:3b7CDTKB0SRTmQ6ytYi5vZ'],['spotify:track:03fT3OHB9KyMtGMt2zwqCT'],['Drunk On You'],['Play It Again'],0.005334010668021336,0.46153846153846156,33.03776223776224,1.8311985195398963,1,1
['spotify:track:6eYYm2xwrvdav2yakF3cqg'],['spotify:track:03fT3OHB9KyMtGMt2zwqCT'],['Leave The Night On'],['Play It Again'],0.005334010668021336,0.42857142857142855,30.677922077922076,1.7255524511049023,1,1
['spotify:track:2TR7A4ulH9R1PNwMyd8o8U'],['spotify:track:5HGibWoxnkYSkl6mHmAlOE'],['This Is How We Roll'],"[""That's My Kind Of Night""]",0.005334010668021336,0.42000000000000004,31.798846153846156,1.7013654716964608,1,1
['spotify:track:5HGibWoxnkYSkl6mHmAlOE'],['spotify:track:2TR7A4ulH9R1PNwMyd8o8U'],"[""That's My Kind Of Night""]",['This Is How We Roll'],0.005334010668021336,0.40384615384615385,31.798846153846156,1.6561160864257214,1,1
"['spotify:track:1yEwEiTpsaPhQi9lb5EVV4', 'spotify:track:5kjyiH6but1t2UDXq15aeS']",['spotify:track:4dGJf1SER1T6ooX46vwzRB'],"['Knee Deep (feat. Jimmy Buffett)', 'Toes']",['Chicken Fried'],0.005207010414020828,0.7321428571428571,46.11914285714286,3.6740665481330956,2,1
"['spotify:track:1yEwEiTpsaPhQi9lb5EVV4', 'spotify:track:4dGJf1SER1T6ooX46vwzRB']",['spotify:track:5kjyiH6but1t2UDXq15aeS'],"['Knee Deep (feat. Jimmy Buffett)', 'Chicken Fried']",['Toes'],0.005207010414020828,0.6949152542372881,58.21024161557879,3.238647588406287,2,1
"['spotify:track:4dGJf1SER1T6ooX46vwzRB', 'spotify:track:5kjyiH6but1t2UDXq15aeS']",['spotify:track:1yEwEiTpsaPhQi9lb5EVV4'],"['Chicken Fried', 'Toes']",['Knee Deep (feat. Jimmy Buffett)'],0.005207010414020828,0.6833333333333333,54.90374149659864,3.1185915003408953,2,1
['spotify:track:4P5KoWXOxwuobLmHXLMobV'],['spotify:track:5ghIJDpPoe3CfHMGu71E6T'],['Come As You Are'],['Smells Like Teen Spirit'],0.005207010414020828,0.5694444444444444,44.394114411441144,2.292788843642203,1,1
['spotify:track:67T6l4q3zVjC5nZZPXByU8'],['spotify:track:4E5P1XyAFtrjpiIxkydly4'],['Whatcha Say'],['Replay'],0.005207010414020828,0.5189873417721519,40.86506329113924,2.0525446840367363,1,1
['spotify:track:1zWZvrk13cL8Sl3VLeG57F'],['spotify:track:5kNe7PE09d6Kvw5pAsx23n'],['T-Shirt'],['Die A Happy Man'],0.005207010414020828,0.4939759036144578,30.626506024096386,1.9443164362519199,1,1
['spotify:track:2N3F1EQCpnIeDOA3rLSAfE'],['spotify:track:6eYYm2xwrvdav2yakF3cqg'],['Break Up In A Small Town'],['Leave The Night On'],0.005207010414020828,0.488095238095238,39.216958211856166,1.9291752071876234,1,1
['spotify:track:6fAyRZ0GHuuvSOEIOwi58N'],['spotify:track:439TlnnznSiBbQbgXiBqAd'],['Backseat Freestyle'],['m.A.A.d city'],0.005207010414020828,0.46590909090909083,24.787622850122844,1.8371478445084548,1,1
['spotify:track:3b7CDTKB0SRTmQ6ytYi5vZ'],['spotify:track:5HGibWoxnkYSkl6mHmAlOE'],['Drunk On You'],"[""That's My Kind Of Night""]",0.005207010414020828,0.4505494505494505,34.111792054099745,1.7959613919227837,1,1
['spotify:track:1dgWTMoHwTUnQhOQ8SR5fV'],['spotify:track:4dGJf1SER1T6ooX46vwzRB'],['American Kids'],['Chicken Fried'],0.005207010414020828,0.44565217391304346,28.072521739130437,1.7752842564508657,1,1
['spotify:track:6eYYm2xwrvdav2yakF3cqg'],['spotify:track:2N3F1EQCpnIeDOA3rLSAfE'],['Leave The Night On'],['Break Up In A Small Town'],0.005207010414020828,0.4183673469387755,39.216958211856166,1.7009567352468036,1,1
['spotify:track:4E5P1XyAFtrjpiIxkydly4'],['spotify:track:67T6l4q3zVjC5nZZPXByU8'],['Replay'],['Whatcha Say'],0.005207010414020828,0.41,40.865063291139236,1.6779101354812878,1,1
['spotify:track:2TR7A4ulH9R1PNwMyd8o8U'],['spotify:track:03fT3OHB9KyMtGMt2zwqCT'],['This Is How We Roll'],['Play It Again'],0.005207010414020828,0.41,29.348545454545455,1.6712372407795661,1,1
['spotify:track:5ghIJDpPoe3CfHMGu71E6T'],['spotify:track:4P5KoWXOxwuobLmHXLMobV'],['Smells Like Teen Spirit'],['Come As You Are'],0.005207010414020828,0.4059405940594059,44.394114411441144,1.6679409025484715,1,1
['spotify:track:0Fv5N0cHBsl4bzCbollCAS'],['spotify:track:0SGkqnVQo9KPytSri1H6cF'],['Moves'],['Bounce Back'],0.00508001016002032,0.48780487804878053,23.420582986317672,1.9117166805762182,1,1
['spotify:track:6875MeXyCW0wLyT72Eetmo'],['spotify:track:7BKLCZ1jbUBVqRi2FVlTVw'],['Starving'],['Closer'],0.00508001016002032,0.46511627906976744,18.130324660373013,1.8216032953805037,1,1
['spotify:track:60xaS8mYBKUW4VQQ666N0T'],['spotify:track:0v9Wz8o0BT8DU38R4ddjeH'],['All Night (feat. Knox Fortune)'],['No Problem (feat. Lil Wayne & 2 Chainz)'],0.00508001016002032,0.4347826086956522,17.73822933093039,1.7258650671147497,1,1
['spotify:track:1f5cbQtDrykjarZVrShaDI'],['spotify:track:7GX5flRQZVHRAGd6B4TmDO'],['Drowning (feat. Kodak Black)'],['XO TOUR Llif3'],0.00508001016002032,0.4,23.860606060606063,1.6387266107865548,1,1
['spotify:track:2TR7A4ulH9R1PNwMyd8o8U'],['spotify:track:0i5el041vd6nxrGEU8QRxy'],['This Is How We Roll'],['Cruise'],0.00508001016002032,0.4,27.87256637168142,1.6427482854965711,1,1
['spotify:track:0Nu9WA8kEbBWEsay2s8Q0U'],['spotify:track:05ZACkzW8YbRq3eFgIfSNB'],['Even If It Breaks Your Heart'],['Springsteen'],0.004953009906019812,0.5492957746478874,35.16386121607695,2.184090836931674,1,1
['spotify:track:7nDoBWDvf02SyD8kEQuuPO'],['spotify:track:2TR7A4ulH9R1PNwMyd8o8U'],['Bottoms Up'],['This Is How We Roll'],0.004953009906019812,0.527027027027027,41.498108108108106,2.087434232011321,1,1
['spotify:track:5T8EDUDqKcs6OSOwEsfqG7'],['spotify:track:1AhDOtG9vPSOmsWgNW0BEY'],"[""Don't Stop Me Now - Remastered""]",['Bohemian Rhapsody - Remastered 2011'],0.004953009906019812,0.5064935064935064,24.467054417974662,1.9843689424220952,1,1
['spotify:track:0H04yVa3DJxoXbLBpAb7iV'],['spotify:track:5kNe7PE09d6Kvw5pAsx23n'],"[""I'm Comin' Over""]",['Die A Happy Man'],0.004953009906019812,0.5,31.0,1.967741935483871,1,1
['spotify:track:3pzjHKrQSvXGHQ98dx18HI'],['spotify:track:69bp2EbF7Q2rqc5N3ylezZ'],['What Do You Mean?'],['Sorry'],0.004953009906019812,0.4382022471910112,27.168539325842694,1.751290322580645,1,1
['spotify:track:2Oehrcv4Kov0SuIgWyQY9e'],['spotify:track:6Ep6BzIOB9tz3P4sWqiiAB'],['Demons'],['Radioactive'],0.004953009906019812,0.4333333333333333,36.68888888888888,1.743862899490505,1,1
['spotify:track:6Ep6BzIOB9tz3P4sWqiiAB'],['spotify:track:2Oehrcv4Kov0SuIgWyQY9e'],['Radioactive'],['Demons'],0.004953009906019812,0.4193548387096774,36.68888888888888,1.7025371828521434,1,1
['spotify:track:46ZfPS5VpSQVU5gb82hg3K'],['spotify:track:5kNe7PE09d6Kvw5pAsx23n'],['Anything Goes'],['Die A Happy Man'],0.004826009652019304,0.5,31.0,1.967741935483871,1,1
['spotify:track:5CG9Ps5ynNjpKJHmwc95pa'],['spotify:track:1zWZvrk13cL8Sl3VLeG57F'],['Somewhere On A Beach'],['T-Shirt'],0.004826009652019304,0.5,47.433734939759034,1.9789179578359157,1,1
['spotify:track:5T6DM9qjjngWnukcw0svkX'],['spotify:track:0i5el041vd6nxrGEU8QRxy'],['Round Here'],['Cruise'],0.004826009652019304,0.4578313253012048,31.90233500373174,1.8179747692828716,1,1
['spotify:track:1zWZvrk13cL8Sl3VLeG57F'],['spotify:track:5CG9Ps5ynNjpKJHmwc95pa'],['T-Shirt'],['Somewhere On A Beach'],0.004826009652019304,0.4578313253012048,47.433734939759034,1.8266418310614396,1,1
['spotify:track:2N3F1EQCpnIeDOA3rLSAfE'],['spotify:track:7vWGeYZJUzBXKGPro05UXS'],['Break Up In A Small Town'],['Take Your Time'],0.004826009652019304,0.4523809523809524,36.722140402552775,1.8035913463131272,1,1
['spotify:track:5vdp5UmvTsnMEMESIF2Ym7'],['spotify:track:1AhDOtG9vPSOmsWgNW0BEY'],['Another One Bites The Dust - Remastered 2011'],['Bohemian Rhapsody - Remastered 2011'],0.004826009652019304,0.4470588235294118,21.59595813785637,1.7710725846983606,1,1
['spotify:track:10I3CmmwT0BkOVhduDy53o'],['spotify:track:0wdKiSBUT7aZkXUIdJWcwC'],['Really Really'],['2 Phones'],0.004826009652019304,0.4418604651162791,39.09223935197283,1.7714154178308357,1,1
['spotify:track:5nN8BwAQDJDguq7Dpd3JQQ'],['spotify:track:27GmP9AWRs744SzKcpJsTZ'],['Where Ya At'],['Jumpman'],0.004826009652019304,0.43181818181818177,17.34763450834879,1.7161899923799846,1,1
['spotify:track:0wdKiSBUT7aZkXUIdJWcwC'],['spotify:track:10I3CmmwT0BkOVhduDy53o'],['2 Phones'],['Really Really'],0.004826009652019304,0.42696629213483145,39.09223935197282,1.7260380403113746,1,1
['spotify:track:1WoOzgvz6CgH4pX6a1RKGp'],['spotify:track:2d8JP84HNLKhmd6IYOoupQ'],['My Way (feat. Monty)'],['Trap Queen'],0.004826009652019304,0.42696629213483145,22.117977528089888,1.7114105992917867,1,1
['spotify:track:3b7CDTKB0SRTmQ6ytYi5vZ'],['spotify:track:4dGJf1SER1T6ooX46vwzRB'],['Drunk On You'],['Chicken Fried'],0.004826009652019304,0.41758241758241754,26.30435164835165,1.6897240020895135,1,1
['spotify:track:0bVtevEgtDIeRjCJbK3Lmv'],['spotify:track:7o2CTH4ctstm8TNelqjb51'],['Welcome To The Jungle'],"[""Sweet Child O' Mine""]",0.004699009398018796,0.5285714285714286,39.263881401617255,2.0926563065247343,1,1
['spotify:track:2l57cfmCnOkwNX1tky02n1'],['spotify:track:5lDriBxJd22IhOH9zTcFrV'],['Move Along'],['Dirty Little Secret'],0.004699009398018796,0.5211267605633804,46.62900128040974,2.06489712979426,1,1
['spotify:track:5BbYPT6ehZf0hSv2su6JAl'],['spotify:track:7vWGeYZJUzBXKGPro05UXS'],['Make You Miss Me'],['Take Your Time'],0.004699009398018796,0.5,40.58762886597938,1.9753619507239015,1,1
['spotify:track:6GsAD8PgHxmEuIPTG8GP3M'],['spotify:track:4O1CExxinEpKZi3861NlTK'],['It Goes Like This'],['Get Me Some Of That'],0.004699009398018796,0.4868421052631579,46.1854787571338,1.9281764717375591,1,1
['spotify:track:4O1CExxinEpKZi3861NlTK'],['spotify:track:6GsAD8PgHxmEuIPTG8GP3M'],['Get Me Some Of That'],['It Goes Like This'],0.004699009398018796,0.44578313253012053,46.1854787571338,1.786932226038365,1,1
['spotify:track:5T6DM9qjjngWnukcw0svkX'],['spotify:track:2TR7A4ulH9R1PNwMyd8o8U'],['Round Here'],['This Is How We Roll'],0.004699009398018796,0.44578313253012053,35.10096385542169,1.7814325628651257,1,1
['spotify:track:48UPSzbZjgc449aqz8bxox'],['spotify:track:3d9DChrdc6BOeFsbrZ3Is0'],['Californication'],['Under The Bridge'],0.004699009398018796,0.44578313253012053,38.572487753210645,1.7834949365550905,1,1
['spotify:track:04DwTuZ2VBdJCCC5TROn7L'],['spotify:track:7BKLCZ1jbUBVqRi2FVlTVw'],['In the Name of Love'],['Closer'],0.004699009398018796,0.4302325581395349,16.77055031084504,1.7100765630102692,1,1
['spotify:track:3ESSGgWzRf1xvP7G5hHMhB'],['spotify:track:5NQbUaeTEOGdD6hHcre0dZ'],['Again'],['679 (feat. Remy Boyz)'],0.004699009398018796,0.4302325581395349,21.30598215591634,1.7196611944244298,1,1
['spotify:track:5lDriBxJd22IhOH9zTcFrV'],['spotify:track:2l57cfmCnOkwNX1tky02n1'],['Dirty Little Secret'],['Move Along'],0.004699009398018796,0.42045454545454547,46.62900128040974,1.7099314198628395,1,1
['spotify:track:2Fk0WwAqTBesLtKg97nojy'],['spotify:track:1soxUgYIZb1qx1c7o1Lc7z'],['Crash And Burn'],['Drunk On A Plane'],0.004699009398018796,0.42045454545454547,33.78223562152134,1.704014702147051,1,1
['spotify:track:2Fk0WwAqTBesLtKg97nojy'],['spotify:track:2FviG1Ma0M0BSZbqaDvw0x'],['Crash And Burn'],['House Party'],0.004699009398018796,0.42045454545454547,29.2978680611424,1.700727636749391,1,1
['spotify:track:3b7CDTKB0SRTmQ6ytYi5vZ'],['spotify:track:0i5el041vd6nxrGEU8QRxy'],['Drunk On You'],['Cruise'],0.004699009398018796,0.4065934065934066,28.332004278906936,1.6610010442243106,1,1
['spotify:track:3d9DChrdc6BOeFsbrZ3Is0'],['spotify:track:48UPSzbZjgc449aqz8bxox'],['Under The Bridge'],['Californication'],0.004699009398018796,0.4065934065934066,38.572487753210645,1.667421612621003,1,1
['spotify:track:5SZ6zX4rOrEQferfFC2MfP'],['spotify:track:5MxNLUsfh7uzROypsoO5qe'],['Walk This Way'],['Dream On'],0.004572009144018288,0.5806451612903226,52.55172413793104,2.3582677165354333,1,1
['spotify:track:6IFPfV8PNSYOmufzQ95hmm'],['spotify:track:5kNe7PE09d6Kvw5pAsx23n'],['Confession'],['Die A Happy Man'],0.004572009144018288,0.5714285714285714,35.42857142857143,2.2956989247311825,1,1
['spotify:track:4wFUdSCer8bdQsrp1M90sa'],['spotify:track:05ZACkzW8YbRq3eFgIfSNB'],"[""Highway Don't Care""]",['Springsteen'],0.004572009144018288,0.4931506849315068,31.569662545940528,1.942153100522417,1,1
['spotify:track:2fuCquhmrzHpu5xcA1ci9x'],['spotify:track:1AhDOtG9vPSOmsWgNW0BEY'],['Under Pressure - Remastered 2011'],['Bohemian Rhapsody - Remastered 2011'],0.004572009144018288,0.4675324675324675,22.584973308899688,1.8391712149277955,1,1
['spotify:track:1cktZnxiONH0hR6Q3DKy8h'],['spotify:track:05ZACkzW8YbRq3eFgIfSNB'],['Drink In My Hand'],['Springsteen'],0.004572009144018288,0.4675324675324675,29.92968007602154,1.8487117218136873,1,1
['spotify:track:5ZManJDV3CexO66nRCkdiV'],['spotify:track:2FviG1Ma0M0BSZbqaDvw0x'],['Break Up with Him'],['House Party'],0.004572009144018288,0.46153846153846156,32.16065350578625,1.8304909466961792,1,1
['spotify:track:7zBPzAjKAqQpcv8F8GCq5s'],['spotify:track:7yyRTcZmCiyzzJlNzGC9Ol'],['Uber Everywhere'],['Broccoli (feat. Lil Yachty)'],0.004572009144018288,0.46153846153846156,16.296654018627112,1.8045466090932183,1,1
['spotify:track:0yD66650JxhqKbW76C2qCo'],['spotify:track:5HGibWoxnkYSkl6mHmAlOE'],['Country Girl (Shake It For Me)'],"[""That's My Kind Of Night""]",0.004572009144018288,0.46153846153846156,34.943786982248525,1.8326136652273306,1,1
['spotify:track:5T6DM9qjjngWnukcw0svkX'],['spotify:track:03fT3OHB9KyMtGMt2zwqCT'],['Round Here'],['Play It Again'],0.004572009144018288,0.43373493975903615,31.047535596933187,1.7412869719356463,1,1
['spotify:track:5MxNLUsfh7uzROypsoO5qe'],['spotify:track:5SZ6zX4rOrEQferfFC2MfP'],['Dream On'],['Walk This Way'],0.004572009144018288,0.41379310344827586,52.55172413793103,1.6924502084298285,1,1
['spotify:track:2Fk0WwAqTBesLtKg97nojy'],['spotify:track:6eYYm2xwrvdav2yakF3cqg'],['Crash And Burn'],['Leave The Night On'],0.004572009144018288,0.40909090909090906,32.86920222634508,1.6712451886442232,1,1
['spotify:track:79XrkTOfV1AqySNjVlygpW'],['spotify:track:27GmP9AWRs744SzKcpJsTZ'],['Energy'],['Jumpman'],0.004572009144018288,0.4044943820224719,16.24994267369869,1.637445425834248,1,1
['spotify:track:24NwBd5vZ2CK8VOQVnqdxr'],['spotify:track:5MxNLUsfh7uzROypsoO5qe'],['Sweet Emotion'],['Dream On'],0.00444500889001778,0.5833333333333334,52.79501915708813,2.3734823469646944,1,1
['spotify:track:3YBZIN3rekqsKxbJc9FZko'],['spotify:track:7o2CTH4ctstm8TNelqjb51'],['Paradise City'],"[""Sweet Child O' Mine""]",0.00444500889001778,0.5303030303030303,39.392510005717554,2.1003711684842723,1,1
['spotify:track:6cmm1LMvZdB5zsCwX5BjqE'],['spotify:track:4E5P1XyAFtrjpiIxkydly4'],['Down'],['Replay'],0.00444500889001778,0.47297297297297297,37.24189189189189,1.8733384133434936,1,1
['spotify:track:0p1HtkrNYxv0iDfEKwXSTp'],['spotify:track:2FviG1Ma0M0BSZbqaDvw0x'],['Sangria'],['House Party'],0.00444500889001778,0.46052631578947373,32.09012575687006,1.8270566297230155,1,1
['spotify:track:1qwnPVOIJjAFfCc40Etb1D'],['spotify:track:4dGJf1SER1T6ooX46vwzRB'],['Homegrown'],['Chicken Fried'],0.00444500889001778,0.4375,27.559,1.749555499110998,1,1
['spotify:track:1zWZvrk13cL8Sl3VLeG57F'],['spotify:track:0BCy325UZyR9z0t0uxwn2N'],['T-Shirt'],['H.O.L.Y.'],0.00444500889001778,0.42168674698795183,32.874865799832996,1.706986601473203,1,1
['spotify:track:0d8ZbnRoW1TJ3qEleTrYHH'],['spotify:track:4r8lRYnoOGdEi6YyI5OC1o'],['I Want It That Way'],['Bye Bye Bye'],0.00444500889001778,0.4069767441860465,35.21466905187835,1.6667861963174908,1,1
['spotify:track:5MxNLUsfh7uzROypsoO5qe'],['spotify:track:24NwBd5vZ2CK8VOQVnqdxr'],['Dream On'],['Sweet Emotion'],0.00444500889001778,0.40229885057471265,52.79501915708813,1.6603280514253338,1,1
['spotify:track:7HGTkn2aX7MNdKs7nV2xBt'],['spotify:track:7oK9VyNzrYvRFo7nQEYkWN'],['Somebody Told Me'],['Mr. Brightside'],0.004318008636017272,0.5666666666666667,26.401972386587772,2.25816220863211,1,1
['spotify:track:7yMnml7zdYl5LlDFZPm5Hd'],['spotify:track:1TfAhjzRBWzYZ8IdUV3igl'],"[""Burnin' Up""]",['Year 3000'],0.004318008636017272,0.5483870967741935,69.64516129032258,2.196850393700787,1,1
['spotify:track:1TfAhjzRBWzYZ8IdUV3igl'],['spotify:track:7yMnml7zdYl5LlDFZPm5Hd'],['Year 3000'],"[""Burnin' Up""]",0.004318008636017272,0.5483870967741935,69.64516129032258,2.196850393700787,1,1
['spotify:track:6IFPfV8PNSYOmufzQ95hmm'],['spotify:track:46ZfPS5VpSQVU5gb82hg3K'],['Confession'],['Anything Goes'],0.004318008636017272,0.5396825396825397,55.91395154553049,2.1514456132360538,1,1
['spotify:track:7I5fYc4qKJddht8Ozhqqdx'],['spotify:track:1zWZvrk13cL8Sl3VLeG57F'],['Snapback'],['T-Shirt'],0.004318008636017272,0.49275362318840576,46.74628950584948,1.9506477012954024,1,1
['spotify:track:6GBUsjHfZuweYf5lQEz6mP'],['spotify:track:3b7CDTKB0SRTmQ6ytYi5vZ'],['Crash My Party'],['Drunk On You'],0.004318008636017272,0.49275362318840576,42.63672559324733,1.9486447258608801,1,1
['spotify:track:5CXnIPD6rTjszYYQm6fY2P'],['spotify:track:1soxUgYIZb1qx1c7o1Lc7z'],['Dirt'],['Drunk On A Plane'],0.004318008636017272,0.48571428571428565,39.025655976676376,1.9202438404876807,1,1
['spotify:track:6E9V9TRlVOLjenGjHemzEH'],['spotify:track:05ZACkzW8YbRq3eFgIfSNB'],['Hard To Love'],['Springsteen'],0.004318008636017272,0.48571428571428565,31.09361207897793,1.9140702170293227,1,1
['spotify:track:12d5QFwzh60IIHlsSnAvps'],['spotify:track:79XrkTOfV1AqySNjVlygpW'],['10 Bands'],['Energy'],0.004318008636017272,0.47887323943661975,42.36683019465106,1.8972293349992106,1,1
['spotify:track:4wFUdSCer8bdQsrp1M90sa'],['spotify:track:4dGJf1SER1T6ooX46vwzRB'],"[""Highway Don't Care""]",['Chicken Fried'],0.004318008636017272,0.4657534246575342,29.3387397260274,1.8420800687755219,1,1
['spotify:track:5BbYPT6ehZf0hSv2su6JAl'],['spotify:track:6eYYm2xwrvdav2yakF3cqg'],['Make You Miss Me'],['Leave The Night On'],0.004318008636017272,0.4594594594594594,36.916161059018194,1.8269748539497077,1,1
['spotify:track:5BbYPT6ehZf0hSv2su6JAl'],['spotify:track:2FviG1Ma0M0BSZbqaDvw0x'],['Make You Miss Me'],['House Party'],0.004318008636017272,0.4594594594594594,32.01578569720162,1.8234505969011936,1,1
['spotify:track:6GsAD8PgHxmEuIPTG8GP3M'],['spotify:track:5kNe7PE09d6Kvw5pAsx23n'],['It Goes Like This'],['Die A Happy Man'],0.004318008636017272,0.4473684210526315,27.736842105263154,1.780337941628264,1,1
['spotify:track:46ZfPS5VpSQVU5gb82hg3K'],['spotify:track:6IFPfV8PNSYOmufzQ95hmm'],['Anything Goes'],['Confession'],0.004318008636017272,0.4473684210526315,55.91395154553048,1.7950457805677515,1,1
['spotify:track:6enPOmd3vSFpI4jjms8kXN'],['spotify:track:5HGibWoxnkYSkl6mHmAlOE'],"[""Runnin' Outta Moonlight""]","[""That's My Kind Of Night""]",0.004318008636017272,0.4473684210526315,33.87095141700404,1.7856235712471424,1,1
['spotify:track:5ZManJDV3CexO66nRCkdiV'],['spotify:track:2Fk0WwAqTBesLtKg97nojy'],['Break Up with Him'],['Crash And Burn'],0.004318008636017272,0.4358974358974359,39.00291375291375,1.7529152331031934,1,1
['spotify:track:0H04yVa3DJxoXbLBpAb7iV'],['spotify:track:2Fk0WwAqTBesLtKg97nojy'],"[""I'm Comin' Over""]",['Crash And Burn'],0.004318008636017272,0.4358974358974359,39.00291375291375,1.7529152331031934,1,1
['spotify:track:0H04yVa3DJxoXbLBpAb7iV'],['spotify:track:2FviG1Ma0M0BSZbqaDvw0x'],"[""I'm Comin' Over""]",['House Party'],0.004318008636017272,0.4358974358974359,30.37395053324257,1.7472868127554437,1,1
['spotify:track:0yD66650JxhqKbW76C2qCo'],['spotify:track:3b7CDTKB0SRTmQ6ytYi5vZ'],['Country Girl (Shake It For Me)'],['Drunk On You'],0.004318008636017272,0.4358974358974359,37.7171034094111,1.7522398226614635,1,1
['spotify:track:5T6DM9qjjngWnukcw0svkX'],['spotify:track:3xdjjKMcMOFgo1eQrfbogM'],['Round Here'],['Wagon Wheel'],0.004318008636017272,0.40963855421686746,28.544194477023137,1.6695686656679436,1,1
['spotify:track:1zWZvrk13cL8Sl3VLeG57F'],['spotify:track:7I5fYc4qKJddht8Ozhqqdx'],['T-Shirt'],['Snapback'],0.004318008636017272,0.40963855421686746,46.74628950584948,1.679034072353859,1,1
['spotify:track:4O1CExxinEpKZi3861NlTK'],['spotify:track:05ZACkzW8YbRq3eFgIfSNB'],['Get Me Some Of That'],['Springsteen'],0.004318008636017272,0.40963855421686746,26.22352825937898,1.66741743687569,1,1
['spotify:track:2kQuhkFX7uSVepCD3h29g5'],['spotify:track:0XUfyU2QviPAs6bxSpXYG4'],['Smack That - Dirty'],['Yeah!'],0.004318008636017272,0.4047619047619047,18.747619047619047,1.6437287274574546,1,1
['spotify:track:3iVcZ5G6tvkXZkZKlMpIUs'],['spotify:track:62vpWI1CHwFy7tMIcSStl8'],['Alright'],['No Role Modelz'],0.004318008636017272,0.4,14.927014218009479,1.622004910676488,1,1
['spotify:track:4PJXT82AZtlDW4Q71b43oz'],['spotify:track:05ZACkzW8YbRq3eFgIfSNB'],"[""Whatever She's Got""]",['Springsteen'],0.004191008382016764,0.5409836065573771,34.63174730107957,2.14453989622265,1,1
['spotify:track:69DR48pXzSabFUfQfDDJDb'],['spotify:track:4O1CExxinEpKZi3861NlTK'],['Make Me Wanna'],['Get Me Some Of That'],0.004191008382016764,0.532258064516129,50.493975903614455,2.1153950583763237,1,1
['spotify:track:1jNNHFZmRGXZFHlil5uhei'],['spotify:track:0H04yVa3DJxoXbLBpAb7iV'],['Drunk On Your Love'],"[""I'm Comin' Over""]",0.004191008382016764,0.5238095238095238,52.877899877899885,2.0791973583947168,1,1
['spotify:track:4ly1QBXEwYoDmje9rmEgC4'],['spotify:track:5kNe7PE09d6Kvw5pAsx23n'],['Head Over Boots'],['Die A Happy Man'],0.004191008382016764,0.5076923076923078,31.476923076923082,1.9984879032258067,1,1
['spotify:track:5dNGORzxFb5z3v7vSAFkTU'],['spotify:track:3ts6xK5GzfMAAriT9AIBmP'],"[""Beachin'""]",['Barefoot Blue Jean Night'],0.004191008382016764,0.5076923076923078,38.43816568047338,2.0044211963423932,1,1
['spotify:track:6aNwDe5YH5YUPlpHkku52w'],['spotify:track:1soxUgYIZb1qx1c7o1Lc7z'],['Sunshine & Whiskey'],['Drunk On A Plane'],0.004191008382016764,0.5,40.1734693877551,1.9751079502159004,1,1
['spotify:track:5CQ30WqJwcep0pYcV4AMNc'],['spotify:track:40riOy7x9W7GXjyGp4pjAv'],['Stairway To Heaven'],['Hotel California - Remastered'],0.004191008382016764,0.4852941176470589,33.227877237851665,1.9144816575347439,1,1
['spotify:track:7N3PAbqfTjSEU1edb2tY8j'],['spotify:track:7o2CTH4ctstm8TNelqjb51'],['Jump - 2015 Remastered Version'],"[""Sweet Child O' Mine""]",0.004191008382016764,0.45833333333333337,34.04638364779875,1.8213008733709777,1,1
['spotify:track:1e1JKLEDKP7hEQzJfNAgPl'],['spotify:track:7GX5flRQZVHRAGd6B4TmDO'],['Magnolia'],['XO TOUR Llif3'],0.004191008382016764,0.45833333333333337,27.34027777777778,1.815204861178953,1,1
['spotify:track:5BbYPT6ehZf0hSv2su6JAl'],['spotify:track:5kNe7PE09d6Kvw5pAsx23n'],['Make You Miss Me'],['Die A Happy Man'],0.004191008382016764,0.44594594594594594,27.64864864864865,1.7757671125098349,1,1
['spotify:track:2aibwv5hGXSgw7Yru8IYTO'],['spotify:track:48UPSzbZjgc449aqz8bxox'],['Snow (Hey Oh) - Hey Oh Album Version'],['Californication'],0.004191008382016764,0.42857142857142855,40.65748709122203,1.7315532131064264,1,1
['spotify:track:5ZManJDV3CexO66nRCkdiV'],['spotify:track:1soxUgYIZb1qx1c7o1Lc7z'],['Break Up with Him'],['Drunk On A Plane'],0.004191008382016764,0.42307692307692313,33.99293563579278,1.7117602235204472,1,1
['spotify:track:0H04yVa3DJxoXbLBpAb7iV'],['spotify:track:03fT3OHB9KyMtGMt2zwqCT'],"[""I'm Comin' Over""]",['Play It Again'],0.004191008382016764,0.42307692307692313,30.28461538461539,1.7091186182372367,1,1
['spotify:track:0yD66650JxhqKbW76C2qCo'],['spotify:track:03fT3OHB9KyMtGMt2zwqCT'],['Country Girl (Shake It For Me)'],['Play It Again'],0.004191008382016764,0.42307692307692313,30.28461538461539,1.7091186182372367,1,1
['spotify:track:0yD66650JxhqKbW76C2qCo'],['spotify:track:4dGJf1SER1T6ooX46vwzRB'],['Country Girl (Shake It For Me)'],['Chicken Fried'],0.004191008382016764,0.42307692307692313,26.650461538461546,1.7058166116332234,1,1
['spotify:track:0H04yVa3DJxoXbLBpAb7iV'],['spotify:track:1jNNHFZmRGXZFHlil5uhei'],"[""I'm Comin' Over""]",['Drunk On Your Love'],0.004191008382016764,0.42307692307692313,52.87789987789988,1.7194649055964781,1,1
['spotify:track:1qwnPVOIJjAFfCc40Etb1D'],['spotify:track:5kNe7PE09d6Kvw5pAsx23n'],['Homegrown'],['Die A Happy Man'],0.004191008382016764,0.4125,25.575,1.6746739876458476,1,1
['spotify:track:0Fv5N0cHBsl4bzCbollCAS'],['spotify:track:4Km5HrUvYTaSUfiSGPJeQR'],['Moves'],['Bad and Boujee (feat. Lil Uzi Vert)'],0.004191008382016764,0.4024390243902439,17.70282054775855,1.635426332077154,1,1
['spotify:track:71SvEDmsOwIWw1IozsZoMA'],['spotify:track:4bHsxqR3GMrXTxEPLuK5ue'],['Any Way You Want It'],"[""Don't Stop Believin'""]",0.004064008128016256,0.5818181818181818,32.26222791293214,2.348179478967653,1,1
['spotify:track:6aUhfNWYnMThF3TGtuYUUu'],['spotify:track:6enPOmd3vSFpI4jjms8kXN'],['How Country Feels'],"[""Runnin' Outta Moonlight""]",0.004064008128016256,0.5614035087719298,58.16435826408125,2.2579933959867917,1,1
"['spotify:track:0v9Wz8o0BT8DU38R4ddjeH', 'spotify:track:5hTpBe8h35rJ67eAWHQsJx']",['spotify:track:7yyRTcZmCiyzzJlNzGC9Ol'],"['No Problem (feat. Lil Wayne & 2 Chainz)', 'Caroline']",['Broccoli (feat. Lil Yachty)'],0.004064008128016256,0.5423728813559321,19.15087025917762,2.1232984317820485,2,1
['spotify:track:24NwBd5vZ2CK8VOQVnqdxr'],['spotify:track:5SZ6zX4rOrEQferfFC2MfP'],['Sweet Emotion'],['Walk This Way'],0.004064008128016256,0.5333333333333333,67.73333333333333,2.1259842519685037,1,1
['spotify:track:69XcvSymPaTke2Qb6f3W6P'],['spotify:track:1qwnPVOIJjAFfCc40Etb1D'],['Loving You Easy'],['Homegrown'],0.004064008128016256,0.5333333333333333,52.49333333333333,2.12108567074277,1,1
['spotify:track:4IoYz8XqqdowINzfRrFnhi'],['spotify:track:5fVZC9GiM4e8vu99W0Xf6J'],['You Found Me'],['How to Save a Life'],0.004064008128016256,0.5245901639344261,41.723464149693655,2.0770015677962386,1,1
['spotify:track:0cV4xwUA4ue2deqq4CZFko'],['spotify:track:3b7CDTKB0SRTmQ6ytYi5vZ'],"[""I Don't Want This Night to End""]",['Drunk On You'],0.004064008128016256,0.5245901639344261,45.39146099801837,2.0791386755187298,1,1
['spotify:track:0cV4xwUA4ue2deqq4CZFko'],['spotify:track:0yD66650JxhqKbW76C2qCo'],"[""I Don't Want This Night to End""]",['Country Girl (Shake It For Me)'],0.004064008128016256,0.5245901639344261,52.9567044976881,2.0826114755677785,1,1
['spotify:track:5SZ6zX4rOrEQferfFC2MfP'],['spotify:track:24NwBd5vZ2CK8VOQVnqdxr'],['Walk This Way'],['Sweet Emotion'],0.004064008128016256,0.5161290322580645,67.73333333333333,2.0509186351706035,1,1
['spotify:track:6IFPfV8PNSYOmufzQ95hmm'],['spotify:track:0BCy325UZyR9z0t0uxwn2N'],['Confession'],['H.O.L.Y.'],0.004064008128016256,0.5079365079365079,39.598931321703596,2.0061902381869277,1,1
['spotify:track:6IFPfV8PNSYOmufzQ95hmm'],['spotify:track:1zWZvrk13cL8Sl3VLeG57F'],['Confession'],['T-Shirt'],0.004064008128016256,0.5079365079365079,48.18665136737425,2.010835989413914,1,1
['spotify:track:1jNNHFZmRGXZFHlil5uhei'],['spotify:track:5kNe7PE09d6Kvw5pAsx23n'],['Drunk On Your Love'],['Die A Happy Man'],0.004064008128016256,0.5079365079365079,31.49206349206349,1.9994797086368366,1,1
"['spotify:track:5hTpBe8h35rJ67eAWHQsJx', 'spotify:track:7yyRTcZmCiyzzJlNzGC9Ol']",['spotify:track:0v9Wz8o0BT8DU38R4ddjeH'],"['Caroline', 'Broccoli (feat. Lil Yachty)']",['No Problem (feat. Lil Wayne & 2 Chainz)'],0.004064008128016256,0.4923076923076923,20.08513351933041,1.9214176307140496,2,1
['spotify:track:4ly1QBXEwYoDmje9rmEgC4'],['spotify:track:0BCy325UZyR9z0t0uxwn2N'],['Head Over Boots'],['H.O.L.Y.'],0.004064008128016256,0.4923076923076923,38.38050266565118,1.9444316161359596,1,1
"['spotify:track:0v9Wz8o0BT8DU38R4ddjeH', 'spotify:track:7yyRTcZmCiyzzJlNzGC9Ol']",['spotify:track:5hTpBe8h35rJ67eAWHQsJx'],"['No Problem (feat. Lil Wayne & 2 Chainz)', 'Broccoli (feat. Lil Yachty)']",['Caroline'],0.004064008128016256,0.4848484848484848,21.092248451364473,1.896554557814998,2,1
['spotify:track:39FwE8edwuyiaa4PrGBkP7'],['spotify:track:5T6DM9qjjngWnukcw0svkX'],"[""Boys 'Round Here (feat. Pistol Annies & Friends)""]",['Round Here'],0.004064008128016256,0.4776119402985074,45.30983636036684,1.8941071882143763,1,1
['spotify:track:3KYiA4vq6RPO1dE2XROXd8'],['spotify:track:0J6mQxEZnlRt9ymzFntA6z'],['You Give Love A Bad Name'],"[""Livin' On A Prayer""]",0.004064008128016256,0.47058823529411764,39.00433436532507,1.8660993988654644,1,1
['spotify:track:7I5fYc4qKJddht8Ozhqqdx'],['spotify:track:5CG9Ps5ynNjpKJHmwc95pa'],['Snapback'],['Somewhere On A Beach'],0.004064008128016256,0.46376811594202894,48.04881769641494,1.8468651531897657,1,1
['spotify:track:7I5fYc4qKJddht8Ozhqqdx'],['spotify:track:5kNe7PE09d6Kvw5pAsx23n'],['Snapback'],['Die A Happy Man'],0.004064008128016256,0.46376811594202894,28.753623188405793,1.8347863993025282,1,1
['spotify:track:5CXnIPD6rTjszYYQm6fY2P'],['spotify:track:46ZfPS5VpSQVU5gb82hg3K'],['Dirt'],['Anything Goes'],0.004064008128016256,0.4571428571428571,47.362406015037585,1.8243252275978235,1,1
['spotify:track:1e1JKLEDKP7hEQzJfNAgPl'],['spotify:track:6p8NuHm8uCGnn2Dtbtf7zE'],['Magnolia'],['Slippery (feat. Gucci Mane)'],0.004064008128016256,0.4444444444444444,32.40329218106996,1.7753111506223012,1,1
['spotify:track:7nDoBWDvf02SyD8kEQuuPO'],['spotify:track:5HGibWoxnkYSkl6mHmAlOE'],['Bottoms Up'],"[""That's My Kind Of Night""]",0.004064008128016256,0.43243243243243235,32.740124740124735,1.7386334772669543,1,1
['spotify:track:6hmhG1b4LEyNuashVvuIAo'],['spotify:track:0QsvXIfqM0zZoerQfsI9lm'],['Never Forget You'],"[""Don't Let Me Down""]",0.004064008128016256,0.42666666666666664,22.85424036281179,1.7116237720847534,1,1
['spotify:track:0pSBuHjILhNEo55xK1zrRt'],['spotify:track:0SGkqnVQo9KPytSri1H6cF'],['Rolex'],['Bounce Back'],0.004064008128016256,0.42666666666666664,20.48520325203252,1.7078580668789243,1,1
['spotify:track:6GsAD8PgHxmEuIPTG8GP3M'],['spotify:track:2Fk0WwAqTBesLtKg97nojy'],['It Goes Like This'],['Crash And Burn'],0.004064008128016256,0.42105263157894735,37.67464114832536,1.70796868866465,1,1
['spotify:track:6GsAD8PgHxmEuIPTG8GP3M'],['spotify:track:2TR7A4ulH9R1PNwMyd8o8U'],['It Goes Like This'],['This Is How We Roll'],0.004064008128016256,0.42105263157894735,33.153684210526315,1.7053363197635485,1,1
['spotify:track:0p1HtkrNYxv0iDfEKwXSTp'],['spotify:track:5kNe7PE09d6Kvw5pAsx23n'],['Sangria'],['Die A Happy Man'],0.004064008128016256,0.42105263157894735,26.105263157894736,1.6994134897360704,1,1
['spotify:track:46ZfPS5VpSQVU5gb82hg3K'],['spotify:track:6eYYm2xwrvdav2yakF3cqg'],['Anything Goes'],['Leave The Night On'],0.004064008128016256,0.42105263157894735,33.83029001074114,1.7057750479137321,1,1
['spotify:track:46ZfPS5VpSQVU5gb82hg3K'],['spotify:track:5CXnIPD6rTjszYYQm6fY2P'],['Anything Goes'],['Dirt'],0.004064008128016256,0.42105263157894735,47.36240601503759,1.7119172420163022,1,1
['spotify:track:5CG9Ps5ynNjpKJHmwc95pa'],['spotify:track:7I5fYc4qKJddht8Ozhqqdx'],['Somewhere On A Beach'],['Snapback'],0.004064008128016256,0.42105263157894735,48.04881769641495,1.712136606091394,1,1
['spotify:track:0y44Oz1T9uWDKg4SFDWRWH'],['spotify:track:1yEwEiTpsaPhQi9lb5EVV4'],['Honey Bee'],['Knee Deep (feat. Jimmy Buffett)'],0.004064008128016256,0.42105263157894735,33.83029001074114,1.7057750479137321,1,1
['spotify:track:6enPOmd3vSFpI4jjms8kXN'],['spotify:track:6aUhfNWYnMThF3TGtuYUUu'],"[""Runnin' Outta Moonlight""]",['How Country Feels'],0.004064008128016256,0.42105263157894735,58.16435826408125,1.7147689749924953,1,1
['spotify:track:5InOp6q2vvx0fShv3bzFLZ'],['spotify:track:79XrkTOfV1AqySNjVlygpW'],['Know Yourself'],['Energy'],0.004064008128016256,0.4155844155844155,36.76754705968189,1.691770383540767,1,1
['spotify:track:0yD66650JxhqKbW76C2qCo'],['spotify:track:0cV4xwUA4ue2deqq4CZFko'],['Country Girl (Shake It For Me)'],"[""I Don't Want This Night to End""]",0.004064008128016256,0.41025641025641024,52.9567044976881,1.6825159302492518,1,1
['spotify:track:5ZManJDV3CexO66nRCkdiV'],['spotify:track:0BCy325UZyR9z0t0uxwn2N'],['Break Up with Him'],['H.O.L.Y.'],0.004064008128016256,0.41025641025641024,31.983752221375983,1.6739019999779128,1,1
['spotify:track:0H04yVa3DJxoXbLBpAb7iV'],['spotify:track:2N3F1EQCpnIeDOA3rLSAfE'],"[""I'm Comin' Over""]",['Break Up In A Small Town'],0.004064008128016256,0.41025641025641024,38.456654456654455,1.6775629203432318,1,1
['spotify:track:4BP3uh0hFLFRb5cjsgLqDh'],['spotify:track:2LawezPeJhN4AWuSB0GtAU'],['Fortunate Son'],['Have You Ever Seen The Rain?'],0.004064008128016256,0.41025641025641024,39.8809749920861,1.6782089651135823,1,1
['spotify:track:0yD66650JxhqKbW76C2qCo'],['spotify:track:0i5el041vd6nxrGEU8QRxy'],['Country Girl (Shake It For Me)'],['Cruise'],0.004064008128016256,0.41025641025641024,28.587247560698888,1.6713178208965114,1,1
"['spotify:track:2N3F1EQCpnIeDOA3rLSAfE', 'spotify:track:6eYYm2xwrvdav2yakF3cqg']",['spotify:track:2FviG1Ma0M0BSZbqaDvw0x'],"['Break Up In A Small Town', 'Leave The Night On']",['House Party'],0.003937007874015748,0.7560975609756098,52.6859486293978,4.0411607823215645,2,1
"['spotify:track:2FviG1Ma0M0BSZbqaDvw0x', 'spotify:track:2N3F1EQCpnIeDOA3rLSAfE']",['spotify:track:6eYYm2xwrvdav2yakF3cqg'],"['House Party', 'Break Up In A Small Town']",['Leave The Night On'],0.003937007874015748,0.738095238095238,59.30369290573371,3.770660632230354,2,1
"['spotify:track:6eYYm2xwrvdav2yakF3cqg', 'spotify:track:7vWGeYZJUzBXKGPro05UXS']",['spotify:track:2FviG1Ma0M0BSZbqaDvw0x'],"['Leave The Night On', 'Take Your Time']",['House Party'],0.003937007874015748,0.6888888888888889,48.00275319567355,3.168157407743387,2,1
['spotify:track:0lQJBl9YEsoMtE8D4yTE9g'],['spotify:track:0BCy325UZyR9z0t0uxwn2N'],['From the Ground Up'],['H.O.L.Y.'],0.003937007874015748,0.6458333333333334,50.349422442244226,2.7873119275650318,1,1
"['spotify:track:2FviG1Ma0M0BSZbqaDvw0x', 'spotify:track:7vWGeYZJUzBXKGPro05UXS']",['spotify:track:6eYYm2xwrvdav2yakF3cqg'],"['House Party', 'Take Your Time']",['Leave The Night On'],0.003937007874015748,0.6326530612244897,50.831736776343185,2.688341376682753,2,1
"['spotify:track:2FviG1Ma0M0BSZbqaDvw0x', 'spotify:track:6eYYm2xwrvdav2yakF3cqg']",['spotify:track:2N3F1EQCpnIeDOA3rLSAfE'],"['House Party', 'Leave The Night On']",['Break Up In A Small Town'],0.003937007874015748,0.62,58.117619047619044,2.603505207010414,2,1
"['spotify:track:2FviG1Ma0M0BSZbqaDvw0x', 'spotify:track:6eYYm2xwrvdav2yakF3cqg']",['spotify:track:7vWGeYZJUzBXKGPro05UXS'],"['House Party', 'Leave The Night On']",['Take Your Time'],0.003937007874015748,0.62,50.32865979381443,2.5991604614788177,2,1
['spotify:track:5wTMQjEx9LWeFwLjolPCUy'],['spotify:track:12qZHAeOyTf93YAWvGDTat'],"[""What's My Age Again?""]",['All The Small Things'],0.003937007874015748,0.5740740740740741,39.651397011046136,2.313834192885777,1,1
['spotify:track:5sUlaoVcLPk2Wr695jp6dd'],['spotify:track:4gFXY5yvHayGckJndafYQE'],['Bartender'],"[""Buy U a Drank (Shawty Snappin')""]",0.003937007874015748,0.5740740740740741,34.50579587220808,2.3087652262261047,1,1
['spotify:track:1dzQoRqT5ucxXVaAhTcT0J'],['spotify:track:1QV6tiMFM6fSOKOGLMHYYg'],['Just Dance'],['Poker Face'],0.003937007874015748,0.5636363636363636,64.31989459815546,2.2715847515028362,1,1
['spotify:track:1PoGWZbJPGmViVi7CYbDUK'],['spotify:track:03fT3OHB9KyMtGMt2zwqCT'],['Drink A Beer'],['Play It Again'],0.003937007874015748,0.5535714285714285,39.62564935064935,2.2087071374142746,1,1
['spotify:track:6kZFIsYCBeuH0f1zGk1UoM'],['spotify:track:5EWPGh7jbTNO2wakv8LjUI'],['Simple Man'],['Free Bird'],0.003937007874015748,0.5,61.51562500000001,1.983743967487935,1,1
['spotify:track:3AJwUDP919kvQ9QcozQPxg'],['spotify:track:75JFxkI2RXiU7L9VXzMkle'],['Yellow'],['The Scientist'],0.003937007874015748,0.49206349206349204,49.04440425959413,1.9489974917449837,1,1
['spotify:track:3ZLyt2ndLFBh148XRYjYYZ'],['spotify:track:0v9Wz8o0BT8DU38R4ddjeH'],"[""All We Got (feat. Kanye West & Chicago Children's Choir)""]",['No Problem (feat. Lil Wayne & 2 Chainz)'],0.003937007874015748,0.49206349206349204,20.075170655481536,1.9204938722377447,1,1
['spotify:track:5EWPGh7jbTNO2wakv8LjUI'],['spotify:track:6kZFIsYCBeuH0f1zGk1UoM'],['Free Bird'],['Simple Man'],0.003937007874015748,0.48437500000000006,61.51562500000001,1.9241231209735148,1,1
['spotify:track:5EWPGh7jbTNO2wakv8LjUI'],['spotify:track:4CJVkjo5WpmUAKp3R44LNb'],['Free Bird'],['Sweet Home Alabama'],0.003937007874015748,0.48437500000000006,28.251620370370375,1.9061429638010792,1,1
['spotify:track:2CEgGE6aESpnmtfiZwYlbV'],['spotify:track:5OMwQFBcte0aWFJFqrr5oj'],['Dynamite'],['TiK ToK'],0.003937007874015748,0.46268656716417905,36.07122801832421,1.837238591143849,1,1
['spotify:track:3bnVBN67NBEzedqQuWrpP4'],['spotify:track:3CRDbSIZ4r5MsZ0YwxuEkn'],['Tear In My Heart'],['Stressed Out'],0.003937007874015748,0.4558823529411765,30.164854176964905,1.810062539043997,1,1
['spotify:track:4DMKwE2E2iYDKY01C335Uw'],['spotify:track:1QEEqeFIZktqIpPI4jSVSF'],['Carry on Wayward Son'],['More Than a Feeling'],0.003937007874015748,0.4558823529411765,39.446347769877185,1.8165979034660773,1,1
['spotify:track:1QV6tiMFM6fSOKOGLMHYYg'],['spotify:track:1dzQoRqT5ucxXVaAhTcT0J'],['Poker Face'],['Just Dance'],0.003937007874015748,0.4492753623188406,64.31989459815547,1.8031061588438966,1,1
['spotify:track:7I5fYc4qKJddht8Ozhqqdx'],['spotify:track:2Fk0WwAqTBesLtKg97nojy'],['Snapback'],['Crash And Burn'],0.003937007874015748,0.4492753623188406,40.199934123847164,1.7954961699397083,1,1
['spotify:track:2WfaOiMkCvy7F5fcp2zZ8L'],['spotify:track:4bHsxqR3GMrXTxEPLuK5ue'],['Take On Me'],"[""Don't Stop Believin'""]",0.003937007874015748,0.44285714285714284,24.556740442655936,1.7625030121855114,1,1
['spotify:track:5CXnIPD6rTjszYYQm6fY2P'],['spotify:track:6eYYm2xwrvdav2yakF3cqg'],['Dirt'],['Leave The Night On'],0.003937007874015748,0.44285714285714284,35.58221574344023,1.7725327758347824,1,1
['spotify:track:4wFUdSCer8bdQsrp1M90sa'],['spotify:track:0i5el041vd6nxrGEU8QRxy'],"[""Highway Don't Care""]",['Cruise'],0.003937007874015748,0.4246575342465753,29.59073827130561,1.7131517834464238,1,1
['spotify:track:0p1HtkrNYxv0iDfEKwXSTp'],['spotify:track:0H04yVa3DJxoXbLBpAb7iV'],['Sangria'],"[""I'm Comin' Over""]",0.003937007874015748,0.40789473684210525,41.17645074224022,1.672158722095222,1,1
['spotify:track:46ZfPS5VpSQVU5gb82hg3K'],['spotify:track:1soxUgYIZb1qx1c7o1Lc7z'],['Anything Goes'],['Drunk On A Plane'],0.003937007874015748,0.40789473684210525,32.773093447905474,1.6678689357378715,1,1
['spotify:track:46ZfPS5VpSQVU5gb82hg3K'],['spotify:track:0BCy325UZyR9z0t0uxwn2N'],['Anything Goes'],['H.O.L.Y.'],0.003937007874015748,0.40789473684210525,31.79963522668056,1.667225467784269,1,1
['spotify:track:5CG9Ps5ynNjpKJHmwc95pa'],['spotify:track:5kNe7PE09d6Kvw5pAsx23n'],['Somewhere On A Beach'],['Die A Happy Man'],0.003937007874015748,0.40789473684210525,25.289473684210527,1.6616487455197133,1,1
"['spotify:track:5kNe7PE09d6Kvw5pAsx23n', 'spotify:track:6eYYm2xwrvdav2yakF3cqg']",['spotify:track:2FviG1Ma0M0BSZbqaDvw0x'],"['Die A Happy Man', 'Leave The Night On']",['House Party'],0.00381000762001524,0.8571428571428571,59.72692793931732,6.899542799085596,2,1
['spotify:track:3vCHmbyOgc6pgwLUWfU4pF'],['spotify:track:1AhDOtG9vPSOmsWgNW0BEY'],['Somebody To Love - Remastered 2011'],['Bohemian Rhapsody - Remastered 2011'],0.00381000762001524,0.6382978723404255,30.83409476569638,2.7074735914177706,1,1
"['spotify:track:2FviG1Ma0M0BSZbqaDvw0x', 'spotify:track:5kNe7PE09d6Kvw5pAsx23n']",['spotify:track:6eYYm2xwrvdav2yakF3cqg'],"['House Party', 'Die A Happy Man']",['Leave The Night On'],0.00381000762001524,0.625,50.21683673469388,2.6334772669545337,2,1
"['spotify:track:2FviG1Ma0M0BSZbqaDvw0x', 'spotify:track:6eYYm2xwrvdav2yakF3cqg']",['spotify:track:5kNe7PE09d6Kvw5pAsx23n'],"['House Party', 'Leave The Night On']",['Die A Happy Man'],0.00381000762001524,0.6,37.2,2.4596774193548385,2,1
['spotify:track:76Y0gxtTxN0FyDCYh5qYQj'],['spotify:track:6p8NuHm8uCGnn2Dtbtf7zE'],['Get Right Witcha'],['Slippery (feat. Gucci Mane)'],0.00381000762001524,0.5882352941176471,42.886710239651414,2.395261076236438,1,1
['spotify:track:2p07VcUwRZ5sru3mJ0JogS'],['spotify:track:1WzAeadSKJhqykZFbJNmQv'],"[""Why Don't We Just Dance""]",['Your Man'],0.00381000762001524,0.5882352941176471,82.71008403361344,2.4112993940273597,1,1
['spotify:track:1qxINnTuff87Pj1lvKbGxy'],['spotify:track:6eYYm2xwrvdav2yakF3cqg'],['Ready Set Roll'],['Leave The Night On'],0.00381000762001524,0.5882352941176471,47.262905162064826,2.398345368119308,1,1
['spotify:track:0RE8WWlaCQM6M4XHUK3u7b'],['spotify:track:5kNe7PE09d6Kvw5pAsx23n'],['Home Alone Tonight'],['Die A Happy Man'],0.00381000762001524,0.5454545454545454,33.81818181818182,2.164516129032258,1,1
['spotify:track:1WzAeadSKJhqykZFbJNmQv'],['spotify:track:2p07VcUwRZ5sru3mJ0JogS'],['Your Man'],"[""Why Don't We Just Dance""]",0.00381000762001524,0.5357142857142857,82.71008403361346,2.1398956644067133,1,1
['spotify:track:5yIiXdLRE85OBiQmCaUenq'],['spotify:track:03fT3OHB9KyMtGMt2zwqCT'],['Sure Be Cool If You Did'],['Play It Again'],0.00381000762001524,0.5,35.79090909090909,1.9720599441198883,1,1
['spotify:track:5S5rw0WLVCAux5B5bWCehK'],['spotify:track:5kNe7PE09d6Kvw5pAsx23n'],['I Like The Sound Of That'],['Die A Happy Man'],0.00381000762001524,0.5,31.0,1.967741935483871,1,1
['spotify:track:6IFPfV8PNSYOmufzQ95hmm'],['spotify:track:6eYYm2xwrvdav2yakF3cqg'],['Confession'],['Leave The Night On'],0.00381000762001524,0.47619047619047616,38.260447035957235,1.8853303161151775,1,1
['spotify:track:3YBZIN3rekqsKxbJc9FZko'],['spotify:track:0bVtevEgtDIeRjCJbK3Lmv'],['Paradise City'],['Welcome To The Jungle'],0.00381000762001524,0.45454545454545453,51.12987012987013,1.8170349674032684,1,1
['spotify:track:6aNwDe5YH5YUPlpHkku52w'],['spotify:track:3ts6xK5GzfMAAriT9AIBmP'],['Sunshine & Whiskey'],['Barefoot Blue Jean Night'],0.00381000762001524,0.45454545454545453,34.41433566433566,1.8091186182372367,1,1
['spotify:track:6SwRhMLwNqEi6alNPVG00n'],['spotify:track:7KXjTSCq5nL1LoYtL7XAwS'],['LOYALTY. FEAT. RIHANNA.'],['HUMBLE.'],0.00381000762001524,0.45454545454545453,17.985381452718133,1.7869994073321482,1,1
['spotify:track:2CEgGE6aESpnmtfiZwYlbV'],['spotify:track:4E5P1XyAFtrjpiIxkydly4'],['Dynamite'],['Replay'],0.00381000762001524,0.4477611940298507,35.25671641791045,1.7878134675188269,1,1
['spotify:track:39FwE8edwuyiaa4PrGBkP7'],['spotify:track:0y44Oz1T9uWDKg4SFDWRWH'],"[""Boys 'Round Here (feat. Pistol Annies & Friends)""]",['Honey Bee'],0.00381000762001524,0.4477611940298507,46.390416339355845,1.793332829908903,1,1
['spotify:track:3bnVBN67NBEzedqQuWrpP4'],['spotify:track:2Z8WuEywRWYTKe1NybPQEW'],['Tear In My Heart'],['Ride'],0.00381000762001524,0.44117647058823534,24.123774509803926,1.7567477240217637,1,1
['spotify:track:0bVtevEgtDIeRjCJbK3Lmv'],['spotify:track:3YBZIN3rekqsKxbJc9FZko'],['Welcome To The Jungle'],['Paradise City'],0.00381000762001524,0.42857142857142855,51.12987012987013,1.7353314706629415,1,1
['spotify:track:68Pux358EOhXmQqln37bj4'],['spotify:track:0y44Oz1T9uWDKg4SFDWRWH'],['God Gave Me You'],['Honey Bee'],0.00381000762001524,0.4225352112676057,43.776871756856934,1.714992844619836,1,1
['spotify:track:1yxgsra98r3qAtxqiGZPiX'],['spotify:track:6p8NuHm8uCGnn2Dtbtf7zE'],['Butterfly Effect'],['Slippery (feat. Gucci Mane)'],0.00381000762001524,0.4225352112676057,30.805946791862286,1.7079551720079051,1,1
['spotify:track:4uhvMW7ly7tJil31YYscAN'],['spotify:track:2ANLarE8yHVsLWW21nj79M'],['Erase Your Social'],['You Was Right'],0.00381000762001524,0.4225352112676057,29.97335363532547,1.707295390200537,1,1
['spotify:track:4uhvMW7ly7tJil31YYscAN'],['spotify:track:4Km5HrUvYTaSUfiSGPJeQR'],['Erase Your Social'],['Bad and Boujee (feat. Lil Uzi Vert)'],0.00381000762001524,0.4225352112676057,18.586828231961604,1.6923403359001843,1,1
['spotify:track:4uhvMW7ly7tJil31YYscAN'],['spotify:track:0B8QzDH7YWih85V5SEMnyJ'],['Erase Your Social'],['Money Longer'],0.00381000762001524,0.4225352112676057,31.093852836646047,1.7081750992770282,1,1
['spotify:track:1e1JKLEDKP7hEQzJfNAgPl'],['spotify:track:7KXjTSCq5nL1LoYtL7XAwS'],['Magnolia'],['HUMBLE.'],0.00381000762001524,0.4166666666666667,16.486599664991626,1.6709604847781128,1,1
['spotify:track:1e1JKLEDKP7hEQzJfNAgPl'],['spotify:track:0VgkVdmE4gld66l8iyGjgx'],['Magnolia'],['Mask Off'],0.00381000762001524,0.4166666666666667,25.044529262086513,1.6857650858158861,1,1
['spotify:track:7JYsArznYOjX2jsrT3UEnL'],['spotify:track:7yyRTcZmCiyzzJlNzGC9Ol'],['OOOUUU'],['Broccoli (feat. Lil Yachty)'],0.00381000762001524,0.4166666666666667,14.712257100149477,1.665735331470663,1,1
['spotify:track:4gmmRb6bZJffOOiww1JGTO'],['spotify:track:4Km5HrUvYTaSUfiSGPJeQR'],['No Heart'],['Bad and Boujee (feat. Lil Uzi Vert)'],0.00381000762001524,0.410958904109589,18.077600061222928,1.6590811088598922,1,1
['spotify:track:4wFUdSCer8bdQsrp1M90sa'],['spotify:track:3b7CDTKB0SRTmQ6ytYi5vZ'],"[""Highway Don't Care""]",['Drunk On You'],0.00381000762001524,0.410958904109589,35.55923528526268,1.678054356108712,1,1
['spotify:track:5uqphUYsR45kPYplrYSAQh'],['spotify:track:1Ser4X0TKttOvo8bgdytTP'],['Throw Sum Mo'],['Come Get Her'],0.00381000762001524,0.4054054054054054,25.952537903757413,1.6555464474565311,1,1
['spotify:track:5aj0xPGiEUN3aI2oOYu14S'],['spotify:track:6eYYm2xwrvdav2yakF3cqg'],"[""I Don't Dance""]",['Leave The Night On'],0.00381000762001524,0.4,32.138775510204084,1.6459232918465836,1,1
"['spotify:track:1yEwEiTpsaPhQi9lb5EVV4', 'spotify:track:3ts6xK5GzfMAAriT9AIBmP']",['spotify:track:4dGJf1SER1T6ooX46vwzRB'],"['Knee Deep (feat. Jimmy Buffett)', 'Barefoot Blue Jean Night']",['Chicken Fried'],0.003683007366014732,0.8055555555555556,50.74355555555556,5.061214122428245,2,1
"['spotify:track:2Fk0WwAqTBesLtKg97nojy', 'spotify:track:6eYYm2xwrvdav2yakF3cqg']",['spotify:track:2FviG1Ma0M0BSZbqaDvw0x'],"['Crash And Burn', 'Leave The Night On']",['House Party'],0.003683007366014732,0.8055555555555556,56.1322517207473,5.0690518523894195,2,1
"['spotify:track:2Fk0WwAqTBesLtKg97nojy', 'spotify:track:2FviG1Ma0M0BSZbqaDvw0x']",['spotify:track:6eYYm2xwrvdav2yakF3cqg'],"['Crash And Burn', 'House Party']",['Leave The Night On'],0.003683007366014732,0.7837837837837837,62.97462768891339,4.567437134874267,2,1
"['spotify:track:3b7CDTKB0SRTmQ6ytYi5vZ', 'spotify:track:5HGibWoxnkYSkl6mHmAlOE']",['spotify:track:03fT3OHB9KyMtGMt2zwqCT'],"['Drunk On You', ""That's My Kind Of Night""]",['Play It Again'],0.003683007366014732,0.7073170731707317,50.631042128603106,3.3689357378714755,2,1
"['spotify:track:03fT3OHB9KyMtGMt2zwqCT', 'spotify:track:3b7CDTKB0SRTmQ6ytYi5vZ']",['spotify:track:5HGibWoxnkYSkl6mHmAlOE'],"['Play It Again', 'Drunk On You']","[""That's My Kind Of Night""]",0.003683007366014732,0.6904761904761904,52.27701465201464,3.188097145425059,2,1
"['spotify:track:3ts6xK5GzfMAAriT9AIBmP', 'spotify:track:4dGJf1SER1T6ooX46vwzRB']",['spotify:track:1yEwEiTpsaPhQi9lb5EVV4'],"['Barefoot Blue Jean Night', 'Chicken Fried']",['Knee Deep (feat. Jimmy Buffett)'],0.003683007366014732,0.6444444444444444,51.779138321995454,2.777495554991109,2,1
"['spotify:track:2FviG1Ma0M0BSZbqaDvw0x', 'spotify:track:6eYYm2xwrvdav2yakF3cqg']",['spotify:track:2Fk0WwAqTBesLtKg97nojy'],"['House Party', 'Leave The Night On']",['Crash And Burn'],0.003683007366014732,0.58,51.896818181818176,2.3543428039237027,2,1
"['spotify:track:03fT3OHB9KyMtGMt2zwqCT', 'spotify:track:5HGibWoxnkYSkl6mHmAlOE']",['spotify:track:3b7CDTKB0SRTmQ6ytYi5vZ'],"['Play It Again', ""That's My Kind Of Night""]",['Drunk On You'],0.003683007366014732,0.5686274509803921,49.20189614307261,2.291390537326529,2,1
['spotify:track:498ZVInMGDkmmNVpSWqHiZ'],['spotify:track:0BCy325UZyR9z0t0uxwn2N'],['May We All'],['H.O.L.Y.'],0.003683007366014732,0.5686274509803921,44.330421277421856,2.2884464405292446,1,1
['spotify:track:03LpkqucyYKcYclDs8HuxO'],['spotify:track:2FviG1Ma0M0BSZbqaDvw0x'],"['John Cougar, John Deere, John 3:16']",['House Party'],0.003683007366014732,0.5576923076923077,38.860789652825055,2.2284237611953484,1,1
['spotify:track:2EvddT8rcO99bKH0rDHAYG'],['spotify:track:6eYYm2xwrvdav2yakF3cqg'],['We Are Tonight'],['Leave The Night On'],0.003683007366014732,0.537037037037037,43.14928193499621,2.133116586233172,1,1
['spotify:track:0H9Q7Vzu8nYRDBZYKbtU8d'],['spotify:track:6eYYm2xwrvdav2yakF3cqg'],['Sippin’ On Fire'],['Leave The Night On'],0.003683007366014732,0.5087719298245614,40.87826709631221,2.0103777350411844,1,1
['spotify:track:4pbJqGIASGPr0ZpGpnWkDn'],['spotify:track:5vdp5UmvTsnMEMESIF2Ym7'],['We Will Rock You - Remastered'],['Another One Bites The Dust - Remastered 2011'],0.003683007366014732,0.5,46.31764705882353,1.9784099568199136,1,1
['spotify:track:4pbJqGIASGPr0ZpGpnWkDn'],['spotify:track:1AhDOtG9vPSOmsWgNW0BEY'],['We Will Rock You - Remastered'],['Bohemian Rhapsody - Remastered 2011'],0.003683007366014732,0.5,24.153374233128833,1.9585979171958343,1,1
['spotify:track:4YR6Dextuoc3I8nJ0XgzKI'],['spotify:track:4bHsxqR3GMrXTxEPLuK5ue'],['Footloose'],"[""Don't Stop Believin'""]",0.003683007366014732,0.5,27.72535211267606,1.9639319278638556,1,1
"['spotify:track:1yEwEiTpsaPhQi9lb5EVV4', 'spotify:track:4dGJf1SER1T6ooX46vwzRB']",['spotify:track:3ts6xK5GzfMAAriT9AIBmP'],"['Knee Deep (feat. Jimmy Buffett)', 'Chicken Fried']",['Barefoot Blue Jean Night'],0.003683007366014732,0.4915254237288135,37.214146023468054,1.940690881381763,2,1
['spotify:track:2zvot9pY2FNl1E94kc4K8M'],['spotify:track:4BGJSbB5rAcg4pNzD4gfxU'],"[""Rocket Man (I Think It's Going To Be A Long Long Time)""]",['Tiny Dancer'],0.003683007366014732,0.48333333333333334,46.98477366255144,1.915573508566372,1,1
['spotify:track:10Nmj3JCNoMeBQ87uw5j8k'],['spotify:track:2aibwv5hGXSgw7Yru8IYTO'],['Dani California'],['Snow (Hey Oh) - Hey Oh Album Version'],0.003683007366014732,0.48333333333333334,49.42554112554112,1.9165567363392793,1,1
['spotify:track:7fSGbZLhWlAiCC3HDPAULu'],['spotify:track:0wzABO1igQsSy8cQ7dIeHK'],"[""(I Can't Get No) Satisfaction - Mono Version / Remastered 2002""]",['Paint It Black'],0.003683007366014732,0.47540983606557374,61.36683687180865,1.8914822517145033,1,1
['spotify:track:0wzABO1igQsSy8cQ7dIeHK'],['spotify:track:7fSGbZLhWlAiCC3HDPAULu'],['Paint It Black'],"[""(I Can't Get No) Satisfaction - Mono Version / Remastered 2002""]",0.003683007366014732,0.47540983606557374,61.36683687180865,1.8914822517145033,1,1
['spotify:track:4PJXT82AZtlDW4Q71b43oz'],['spotify:track:6eYYm2xwrvdav2yakF3cqg'],"[""Whatever She's Got""]",['Leave The Night On'],0.003683007366014732,0.47540983606557374,38.197724991635994,1.88252476504953,1,1
['spotify:track:6kZFIsYCBeuH0f1zGk1UoM'],['spotify:track:4CJVkjo5WpmUAKp3R44LNb'],['Simple Man'],['Sweet Home Alabama'],0.003683007366014732,0.46774193548387094,27.281481481481478,1.8465759961822956,1,1
['spotify:track:4yugZvBYaoREkJKtbG08Qr'],['spotify:track:40riOy7x9W7GXjyGp4pjAv'],['Take It Easy'],['Hotel California - Remastered'],0.003683007366014732,0.46774193548387094,32.02608695652174,1.8513481269386782,1,1
['spotify:track:6IFPfV8PNSYOmufzQ95hmm'],['spotify:track:2FviG1Ma0M0BSZbqaDvw0x'],['Confession'],['House Party'],0.003683007366014732,0.4603174603174603,32.075572411855596,1.8263495644638346,1,1
['spotify:track:3JtmRIkVK95rmf4kWKA3ON'],['spotify:track:0H04yVa3DJxoXbLBpAb7iV'],['Stay A Little Longer'],"[""I'm Comin' Over""]",0.003683007366014732,0.453125,45.742387820512825,1.8104575637722704,1,1
['spotify:track:4ly1QBXEwYoDmje9rmEgC4'],['spotify:track:5ZManJDV3CexO66nRCkdiV'],['Head Over Boots'],['Break Up with Him'],0.003683007366014732,0.4461538461538461,45.03865877712032,1.787669686450484,1,1
['spotify:track:0El2Zyt68nYySFDG87hZgM'],['spotify:track:1soxUgYIZb1qx1c7o1Lc7z'],['Sun Daze'],['Drunk On A Plane'],0.003683007366014732,0.4461538461538461,35.847095761381475,1.7830835661671323,1,1
['spotify:track:5dNGORzxFb5z3v7vSAFkTU'],['spotify:track:6eYYm2xwrvdav2yakF3cqg'],"[""Beachin'""]",['Leave The Night On'],0.003683007366014732,0.4461538461538461,35.847095761381475,1.7830835661671323,1,1
['spotify:track:6aNwDe5YH5YUPlpHkku52w'],['spotify:track:4dGJf1SER1T6ooX46vwzRB'],['Sunshine & Whiskey'],['Chicken Fried'],0.003683007366014732,0.43939393939393934,27.67830303030303,1.7554661595809675,1,1
['spotify:track:6SwRhMLwNqEi6alNPVG00n'],['spotify:track:6PGoSes0D9eUDeeAafB2As'],['LOYALTY. FEAT. RIHANNA.'],['LOVE. FEAT. ZACARI.'],0.003683007366014732,0.43939393939393934,41.18795093795093,1.7647543403194912,1,1
['spotify:track:22DKsoYFV5npPXmnPpXL7i'],['spotify:track:27GmP9AWRs744SzKcpJsTZ'],['Watch Out'],['Jumpman'],0.003683007366014732,0.41428571428571426,16.643294460641396,1.6648184515881226,1,1
['spotify:track:12d5QFwzh60IIHlsSnAvps'],['spotify:track:5InOp6q2vvx0fShv3bzFLZ'],['10 Bands'],['Know Yourself'],0.003683007366014732,0.4084507042253521,41.7680629229925,1.6739449907471242,1,1
['spotify:track:1yxgsra98r3qAtxqiGZPiX'],['spotify:track:2fQrGHiQOvpL9UgPvtYy6G'],['Butterfly Effect'],['Bank Account'],0.003683007366014732,0.4084507042253521,41.23257493680029,1.673730299841552,1,1
['spotify:track:6Ymvlzom4TQeoKqAWsZRD8'],['spotify:track:05ZACkzW8YbRq3eFgIfSNB'],"[""Somethin' 'Bout A Truck""]",['Springsteen'],0.003683007366014732,0.4084507042253521,26.14748654528799,1.6640692090907991,1,1
['spotify:track:0Nu9WA8kEbBWEsay2s8Q0U'],['spotify:track:0i5el041vd6nxrGEU8QRxy'],['Even If It Breaks Your Heart'],['Cruise'],0.003683007366014732,0.4084507042253521,28.461423407702856,1.666216118146522,1,1
['spotify:track:0Nu9WA8kEbBWEsay2s8Q0U'],['spotify:track:3xdjjKMcMOFgo1eQrfbogM'],['Even If It Breaks Your Heart'],['Wagon Wheel'],0.003683007366014732,0.4084507042253521,28.461423407702856,1.666216118146522,1,1
"['spotify:track:3ts6xK5GzfMAAriT9AIBmP', 'spotify:track:5kjyiH6but1t2UDXq15aeS']",['spotify:track:4dGJf1SER1T6ooX46vwzRB'],"['Barefoot Blue Jean Night', 'Toes']",['Chicken Fried'],0.003556007112014224,0.8750000000000001,55.11800000000001,7.872999745999499,2,1
"['spotify:track:03fT3OHB9KyMtGMt2zwqCT', 'spotify:track:1yEwEiTpsaPhQi9lb5EVV4']",['spotify:track:4dGJf1SER1T6ooX46vwzRB'],"['Play It Again', 'Knee Deep (feat. Jimmy Buffett)']",['Chicken Fried'],0.003556007112014224,0.7777777777777778,48.99377777777778,4.428562357124714,2,1
"['spotify:track:5kNe7PE09d6Kvw5pAsx23n', 'spotify:track:7vWGeYZJUzBXKGPro05UXS']",['spotify:track:2FviG1Ma0M0BSZbqaDvw0x'],"['Die A Happy Man', 'Take Your Time']",['House Party'],0.003556007112014224,0.7567567567567567,52.731882324802676,4.052112437558208,2,1
"['spotify:track:2N3F1EQCpnIeDOA3rLSAfE', 'spotify:track:7vWGeYZJUzBXKGPro05UXS']",['spotify:track:6eYYm2xwrvdav2yakF3cqg'],"['Break Up In A Small Town', 'Take Your Time']",['Leave The Night On'],0.003556007112014224,0.736842105263158,59.203007518796994,3.752705105410212,2,1
"['spotify:track:2N3F1EQCpnIeDOA3rLSAfE', 'spotify:track:6eYYm2xwrvdav2yakF3cqg']",['spotify:track:7vWGeYZJUzBXKGPro05UXS'],"['Break Up In A Small Town', 'Leave The Night On']",['Take Your Time'],0.003556007112014224,0.6829268292682927,55.43676137792306,3.114993845372307,2,1
"['spotify:track:03fT3OHB9KyMtGMt2zwqCT', 'spotify:track:4dGJf1SER1T6ooX46vwzRB']",['spotify:track:1yEwEiTpsaPhQi9lb5EVV4'],"['Play It Again', 'Chicken Fried']",['Knee Deep (feat. Jimmy Buffett)'],0.003556007112014224,0.6666666666666666,53.56462585034013,2.96266192532385,2,1
"['spotify:track:6eYYm2xwrvdav2yakF3cqg', 'spotify:track:7vWGeYZJUzBXKGPro05UXS']",['spotify:track:2N3F1EQCpnIeDOA3rLSAfE'],"['Leave The Night On', 'Take Your Time']",['Break Up In A Small Town'],0.003556007112014224,0.6222222222222222,58.32592592592592,2.61881994352224,2,1
"['spotify:track:3ts6xK5GzfMAAriT9AIBmP', 'spotify:track:4dGJf1SER1T6ooX46vwzRB']",['spotify:track:5kjyiH6but1t2UDXq15aeS'],"['Barefoot Blue Jean Night', 'Chicken Fried']",['Toes'],0.003556007112014224,0.6222222222222222,52.121040189125296,2.615458172092815,2,1
['spotify:track:59J5nzL1KniFHnU120dQzt'],['spotify:track:1e1JKLEDKP7hEQzJfNAgPl'],['wokeuplikethis*'],['Magnolia'],0.003556007112014224,0.5833333333333334,63.79398148148149,2.3780543561087124,1,1
"['spotify:track:2FviG1Ma0M0BSZbqaDvw0x', 'spotify:track:5kNe7PE09d6Kvw5pAsx23n']",['spotify:track:7vWGeYZJUzBXKGPro05UXS'],"['House Party', 'Die A Happy Man']",['Take Your Time'],0.003556007112014224,0.5833333333333334,47.35223367697595,2.370434340868682,2,1
['spotify:track:2WKCH4ISejDV9ad7iPp5XU'],['spotify:track:3ts6xK5GzfMAAriT9AIBmP'],['5-1-5-0'],['Barefoot Blue Jean Night'],0.003556007112014224,0.5833333333333334,44.1650641025641,2.3683007366014737,1,1
"['spotify:track:2FviG1Ma0M0BSZbqaDvw0x', 'spotify:track:7vWGeYZJUzBXKGPro05UXS']",['spotify:track:5kNe7PE09d6Kvw5pAsx23n'],"['House Party', 'Take Your Time']",['Die A Happy Man'],0.003556007112014224,0.5714285714285714,35.42857142857143,2.2956989247311825,2,1
['spotify:track:1HNs07uZxZniPNmniw2GTa'],['spotify:track:62vpWI1CHwFy7tMIcSStl8'],['Apparently'],['No Role Modelz'],0.003556007112014224,0.56,20.89781990521327,2.2118248781952112,1,1
['spotify:track:6NxsCnLeLd8Ai1TrgGxzIx'],['spotify:track:2LawezPeJhN4AWuSB0GtAU'],['Bad Moon Rising'],['Have You Ever Seen The Rain?'],0.003556007112014224,0.5490196078431373,53.37012829823287,2.1945809543793002,1,1
['spotify:track:76Y0gxtTxN0FyDCYh5qYQj'],['spotify:track:7KOlJ92bu51cltsD9KU5I7'],['Get Right Witcha'],['T-Shirt'],0.003556007112014224,0.5490196078431373,40.02759622367466,2.1869775043897914,1,1
['spotify:track:4Pn0JlCUusD2QHjADuOzuV'],['spotify:track:5kNe7PE09d6Kvw5pAsx23n'],['Humble And Kind'],['Die A Happy Man'],0.003556007112014224,0.5490196078431373,34.03921568627452,2.1816269284712484,1,1
['spotify:track:3xqF04FdMK7gpIPG3SPFpY'],['spotify:track:2Oehrcv4Kov0SuIgWyQY9e'],"[""It's Time""]",['Demons'],0.003556007112014224,0.4912280701754386,42.97699805068226,1.9430513343785307,1,1
['spotify:track:0O1x2tRm8ZpfDbcpOWZp7z'],['spotify:track:0BCy325UZyR9z0t0uxwn2N'],['American Country Love Song'],['H.O.L.Y.'],0.003556007112014224,0.4912280701754386,38.29633489664756,1.9403055013006576,1,1
['spotify:track:0Utg7sirTPqrs6Cx0FbriQ'],['spotify:track:4O1CExxinEpKZi3861NlTK'],"[""Chillin' It""]",['Get Me Some Of That'],0.003556007112014224,0.4827586206896552,45.79808890735355,1.9129540259080522,1,1
"['spotify:track:1yEwEiTpsaPhQi9lb5EVV4', 'spotify:track:4dGJf1SER1T6ooX46vwzRB']",['spotify:track:03fT3OHB9KyMtGMt2zwqCT'],"['Knee Deep (feat. Jimmy Buffett)', 'Chicken Fried']",['Play It Again'],0.003556007112014224,0.4745762711864407,33.971032357473035,1.8766376887592489,2,1
"['spotify:track:4dGJf1SER1T6ooX46vwzRB', 'spotify:track:5kjyiH6but1t2UDXq15aeS']",['spotify:track:3ts6xK5GzfMAAriT9AIBmP'],"['Chicken Fried', 'Toes']",['Barefoot Blue Jean Night'],0.003556007112014224,0.46666666666666673,35.33205128205129,1.8502349504699014,2,1
['spotify:track:5yIiXdLRE85OBiQmCaUenq'],['spotify:track:3b7CDTKB0SRTmQ6ytYi5vZ'],['Sure Be Cool If You Did'],['Drunk On You'],0.003556007112014224,0.46666666666666673,40.379487179487185,1.8533305816611636,1,1
['spotify:track:5S5rw0WLVCAux5B5bWCehK'],['spotify:track:0BCy325UZyR9z0t0uxwn2N'],['I Like The Sound Of That'],['H.O.L.Y.'],0.003556007112014224,0.46666666666666673,36.381518151815186,1.850949326898654,1,1
['spotify:track:0cV4xwUA4ue2deqq4CZFko'],['spotify:track:5HGibWoxnkYSkl6mHmAlOE'],"[""I Don't Want This Night to End""]","[""That's My Kind Of Night""]",0.003556007112014224,0.45901639344262296,34.75283732660782,1.8240700117763875,1,1
['spotify:track:5tFep7dXGd7vEJ668wTPux'],['spotify:track:6p8NuHm8uCGnn2Dtbtf7zE'],['Both (feat. Drake)'],['Slippery (feat. Gucci Mane)'],0.003556007112014224,0.45901639344262296,33.465695203400124,1.8231309795952926,1,1
['spotify:track:7fSGbZLhWlAiCC3HDPAULu'],['spotify:track:4CJVkjo5WpmUAKp3R44LNb'],"[""(I Can't Get No) Satisfaction - Mono Version / Remastered 2002""]",['Sweet Home Alabama'],0.003556007112014224,0.45901639344262296,26.772556162720097,1.8167925123729038,1,1
['spotify:track:4PJXT82AZtlDW4Q71b43oz'],['spotify:track:4O1CExxinEpKZi3861NlTK'],"[""Whatever She's Got""]",['Get Me Some Of That'],0.003556007112014224,0.45901639344262296,43.54572387912305,1.8289999307271345,1,1
['spotify:track:4ckuS4Nj4FZ7i3Def3Br8W'],['spotify:track:343YBumqHu19cGoGARUTsd'],['Sneakin’'],['Fake Love'],0.003556007112014224,0.4516129032258065,22.649681528662423,1.7871699861046781,1,1
['spotify:track:69DR48pXzSabFUfQfDDJDb'],['spotify:track:2Fk0WwAqTBesLtKg97nojy'],['Make Me Wanna'],['Crash And Burn'],0.003556007112014224,0.4516129032258065,40.40909090909091,1.8031496062992127,1,1
['spotify:track:69DR48pXzSabFUfQfDDJDb'],['spotify:track:3ts6xK5GzfMAAriT9AIBmP'],['Make Me Wanna'],['Barefoot Blue Jean Night'],0.003556007112014224,0.4516129032258065,34.19230769230769,1.7994441871236686,1,1
['spotify:track:6IFPfV8PNSYOmufzQ95hmm'],['spotify:track:5ZManJDV3CexO66nRCkdiV'],['Confession'],['Break Up with Him'],0.003556007112014224,0.4444444444444444,44.86609686609687,1.7821691643383286,1,1
['spotify:track:6IFPfV8PNSYOmufzQ95hmm'],['spotify:track:2Fk0WwAqTBesLtKg97nojy'],['Confession'],['Crash And Burn'],0.003556007112014224,0.4444444444444444,39.76767676767676,1.7798831597663194,1,1
['spotify:track:6IFPfV8PNSYOmufzQ95hmm'],['spotify:track:1soxUgYIZb1qx1c7o1Lc7z'],['Confession'],['Drunk On A Plane'],0.003556007112014224,0.4444444444444444,35.70975056689342,1.7775971551943102,1,1
['spotify:track:1jNNHFZmRGXZFHlil5uhei'],['spotify:track:6eYYm2xwrvdav2yakF3cqg'],['Drunk On Your Love'],['Leave The Night On'],0.003556007112014224,0.4444444444444444,35.70975056689342,1.7775971551943102,1,1
['spotify:track:3JtmRIkVK95rmf4kWKA3ON'],['spotify:track:5ZManJDV3CexO66nRCkdiV'],['Stay A Little Longer'],['Break Up with Him'],0.003556007112014224,0.43750000000000006,44.16506410256411,1.7601670758897072,1,1
['spotify:track:6aNwDe5YH5YUPlpHkku52w'],['spotify:track:1dgWTMoHwTUnQhOQ8SR5fV'],['Sunshine & Whiskey'],['American Kids'],0.003556007112014224,0.42424242424242425,36.30961791831357,1.7165488015186559,1,1
['spotify:track:4qikXelSRKvoCqFcHLB2H2'],['spotify:track:2KpCpk6HjXXLb7nnXoXA5O'],['Mercy'],['Ni**as In Paris'],0.003556007112014224,0.417910447761194,21.093761959433603,1.6839126498765817,1,1
['spotify:track:39FwE8edwuyiaa4PrGBkP7'],['spotify:track:4dGJf1SER1T6ooX46vwzRB'],"[""Boys 'Round Here (feat. Pistol Annies & Friends)""]",['Chicken Fried'],0.003556007112014224,0.417910447761194,26.325014925373136,1.690676227506301,1,1
['spotify:track:2qYsSHsYkihWx043HVJQRV'],['spotify:track:6s9ICeczYOfbHHIaSMq9jd'],['Dirt Road Anthem'],['Get Your Shine On'],0.003556007112014224,0.411764705882353,36.4296100462657,1.6807848615697234,1,1
['spotify:track:2qYsSHsYkihWx043HVJQRV'],['spotify:track:0i5el041vd6nxrGEU8QRxy'],['Dirt Road Anthem'],['Cruise'],0.003556007112014224,0.411764705882353,28.692347735554403,1.6756032512065027,1,1
['spotify:track:2qYsSHsYkihWx043HVJQRV'],['spotify:track:3b7CDTKB0SRTmQ6ytYi5vZ'],['Dirt Road Anthem'],['Drunk On You'],0.003556007112014224,0.411764705882353,35.6289592760181,1.6803530607061217,1,1
['spotify:track:7I5fYc4qKJddht8Ozhqqdx'],['spotify:track:5ZManJDV3CexO66nRCkdiV'],['Snapback'],['Break Up with Him'],0.003556007112014224,0.4057971014492754,40.96469713861019,1.666255722755348,1,1
['spotify:track:7I5fYc4qKJddht8Ozhqqdx'],['spotify:track:7vWGeYZJUzBXKGPro05UXS'],['Snapback'],['Take Your Time'],0.003556007112014224,0.4057971014492754,32.94068429702675,1.6621948121945025,1,1
['spotify:track:7I5fYc4qKJddht8Ozhqqdx'],['spotify:track:6eYYm2xwrvdav2yakF3cqg'],['Snapback'],['Leave The Night On'],0.003556007112014224,0.4057971014492754,32.60455486542443,1.661981080059721,1,1
['spotify:track:7I5fYc4qKJddht8Ozhqqdx'],['spotify:track:2FviG1Ma0M0BSZbqaDvw0x'],['Snapback'],['House Party'],0.003556007112014224,0.4057971014492754,28.276516608952164,1.658775098038001,1,1
['spotify:track:6GBUsjHfZuweYf5lQEz6mP'],['spotify:track:5HGibWoxnkYSkl6mHmAlOE'],['Crash My Party'],"[""That's My Kind Of Night""]",0.003556007112014224,0.4057971014492754,30.72352285395764,1.6606986872510332,1,1
"['spotify:track:1soxUgYIZb1qx1c7o1Lc7z', 'spotify:track:2FviG1Ma0M0BSZbqaDvw0x']",['spotify:track:5kNe7PE09d6Kvw5pAsx23n'],"['Drunk On A Plane', 'House Party']",['Die A Happy Man'],0.003429006858013716,0.7941176470588236,49.235294117647065,4.778801843317974,2,1
"['spotify:track:2N3F1EQCpnIeDOA3rLSAfE', 'spotify:track:7vWGeYZJUzBXKGPro05UXS']",['spotify:track:2FviG1Ma0M0BSZbqaDvw0x'],"['Break Up In A Small Town', 'Take Your Time']",['House Party'],0.003429006858013716,0.7105263157894737,49.51047973917094,3.4049691735747105,2,1
"['spotify:track:0B8QzDH7YWih85V5SEMnyJ', 'spotify:track:6fwdbPMwP1zVStm8FybmkO']",['spotify:track:2ANLarE8yHVsLWW21nj79M'],"['Money Longer', 'X (feat. Future)']",['You Was Right'],0.003429006858013716,0.6923076923076924,49.11018711018712,3.204184658369318,2,1
"['spotify:track:2ANLarE8yHVsLWW21nj79M', 'spotify:track:6fwdbPMwP1zVStm8FybmkO']",['spotify:track:0B8QzDH7YWih85V5SEMnyJ'],"['You Was Right', 'X (feat. Future)']",['Money Longer'],0.003429006858013716,0.6923076923076924,50.94608195542776,3.2058356616713244,2,1
"['spotify:track:03fT3OHB9KyMtGMt2zwqCT', 'spotify:track:2TR7A4ulH9R1PNwMyd8o8U']",['spotify:track:5HGibWoxnkYSkl6mHmAlOE'],"['Play It Again', 'This Is How We Roll']","[""That's My Kind Of Night""]",0.003429006858013716,0.6585365853658537,49.858818011257036,2.88989077978156,2,1
"['spotify:track:2FviG1Ma0M0BSZbqaDvw0x', 'spotify:track:2N3F1EQCpnIeDOA3rLSAfE']",['spotify:track:7vWGeYZJUzBXKGPro05UXS'],"['House Party', 'Break Up In A Small Town']",['Take Your Time'],0.003429006858013716,0.6428571428571428,52.1840942562592,2.7655067310134616,2,1
"['spotify:track:2TR7A4ulH9R1PNwMyd8o8U', 'spotify:track:5HGibWoxnkYSkl6mHmAlOE']",['spotify:track:03fT3OHB9KyMtGMt2zwqCT'],"['This Is How We Roll', ""That's My Kind Of Night""]",['Play It Again'],0.003429006858013716,0.6428571428571428,46.016883116883115,2.760883921767843,2,1
"['spotify:track:1soxUgYIZb1qx1c7o1Lc7z', 'spotify:track:5kNe7PE09d6Kvw5pAsx23n']",['spotify:track:2FviG1Ma0M0BSZbqaDvw0x'],"['Drunk On A Plane', 'Die A Happy Man']",['House Party'],0.003429006858013716,0.6136363636363636,42.75905068382945,2.551091455124087,2,1
['spotify:track:1XazlqB4YAtvouCmJPWXlM'],['spotify:track:5kNe7PE09d6Kvw5pAsx23n'],['Wanna Be That Song'],['Die A Happy Man'],0.003429006858013716,0.574468085106383,35.61702127659575,2.3120967741935488,1,1
['spotify:track:5HJId22hZ2IvFnvNSy6ZbE'],['spotify:track:0O1x2tRm8ZpfDbcpOWZp7z'],['Different For Girls'],['American Country Love Song'],0.003429006858013716,0.574468085106383,79.35722284434492,2.3329883159766323,1,1
"['spotify:track:2FviG1Ma0M0BSZbqaDvw0x', 'spotify:track:5kNe7PE09d6Kvw5pAsx23n']",['spotify:track:1soxUgYIZb1qx1c7o1Lc7z'],"['House Party', 'Die A Happy Man']",['Drunk On A Plane'],0.003429006858013716,0.5625,45.19515306122449,2.257266228818172,2,1
"['spotify:track:2FviG1Ma0M0BSZbqaDvw0x', 'spotify:track:7vWGeYZJUzBXKGPro05UXS']",['spotify:track:2N3F1EQCpnIeDOA3rLSAfE'],"['House Party', 'Take Your Time']",['Break Up In A Small Town'],0.003429006858013716,0.5510204081632653,51.651603498542265,2.2035121342969957,2,1
['spotify:track:6zkHymyoD3tIqV7RwCAYUw'],['spotify:track:0BCy325UZyR9z0t0uxwn2N'],['Sleep Without You'],['H.O.L.Y.'],0.003429006858013716,0.5294117647058824,41.273150844496215,2.0977425704851407,1,1
['spotify:track:6UjfByV1lDLW0SOVQA4NAi'],['spotify:track:2bjwRfXMk4uRgOD9IBYl9h'],['Gyalchester'],['Portland'],0.003429006858013716,0.5294117647058824,49.042214532871974,2.1020605791211584,1,1
"['spotify:track:03fT3OHB9KyMtGMt2zwqCT', 'spotify:track:5HGibWoxnkYSkl6mHmAlOE']",['spotify:track:2TR7A4ulH9R1PNwMyd8o8U'],"['Play It Again', ""That's My Kind Of Night""]",['This Is How We Roll'],0.003429006858013716,0.5294117647058824,41.68588235294118,2.0980124460248923,2,1
['spotify:track:1qxINnTuff87Pj1lvKbGxy'],['spotify:track:2TR7A4ulH9R1PNwMyd8o8U'],['Ready Set Roll'],['This Is How We Roll'],0.003429006858013716,0.5294117647058824,41.68588235294118,2.0980124460248923,1,1
"['spotify:track:0B8QzDH7YWih85V5SEMnyJ', 'spotify:track:2ANLarE8yHVsLWW21nj79M']",['spotify:track:6fwdbPMwP1zVStm8FybmkO'],"['Money Longer', 'You Was Right']",['X (feat. Future)'],0.003429006858013716,0.5094339622641509,31.835579514824797,2.0058420116840234,2,1
['spotify:track:2EvddT8rcO99bKH0rDHAYG'],['spotify:track:5HGibWoxnkYSkl6mHmAlOE'],['We Are Tonight'],"[""That's My Kind Of Night""]",0.003429006858013716,0.5,37.85576923076923,1.9735839471678944,1,1
['spotify:track:2EvddT8rcO99bKH0rDHAYG'],['spotify:track:03fT3OHB9KyMtGMt2zwqCT'],['We Are Tonight'],['Play It Again'],0.003429006858013716,0.5,35.79090909090909,1.9720599441198883,1,1
['spotify:track:0H9Q7Vzu8nYRDBZYKbtU8d'],['spotify:track:0El2Zyt68nYySFDG87hZgM'],['Sippin’ On Fire'],['Sun Daze'],0.003429006858013716,0.4736842105263158,57.38137651821863,1.8843154686309374,1,1
['spotify:track:6aUhfNWYnMThF3TGtuYUUu'],['spotify:track:05ZACkzW8YbRq3eFgIfSNB'],['How Country Feels'],['Springsteen'],0.003429006858013716,0.4736842105263158,30.323491655969196,1.8703200406400813,1,1
['spotify:track:0O1x2tRm8ZpfDbcpOWZp7z'],['spotify:track:5kNe7PE09d6Kvw5pAsx23n'],['American Country Love Song'],['Die A Happy Man'],0.003429006858013716,0.4736842105263158,29.368421052631582,1.8693548387096774,1,1
['spotify:track:0O1x2tRm8ZpfDbcpOWZp7z'],['spotify:track:6xHI9KjUjYT0FPtGO8Mxa1'],['American Country Love Song'],['Hurricane'],0.003429006858013716,0.4736842105263158,59.203007518796994,1.8847980695961395,1,1
['spotify:track:0O1x2tRm8ZpfDbcpOWZp7z'],['spotify:track:7I5fYc4qKJddht8Ozhqqdx'],['American Country Love Song'],['Snapback'],0.003429006858013716,0.4736842105263158,54.05491990846682,1.8833502667005335,1,1
['spotify:track:0O1x2tRm8ZpfDbcpOWZp7z'],['spotify:track:5HJId22hZ2IvFnvNSy6ZbE'],['American Country Love Song'],['Different For Girls'],0.003429006858013716,0.4736842105263158,79.3572228443449,1.8886588773177546,1,1
['spotify:track:3un2KQUaQ2brEpd8dK93wI'],['spotify:track:4O1CExxinEpKZi3861NlTK'],['Beat Of The Music'],['Get Me Some Of That'],0.003429006858013716,0.4736842105263158,44.93722257450856,1.87997205994412,1,1
['spotify:track:1dv3ePjze9tPq2pk8eWJdR'],['spotify:track:7fSGbZLhWlAiCC3HDPAULu'],['Gimme Shelter'],"[""(I Can't Get No) Satisfaction - Mono Version / Remastered 2002""]",0.003429006858013716,0.4655172413793104,60.089881288863765,1.8564733258498776,1,1
['spotify:track:5yIiXdLRE85OBiQmCaUenq'],['spotify:track:05ZACkzW8YbRq3eFgIfSNB'],['Sure Be Cool If You Did'],['Springsteen'],0.003429006858013716,0.45,28.807317073170733,1.7897799431962498,1,1
['spotify:track:5S5rw0WLVCAux5B5bWCehK'],['spotify:track:2N3F1EQCpnIeDOA3rLSAfE'],['I Like The Sound Of That'],['Break Up In A Small Town'],0.003429006858013716,0.45,42.18214285714286,1.7987854157526495,1,1
['spotify:track:69XcvSymPaTke2Qb6f3W6P'],['spotify:track:4dGJf1SER1T6ooX46vwzRB'],['Loving You Easy'],['Chicken Fried'],0.003429006858013716,0.45,28.346400000000003,1.7893181240907934,1,1
['spotify:track:69XcvSymPaTke2Qb6f3W6P'],['spotify:track:2FviG1Ma0M0BSZbqaDvw0x'],['Loving You Easy'],['House Party'],0.003429006858013716,0.45,31.356637168141596,1.7920890387235318,1,1
['spotify:track:5nkYHBWXu7KCgcdwP6jcB1'],['spotify:track:2Z2vOukzwOgqR4dkymRSWd'],['What I Got'],['Santeria'],0.003429006858013716,0.4426229508196721,39.604694485842025,1.7740665481330964,1,1
['spotify:track:5ujh1I7NZH5agbwf7Hp8Hc'],['spotify:track:439TlnnznSiBbQbgXiBqAd'],['Swimming Pools (Drank) - Extended Version'],['m.A.A.d city'],0.003429006858013716,0.4426229508196721,23.548737261852015,1.7603953443201006,1,1
['spotify:track:0cV4xwUA4ue2deqq4CZFko'],['spotify:track:03fT3OHB9KyMtGMt2zwqCT'],"[""I Don't Want This Night to End""]",['Play It Again'],0.003429006858013716,0.4426229508196721,31.683755588673623,1.7690537734016647,1,1
['spotify:track:4PJXT82AZtlDW4Q71b43oz'],['spotify:track:1soxUgYIZb1qx1c7o1Lc7z'],"[""Whatever She's Got""]",['Drunk On A Plane'],0.003429006858013716,0.4426229508196721,35.56339913014386,1.7717880141642637,1,1
['spotify:track:7fSGbZLhWlAiCC3HDPAULu'],['spotify:track:1dv3ePjze9tPq2pk8eWJdR'],"[""(I Can't Get No) Satisfaction - Mono Version / Remastered 2002""]",['Gimme Shelter'],0.003429006858013716,0.4426229508196721,60.089881288863765,1.7809021500395943,1,1
['spotify:track:5SZ6zX4rOrEQferfFC2MfP'],['spotify:track:7o2CTH4ctstm8TNelqjb51'],['Walk This Way'],"[""Sweet Child O' Mine""]",0.003429006858013716,0.43548387096774194,32.34905660377358,1.747581552305962,1,1
['spotify:track:47x1F4HyX7LafFgxtoa19P'],['spotify:track:4gFXY5yvHayGckJndafYQE'],['Kiss Kiss'],"[""Buy U a Drank (Shawty Snappin')""]",0.003429006858013716,0.43548387096774194,26.175572519083968,1.7419572553430824,1,1
['spotify:track:69DR48pXzSabFUfQfDDJDb'],['spotify:track:2FviG1Ma0M0BSZbqaDvw0x'],['Make Me Wanna'],['House Party'],0.003429006858013716,0.43548387096774194,30.345132743362832,1.7460067491563556,1,1
['spotify:track:69DR48pXzSabFUfQfDDJDb'],['spotify:track:1soxUgYIZb1qx1c7o1Lc7z'],['Make Me Wanna'],['Drunk On A Plane'],0.003429006858013716,0.43548387096774194,34.98979591836734,1.7493813273340832,1,1
['spotify:track:2MYl0er3UZ1RlKwRb5LODh'],['spotify:track:439TlnnznSiBbQbgXiBqAd'],['A.D.H.D'],['m.A.A.d city'],0.003429006858013716,0.42857142857142855,22.8011583011583,1.7171069342138685,1,1
['spotify:track:6IFPfV8PNSYOmufzQ95hmm'],['spotify:track:2N3F1EQCpnIeDOA3rLSAfE'],['Confession'],['Break Up In A Small Town'],0.003429006858013716,0.42857142857142855,40.1734693877551,1.7313309626619253,1,1
['spotify:track:6IFPfV8PNSYOmufzQ95hmm'],['spotify:track:2TR7A4ulH9R1PNwMyd8o8U'],['Confession'],['This Is How We Roll'],0.003429006858013716,0.42857142857142855,33.745714285714286,1.7277749555499113,1,1
['spotify:track:6xHI9KjUjYT0FPtGO8Mxa1'],['spotify:track:0O1x2tRm8ZpfDbcpOWZp7z'],['Hurricane'],['American Country Love Song'],0.003429006858013716,0.42857142857142855,59.20300751879699,1.7373317246634494,1,1
['spotify:track:1jNNHFZmRGXZFHlil5uhei'],['spotify:track:5ZManJDV3CexO66nRCkdiV'],['Drunk On Your Love'],['Break Up with Him'],0.003429006858013716,0.42857142857142855,43.26373626373626,1.7326644653289307,1,1
['spotify:track:3JtmRIkVK95rmf4kWKA3ON'],['spotify:track:5CG9Ps5ynNjpKJHmwc95pa'],['Stay A Little Longer'],['Somewhere On A Beach'],0.003429006858013716,0.42187500000000006,43.70847039473685,1.7130343449876089,1,1
['spotify:track:3JtmRIkVK95rmf4kWKA3ON'],['spotify:track:7I5fYc4qKJddht8Ozhqqdx'],['Stay A Little Longer'],['Snapback'],0.003429006858013716,0.42187500000000006,48.142663043478265,1.7145720777928042,1,1
['spotify:track:4ly1QBXEwYoDmje9rmEgC4'],['spotify:track:5CG9Ps5ynNjpKJHmwc95pa'],['Head Over Boots'],['Somewhere On A Beach'],0.003429006858013716,0.4153846153846154,43.03603238866397,1.6940162827694079,1,1
['spotify:track:4ly1QBXEwYoDmje9rmEgC4'],['spotify:track:1zWZvrk13cL8Sl3VLeG57F'],['Head Over Boots'],['T-Shirt'],0.003429006858013716,0.4153846153846154,39.4064874884152,1.6924956218333491,1,1
['spotify:track:0El2Zyt68nYySFDG87hZgM'],['spotify:track:0H9Q7Vzu8nYRDBZYKbtU8d'],['Sun Daze'],['Sippin’ On Fire'],0.003429006858013716,0.4153846153846154,57.38137651821863,1.6981437910244244,1,1
['spotify:track:5dNGORzxFb5z3v7vSAFkTU'],['spotify:track:6aNwDe5YH5YUPlpHkku52w'],"[""Beachin'""]",['Sunshine & Whiskey'],0.003429006858013716,0.4153846153846154,49.556643356643356,1.6961886555352061,1,1
['spotify:track:5dNGORzxFb5z3v7vSAFkTU'],['spotify:track:4dGJf1SER1T6ooX46vwzRB'],"[""Beachin'""]",['Chicken Fried'],0.003429006858013716,0.4153846153846154,26.165907692307695,1.6833716562169967,1,1
['spotify:track:5dNGORzxFb5z3v7vSAFkTU'],['spotify:track:1soxUgYIZb1qx1c7o1Lc7z'],"[""Beachin'""]",['Drunk On A Plane'],0.003429006858013716,0.4153846153846154,33.37488226059655,1.6892370626846518,1,1
['spotify:track:5QldjuXcxplhjjUqLrzl6H'],['spotify:track:0vaf64cpnqM7COUZZkoBig'],['Kids'],['Electric Feel'],0.003429006858013716,0.4090909090909091,46.683794466403164,1.6774779703405562,1,1
['spotify:track:6aNwDe5YH5YUPlpHkku52w'],['spotify:track:1yEwEiTpsaPhQi9lb5EVV4'],['Sunshine & Whiskey'],['Knee Deep (feat. Jimmy Buffett)'],0.003429006858013716,0.4090909090909091,32.86920222634508,1.6712451886442237,1,1
['spotify:track:6aNwDe5YH5YUPlpHkku52w'],['spotify:track:5dNGORzxFb5z3v7vSAFkTU'],['Sunshine & Whiskey'],"[""Beachin'""]",0.003429006858013716,0.4090909090909091,49.55664335664336,1.6783376643676367,1,1
['spotify:track:07GvNcU1WdyZJq3XxP0kZa'],['spotify:track:1AhDOtG9vPSOmsWgNW0BEY'],['Go Your Own Way - 2004 Remastered Edition'],['Bohemian Rhapsody - Remastered 2011'],0.003429006858013716,0.40298507462686567,19.466898635656076,1.6403257556515114,1,1
['spotify:track:39FwE8edwuyiaa4PrGBkP7'],['spotify:track:5kjyiH6but1t2UDXq15aeS'],"[""Boys 'Round Here (feat. Pistol Annies & Friends)""]",['Toes'],0.003429006858013716,0.40298507462686567,33.75643061289298,1.6550038100076203,1,1
"['spotify:track:0H04yVa3DJxoXbLBpAb7iV', 'spotify:track:6eYYm2xwrvdav2yakF3cqg']",['spotify:track:2FviG1Ma0M0BSZbqaDvw0x'],"[""I'm Comin' Over"", 'Leave The Night On']",['House Party'],0.003302006604013208,0.8666666666666667,60.39056047197641,7.392367284734571,2,1
"['spotify:track:05ZACkzW8YbRq3eFgIfSNB', 'spotify:track:1yEwEiTpsaPhQi9lb5EVV4']",['spotify:track:4dGJf1SER1T6ooX46vwzRB'],"['Springsteen', 'Knee Deep (feat. Jimmy Buffett)']",['Chicken Fried'],0.003302006604013208,0.7878787878787878,49.63006060606061,4.639446278892557,2,1
"['spotify:track:0H04yVa3DJxoXbLBpAb7iV', 'spotify:track:2FviG1Ma0M0BSZbqaDvw0x']",['spotify:track:6eYYm2xwrvdav2yakF3cqg'],"[""I'm Comin' Over"", 'House Party']",['Leave The Night On'],0.003302006604013208,0.7647058823529412,61.44177671068427,4.19710439420879,2,1
"['spotify:track:3xdjjKMcMOFgo1eQrfbogM', 'spotify:track:5kjyiH6but1t2UDXq15aeS']",['spotify:track:4dGJf1SER1T6ooX46vwzRB'],"['Wagon Wheel', 'Toes']",['Chicken Fried'],0.003302006604013208,0.7647058823529412,48.17035294117648,4.182531115062231,2,1
"['spotify:track:1yEwEiTpsaPhQi9lb5EVV4', 'spotify:track:3xdjjKMcMOFgo1eQrfbogM']",['spotify:track:4dGJf1SER1T6ooX46vwzRB'],"['Knee Deep (feat. Jimmy Buffett)', 'Wagon Wheel']",['Chicken Fried'],0.003302006604013208,0.7222222222222222,45.49422222222223,3.542849885699771,2,1
"['spotify:track:2FviG1Ma0M0BSZbqaDvw0x', 'spotify:track:5ZManJDV3CexO66nRCkdiV']",['spotify:track:5kNe7PE09d6Kvw5pAsx23n'],"['House Party', 'Break Up with Him']",['Die A Happy Man'],0.003302006604013208,0.7222222222222222,44.77777777777778,3.541935483870968,2,1
"['spotify:track:05ZACkzW8YbRq3eFgIfSNB', 'spotify:track:4dGJf1SER1T6ooX46vwzRB']",['spotify:track:1yEwEiTpsaPhQi9lb5EVV4'],"['Springsteen', 'Chicken Fried']",['Knee Deep (feat. Jimmy Buffett)'],0.003302006604013208,0.6842105263157895,54.97422126745435,3.127254254508509,2,1
"['spotify:track:0VgkVdmE4gld66l8iyGjgx', 'spotify:track:6p8NuHm8uCGnn2Dtbtf7zE']",['spotify:track:7KOlJ92bu51cltsD9KU5I7'],"['Mask Off', 'Slippery (feat. Gucci Mane)']",['T-Shirt'],0.003302006604013208,0.6842105263157895,49.88401559454191,3.123232579798493,2,1
"['spotify:track:3xdjjKMcMOFgo1eQrfbogM', 'spotify:track:4dGJf1SER1T6ooX46vwzRB']",['spotify:track:1yEwEiTpsaPhQi9lb5EVV4'],"['Wagon Wheel', 'Chicken Fried']",['Knee Deep (feat. Jimmy Buffett)'],0.003302006604013208,0.6341463414634146,50.95171727227476,2.699314198628397,2,1
"['spotify:track:0VgkVdmE4gld66l8iyGjgx', 'spotify:track:7KOlJ92bu51cltsD9KU5I7']",['spotify:track:6p8NuHm8uCGnn2Dtbtf7zE'],"['Mask Off', 'T-Shirt']",['Slippery (feat. Gucci Mane)'],0.003302006604013208,0.6341463414634146,46.23396567299006,2.6958428583523832,2,1
"['spotify:track:3xdjjKMcMOFgo1eQrfbogM', 'spotify:track:4dGJf1SER1T6ooX46vwzRB']",['spotify:track:5kjyiH6but1t2UDXq15aeS'],"['Wagon Wheel', 'Chicken Fried']",['Toes'],0.003302006604013208,0.6341463414634146,53.119875454073686,2.700702734738803,2,1
"['spotify:track:0v9Wz8o0BT8DU38R4ddjeH', 'spotify:track:5uDASfU19gDxSjW8cnCaBp']",['spotify:track:7yyRTcZmCiyzzJlNzGC9Ol'],"['No Problem (feat. Lil Wayne & 2 Chainz)', 'Chill Bill']",['Broccoli (feat. Lil Yachty)'],0.003302006604013208,0.6046511627906976,21.34988007091459,2.4577761508464193,2,1
['spotify:track:5eALoO9RRACvoxvLKF9zt4'],['spotify:track:5eFxwmqKrHpSQDOEIFYlgY'],['Riot'],['Animal I Have Become'],0.003302006604013208,0.6046511627906976,103.5005055611729,2.5146349116227644,1,1
['spotify:track:5JlH51YDYsGj2dyEJKKjcN'],['spotify:track:3xdjjKMcMOFgo1eQrfbogM'],['Alright'],['Wagon Wheel'],0.003302006604013208,0.6046511627906976,42.132949166495166,2.4931121038712662,1,1
"['spotify:track:5ZManJDV3CexO66nRCkdiV', 'spotify:track:5kNe7PE09d6Kvw5pAsx23n']",['spotify:track:2FviG1Ma0M0BSZbqaDvw0x'],"['Break Up with Him', 'Die A Happy Man']",['House Party'],0.003302006604013208,0.6046511627906976,42.132949166495166,2.4931121038712662,2,1
['spotify:track:1KhrAWvLIjRlQIJtSTgvsi'],['spotify:track:1WzAeadSKJhqykZFbJNmQv'],['Would You Go With Me'],['Your Man'],0.003302006604013208,0.6046511627906976,85.01827242524917,2.511422552256869,1,1
['spotify:track:0Ji2g9AlYLVHAMG5PJoHPU'],['spotify:track:5OMwQFBcte0aWFJFqrr5oj'],['We R Who We R'],['TiK ToK'],0.003302006604013208,0.6046511627906976,47.138844116969835,2.4969669351103403,1,1
['spotify:track:5eFxwmqKrHpSQDOEIFYlgY'],['spotify:track:5eALoO9RRACvoxvLKF9zt4'],['Animal I Have Become'],['Riot'],0.003302006604013208,0.5652173913043479,103.50050556117291,2.28743967487935,1,1
['spotify:track:1XazlqB4YAtvouCmJPWXlM'],['spotify:track:0BCy325UZyR9z0t0uxwn2N'],['Wanna Be That Song'],['H.O.L.Y.'],0.003302006604013208,0.5531914893617021,43.12702759637666,2.2093871330599804,1,1
['spotify:track:5HJId22hZ2IvFnvNSy6ZbE'],['spotify:track:0BCy325UZyR9z0t0uxwn2N'],['Different For Girls'],['H.O.L.Y.'],0.003302006604013208,0.5531914893617021,43.12702759637666,2.2093871330599804,1,1
"['spotify:track:6p8NuHm8uCGnn2Dtbtf7zE', 'spotify:track:7KOlJ92bu51cltsD9KU5I7']",['spotify:track:0VgkVdmE4gld66l8iyGjgx'],"['Slippery (feat. Gucci Mane)', 'T-Shirt']",['Mask Off'],0.003302006604013208,0.5416666666666667,32.55788804071247,2.1455192001293097,2,1
"['spotify:track:2FviG1Ma0M0BSZbqaDvw0x', 'spotify:track:5kNe7PE09d6Kvw5pAsx23n']",['spotify:track:5ZManJDV3CexO66nRCkdiV'],"['House Party', 'Die A Happy Man']",['Break Up with Him'],0.003302006604013208,0.5416666666666667,54.680555555555564,2.160205047682823,2,1
['spotify:track:63OQWdXMq0Pe6pRpWY5gO0'],['spotify:track:1zWZvrk13cL8Sl3VLeG57F'],['Star Of The Show'],['T-Shirt'],0.003302006604013208,0.5416666666666667,51.38654618473896,2.1588195903664538,1,1
['spotify:track:1Wsbr1d2BouNGk2q92mIj7'],['spotify:track:19a3JfW8BQwqHWUMbcqSx8'],['Pt. 2'],['Famous'],0.003302006604013208,0.52,34.995555555555555,2.0523770214207095,1,1
['spotify:track:6j0teRL3WdExzqmy334sh5'],['spotify:track:2ANLarE8yHVsLWW21nj79M'],['Seven Million (feat. Future)'],['You Was Right'],0.003302006604013208,0.52,36.88720720720721,2.053964524595716,1,1
['spotify:track:6j0teRL3WdExzqmy334sh5'],['spotify:track:6fwdbPMwP1zVStm8FybmkO'],['Seven Million (feat. Future)'],['X (feat. Future)'],0.003302006604013208,0.52,32.495873015873016,2.0499957666582,1,1
"['spotify:track:2FviG1Ma0M0BSZbqaDvw0x', 'spotify:track:6eYYm2xwrvdav2yakF3cqg']",['spotify:track:0H04yVa3DJxoXbLBpAb7iV'],"['House Party', 'Leave The Night On']","[""I'm Comin' Over""]",0.003302006604013208,0.52,52.49333333333334,2.0626957920582507,2,1
['spotify:track:6ZOPiKQeibCn7fP8dncucL'],['spotify:track:5kNe7PE09d6Kvw5pAsx23n'],"[""Blue Ain't Your Color""]",['Die A Happy Man'],0.003302006604013208,0.52,32.24,2.049731182795699,1,1
['spotify:track:7j31rVgGX9Q2blT92VBEA0'],['spotify:track:5wQnmLuC1W7ATsArWACrgW'],['Teenagers'],['Welcome to the Black Parade'],0.003302006604013208,0.5098039215686275,74.3369644153958,2.0260096520193045,1,1
['spotify:track:08mG3Y1vljYA6bvDt4Wqkj'],['spotify:track:2zYzyRzz6pRmhPzyfMEC8s'],['Back In Black'],['Highway to Hell'],0.003302006604013208,0.5,63.5,1.984251968503937,1,1
['spotify:track:03LpkqucyYKcYclDs8HuxO'],['spotify:track:0H04yVa3DJxoXbLBpAb7iV'],"['John Cougar, John Deere, John 3:16']","[""I'm Comin' Over""]",0.003302006604013208,0.5,50.47435897435898,1.9801879603759207,1,1
['spotify:track:03LpkqucyYKcYclDs8HuxO'],['spotify:track:5kNe7PE09d6Kvw5pAsx23n'],"['John Cougar, John Deere, John 3:16']",['Die A Happy Man'],0.003302006604013208,0.5,31.0,1.967741935483871,1,1
['spotify:track:70wYA8oYHoMzhRRkARoMhU'],['spotify:track:7oK9VyNzrYvRFo7nQEYkWN'],['When You Were Young'],['Mr. Brightside'],0.003302006604013208,0.49056603773584906,22.85631349782293,1.9208318046265722,1,1
['spotify:track:5wQnmLuC1W7ATsArWACrgW'],['spotify:track:7j31rVgGX9Q2blT92VBEA0'],['Welcome to the Black Parade'],['Teenagers'],0.003302006604013208,0.48148148148148145,74.33696441539578,1.9160800464458068,1,1
['spotify:track:3ZOEytgrvLwQaqXreDs2Jx'],['spotify:track:48UPSzbZjgc449aqz8bxox'],"[""Can't Stop""]",['Californication'],0.003302006604013208,0.48148148148148145,45.67692994199018,1.9082423164846327,1,1
"['spotify:track:5uDASfU19gDxSjW8cnCaBp', 'spotify:track:7yyRTcZmCiyzzJlNzGC9Ol']",['spotify:track:0v9Wz8o0BT8DU38R4ddjeH'],"['Chill Bill', 'Broccoli (feat. Lil Yachty)']",['No Problem (feat. Lil Wayne & 2 Chainz)'],0.003302006604013208,0.48148148148148145,19.643446555363653,1.8813001197430965,2,1
['spotify:track:4XkOcWt0C2JX1s2RXybosk'],['spotify:track:40yJGQyEaBbIkXpwMFkXip'],['Minnesota'],['One Night'],0.003302006604013208,0.48148148148148145,39.08438335242459,1.904813309626619,1,1
['spotify:track:1M2l9ReoabUnvl6Y8jLUe7'],['spotify:track:1yEwEiTpsaPhQi9lb5EVV4'],['Colder Weather'],['Knee Deep (feat. Jimmy Buffett)'],0.003302006604013208,0.48148148148148145,38.68556311413454,1.9045683805653322,1,1
['spotify:track:0RE8WWlaCQM6M4XHUK3u7b'],['spotify:track:1jNNHFZmRGXZFHlil5uhei'],['Home Alone Tonight'],['Drunk On Your Love'],0.003302006604013208,0.4727272727272727,59.08340548340548,1.8813773834444218,1,1
['spotify:track:5XFu5S1vBY7sNHlheCapOz'],['spotify:track:2FviG1Ma0M0BSZbqaDvw0x'],['Strip It Down'],['House Party'],0.003302006604013208,0.46428571428571425,32.352085967130215,1.8398780797561591,1,1
['spotify:track:1WzAeadSKJhqykZFbJNmQv'],['spotify:track:1KhrAWvLIjRlQIJtSTgvsi'],['Your Man'],['Would You Go With Me'],0.003302006604013208,0.46428571428571425,85.01827242524917,1.8564727796122256,1,1
['spotify:track:1PoGWZbJPGmViVi7CYbDUK'],['spotify:track:05ZACkzW8YbRq3eFgIfSNB'],['Drink A Beer'],['Springsteen'],0.003302006604013208,0.46428571428571425,29.721835075493612,1.8375074083481497,1,1
['spotify:track:7eaKWfov7b2Qa2n6HTesL3'],['spotify:track:7xVLFuuYdAvcTfcP3IG3dS'],['Shabba'],['Work REMIX'],0.003302006604013208,0.456140350877193,44.89561403508772,1.8200283497341192,1,1
['spotify:track:0O1x2tRm8ZpfDbcpOWZp7z'],['spotify:track:5S5rw0WLVCAux5B5bWCehK'],['American Country Love Song'],['I Like The Sound Of That'],0.003302006604013208,0.456140350877193,59.8608187134503,1.824698681655428,1,1
['spotify:track:0O1x2tRm8ZpfDbcpOWZp7z'],['spotify:track:5ZManJDV3CexO66nRCkdiV'],['American Country Love Song'],['Break Up with Him'],0.003302006604013208,0.456140350877193,46.046783625731,1.82049538292625,1,1
['spotify:track:3un2KQUaQ2brEpd8dK93wI'],['spotify:track:6eYYm2xwrvdav2yakF3cqg'],['Beat Of The Music'],['Leave The Night On'],0.003302006604013208,0.456140350877193,36.64948084496957,1.815825051004941,1,1
['spotify:track:3NJG6vMH1ZsectZkocMEm0'],['spotify:track:7yyRTcZmCiyzzJlNzGC9Ol'],['Tiimmy Turner'],['Broccoli (feat. Lil Yachty)'],0.003302006604013208,0.4482758620689655,15.828359362919437,1.7611680848361697,1,1
"['spotify:track:1yEwEiTpsaPhQi9lb5EVV4', 'spotify:track:4dGJf1SER1T6ooX46vwzRB']",['spotify:track:05ZACkzW8YbRq3eFgIfSNB'],"['Knee Deep (feat. Jimmy Buffett)', 'Chicken Fried']",['Springsteen'],0.003302006604013208,0.4406779661016949,28.210555325892244,1.7599502774763123,2,1
"['spotify:track:1yEwEiTpsaPhQi9lb5EVV4', 'spotify:track:4dGJf1SER1T6ooX46vwzRB']",['spotify:track:3xdjjKMcMOFgo1eQrfbogM'],"['Knee Deep (feat. Jimmy Buffett)', 'Chicken Fried']",['Wagon Wheel'],0.003302006604013208,0.4406779661016949,30.707064646767662,1.7622208880781396,2,1
['spotify:track:7B1QliUMZv7gSTUGAfMRRD'],['spotify:track:4dGJf1SER1T6ooX46vwzRB'],['Live Like You Were Dying'],['Chicken Fried'],0.003302006604013208,0.4406779661016949,27.75918644067797,1.7594961553559467,1,1
['spotify:track:5ytc87gcx6dZ4nWRNykinV'],['spotify:track:6enPOmd3vSFpI4jjms8kXN'],['Night Train'],"[""Runnin' Outta Moonlight""]",0.003302006604013208,0.43333333333333335,44.89561403508772,1.7476729071105201,1,1
"['spotify:track:4dGJf1SER1T6ooX46vwzRB', 'spotify:track:5kjyiH6but1t2UDXq15aeS']",['spotify:track:3xdjjKMcMOFgo1eQrfbogM'],"['Chicken Fried', 'Toes']",['Wagon Wheel'],0.003302006604013208,0.43333333333333335,30.195280235988204,1.7393805375846045,2,1
['spotify:track:5yIiXdLRE85OBiQmCaUenq'],['spotify:track:0y44Oz1T9uWDKg4SFDWRWH'],['Sure Be Cool If You Did'],['Honey Bee'],0.003302006604013208,0.43333333333333335,44.89561403508772,1.7476729071105201,1,1
['spotify:track:5S5rw0WLVCAux5B5bWCehK'],['spotify:track:0O1x2tRm8ZpfDbcpOWZp7z'],['I Like The Sound Of That'],['American Country Love Song'],0.003302006604013208,0.43333333333333335,59.86081871345029,1.7519311509211253,1,1
['spotify:track:69XcvSymPaTke2Qb6f3W6P'],['spotify:track:5kNe7PE09d6Kvw5pAsx23n'],['Loving You Easy'],['Die A Happy Man'],0.003302006604013208,0.43333333333333335,26.866666666666667,1.7362428842504745,1,1
['spotify:track:2IiNA0s5eQBSjwK4iNeUvW'],['spotify:track:4omisSlTk6Dsq2iQD7MA07'],['Complicated'],['Sk8er Boi'],0.003302006604013208,0.4262295081967213,50.09150966479079,1.7280271417685693,1,1
['spotify:track:3MjUtNVVq3C8Fn0MP3zhXa'],['spotify:track:1Je1IMUlBXcx1Fz0WE7oPT'],['...Baby One More Time'],['Wannabe - Radio Edit'],0.003302006604013208,0.4262295081967213,39.95394223263075,1.7242643056714684,1,1
['spotify:track:4PJXT82AZtlDW4Q71b43oz'],['spotify:track:5T6DM9qjjngWnukcw0svkX'],"[""Whatever She's Got""]",['Round Here'],0.003302006604013208,0.4262295081967213,40.435315030614255,1.724485648971298,1,1
['spotify:track:4PJXT82AZtlDW4Q71b43oz'],['spotify:track:03fT3OHB9KyMtGMt2zwqCT'],"[""Whatever She's Got""]",['Play It Again'],0.003302006604013208,0.4262295081967213,30.510283159463487,1.7185093798759028,1,1
['spotify:track:4ckuS4Nj4FZ7i3Def3Br8W'],['spotify:track:4Km5HrUvYTaSUfiSGPJeQR'],['Sneakin’'],['Bad and Boujee (feat. Lil Uzi Vert)'],0.003302006604013208,0.41935483870967744,18.446927374301676,1.6830708661417326,1,1
['spotify:track:2zYzyRzz6pRmhPzyfMEC8s'],['spotify:track:08mG3Y1vljYA6bvDt4Wqkj'],['Highway to Hell'],['Back In Black'],0.003302006604013208,0.41935483870967744,63.5,1.7108486439195103,1,1
['spotify:track:6IFPfV8PNSYOmufzQ95hmm'],['spotify:track:5T6DM9qjjngWnukcw0svkX'],['Confession'],['Round Here'],0.003302006604013208,0.4126984126984127,39.151654235991586,1.6847544776170633,1,1
['spotify:track:1jNNHFZmRGXZFHlil5uhei'],['spotify:track:3JtmRIkVK95rmf4kWKA3ON'],['Drunk On Your Love'],['Stay A Little Longer'],0.003302006604013208,0.4126984126984127,50.77480158730159,1.6888631074559446,1,1
['spotify:track:1jNNHFZmRGXZFHlil5uhei'],['spotify:track:2N3F1EQCpnIeDOA3rLSAfE'],['Drunk On Your Love'],['Break Up In A Small Town'],0.003302006604013208,0.4126984126984127,38.68556311413454,1.6845382339413326,1,1
['spotify:track:1jNNHFZmRGXZFHlil5uhei'],['spotify:track:0RE8WWlaCQM6M4XHUK3u7b'],['Drunk On Your Love'],['Home Alone Tonight'],0.003302006604013208,0.4126984126984127,59.08340548340548,1.69080930053752,1,1
['spotify:track:6xHI9KjUjYT0FPtGO8Mxa1'],['spotify:track:5CG9Ps5ynNjpKJHmwc95pa'],['Hurricane'],['Somewhere On A Beach'],0.003302006604013208,0.4126984126984127,42.757727652464496,1.6862681833471775,1,1
['spotify:track:6xHI9KjUjYT0FPtGO8Mxa1'],['spotify:track:7mldq42yDuxiUNn08nvzHO'],['Hurricane'],['Body Like A Back Road'],0.003302006604013208,0.4126984126984127,29.54170274170274,1.6789158983723373,1,1
['spotify:track:0ESJlaM8CE1jRWaNtwSNj8'],['spotify:track:6gBFPUFcJLzWGx4lenP6h2'],['beibs in the trap'],['goosebumps'],0.003302006604013208,0.40625000000000006,20.90727124183007,1.651484566127027,1,1
['spotify:track:5EWPGh7jbTNO2wakv8LjUI'],['spotify:track:5CQ30WqJwcep0pYcV4AMNc'],['Free Bird'],['Stairway To Heaven'],0.003302006604013208,0.40625000000000006,47.04136029411766,1.6696656551207838,1,1
['spotify:track:3y1t2sEahs8idFz2tiYNPO'],['spotify:track:5kNe7PE09d6Kvw5pAsx23n'],['Let Me See Ya Girl'],['Die A Happy Man'],0.003302006604013208,0.40625000000000006,25.187500000000004,1.6570458404074704,1,1
['spotify:track:3JtmRIkVK95rmf4kWKA3ON'],['spotify:track:1jNNHFZmRGXZFHlil5uhei'],['Stay A Little Longer'],['Drunk On Your Love'],0.003302006604013208,0.40625000000000006,50.77480158730159,1.6707351309439462,1,1
['spotify:track:0El2Zyt68nYySFDG87hZgM'],['spotify:track:6aNwDe5YH5YUPlpHkku52w'],['Sun Daze'],['Sunshine & Whiskey'],0.003302006604013208,0.4,47.721212121212126,1.6526966387266109,1,1
['spotify:track:0El2Zyt68nYySFDG87hZgM'],['spotify:track:1dgWTMoHwTUnQhOQ8SR5fV'],['Sun Daze'],['American Kids'],0.003302006604013208,0.4,34.23478260869565,1.6471932943865888,1,1
['spotify:track:0El2Zyt68nYySFDG87hZgM'],['spotify:track:46ZfPS5VpSQVU5gb82hg3K'],['Sun Daze'],['Anything Goes'],0.003302006604013208,0.4,41.4421052631579,1.6505799678266024,1,1
"['spotify:track:0BCy325UZyR9z0t0uxwn2N', 'spotify:track:2FviG1Ma0M0BSZbqaDvw0x']",['spotify:track:5kNe7PE09d6Kvw5pAsx23n'],"['H.O.L.Y.', 'House Party']",['Die A Happy Man'],0.0031750063500127,0.8620689655172414,53.44827586206897,7.133064516129036,2,1
"['spotify:track:1yEwEiTpsaPhQi9lb5EVV4', 'spotify:track:3b7CDTKB0SRTmQ6ytYi5vZ']",['spotify:track:4dGJf1SER1T6ooX46vwzRB'],"['Knee Deep (feat. Jimmy Buffett)', 'Drunk On You']",['Chicken Fried'],0.0031750063500127,0.8620689655172414,54.303448275862074,7.134906019812043,2,1
"['spotify:track:05ZACkzW8YbRq3eFgIfSNB', 'spotify:track:5kjyiH6but1t2UDXq15aeS']",['spotify:track:1yEwEiTpsaPhQi9lb5EVV4'],"['Springsteen', 'Toes']",['Knee Deep (feat. Jimmy Buffett)'],0.0031750063500127,0.8620689655172414,69.26460239268121,7.1597663195326415,2,1
"['spotify:track:1dgWTMoHwTUnQhOQ8SR5fV', 'spotify:track:5kjyiH6but1t2UDXq15aeS']",['spotify:track:4dGJf1SER1T6ooX46vwzRB'],"['American Kids', 'Toes']",['Chicken Fried'],0.0031750063500127,0.8333333333333334,52.49333333333334,5.90474980949962,2,1
"['spotify:track:24NwBd5vZ2CK8VOQVnqdxr', 'spotify:track:5SZ6zX4rOrEQferfFC2MfP']",['spotify:track:5MxNLUsfh7uzROypsoO5qe'],"['Sweet Emotion', 'Walk This Way']",['Dream On'],0.0031750063500127,0.7812500000000001,70.70761494252875,4.520918756123229,2,1
"['spotify:track:2Fk0WwAqTBesLtKg97nojy', 'spotify:track:7vWGeYZJUzBXKGPro05UXS']",['spotify:track:2FviG1Ma0M0BSZbqaDvw0x'],"['Crash And Burn', 'Take Your Time']",['House Party'],0.0031750063500127,0.7812500000000001,54.43860619469027,4.505823868790597,2,1
"['spotify:track:0BCy325UZyR9z0t0uxwn2N', 'spotify:track:5ZManJDV3CexO66nRCkdiV']",['spotify:track:5kNe7PE09d6Kvw5pAsx23n'],"['H.O.L.Y.', 'Break Up with Him']",['Die A Happy Man'],0.0031750063500127,0.7812500000000001,48.43750000000001,4.497695852534565,2,1
"['spotify:track:05ZACkzW8YbRq3eFgIfSNB', 'spotify:track:1yEwEiTpsaPhQi9lb5EVV4']",['spotify:track:5kjyiH6but1t2UDXq15aeS'],"['Springsteen', 'Knee Deep (feat. Jimmy Buffett)']",['Toes'],0.0031750063500127,0.7575757575757576,63.45905867182463,4.075755651511303,2,1
"['spotify:track:0BCy325UZyR9z0t0uxwn2N', 'spotify:track:1zWZvrk13cL8Sl3VLeG57F']",['spotify:track:5kNe7PE09d6Kvw5pAsx23n'],"['H.O.L.Y.', 'T-Shirt']",['Die A Happy Man'],0.0031750063500127,0.7142857142857142,44.28571428571428,3.443548387096773,2,1
"['spotify:track:24NwBd5vZ2CK8VOQVnqdxr', 'spotify:track:5MxNLUsfh7uzROypsoO5qe']",['spotify:track:5SZ6zX4rOrEQferfFC2MfP'],"['Sweet Emotion', 'Dream On']",['Walk This Way'],0.0031750063500127,0.7142857142857142,90.71428571428571,3.4724409448818885,2,1
"['spotify:track:5uDASfU19gDxSjW8cnCaBp', 'spotify:track:6fujklziTHa8uoM5OQSfIo']",['spotify:track:7yyRTcZmCiyzzJlNzGC9Ol'],"['Chill Bill', 'Black Beatles']",['Broccoli (feat. Lil Yachty)'],0.0031750063500127,0.7142857142857142,25.221012171684816,3.4008763017526022,2,1
"['spotify:track:5MxNLUsfh7uzROypsoO5qe', 'spotify:track:5SZ6zX4rOrEQferfFC2MfP']",['spotify:track:24NwBd5vZ2CK8VOQVnqdxr'],"['Dream On', 'Walk This Way']",['Sweet Emotion'],0.0031750063500127,0.6944444444444444,91.13425925925925,3.247789041032627,2,1
"['spotify:track:03fT3OHB9KyMtGMt2zwqCT', 'spotify:track:0i5el041vd6nxrGEU8QRxy']",['spotify:track:2TR7A4ulH9R1PNwMyd8o8U'],"['Play It Again', 'Cruise']",['This Is How We Roll'],0.0031750063500127,0.6944444444444444,54.68055555555556,3.2311635532361973,2,1
"['spotify:track:0B8QzDH7YWih85V5SEMnyJ', 'spotify:track:7yyRTcZmCiyzzJlNzGC9Ol']",['spotify:track:2ANLarE8yHVsLWW21nj79M'],"['Money Longer', 'Broccoli (feat. Lil Yachty)']",['You Was Right'],0.0031750063500127,0.6756756756756757,47.93036279522766,3.0398674964016594,2,1
"['spotify:track:1soxUgYIZb1qx1c7o1Lc7z', 'spotify:track:2Fk0WwAqTBesLtKg97nojy']",['spotify:track:5kNe7PE09d6Kvw5pAsx23n'],"['Drunk On A Plane', 'Crash And Burn']",['Die A Happy Man'],0.0031750063500127,0.6756756756756757,41.891891891891895,3.0336021505376345,2,1
"['spotify:track:2Fk0WwAqTBesLtKg97nojy', 'spotify:track:2FviG1Ma0M0BSZbqaDvw0x']",['spotify:track:5kNe7PE09d6Kvw5pAsx23n'],"['Crash And Burn', 'House Party']",['Die A Happy Man'],0.0031750063500127,0.6756756756756757,41.891891891891895,3.0336021505376345,2,1
"['spotify:track:2Fk0WwAqTBesLtKg97nojy', 'spotify:track:2FviG1Ma0M0BSZbqaDvw0x']",['spotify:track:7vWGeYZJUzBXKGPro05UXS'],"['Crash And Burn', 'House Party']",['Take Your Time'],0.0031750063500127,0.6756756756756757,54.84814711618835,3.0453496740326815,2,1
"['spotify:track:3b7CDTKB0SRTmQ6ytYi5vZ', 'spotify:track:4dGJf1SER1T6ooX46vwzRB']",['spotify:track:03fT3OHB9KyMtGMt2zwqCT'],"['Drunk On You', 'Chicken Fried']",['Play It Again'],0.0031750063500127,0.6578947368421053,47.0933014354067,2.8822414567906063,2,1
"['spotify:track:3b7CDTKB0SRTmQ6ytYi5vZ', 'spotify:track:4dGJf1SER1T6ooX46vwzRB']",['spotify:track:1yEwEiTpsaPhQi9lb5EVV4'],"['Drunk On You', 'Chicken Fried']",['Knee Deep (feat. Jimmy Buffett)'],0.0031750063500127,0.6578947368421053,52.859828141783034,2.8866962349309317,2,1
"['spotify:track:4Km5HrUvYTaSUfiSGPJeQR', 'spotify:track:6p8NuHm8uCGnn2Dtbtf7zE']",['spotify:track:7KOlJ92bu51cltsD9KU5I7'],"['Bad and Boujee (feat. Lil Uzi Vert)', 'Slippery (feat. Gucci Mane)']",['T-Shirt'],0.0031750063500127,0.6410256410256411,46.7355175688509,2.7475053521535617,2,1
"['spotify:track:2ANLarE8yHVsLWW21nj79M', 'spotify:track:7yyRTcZmCiyzzJlNzGC9Ol']",['spotify:track:0B8QzDH7YWih85V5SEMnyJ'],"['You Was Right', 'Broccoli (feat. Lil Yachty)']",['Money Longer'],0.0031750063500127,0.625,45.992990654205606,2.630429260858522,2,1
"['spotify:track:0i5el041vd6nxrGEU8QRxy', 'spotify:track:2TR7A4ulH9R1PNwMyd8o8U']",['spotify:track:03fT3OHB9KyMtGMt2zwqCT'],"['Cruise', 'This Is How We Roll']",['Play It Again'],0.0031750063500127,0.625,44.73863636363637,2.6294132588265176,2,1
"['spotify:track:1zWZvrk13cL8Sl3VLeG57F', 'spotify:track:5kNe7PE09d6Kvw5pAsx23n']",['spotify:track:0BCy325UZyR9z0t0uxwn2N'],"['T-Shirt', 'Die A Happy Man']",['H.O.L.Y.'],0.0031750063500127,0.6097560975609756,47.53682685341705,2.529630746761493,2,1
"['spotify:track:1dgWTMoHwTUnQhOQ8SR5fV', 'spotify:track:4dGJf1SER1T6ooX46vwzRB']",['spotify:track:5kjyiH6but1t2UDXq15aeS'],"['American Kids', 'Chicken Fried']",['Toes'],0.0031750063500127,0.6097560975609756,51.0768033212247,2.5319088138176276,2,1
"['spotify:track:0VgkVdmE4gld66l8iyGjgx', 'spotify:track:7KOlJ92bu51cltsD9KU5I7']",['spotify:track:4Km5HrUvYTaSUfiSGPJeQR'],"['Mask Off', 'T-Shirt']",['Bad and Boujee (feat. Lil Uzi Vert)'],0.0031750063500127,0.6097560975609756,26.82245537539174,2.504246570993142,2,1
"['spotify:track:03fT3OHB9KyMtGMt2zwqCT', 'spotify:track:2TR7A4ulH9R1PNwMyd8o8U']",['spotify:track:0i5el041vd6nxrGEU8QRxy'],"['Play It Again', 'This Is How We Roll']",['Cruise'],0.0031750063500127,0.6097560975609756,42.488668249514355,2.525725488950978,2,1
['spotify:track:3MFV4DgrAOXz6KURPQxRj9'],['spotify:track:6eYYm2xwrvdav2yakF3cqg'],['Somewhere In My Car'],['Leave The Night On'],0.0031750063500127,0.6097560975609756,48.992035838725734,2.530607061214122,1,1
"['spotify:track:4Q3N4Ct4zCuIHuZ65E3BD4', 'spotify:track:7KXjTSCq5nL1LoYtL7XAwS']",['spotify:track:0VgkVdmE4gld66l8iyGjgx'],"['Tunnel Vision', 'HUMBLE.']",['Mask Off'],0.0031750063500127,0.5952380952380952,35.777898945837876,2.429484976617012,2,1
"['spotify:track:03fT3OHB9KyMtGMt2zwqCT', 'spotify:track:3b7CDTKB0SRTmQ6ytYi5vZ']",['spotify:track:4dGJf1SER1T6ooX46vwzRB'],"['Play It Again', 'Drunk On You']",['Chicken Fried'],0.0031750063500127,0.5952380952380952,37.4952380952381,2.43136756861749,2,1
"['spotify:track:03fT3OHB9KyMtGMt2zwqCT', 'spotify:track:4dGJf1SER1T6ooX46vwzRB']",['spotify:track:3b7CDTKB0SRTmQ6ytYi5vZ'],"['Play It Again', 'Chicken Fried']",['Drunk On You'],0.0031750063500127,0.5952380952380952,51.50444793301936,2.442035589953533,2,1
"['spotify:track:4Km5HrUvYTaSUfiSGPJeQR', 'spotify:track:5uDASfU19gDxSjW8cnCaBp']",['spotify:track:7yyRTcZmCiyzzJlNzGC9Ol'],"['Bad and Boujee (feat. Lil Uzi Vert)', 'Chill Bill']",['Broccoli (feat. Lil Yachty)'],0.0031750063500127,0.5813953488372093,20.528730837417875,2.321233031354952,2,1
"['spotify:track:5ZManJDV3CexO66nRCkdiV', 'spotify:track:5kNe7PE09d6Kvw5pAsx23n']",['spotify:track:0BCy325UZyR9z0t0uxwn2N'],"['Break Up with Him', 'Die A Happy Man']",['H.O.L.Y.'],0.0031750063500127,0.5813953488372093,45.325811650932536,2.358246549826433,2,1
['spotify:track:29tzJGvqJPTAFs6LXmsHoA'],['spotify:track:3rq5w4bQGigXOfdN30ATJt'],['R U Mine?'],['Do I Wanna Know?'],0.0031750063500127,0.5813953488372093,52.61962042234697,2.3624940027657835,1,1
"['spotify:track:1soxUgYIZb1qx1c7o1Lc7z', 'spotify:track:5kNe7PE09d6Kvw5pAsx23n']",['spotify:track:2Fk0WwAqTBesLtKg97nojy'],"['Drunk On A Plane', 'Die A Happy Man']",['Crash And Burn'],0.0031750063500127,0.5681818181818181,50.839359504132226,2.2899081587636854,2,1
"['spotify:track:0SGkqnVQo9KPytSri1H6cF', 'spotify:track:5hTpBe8h35rJ67eAWHQsJx']",['spotify:track:7yyRTcZmCiyzzJlNzGC9Ol'],"['Bounce Back', 'Caroline']",['Broccoli (feat. Lil Yachty)'],0.0031750063500127,0.5555555555555556,19.616342800199305,2.186277622555245,2,1
"['spotify:track:0VgkVdmE4gld66l8iyGjgx', 'spotify:track:4Km5HrUvYTaSUfiSGPJeQR']",['spotify:track:7KOlJ92bu51cltsD9KU5I7'],"['Mask Off', 'Bad and Boujee (feat. Lil Uzi Vert)']",['T-Shirt'],0.0031750063500127,0.5555555555555556,40.50411522633745,2.219138938277877,2,1
['spotify:track:2YodwKJnbPyNKe8XXSE9V7'],['spotify:track:4P5KoWXOxwuobLmHXLMobV'],['Lithium'],['Come As You Are'],0.0031750063500127,0.5555555555555556,60.75617283950618,2.229425958851918,1,1
"['spotify:track:2Fk0WwAqTBesLtKg97nojy', 'spotify:track:5kNe7PE09d6Kvw5pAsx23n']",['spotify:track:1soxUgYIZb1qx1c7o1Lc7z'],"['Crash And Burn', 'Die A Happy Man']",['Drunk On A Plane'],0.0031750063500127,0.5434782608695652,43.66681455190771,2.163213469284081,2,1
"['spotify:track:2Fk0WwAqTBesLtKg97nojy', 'spotify:track:5kNe7PE09d6Kvw5pAsx23n']",['spotify:track:2FviG1Ma0M0BSZbqaDvw0x'],"['Crash And Burn', 'Die A Happy Man']",['House Party'],0.0031750063500127,0.5434782608695652,37.87033474413236,2.1590406037954932,2,1
"['spotify:track:0VgkVdmE4gld66l8iyGjgx', 'spotify:track:4Q3N4Ct4zCuIHuZ65E3BD4']",['spotify:track:7KXjTSCq5nL1LoYtL7XAwS'],"['Mask Off', 'Tunnel Vision']",['HUMBLE.'],0.0031750063500127,0.5319148936170213,21.046722976585052,2.082371210196966,2,1
"['spotify:track:2FviG1Ma0M0BSZbqaDvw0x', 'spotify:track:5kNe7PE09d6Kvw5pAsx23n']",['spotify:track:0BCy325UZyR9z0t0uxwn2N'],"['House Party', 'Die A Happy Man']",['H.O.L.Y.'],0.0031750063500127,0.5208333333333334,40.60437293729373,2.0601870768958928,2,1
"['spotify:track:0BCy325UZyR9z0t0uxwn2N', 'spotify:track:5kNe7PE09d6Kvw5pAsx23n']",['spotify:track:2FviG1Ma0M0BSZbqaDvw0x'],"['H.O.L.Y.', 'Die A Happy Man']",['House Party'],0.0031750063500127,0.5208333333333334,36.29240412979352,2.0570065487957065,2,1
"['spotify:track:0BCy325UZyR9z0t0uxwn2N', 'spotify:track:5kNe7PE09d6Kvw5pAsx23n']",['spotify:track:1zWZvrk13cL8Sl3VLeG57F'],"['H.O.L.Y.', 'Die A Happy Man']",['T-Shirt'],0.0031750063500127,0.5208333333333334,49.410140562249,2.064957869046173,2,1
"['spotify:track:0SGkqnVQo9KPytSri1H6cF', 'spotify:track:7yyRTcZmCiyzzJlNzGC9Ol']",['spotify:track:5hTpBe8h35rJ67eAWHQsJx'],"['Bounce Back', 'Broccoli (feat. Lil Yachty)']",['Caroline'],0.0031750063500127,0.5208333333333334,22.657688766114184,2.0389835562279823,2,1
"['spotify:track:0SGkqnVQo9KPytSri1H6cF', 'spotify:track:7yyRTcZmCiyzzJlNzGC9Ol']",['spotify:track:4Km5HrUvYTaSUfiSGPJeQR'],"['Bounce Back', 'Broccoli (feat. Lil Yachty)']",['Bad and Boujee (feat. Lil Uzi Vert)'],0.0031750063500127,0.5208333333333334,22.91084729981378,2.03951364424468,2,1
"['spotify:track:6p8NuHm8uCGnn2Dtbtf7zE', 'spotify:track:7KOlJ92bu51cltsD9KU5I7']",['spotify:track:4Km5HrUvYTaSUfiSGPJeQR'],"['Slippery (feat. Gucci Mane)', 'T-Shirt']",['Bad and Boujee (feat. Lil Uzi Vert)'],0.0031750063500127,0.5208333333333334,22.91084729981378,2.03951364424468,2,1
"['spotify:track:2FviG1Ma0M0BSZbqaDvw0x', 'spotify:track:5kNe7PE09d6Kvw5pAsx23n']",['spotify:track:2Fk0WwAqTBesLtKg97nojy'],"['House Party', 'Die A Happy Man']",['Crash And Burn'],0.0031750063500127,0.5208333333333334,46.60274621212121,2.0636326490044286,2,1
"['spotify:track:0BCy325UZyR9z0t0uxwn2N', 'spotify:track:5kNe7PE09d6Kvw5pAsx23n']",['spotify:track:5ZManJDV3CexO66nRCkdiV'],"['H.O.L.Y.', 'Die A Happy Man']",['Break Up with Him'],0.0031750063500127,0.5208333333333334,52.577457264957275,2.0662830890879174,2,1
['spotify:track:63OQWdXMq0Pe6pRpWY5gO0'],['spotify:track:7mldq42yDuxiUNn08nvzHO'],['Star Of The Show'],['Body Like A Back Road'],0.0031750063500127,0.5208333333333334,37.282196969696976,2.057801680820753,1,1
['spotify:track:0dbzWSYpMcRtwjI1S7Pkql'],['spotify:track:0BCy325UZyR9z0t0uxwn2N'],"[""Huntin', Fishin' And Lovin' Every Day""]",['H.O.L.Y.'],0.0031750063500127,0.5208333333333334,40.60437293729373,2.0601870768958928,1,1
"['spotify:track:4Km5HrUvYTaSUfiSGPJeQR', 'spotify:track:5hTpBe8h35rJ67eAWHQsJx']",['spotify:track:7yyRTcZmCiyzzJlNzGC9Ol'],"['Bad and Boujee (feat. Lil Uzi Vert)', 'Caroline']",['Broccoli (feat. Lil Yachty)'],0.0031750063500127,0.5102040816326531,18.015008694060583,1.9838445093556856,2,1
"['spotify:track:2FviG1Ma0M0BSZbqaDvw0x', 'spotify:track:7vWGeYZJUzBXKGPro05UXS']",['spotify:track:2Fk0WwAqTBesLtKg97nojy'],"['House Party', 'Take Your Time']",['Crash And Burn'],0.0031750063500127,0.5102040816326531,45.651669758812616,2.0188489543645756,2,1
['spotify:track:66rVt7PbwyKlu6CK6rxyAi'],['spotify:track:3ts6xK5GzfMAAriT9AIBmP'],['Friday Night'],['Barefoot Blue Jean Night'],0.0031750063500127,0.5102040816326531,38.62833594976452,2.014700279400559,1,1
['spotify:track:17Vry8h1fUTYg8NL6pHhem'],['spotify:track:1jNNHFZmRGXZFHlil5uhei'],['Fix'],['Drunk On Your Love'],0.0031750063500127,0.5102040816326531,63.7674117265954,2.0253312589958514,1,1
['spotify:track:17Vry8h1fUTYg8NL6pHhem'],['spotify:track:5kNe7PE09d6Kvw5pAsx23n'],['Fix'],['Die A Happy Man'],0.0031750063500127,0.5102040816326531,31.63265306122449,2.008736559139785,1,1
['spotify:track:6j0teRL3WdExzqmy334sh5'],['spotify:track:0B8QzDH7YWih85V5SEMnyJ'],['Seven Million (feat. Future)'],['Money Longer'],0.0031750063500127,0.5,36.794392523364486,1.9728219456438914,1,1
['spotify:track:6NxsCnLeLd8Ai1TrgGxzIx'],['spotify:track:4BP3uh0hFLFRb5cjsgLqDh'],['Bad Moon Rising'],['Fortunate Son'],0.0031750063500127,0.4901960784313726,49.484665661136255,1.942107422676384,1,1
"['spotify:track:4Km5HrUvYTaSUfiSGPJeQR', 'spotify:track:7KOlJ92bu51cltsD9KU5I7']",['spotify:track:6p8NuHm8uCGnn2Dtbtf7zE'],"['Bad and Boujee (feat. Lil Uzi Vert)', 'T-Shirt']",['Slippery (feat. Gucci Mane)'],0.0031750063500127,0.4901960784313726,35.73892519970951,1.9346339461909694,2,1
['spotify:track:4Pn0JlCUusD2QHjADuOzuV'],['spotify:track:0BCy325UZyR9z0t0uxwn2N'],['Humble And Kind'],['H.O.L.Y.'],0.0031750063500127,0.4901960784313726,38.21588041157057,1.9363777573708993,1,1
"['spotify:track:4Km5HrUvYTaSUfiSGPJeQR', 'spotify:track:7KOlJ92bu51cltsD9KU5I7']",['spotify:track:0VgkVdmE4gld66l8iyGjgx'],"['Bad and Boujee (feat. Lil Uzi Vert)', 'T-Shirt']",['Mask Off'],0.0031750063500127,0.4901960784313726,29.464152073042957,1.928904280885485,2,1
['spotify:track:1qxINnTuff87Pj1lvKbGxy'],['spotify:track:03fT3OHB9KyMtGMt2zwqCT'],['Ready Set Roll'],['Play It Again'],0.0031750063500127,0.4901960784313726,35.0891265597148,1.934135714425275,1,1
['spotify:track:498ZVInMGDkmmNVpSWqHiZ'],['spotify:track:7mldq42yDuxiUNn08nvzHO'],['May We All'],['Body Like A Back Road'],0.0031750063500127,0.4901960784313726,35.0891265597148,1.934135714425275,1,1
"['spotify:track:0VgkVdmE4gld66l8iyGjgx', 'spotify:track:7KXjTSCq5nL1LoYtL7XAwS']",['spotify:track:4Q3N4Ct4zCuIHuZ65E3BD4'],"['Mask Off', 'HUMBLE.']",['Tunnel Vision'],0.0031750063500127,0.4807692307692308,35.37922358015816,1.8997544661755994,2,1
['spotify:track:03LpkqucyYKcYclDs8HuxO'],['spotify:track:1soxUgYIZb1qx1c7o1Lc7z'],"['John Cougar, John Deere, John 3:16']",['Drunk On A Plane'],0.0031750063500127,0.4807692307692308,38.62833594976452,1.901955803911608,1,1
['spotify:track:5r00wpsojd4mBYaQFDvni7'],['spotify:track:5HGibWoxnkYSkl6mHmAlOE'],['Roller Coaster'],"[""That's My Kind Of Night""]",0.0031750063500127,0.4807692307692308,36.399778106508876,1.9004882454209355,1,1
"['spotify:track:0B8QzDH7YWih85V5SEMnyJ', 'spotify:track:2ANLarE8yHVsLWW21nj79M']",['spotify:track:7yyRTcZmCiyzzJlNzGC9Ol'],"['Money Longer', 'You Was Right']",['Broccoli (feat. Lil Yachty)'],0.0031750063500127,0.4716981132075472,16.655385396395634,1.839249428498857,2,1
['spotify:track:6naYpFIKihKbGg6lGxpveI'],['spotify:track:0BCy325UZyR9z0t0uxwn2N'],['Backroad Song'],['H.O.L.Y.'],0.0031750063500127,0.4716981132075472,36.77377171679432,1.86857741572626,1,1
['spotify:track:6naYpFIKihKbGg6lGxpveI'],['spotify:track:0O1x2tRm8ZpfDbcpOWZp7z'],['Backroad Song'],['American Country Love Song'],0.0031750063500127,0.4716981132075472,65.16054286660047,1.8791547225951595,1,1
"['spotify:track:4Km5HrUvYTaSUfiSGPJeQR', 'spotify:track:7yyRTcZmCiyzzJlNzGC9Ol']",['spotify:track:5hTpBe8h35rJ67eAWHQsJx'],"['Bad and Boujee (feat. Lil Uzi Vert)', 'Broccoli (feat. Lil Yachty)']",['Caroline'],0.0031750063500127,0.46296296296296297,20.140167792101494,1.819265500599967,2,1
"['spotify:track:4Km5HrUvYTaSUfiSGPJeQR', 'spotify:track:7yyRTcZmCiyzzJlNzGC9Ol']",['spotify:track:0SGkqnVQo9KPytSri1H6cF'],"['Bad and Boujee (feat. Lil Uzi Vert)', 'Broccoli (feat. Lil Yachty)']",['Bounce Back'],0.0031750063500127,0.46296296296296297,22.227868112014455,1.8232857155369484,2,1
"['spotify:track:5uDASfU19gDxSjW8cnCaBp', 'spotify:track:7yyRTcZmCiyzzJlNzGC9Ol']",['spotify:track:6fujklziTHa8uoM5OQSfIo'],"['Chill Bill', 'Broccoli (feat. Lil Yachty)']",['Black Beatles'],0.0031750063500127,0.46296296296296297,25.49210049210049,1.8282518634002787,2,1
"['spotify:track:5uDASfU19gDxSjW8cnCaBp', 'spotify:track:7yyRTcZmCiyzzJlNzGC9Ol']",['spotify:track:4Km5HrUvYTaSUfiSGPJeQR'],"['Chill Bill', 'Broccoli (feat. Lil Yachty)']",['Bad and Boujee (feat. Lil Uzi Vert)'],0.0031750063500127,0.46296296296296297,20.36519759983447,1.8197384670631414,2,1
"['spotify:track:4Km5HrUvYTaSUfiSGPJeQR', 'spotify:track:7yyRTcZmCiyzzJlNzGC9Ol']",['spotify:track:5uDASfU19gDxSjW8cnCaBp'],"['Bad and Boujee (feat. Lil Uzi Vert)', 'Broccoli (feat. Lil Yachty)']",['Chill Bill'],0.0031750063500127,0.46296296296296297,26.60854284941876,1.8296707627898017,2,1
['spotify:track:5sUlaoVcLPk2Wr695jp6dd'],['spotify:track:0XUfyU2QviPAs6bxSpXYG4'],['Bartender'],['Yeah!'],0.0031750063500127,0.46296296296296297,21.44335511982571,1.8218668161474256,1,1
['spotify:track:6naxalmIoLFWR0siv8dnQQ'],['spotify:track:3MjUtNVVq3C8Fn0MP3zhXa'],['Oops!...I Did It Again'],['...Baby One More Time'],0.0031750063500127,0.46296296296296297,59.76017000607165,1.8476434883904251,1,1
['spotify:track:7floNISpH8VF4z4459Qo18'],['spotify:track:7KXjTSCq5nL1LoYtL7XAwS'],['Look At Me!'],['HUMBLE.'],0.0031750063500127,0.46296296296296297,18.318444072212916,1.8150088024313982,1,1
['spotify:track:2EvddT8rcO99bKH0rDHAYG'],['spotify:track:1soxUgYIZb1qx1c7o1Lc7z'],['We Are Tonight'],['Drunk On A Plane'],0.0031750063500127,0.46296296296296297,37.19765684051398,1.8388936088217005,1,1
['spotify:track:2EvddT8rcO99bKH0rDHAYG'],['spotify:track:3un2KQUaQ2brEpd8dK93wI'],['We Are Tonight'],['Beat Of The Music'],0.0031750063500127,0.46296296296296297,63.953866146848604,1.8485894213167737,1,1
['spotify:track:5vCgOg9VqRaAUbnflCO6P3'],['spotify:track:03fT3OHB9KyMtGMt2zwqCT'],['Cop Car'],['Play It Again'],0.0031750063500127,0.46296296296296297,33.139730639730644,1.8360558100426547,1,1
['spotify:track:4sebUbjqbcgDSwG6PbSGI0'],['spotify:track:5c5a2Ptu8eyIpljhQHjIqk'],['Come a Little Closer'],"[""Ain't No Rest for the Wicked - Original Version""]",0.0031750063500127,0.45454545454545453,51.12987012987013,1.8170349674032684,1,1
['spotify:track:4B4zDmbHdkXZ1wUJv1yKFy'],['spotify:track:5l3CML2OnzfNs5RfVgbcLt'],['Wiggle (feat. Snoop Dogg)'],['Talk Dirty (feat. 2 Chainz)'],0.0031750063500127,0.45454545454545453,51.87088274044795,1.8172678012022692,1,1
['spotify:track:5XFu5S1vBY7sNHlheCapOz'],['spotify:track:0H04yVa3DJxoXbLBpAb7iV'],['Strip It Down'],"[""I'm Comin' Over""]",0.0031750063500127,0.4464285714285714,45.06639194139194,1.7885568674363155,1,1
['spotify:track:5XFu5S1vBY7sNHlheCapOz'],['spotify:track:5kNe7PE09d6Kvw5pAsx23n'],['Strip It Down'],['Die A Happy Man'],0.0031750063500127,0.4464285714285714,27.678571428571427,1.777315296566077,1,1
['spotify:track:7B6m8tHAYZsOKOKMU5SR2n'],['spotify:track:05ZACkzW8YbRq3eFgIfSNB'],['Take A Back Road'],['Springsteen'],0.0031750063500127,0.4464285714285714,28.57868757259001,1.7782329758207902,1,1
"['spotify:track:1yEwEiTpsaPhQi9lb5EVV4', 'spotify:track:5kjyiH6but1t2UDXq15aeS']",['spotify:track:05ZACkzW8YbRq3eFgIfSNB'],"['Knee Deep (feat. Jimmy Buffett)', 'Toes']",['Springsteen'],0.0031750063500127,0.4464285714285714,28.57868757259001,1.7782329758207902,2,1
['spotify:track:1PoGWZbJPGmViVi7CYbDUK'],['spotify:track:5HGibWoxnkYSkl6mHmAlOE'],['Drink A Beer'],"[""That's My Kind Of Night""]",0.0031750063500127,0.4464285714285714,33.799793956043956,1.7825919522806788,1,1
['spotify:track:1PoGWZbJPGmViVi7CYbDUK'],['spotify:track:4O1CExxinEpKZi3861NlTK'],['Drink A Beer'],['Get Me Some Of That'],0.0031750063500127,0.4464285714285714,42.35154905335628,1.7874097683679238,1,1
['spotify:track:6JjEVlMkfHWMeYavkEYzNO'],['spotify:track:6gBFPUFcJLzWGx4lenP6h2'],['Gassed Up'],['goosebumps'],0.0031750063500127,0.4464285714285714,22.9750233426704,1.77135038141044,1,1
"['spotify:track:6fujklziTHa8uoM5OQSfIo', 'spotify:track:7yyRTcZmCiyzzJlNzGC9Ol']",['spotify:track:5uDASfU19gDxSjW8cnCaBp'],"['Black Beatles', 'Broccoli (feat. Lil Yachty)']",['Chill Bill'],0.0031750063500127,0.43859649122807015,25.20809322576514,1.7502579692659386,2,1
['spotify:track:0O1x2tRm8ZpfDbcpOWZp7z'],['spotify:track:6naYpFIKihKbGg6lGxpveI'],['American Country Love Song'],['Backroad Song'],0.0031750063500127,0.43859649122807015,65.16054286660047,1.7692603822707647,1,1
['spotify:track:0H9Q7Vzu8nYRDBZYKbtU8d'],['spotify:track:46ZfPS5VpSQVU5gb82hg3K'],['Sippin’ On Fire'],['Anything Goes'],0.0031750063500127,0.43859649122807015,45.44090489381348,1.7640573406146813,1,1
['spotify:track:0H9Q7Vzu8nYRDBZYKbtU8d'],['spotify:track:2TR7A4ulH9R1PNwMyd8o8U'],['Sippin’ On Fire'],['This Is How We Roll'],0.0031750063500127,0.43859649122807015,34.53508771929825,1.7586280797561598,1,1
['spotify:track:3un2KQUaQ2brEpd8dK93wI'],['spotify:track:2EvddT8rcO99bKH0rDHAYG'],['Beat Of The Music'],['We Are Tonight'],0.0031750063500127,0.43859649122807015,63.9538661468486,1.7690341630683262,1,1
['spotify:track:0O1x2tRm8ZpfDbcpOWZp7z'],['spotify:track:5CG9Ps5ynNjpKJHmwc95pa'],['American Country Love Song'],['Somewhere On A Beach'],0.0031750063500127,0.43859649122807015,45.44090489381348,1.7640573406146813,1,1
['spotify:track:3un2KQUaQ2brEpd8dK93wI'],['spotify:track:3ts6xK5GzfMAAriT9AIBmP'],['Beat Of The Music'],['Barefoot Blue Jean Night'],0.0031750063500127,0.43859649122807015,33.20681511470985,1.757723202946406,1,1
['spotify:track:3un2KQUaQ2brEpd8dK93wI'],['spotify:track:03fT3OHB9KyMtGMt2zwqCT'],['Beat Of The Music'],['Play It Again'],0.0031750063500127,0.43859649122807015,31.395534290271133,1.7563658877317756,1,1
['spotify:track:2QVzUws1l5mzZ4v46tGHrC'],['spotify:track:6GsAD8PgHxmEuIPTG8GP3M'],['Love You Like That'],['It Goes Like This'],0.0031750063500127,0.4310344827586207,44.65744101633394,1.7406116024353264,1,1
"['spotify:track:1yEwEiTpsaPhQi9lb5EVV4', 'spotify:track:4dGJf1SER1T6ooX46vwzRB']",['spotify:track:3b7CDTKB0SRTmQ6ytYi5vZ'],"['Knee Deep (feat. Jimmy Buffett)', 'Chicken Fried']",['Drunk On You'],0.0031750063500127,0.423728813559322,36.664183274352766,1.7152392834197432,2,1
"['spotify:track:4dGJf1SER1T6ooX46vwzRB', 'spotify:track:5kjyiH6but1t2UDXq15aeS']",['spotify:track:1dgWTMoHwTUnQhOQ8SR5fV'],"['Chicken Fried', 'Toes']",['American Kids'],0.0031750063500127,0.4166666666666667,35.661231884057976,1.6942559599404916,2,1
['spotify:track:5ytc87gcx6dZ4nWRNykinV'],['spotify:track:5HGibWoxnkYSkl6mHmAlOE'],['Night Train'],"[""That's My Kind Of Night""]",0.0031750063500127,0.4166666666666667,31.54647435897436,1.6916433832867668,1,1
['spotify:track:10Nmj3JCNoMeBQ87uw5j8k'],['spotify:track:48UPSzbZjgc449aqz8bxox'],['Dani California'],['Californication'],0.0031750063500127,0.4166666666666667,39.528112449799195,1.6962153924307852,1,1
['spotify:track:5yIiXdLRE85OBiQmCaUenq'],['spotify:track:5HGibWoxnkYSkl6mHmAlOE'],['Sure Be Cool If You Did'],"[""That's My Kind Of Night""]",0.0031750063500127,0.4166666666666667,31.54647435897436,1.6916433832867668,1,1
['spotify:track:5yIiXdLRE85OBiQmCaUenq'],['spotify:track:68Pux358EOhXmQqln37bj4'],['Sure Be Cool If You Did'],['God Gave Me You'],0.0031750063500127,0.4166666666666667,46.20892018779343,1.6988279690845098,1,1
['spotify:track:5S5rw0WLVCAux5B5bWCehK'],['spotify:track:7I5fYc4qKJddht8Ozhqqdx'],['I Like The Sound Of That'],['Snapback'],0.0031750063500127,0.4166666666666667,47.54830917874396,1.6992633985267973,1,1
['spotify:track:2QbFClFyhMMtiurUjuQlAe'],['spotify:track:7BKLCZ1jbUBVqRi2FVlTVw'],"[""Don't Wanna Know (feat. Kendrick Lamar)""]",['Closer'],0.0031750063500127,0.40983606557377045,15.97549099172212,1.6509750797279372,1,1
['spotify:track:0cV4xwUA4ue2deqq4CZFko'],['spotify:track:6s9ICeczYOfbHHIaSMq9jd'],"[""I Don't Want This Night to End""]",['Get Your Shine On'],0.0031750063500127,0.40983606557377045,36.25897955424571,1.6752921005842012,1,1
['spotify:track:0cV4xwUA4ue2deqq4CZFko'],['spotify:track:0i5el041vd6nxrGEU8QRxy'],"[""I Don't Want This Night to End""]",['Cruise'],0.0031750063500127,0.40983606557377045,28.557957348034236,1.6701274235881804,1,1
['spotify:track:0cV4xwUA4ue2deqq4CZFko'],['spotify:track:05ZACkzW8YbRq3eFgIfSNB'],"[""I Don't Want This Night to End""]",['Springsteen'],0.0031750063500127,0.40983606557377045,26.23617219778755,1.6679754748398385,1,1
['spotify:track:0wzABO1igQsSy8cQ7dIeHK'],['spotify:track:2LawezPeJhN4AWuSB0GtAU'],['Paint It Black'],['Have You Ever Seen The Rain?'],0.0031750063500127,0.40983606557377045,39.84011333738109,1.6770136595828746,1,1
['spotify:track:3MjUtNVVq3C8Fn0MP3zhXa'],['spotify:track:6naxalmIoLFWR0siv8dnQQ'],['...Baby One More Time'],['Oops!...I Did It Again'],0.0031750063500127,0.40983606557377045,59.76017000607164,1.682823921203398,1,1
['spotify:track:7fSGbZLhWlAiCC3HDPAULu'],['spotify:track:2LawezPeJhN4AWuSB0GtAU'],"[""(I Can't Get No) Satisfaction - Mono Version / Remastered 2002""]",['Have You Ever Seen The Rain?'],0.0031750063500127,0.40983606557377045,39.84011333738109,1.6770136595828746,1,1
['spotify:track:7fSGbZLhWlAiCC3HDPAULu'],['spotify:track:1QEEqeFIZktqIpPI4jSVSF'],"[""(I Can't Get No) Satisfaction - Mono Version / Remastered 2002""]",['More Than a Feeling'],0.0031750063500127,0.40983606557377045,35.46207890470185,1.6748617108345327,1,1
['spotify:track:3LbvNFkqDTrE1liGMmZBDL'],['spotify:track:1soxUgYIZb1qx1c7o1Lc7z'],['Shotgun Rider'],['Drunk On A Plane'],0.0031750063500127,0.40983606557377045,32.92907326865172,1.6733553467106934,1,1
['spotify:track:4PJXT82AZtlDW4Q71b43oz'],['spotify:track:6GsAD8PgHxmEuIPTG8GP3M'],"[""Whatever She's Got""]",['It Goes Like This'],0.0031750063500127,0.40983606557377045,42.46117342536669,1.6780896339570457,1,1
['spotify:track:4PJXT82AZtlDW4Q71b43oz'],['spotify:track:2TR7A4ulH9R1PNwMyd8o8U'],"[""Whatever She's Got""]",['This Is How We Roll'],0.0031750063500127,0.40983606557377045,32.27049180327869,1.6729249569610252,1,1
['spotify:track:4PJXT82AZtlDW4Q71b43oz'],['spotify:track:3ts6xK5GzfMAAriT9AIBmP'],"[""Whatever She's Got""]",['Barefoot Blue Jean Night'],0.0031750063500127,0.40983606557377045,31.02931904161412,1.6720641774616885,1,1
['spotify:track:3AYcyxEACnmE6d96RPubID'],['spotify:track:3bidbhpOYeV4knp8AIu8Xn'],['Thrift Shop (feat. Wanz)'],"[""Can't Hold Us - feat. Ray Dalton""]",0.0031750063500127,0.4032258064516129,39.197530864197525,1.6584379655245796,1,1
['spotify:track:69DR48pXzSabFUfQfDDJDb'],['spotify:track:6GsAD8PgHxmEuIPTG8GP3M'],['Make Me Wanna'],['It Goes Like This'],0.0031750063500127,0.4032258064516129,41.776315789473685,1.659502021706746,1,1
['spotify:track:69DR48pXzSabFUfQfDDJDb'],['spotify:track:6eYYm2xwrvdav2yakF3cqg'],['Make Me Wanna'],['Leave The Night On'],0.0031750063500127,0.4032258064516129,32.397959183673464,1.6548201745052138,1,1
"['spotify:track:76Y0gxtTxN0FyDCYh5qYQj', 'spotify:track:7KOlJ92bu51cltsD9KU5I7']",['spotify:track:6p8NuHm8uCGnn2Dtbtf7zE'],"['Get Right Witcha', 'T-Shirt']",['Slippery (feat. Gucci Mane)'],0.003048006096012192,0.8571428571428571,62.49206349206349,6.903987807975613,2,1
"['spotify:track:1yEwEiTpsaPhQi9lb5EVV4', 'spotify:track:5T6DM9qjjngWnukcw0svkX']",['spotify:track:4dGJf1SER1T6ooX46vwzRB'],"['Knee Deep (feat. Jimmy Buffett)', 'Round Here']",['Chicken Fried'],0.003048006096012192,0.8571428571428571,53.99314285714286,6.888874777749553,2,1
"['spotify:track:1yEwEiTpsaPhQi9lb5EVV4', 'spotify:track:6eYYm2xwrvdav2yakF3cqg']",['spotify:track:4dGJf1SER1T6ooX46vwzRB'],"['Knee Deep (feat. Jimmy Buffett)', 'Leave The Night On']",['Chicken Fried'],0.003048006096012192,0.8275862068965517,52.13131034482759,5.707924815849631,2,1
"['spotify:track:03fT3OHB9KyMtGMt2zwqCT', 'spotify:track:5kjyiH6but1t2UDXq15aeS']",['spotify:track:1yEwEiTpsaPhQi9lb5EVV4'],"['Play It Again', 'Toes']",['Knee Deep (feat. Jimmy Buffett)'],0.003048006096012192,0.8275862068965517,66.49401829697396,5.72781305562611,2,1
"['spotify:track:03fT3OHB9KyMtGMt2zwqCT', 'spotify:track:5kjyiH6but1t2UDXq15aeS']",['spotify:track:4dGJf1SER1T6ooX46vwzRB'],"['Play It Again', 'Toes']",['Chicken Fried'],0.003048006096012192,0.8275862068965517,52.13131034482759,5.707924815849631,2,1
"['spotify:track:2FviG1Ma0M0BSZbqaDvw0x', 'spotify:track:6IFPfV8PNSYOmufzQ95hmm']",['spotify:track:5kNe7PE09d6Kvw5pAsx23n'],"['House Party', 'Confession']",['Die A Happy Man'],0.003048006096012192,0.8275862068965517,51.310344827586206,5.7064516129032254,2,1
"['spotify:track:6p8NuHm8uCGnn2Dtbtf7zE', 'spotify:track:76Y0gxtTxN0FyDCYh5qYQj']",['spotify:track:7KOlJ92bu51cltsD9KU5I7'],"['Slippery (feat. Gucci Mane)', 'Get Right Witcha']",['T-Shirt'],0.003048006096012192,0.8,58.32592592592593,4.931419862839727,2,1
"['spotify:track:4dGJf1SER1T6ooX46vwzRB', 'spotify:track:5T6DM9qjjngWnukcw0svkX']",['spotify:track:1yEwEiTpsaPhQi9lb5EVV4'],"['Chicken Fried', 'Round Here']",['Knee Deep (feat. Jimmy Buffett)'],0.003048006096012192,0.8,64.27755102040817,4.937769875539752,2,1
"['spotify:track:5ZManJDV3CexO66nRCkdiV', 'spotify:track:6eYYm2xwrvdav2yakF3cqg']",['spotify:track:2FviG1Ma0M0BSZbqaDvw0x'],"['Break Up with Him', 'Leave The Night On']",['House Party'],0.003048006096012192,0.7741935483870968,53.94690265486726,4.365016872890888,2,1
"['spotify:track:2Fk0WwAqTBesLtKg97nojy', 'spotify:track:2N3F1EQCpnIeDOA3rLSAfE']",['spotify:track:6eYYm2xwrvdav2yakF3cqg'],"['Crash And Burn', 'Break Up In A Small Town']",['Leave The Night On'],0.003048006096012192,0.75,60.26020408163265,3.9502159004318007,2,1
"['spotify:track:0H04yVa3DJxoXbLBpAb7iV', 'spotify:track:2N3F1EQCpnIeDOA3rLSAfE']",['spotify:track:2FviG1Ma0M0BSZbqaDvw0x'],"[""I'm Comin' Over"", 'Break Up In A Small Town']",['House Party'],0.003048006096012192,0.75,52.26106194690266,3.9425958851917704,2,1
"['spotify:track:1zWZvrk13cL8Sl3VLeG57F', 'spotify:track:6IFPfV8PNSYOmufzQ95hmm']",['spotify:track:5kNe7PE09d6Kvw5pAsx23n'],"['T-Shirt', 'Confession']",['Die A Happy Man'],0.003048006096012192,0.75,46.5,3.935483870967742,2,1
"['spotify:track:2N3F1EQCpnIeDOA3rLSAfE', 'spotify:track:5kNe7PE09d6Kvw5pAsx23n']",['spotify:track:2FviG1Ma0M0BSZbqaDvw0x'],"['Break Up In A Small Town', 'Die A Happy Man']",['House Party'],0.003048006096012192,0.7272727272727272,50.67739340305712,3.614046228092455,2,1
"['spotify:track:5BbYPT6ehZf0hSv2su6JAl', 'spotify:track:5kNe7PE09d6Kvw5pAsx23n']",['spotify:track:2FviG1Ma0M0BSZbqaDvw0x'],"['Make You Miss Me', 'Die A Happy Man']",['House Party'],0.003048006096012192,0.7272727272727272,50.67739340305712,3.614046228092455,2,1
"['spotify:track:2Fk0WwAqTBesLtKg97nojy', 'spotify:track:5ZManJDV3CexO66nRCkdiV']",['spotify:track:5kNe7PE09d6Kvw5pAsx23n'],"['Crash And Burn', 'Break Up with Him']",['Die A Happy Man'],0.003048006096012192,0.7058823529411765,43.76470588235294,3.345161290322581,2,1
"['spotify:track:0H04yVa3DJxoXbLBpAb7iV', 'spotify:track:2FviG1Ma0M0BSZbqaDvw0x']",['spotify:track:2N3F1EQCpnIeDOA3rLSAfE'],"[""I'm Comin' Over"", 'House Party']",['Break Up In A Small Town'],0.003048006096012192,0.7058823529411765,66.16806722689076,3.363728727457455,2,1
"['spotify:track:5BbYPT6ehZf0hSv2su6JAl', 'spotify:track:6eYYm2xwrvdav2yakF3cqg']",['spotify:track:7vWGeYZJUzBXKGPro05UXS'],"['Make You Miss Me', 'Leave The Night On']",['Take Your Time'],0.003048006096012192,0.7058823529411765,57.30018192844148,3.358115316230633,2,1
"['spotify:track:2FviG1Ma0M0BSZbqaDvw0x', 'spotify:track:5BbYPT6ehZf0hSv2su6JAl']",['spotify:track:6eYYm2xwrvdav2yakF3cqg'],"['House Party', 'Make You Miss Me']",['Leave The Night On'],0.003048006096012192,0.7058823529411765,56.71548619447779,3.357683515367031,2,1
"['spotify:track:5BbYPT6ehZf0hSv2su6JAl', 'spotify:track:6eYYm2xwrvdav2yakF3cqg']",['spotify:track:2FviG1Ma0M0BSZbqaDvw0x'],"['Make You Miss Me', 'Leave The Night On']",['House Party'],0.003048006096012192,0.7058823529411765,49.18688183237897,3.3512065024130053,2,1
"['spotify:track:2FviG1Ma0M0BSZbqaDvw0x', 'spotify:track:5BbYPT6ehZf0hSv2su6JAl']",['spotify:track:7vWGeYZJUzBXKGPro05UXS'],"['House Party', 'Make You Miss Me']",['Take Your Time'],0.003048006096012192,0.7058823529411765,57.30018192844148,3.358115316230633,2,1
"['spotify:track:2FviG1Ma0M0BSZbqaDvw0x', 'spotify:track:5BbYPT6ehZf0hSv2su6JAl']",['spotify:track:5kNe7PE09d6Kvw5pAsx23n'],"['House Party', 'Make You Miss Me']",['Die A Happy Man'],0.003048006096012192,0.7058823529411765,43.76470588235294,3.345161290322581,2,1
['spotify:track:5E4CJfa6yZNGSKVFSUgaBt'],['spotify:track:4O1CExxinEpKZi3861NlTK'],['Whiskey in My Water'],['Get Me Some Of That'],0.003048006096012192,0.6857142857142856,65.05197934595525,3.14827856928441,1,1
"['spotify:track:2Fk0WwAqTBesLtKg97nojy', 'spotify:track:6eYYm2xwrvdav2yakF3cqg']",['spotify:track:2N3F1EQCpnIeDOA3rLSAfE'],"['Crash And Burn', 'Leave The Night On']",['Break Up In A Small Town'],0.003048006096012192,0.6666666666666666,62.49206349206349,2.9679959359918717,2,1
"['spotify:track:4dGJf1SER1T6ooX46vwzRB', 'spotify:track:6eYYm2xwrvdav2yakF3cqg']",['spotify:track:1yEwEiTpsaPhQi9lb5EVV4'],"['Chicken Fried', 'Leave The Night On']",['Knee Deep (feat. Jimmy Buffett)'],0.003048006096012192,0.6666666666666666,53.56462585034013,2.96266192532385,2,1
"['spotify:track:2FviG1Ma0M0BSZbqaDvw0x', 'spotify:track:5ZManJDV3CexO66nRCkdiV']",['spotify:track:6eYYm2xwrvdav2yakF3cqg'],"['House Party', 'Break Up with Him']",['Leave The Night On'],0.003048006096012192,0.6666666666666666,53.56462585034013,2.96266192532385,2,1
"['spotify:track:03fT3OHB9KyMtGMt2zwqCT', 'spotify:track:1yEwEiTpsaPhQi9lb5EVV4']",['spotify:track:5kjyiH6but1t2UDXq15aeS'],"['Play It Again', 'Knee Deep (feat. Jimmy Buffett)']",['Toes'],0.003048006096012192,0.6666666666666666,55.84397163120567,2.964185928371857,2,1
"['spotify:track:5kNe7PE09d6Kvw5pAsx23n', 'spotify:track:6IFPfV8PNSYOmufzQ95hmm']",['spotify:track:2FviG1Ma0M0BSZbqaDvw0x'],"['Die A Happy Man', 'Confession']",['House Party'],0.003048006096012192,0.6666666666666666,46.45427728613569,2.9569469138938276,2,1
"['spotify:track:5kNe7PE09d6Kvw5pAsx23n', 'spotify:track:6IFPfV8PNSYOmufzQ95hmm']",['spotify:track:1zWZvrk13cL8Sl3VLeG57F'],"['Die A Happy Man', 'Confession']",['T-Shirt'],0.003048006096012192,0.6666666666666666,63.24497991967871,2.9683769367538733,2,1
['spotify:track:73q3FpQVXWk5eSUnyo83E4'],['spotify:track:0d8ZbnRoW1TJ3qEleTrYHH'],"[""Tearin' up My Heart - Radio Edit""]",['I Want It That Way'],0.003048006096012192,0.6486486486486486,59.38906348208673,2.8150680916746444,1,1
"['spotify:track:0SGkqnVQo9KPytSri1H6cF', 'spotify:track:0VgkVdmE4gld66l8iyGjgx']",['spotify:track:4Km5HrUvYTaSUfiSGPJeQR'],"['Bounce Back', 'Mask Off']",['Bad and Boujee (feat. Lil Uzi Vert)'],0.003048006096012192,0.6486486486486486,28.533293069605914,2.7814521013657405,2,1
"['spotify:track:5BbYPT6ehZf0hSv2su6JAl', 'spotify:track:7vWGeYZJUzBXKGPro05UXS']",['spotify:track:6eYYm2xwrvdav2yakF3cqg'],"['Make You Miss Me', 'Take Your Time']",['Leave The Night On'],0.003048006096012192,0.6486486486486486,52.11693325979039,2.8107305445380115,2,1
"['spotify:track:5BbYPT6ehZf0hSv2su6JAl', 'spotify:track:7vWGeYZJUzBXKGPro05UXS']",['spotify:track:2FviG1Ma0M0BSZbqaDvw0x'],"['Make You Miss Me', 'Take Your Time']",['House Party'],0.003048006096012192,0.6486486486486486,45.19875627840229,2.8053086106172205,2,1
"['spotify:track:3ts6xK5GzfMAAriT9AIBmP', 'spotify:track:3xdjjKMcMOFgo1eQrfbogM']",['spotify:track:4dGJf1SER1T6ooX46vwzRB'],"['Barefoot Blue Jean Night', 'Wagon Wheel']",['Chicken Fried'],0.003048006096012192,0.631578947368421,39.78442105263158,2.6711963423926846,2,1
"['spotify:track:2N3F1EQCpnIeDOA3rLSAfE', 'spotify:track:6eYYm2xwrvdav2yakF3cqg']",['spotify:track:2Fk0WwAqTBesLtKg97nojy'],"['Break Up In A Small Town', 'Leave The Night On']",['Crash And Burn'],0.003048006096012192,0.5853658536585366,52.376940133037685,2.384810769621539,2,1
"['spotify:track:4Q3N4Ct4zCuIHuZ65E3BD4', 'spotify:track:7GX5flRQZVHRAGd6B4TmDO']",['spotify:track:7KXjTSCq5nL1LoYtL7XAwS'],"['Tunnel Vision', 'XO TOUR Llif3']",['HUMBLE.'],0.003048006096012192,0.5853658536585366,23.161661968378475,2.3508120545652855,2,1
"['spotify:track:3xdjjKMcMOFgo1eQrfbogM', 'spotify:track:4dGJf1SER1T6ooX46vwzRB']",['spotify:track:3ts6xK5GzfMAAriT9AIBmP'],"['Wagon Wheel', 'Chicken Fried']",['Barefoot Blue Jean Night'],0.003048006096012192,0.5853658536585366,44.31894934333958,2.379910053937755,2,1
"['spotify:track:1zWZvrk13cL8Sl3VLeG57F', 'spotify:track:5kNe7PE09d6Kvw5pAsx23n']",['spotify:track:6IFPfV8PNSYOmufzQ95hmm'],"['T-Shirt', 'Die A Happy Man']",['Confession'],0.003048006096012192,0.5853658536585366,73.16144018583041,2.392468137877452,2,1
['spotify:track:11LmqTE2naFULdEP94AUBa'],['spotify:track:4P5KoWXOxwuobLmHXLMobV'],['Heart-Shaped Box'],['Come As You Are'],0.003048006096012192,0.5853658536585366,64.01626016260163,2.389711485305323,1,1
"['spotify:track:2FviG1Ma0M0BSZbqaDvw0x', 'spotify:track:2N3F1EQCpnIeDOA3rLSAfE']",['spotify:track:5kNe7PE09d6Kvw5pAsx23n'],"['House Party', 'Break Up In A Small Town']",['Die A Happy Man'],0.003048006096012192,0.5714285714285714,35.42857142857143,2.2956989247311825,2,1
"['spotify:track:4Q3N4Ct4zCuIHuZ65E3BD4', 'spotify:track:7KXjTSCq5nL1LoYtL7XAwS']",['spotify:track:7GX5flRQZVHRAGd6B4TmDO'],"['Tunnel Vision', 'HUMBLE.']",['XO TOUR Llif3'],0.003048006096012192,0.5714285714285714,34.086580086580085,2.294217255101177,2,1
['spotify:track:7i9763l5SSfOnqZ35VOcfy'],['spotify:track:3CRDbSIZ4r5MsZ0YwxuEkn'],['Heavydirtysoul'],['Stressed Out'],0.003048006096012192,0.5714285714285714,37.81032412965185,2.298069596139192,1,1
"['spotify:track:2FviG1Ma0M0BSZbqaDvw0x', 'spotify:track:2N3F1EQCpnIeDOA3rLSAfE']",['spotify:track:0H04yVa3DJxoXbLBpAb7iV'],"['House Party', 'Break Up In A Small Town']","[""I'm Comin' Over""]",0.003048006096012192,0.5714285714285714,57.684981684981686,2.3102192871052405,2,1
"['spotify:track:03fT3OHB9KyMtGMt2zwqCT', 'spotify:track:4dGJf1SER1T6ooX46vwzRB']",['spotify:track:5kjyiH6but1t2UDXq15aeS'],"['Play It Again', 'Chicken Fried']",['Toes'],0.003048006096012192,0.5714285714285714,47.866261398176285,2.3054779442892217,2,1
"['spotify:track:0SGkqnVQo9KPytSri1H6cF', 'spotify:track:343YBumqHu19cGoGARUTsd']",['spotify:track:4Km5HrUvYTaSUfiSGPJeQR'],"['Bounce Back', 'Fake Love']",['Bad and Boujee (feat. Lil Uzi Vert)'],0.003048006096012192,0.5581395348837209,24.551903338963232,2.211709423418847,2,1
"['spotify:track:5ZManJDV3CexO66nRCkdiV', 'spotify:track:5kNe7PE09d6Kvw5pAsx23n']",['spotify:track:2Fk0WwAqTBesLtKg97nojy'],"['Break Up with Him', 'Die A Happy Man']",['Crash And Burn'],0.003048006096012192,0.5581395348837209,49.940803382663844,2.2378647915190566,2,1
['spotify:track:38gZVjeaeR3gcnCzziAxBm'],['spotify:track:0BCy325UZyR9z0t0uxwn2N'],['Middle of a Memory'],['H.O.L.Y.'],0.003048006096012192,0.5581395348837209,43.51277918489523,2.234128310361884,1,1
['spotify:track:7px4t7HGiuMUvFkEOpZEwp'],['spotify:track:5CG9Ps5ynNjpKJHmwc95pa'],['Song for Another Time'],['Somewhere On A Beach'],0.003048006096012192,0.5581395348837209,57.82619339045288,2.241313851048755,1,1
['spotify:track:64BbK9SFKH2jk86U3dGj2P'],['spotify:track:2aibwv5hGXSgw7Yru8IYTO'],['Otherside'],['Snow (Hey Oh) - Hey Oh Album Version'],0.003048006096012192,0.5454545454545454,55.7780401416765,2.1784861569723137,1,1
"['spotify:track:0SGkqnVQo9KPytSri1H6cF', 'spotify:track:5hTpBe8h35rJ67eAWHQsJx']",['spotify:track:4Km5HrUvYTaSUfiSGPJeQR'],"['Bounce Back', 'Caroline']",['Bad and Boujee (feat. Lil Uzi Vert)'],0.003048006096012192,0.5333333333333333,23.46070763500931,2.0941434740012337,2,1
"['spotify:track:0VgkVdmE4gld66l8iyGjgx', 'spotify:track:4Km5HrUvYTaSUfiSGPJeQR']",['spotify:track:0SGkqnVQo9KPytSri1H6cF'],"['Mask Off', 'Bad and Boujee (feat. Lil Uzi Vert)']",['Bounce Back'],0.003048006096012192,0.5333333333333333,25.60650406504065,2.0982256250226787,2,1
['spotify:track:4sFbojhVXQv7dBC9PVCcRn'],['spotify:track:7fSGbZLhWlAiCC3HDPAULu'],['Sympathy For The Devil'],"[""(I Can't Get No) Satisfaction - Mono Version / Remastered 2002""]",0.003048006096012192,0.5333333333333333,68.84371584699453,2.1262563953699334,1,1
"['spotify:track:3ts6xK5GzfMAAriT9AIBmP', 'spotify:track:4dGJf1SER1T6ooX46vwzRB']",['spotify:track:3xdjjKMcMOFgo1eQrfbogM'],"['Barefoot Blue Jean Night', 'Chicken Fried']",['Wagon Wheel'],0.003048006096012192,0.5333333333333333,37.163421828908554,2.1121049384955914,2,1
"['spotify:track:6eYYm2xwrvdav2yakF3cqg', 'spotify:track:7vWGeYZJUzBXKGPro05UXS']",['spotify:track:5BbYPT6ehZf0hSv2su6JAl'],"['Leave The Night On', 'Take Your Time']",['Make You Miss Me'],0.003048006096012192,0.5333333333333333,56.74954954954954,2.1227185311513477,2,1
['spotify:track:2YodwKJnbPyNKe8XXSE9V7'],['spotify:track:5ghIJDpPoe3CfHMGu71E6T'],['Lithium'],['Smells Like Teen Spirit'],0.003048006096012192,0.5333333333333333,41.57887788778878,2.115370659312747,1,1
"['spotify:track:2EEeOnHehOozLq4aS0n6SL', 'spotify:track:4Km5HrUvYTaSUfiSGPJeQR']",['spotify:track:0SGkqnVQo9KPytSri1H6cF'],"['iSpy (feat. Lil Yachty)', 'Bad and Boujee (feat. Lil Uzi Vert)']",['Bounce Back'],0.003048006096012192,0.5217391304347826,25.04984093319194,2.047359549264553,2,1
"['spotify:track:2Fk0WwAqTBesLtKg97nojy', 'spotify:track:5kNe7PE09d6Kvw5pAsx23n']",['spotify:track:5ZManJDV3CexO66nRCkdiV'],"['Crash And Burn', 'Die A Happy Man']",['Break Up with Him'],0.003048006096012192,0.5217391304347826,52.668896321070235,2.0701965040293717,2,1
"['spotify:track:0SGkqnVQo9KPytSri1H6cF', 'spotify:track:2EEeOnHehOozLq4aS0n6SL']",['spotify:track:4Km5HrUvYTaSUfiSGPJeQR'],"['Bounce Back', 'iSpy (feat. Lil Yachty)']",['Bad and Boujee (feat. Lil Uzi Vert)'],0.003048006096012192,0.5106382978723404,22.462379650540825,1.9970237766562489,2,1
['spotify:track:1N7qGCKRRnvjoy8MGyHgpS'],['spotify:track:5kNe7PE09d6Kvw5pAsx23n'],['Came Here to Forget'],['Die A Happy Man'],0.003048006096012192,0.5106382978723404,31.659574468085104,2.0105189340813463,1,1
"['spotify:track:2FviG1Ma0M0BSZbqaDvw0x', 'spotify:track:5kNe7PE09d6Kvw5pAsx23n']",['spotify:track:2N3F1EQCpnIeDOA3rLSAfE'],"['House Party', 'Die A Happy Man']",['Break Up In A Small Town'],0.003048006096012192,0.5,46.86904761904761,1.9786639573279146,2,1
"['spotify:track:6p8NuHm8uCGnn2Dtbtf7zE', 'spotify:track:7KOlJ92bu51cltsD9KU5I7']",['spotify:track:76Y0gxtTxN0FyDCYh5qYQj'],"['Slippery (feat. Gucci Mane)', 'T-Shirt']",['Get Right Witcha'],0.003048006096012192,0.5,77.19607843137256,1.9870459740919482,2,1
['spotify:track:1nX9KhK3Fff27SnrIor2Yb'],['spotify:track:1e1JKLEDKP7hEQzJfNAgPl'],['4 AM'],['Magnolia'],0.003048006096012192,0.5,54.68055555555556,1.9817119634239269,1,1
"['spotify:track:2FviG1Ma0M0BSZbqaDvw0x', 'spotify:track:5kNe7PE09d6Kvw5pAsx23n']",['spotify:track:6IFPfV8PNSYOmufzQ95hmm'],"['House Party', 'Die A Happy Man']",['Confession'],0.003048006096012192,0.5,62.49206349206349,1.983997967995936,2,1
"['spotify:track:2FviG1Ma0M0BSZbqaDvw0x', 'spotify:track:5kNe7PE09d6Kvw5pAsx23n']",['spotify:track:5BbYPT6ehZf0hSv2su6JAl'],"['House Party', 'Die A Happy Man']",['Make You Miss Me'],0.003048006096012192,0.5,53.2027027027027,1.9812039624079247,2,1
['spotify:track:2WKCH4ISejDV9ad7iPp5XU'],['spotify:track:3xdjjKMcMOFgo1eQrfbogM'],['5-1-5-0'],['Wagon Wheel'],0.003048006096012192,0.5,34.84070796460177,1.9712979425958852,1,1
['spotify:track:1YhFtqwcN138S6ng3MT1nN'],['spotify:track:0yD66650JxhqKbW76C2qCo'],['Rain Is a Good Thing'],['Country Girl (Shake It For Me)'],0.003048006096012192,0.5,50.47435897435898,1.9801879603759207,1,1
"['spotify:track:4Km5HrUvYTaSUfiSGPJeQR', 'spotify:track:5hTpBe8h35rJ67eAWHQsJx']",['spotify:track:0SGkqnVQo9KPytSri1H6cF'],"['Bad and Boujee (feat. Lil Uzi Vert)', 'Caroline']",['Bounce Back'],0.003048006096012192,0.48979591836734687,23.51617720258835,1.9191770383540763,2,1
"['spotify:track:2FviG1Ma0M0BSZbqaDvw0x', 'spotify:track:7vWGeYZJUzBXKGPro05UXS']",['spotify:track:5BbYPT6ehZf0hSv2su6JAl'],"['House Party', 'Take Your Time']",['Make You Miss Me'],0.003048006096012192,0.48979591836734687,52.11693325979039,1.9415798831597657,2,1
"['spotify:track:7GX5flRQZVHRAGd6B4TmDO', 'spotify:track:7KXjTSCq5nL1LoYtL7XAwS']",['spotify:track:4Q3N4Ct4zCuIHuZ65E3BD4'],"['XO TOUR Llif3', 'HUMBLE.']",['Tunnel Vision'],0.003048006096012192,0.48,35.32261682242991,1.8969441785037415,2,1
"['spotify:track:2FviG1Ma0M0BSZbqaDvw0x', 'spotify:track:6eYYm2xwrvdav2yakF3cqg']",['spotify:track:5ZManJDV3CexO66nRCkdiV'],"['House Party', 'Leave The Night On']",['Break Up with Him'],0.003048006096012192,0.48,48.45538461538462,1.9040268849768467,2,1
"['spotify:track:2FviG1Ma0M0BSZbqaDvw0x', 'spotify:track:6eYYm2xwrvdav2yakF3cqg']",['spotify:track:5BbYPT6ehZf0hSv2su6JAl'],"['House Party', 'Leave The Night On']",['Make You Miss Me'],0.003048006096012192,0.48,51.074594594594586,1.9050038100076199,2,1
['spotify:track:76Y0gxtTxN0FyDCYh5qYQj'],['spotify:track:7GX5flRQZVHRAGd6B4TmDO'],['Get Right Witcha'],['XO TOUR Llif3'],0.003048006096012192,0.47058823529411764,28.071301247771835,1.8572234922247621,1,1
['spotify:track:76Y0gxtTxN0FyDCYh5qYQj'],['spotify:track:3a1lNhkSLSkpJE4MSHpDu9'],['Get Right Witcha'],['Congratulations'],0.003048006096012192,0.47058823529411764,20.93452974410103,1.846428470634719,1,1
['spotify:track:4Pn0JlCUusD2QHjADuOzuV'],['spotify:track:1zWZvrk13cL8Sl3VLeG57F'],['Humble And Kind'],['T-Shirt'],0.003048006096012192,0.47058823529411764,44.64351523742027,1.868978071289476,1,1
['spotify:track:5fSPbm5lcwtqwXkeQQswW8'],['spotify:track:4ly1QBXEwYoDmje9rmEgC4'],['Record Year'],['Head Over Boots'],0.003048006096012192,0.47058823529411764,57.00633484162896,1.8732960799254932,1,1
['spotify:track:5fSPbm5lcwtqwXkeQQswW8'],['spotify:track:0BCy325UZyR9z0t0uxwn2N'],['Record Year'],['H.O.L.Y.'],0.003048006096012192,0.47058823529411764,36.68724519510774,1.8646600626534586,1,1
"['spotify:track:343YBumqHu19cGoGARUTsd', 'spotify:track:4Km5HrUvYTaSUfiSGPJeQR']",['spotify:track:0SGkqnVQo9KPytSri1H6cF'],"['Fake Love', 'Bad and Boujee (feat. Lil Uzi Vert)']",['Bounce Back'],0.003048006096012192,0.4615384615384615,22.159474671669795,1.8184622083529878,2,1
['spotify:track:0a7BloCiNzLDD9qSQHh5m7'],['spotify:track:2TfSHkHiFO4gRztVIkggkE'],"['Dance, Dance']","[""Sugar, We're Goin Down""]",0.003048006096012192,0.4615384615384615,37.855769230769226,1.8345005261439091,1,1
['spotify:track:03LpkqucyYKcYclDs8HuxO'],['spotify:track:2Fk0WwAqTBesLtKg97nojy'],"['John Cougar, John Deere, John 3:16']",['Crash And Burn'],0.003048006096012192,0.4615384615384615,41.29720279720279,1.836387387060488,1,1
['spotify:track:0x1LCpY9Rgeq97VPajm81B'],['spotify:track:0XUfyU2QviPAs6bxSpXYG4'],['Cyclone - Main'],['Yeah!'],0.003048006096012192,0.4528301886792453,20.97402885682575,1.788128541774325,1,1
['spotify:track:3ZOEytgrvLwQaqXreDs2Jx'],['spotify:track:3d9DChrdc6BOeFsbrZ3Is0'],"[""Can't Stop""]",['Under The Bridge'],0.003048006096012192,0.4444444444444444,38.456654456654455,1.7791973583947167,1,1
['spotify:track:6naxalmIoLFWR0siv8dnQQ'],['spotify:track:6I9VzXrHxO9rA9A5euc8Ak'],['Oops!...I Did It Again'],['Toxic'],0.003048006096012192,0.4444444444444444,45.448773448773444,1.7823977647955294,1,1
['spotify:track:7floNISpH8VF4z4459Qo18'],['spotify:track:0VgkVdmE4gld66l8iyGjgx'],['Look At Me!'],['Mask Off'],0.003048006096012192,0.4444444444444444,26.71416454622561,1.7700533401066803,1,1
['spotify:track:5zGqTc1WQUe8XqqdnrpKTV'],['spotify:track:7B6m8tHAYZsOKOKMU5SR2n'],"[""Farmer's Daughter""]",['Take A Back Road'],0.003048006096012192,0.4444444444444444,62.49206349206349,1.7871983743967488,1,1
['spotify:track:7BVwi9cIzSc6tpyxsp47vJ'],['spotify:track:7yq4Qj7cqayVTp3FF9CWbm'],['Mess Is Mine'],['Riptide'],0.003048006096012192,0.4444444444444444,23.80650037792895,1.7663957327914654,1,1
['spotify:track:2EvddT8rcO99bKH0rDHAYG'],['spotify:track:4iLPK8QnOvqm0Azbsk2GDn'],['We Are Tonight'],"[""Don't It""]",0.003048006096012192,0.4444444444444444,47.93911719939117,1.7833121666243332,1,1
['spotify:track:2EvddT8rcO99bKH0rDHAYG'],['spotify:track:0i5el041vd6nxrGEU8QRxy'],['We Are Tonight'],['Cruise'],0.003048006096012192,0.4444444444444444,30.969518190757128,1.7741681483362965,1,1
['spotify:track:2EvddT8rcO99bKH0rDHAYG'],['spotify:track:4O1CExxinEpKZi3861NlTK'],['We Are Tonight'],['Get Me Some Of That'],0.003048006096012192,0.4444444444444444,42.163319946452475,1.781026162052324,1,1
['spotify:track:5vCgOg9VqRaAUbnflCO6P3'],['spotify:track:1soxUgYIZb1qx1c7o1Lc7z'],['Cop Car'],['Drunk On A Plane'],0.003048006096012192,0.4444444444444444,35.70975056689342,1.7775971551943102,1,1
['spotify:track:5vCgOg9VqRaAUbnflCO6P3'],['spotify:track:4dGJf1SER1T6ooX46vwzRB'],['Cop Car'],['Chicken Fried'],0.003048006096012192,0.4444444444444444,27.996444444444446,1.7714249428498856,1,1
['spotify:track:0uRlP6bHbSgBGklmaCMqG7'],['spotify:track:3ts6xK5GzfMAAriT9AIBmP'],['Yeah'],['Barefoot Blue Jean Night'],0.003048006096012192,0.4444444444444444,33.64957264957265,1.7762255524511048,1,1
['spotify:track:5g15o2Sm55Hn9ShK5yEXgp'],['spotify:track:5HGibWoxnkYSkl6mHmAlOE'],['Kick The Dust Up'],"[""That's My Kind Of Night""]",0.003048006096012192,0.43636363636363634,33.03776223776224,1.7507599531328093,1,1
['spotify:track:6iy4PoAuZBMvtrlDX4VxC7'],['spotify:track:05ZACkzW8YbRq3eFgIfSNB'],['Check Yes Or No'],['Springsteen'],0.003048006096012192,0.43636363636363634,27.934368070953436,1.746478815538276,1,1
['spotify:track:7qtAgn9mwxygsPOsUDVRRt'],['spotify:track:7H6ev70Weq6DdpZyyTmUXk'],['Survivor'],['Say My Name'],0.003048006096012192,0.42857142857142855,33.41159830268741,1.7275527051054103,1,1
['spotify:track:7B6m8tHAYZsOKOKMU5SR2n'],['spotify:track:5zGqTc1WQUe8XqqdnrpKTV'],['Take A Back Road'],"[""Farmer's Daughter""]",0.003048006096012192,0.42857142857142855,62.49206349206349,1.737998475996952,1,1
"['spotify:track:1yEwEiTpsaPhQi9lb5EVV4', 'spotify:track:5kjyiH6but1t2UDXq15aeS']",['spotify:track:03fT3OHB9KyMtGMt2zwqCT'],"['Knee Deep (feat. Jimmy Buffett)', 'Toes']",['Play It Again'],0.003048006096012192,0.42857142857142855,30.677922077922076,1.7255524511049023,2,1
['spotify:track:1PoGWZbJPGmViVi7CYbDUK'],['spotify:track:3b7CDTKB0SRTmQ6ytYi5vZ'],['Drink A Beer'],['Drunk On You'],0.003048006096012192,0.42857142857142855,37.08320251177393,1.729775209550419,1,1
['spotify:track:3xqF04FdMK7gpIPG3SPFpY'],['spotify:track:6Ep6BzIOB9tz3P4sWqiiAB'],"[""It's Time""]",['Radioactive'],0.003048006096012192,0.42105263157894735,35.64912280701754,1.706871868289191,1,1
['spotify:track:6PCUP3dWmTjcTtXY02oFdT'],['spotify:track:7qiZfU4dY1lWllzX7mPBI3'],['Castle on the Hill'],['Shape of You'],0.003048006096012192,0.42105263157894735,27.628070175438594,1.7009490382617127,1,1
['spotify:track:0H9Q7Vzu8nYRDBZYKbtU8d'],['spotify:track:5CXnIPD6rTjszYYQm6fY2P'],['Sippin’ On Fire'],['Dirt'],0.003048006096012192,0.42105263157894735,47.36240601503759,1.7119172420163022,1,1
['spotify:track:0H9Q7Vzu8nYRDBZYKbtU8d'],['spotify:track:2Fk0WwAqTBesLtKg97nojy'],['Sippin’ On Fire'],['Crash And Burn'],0.003048006096012192,0.42105263157894735,37.67464114832536,1.70796868866465,1,1
['spotify:track:0H9Q7Vzu8nYRDBZYKbtU8d'],['spotify:track:6s9ICeczYOfbHHIaSMq9jd'],['Sippin’ On Fire'],['Get Your Shine On'],0.003048006096012192,0.42105263157894735,37.251330573625076,1.7077493245895583,1,1
['spotify:track:6aUhfNWYnMThF3TGtuYUUu'],['spotify:track:3xdjjKMcMOFgo1eQrfbogM'],['How Country Feels'],['Wagon Wheel'],0.003048006096012192,0.42105263157894735,29.33954354913833,1.7024845867873553,1,1
['spotify:track:0O1x2tRm8ZpfDbcpOWZp7z'],['spotify:track:2TR7A4ulH9R1PNwMyd8o8U'],['American Country Love Song'],['This Is How We Roll'],0.003048006096012192,0.42105263157894735,33.153684210526315,1.7053363197635485,1,1
['spotify:track:0O1x2tRm8ZpfDbcpOWZp7z'],['spotify:track:6IFPfV8PNSYOmufzQ95hmm'],['American Country Love Song'],['Confession'],0.003048006096012192,0.42105263157894735,52.62489557226399,1.7134527905419448,1,1
['spotify:track:0O1x2tRm8ZpfDbcpOWZp7z'],['spotify:track:1jNNHFZmRGXZFHlil5uhei'],['American Country Love Song'],['Drunk On Your Love'],0.003048006096012192,0.42105263157894735,52.62489557226399,1.7134527905419448,1,1
['spotify:track:3un2KQUaQ2brEpd8dK93wI'],['spotify:track:4PJXT82AZtlDW4Q71b43oz'],['Beat Of The Music'],"[""Whatever She's Got""]",0.003048006096012192,0.42105263157894735,54.35030198446937,1.7138915186921282,1,1
['spotify:track:7LVHVU3tWfcxj5aiPFEW4Q'],['spotify:track:75JFxkI2RXiU7L9VXzMkle'],['Fix You'],['The Scientist'],0.003048006096012192,0.41379310344827586,41.24312527280664,1.6887672010638137,1,1
['spotify:track:0Utg7sirTPqrs6Cx0FbriQ'],['spotify:track:5HGibWoxnkYSkl6mHmAlOE'],"[""Chillin' It""]","[""That's My Kind Of Night""]",0.003048006096012192,0.41379310344827586,31.3289124668435,1.683351013760851,1,1
['spotify:track:71O1jD7bF3cdMPvPi186V6'],['spotify:track:6b5rA9rthDbZDOQp9UbOgl'],['I Will Wait'],['Little Lion Man'],0.003048006096012192,0.4067796610169491,49.27666232073012,1.6717986864545158,1,1
"['spotify:track:1yEwEiTpsaPhQi9lb5EVV4', 'spotify:track:4dGJf1SER1T6ooX46vwzRB']",['spotify:track:6eYYm2xwrvdav2yakF3cqg'],"['Knee Deep (feat. Jimmy Buffett)', 'Chicken Fried']",['Leave The Night On'],0.003048006096012192,0.4067796610169491,32.6835005188516,1.6647338437534018,2,1
"['spotify:track:1yEwEiTpsaPhQi9lb5EVV4', 'spotify:track:4dGJf1SER1T6ooX46vwzRB']",['spotify:track:5T6DM9qjjngWnukcw0svkX'],"['Knee Deep (feat. Jimmy Buffett)', 'Chicken Fried']",['Round Here'],0.003048006096012192,0.4067796610169491,38.59015723912599,1.667945135890272,2,1
['spotify:track:7B1QliUMZv7gSTUGAfMRRD'],['spotify:track:1yEwEiTpsaPhQi9lb5EVV4'],['Live Like You Were Dying'],['Knee Deep (feat. Jimmy Buffett)'],0.003048006096012192,0.4067796610169491,32.6835005188516,1.6647338437534018,1,1
['spotify:track:2Lg4kvhOrPhpGEZmSe7VAN'],['spotify:track:04KTF78FFg8sOHC1BADqbY'],['Country Grammar (Hot Shit)'],['Hot In Herre'],0.003048006096012192,0.4,34.995555555555555,1.6476166285665905,1,1
['spotify:track:2Lg4kvhOrPhpGEZmSe7VAN'],['spotify:track:06iMqWThw4w8fTFyccvOwr'],['Country Grammar (Hot Shit)'],['Ride Wit Me'],0.003048006096012192,0.4,29.713207547169816,1.6442299551265769,1,1
"['spotify:track:4dGJf1SER1T6ooX46vwzRB', 'spotify:track:5kjyiH6but1t2UDXq15aeS']",['spotify:track:03fT3OHB9KyMtGMt2zwqCT'],"['Chicken Fried', 'Toes']",['Play It Again'],0.003048006096012192,0.4,28.632727272727276,1.6433832867665736,2,1
['spotify:track:5yIiXdLRE85OBiQmCaUenq'],['spotify:track:3xdjjKMcMOFgo1eQrfbogM'],['Sure Be Cool If You Did'],['Wagon Wheel'],0.003048006096012192,0.4,27.87256637168142,1.6427482854965711,1,1
['spotify:track:5yIiXdLRE85OBiQmCaUenq'],['spotify:track:5T6DM9qjjngWnukcw0svkX'],['Sure Be Cool If You Did'],['Round Here'],0.003048006096012192,0.4,37.94698795180723,1.6490982981965965,1,1
['spotify:track:5S5rw0WLVCAux5B5bWCehK'],['spotify:track:1zWZvrk13cL8Sl3VLeG57F'],['I Like The Sound Of That'],['T-Shirt'],0.003048006096012192,0.4,37.94698795180723,1.6490982981965965,1,1
['spotify:track:5S5rw0WLVCAux5B5bWCehK'],['spotify:track:5CG9Ps5ynNjpKJHmwc95pa'],['I Like The Sound Of That'],['Somewhere On A Beach'],0.003048006096012192,0.4,41.4421052631579,1.6505799678266024,1,1
['spotify:track:69XcvSymPaTke2Qb6f3W6P'],['spotify:track:5ZManJDV3CexO66nRCkdiV'],['Loving You Easy'],['Break Up with Him'],0.003048006096012192,0.4,40.379487179487185,1.6501566336466007,1,1
['spotify:track:69XcvSymPaTke2Qb6f3W6P'],['spotify:track:2N3F1EQCpnIeDOA3rLSAfE'],['Loving You Easy'],['Break Up In A Small Town'],0.003048006096012192,0.4,37.49523809523809,1.6488866311065955,1,1
['spotify:track:69XcvSymPaTke2Qb6f3W6P'],['spotify:track:2Fk0WwAqTBesLtKg97nojy'],['Loving You Easy'],['Crash And Burn'],0.003048006096012192,0.4,35.79090909090909,1.6480399627465923,1,1
"['spotify:track:3b7CDTKB0SRTmQ6ytYi5vZ', 'spotify:track:5kjyiH6but1t2UDXq15aeS']",['spotify:track:4dGJf1SER1T6ooX46vwzRB'],"['Drunk On You', 'Toes']",['Chicken Fried'],0.002921005842011684,0.8846153846153846,55.72369230769231,8.529083058166114,2,1
"['spotify:track:2N3F1EQCpnIeDOA3rLSAfE', 'spotify:track:6IFPfV8PNSYOmufzQ95hmm']",['spotify:track:6eYYm2xwrvdav2yakF3cqg'],"['Break Up In A Small Town', 'Confession']",['Leave The Night On'],0.002921005842011684,0.8518518518518517,68.44368858654572,6.665989331978659,2,1
['spotify:track:7gXdAqJLCa5aYUeLVxosOz'],['spotify:track:7o2CTH4ctstm8TNelqjb51'],"[""Knockin' On Heaven's Door""]","[""Sweet Child O' Mine""]",0.002921005842011684,0.8214285714285714,61.01819407008086,5.524612649225298,1,1
"['spotify:track:2Fk0WwAqTBesLtKg97nojy', 'spotify:track:6IFPfV8PNSYOmufzQ95hmm']",['spotify:track:5kNe7PE09d6Kvw5pAsx23n'],"['Crash And Burn', 'Confession']",['Die A Happy Man'],0.002921005842011684,0.8214285714285714,50.92857142857143,5.509677419354838,2,1
"['spotify:track:46ZfPS5VpSQVU5gb82hg3K', 'spotify:track:5ZManJDV3CexO66nRCkdiV']",['spotify:track:5kNe7PE09d6Kvw5pAsx23n'],"['Anything Goes', 'Break Up with Him']",['Die A Happy Man'],0.002921005842011684,0.7931034482758621,49.17241379310345,4.755376344086022,2,1
"['spotify:track:2N3F1EQCpnIeDOA3rLSAfE', 'spotify:track:5BbYPT6ehZf0hSv2su6JAl']",['spotify:track:2FviG1Ma0M0BSZbqaDvw0x'],"['Break Up In A Small Town', 'Make You Miss Me']",['House Party'],0.002921005842011684,0.7931034482758621,55.264571254195914,4.763970027940057,2,1
"['spotify:track:2FviG1Ma0M0BSZbqaDvw0x', 'spotify:track:46ZfPS5VpSQVU5gb82hg3K']",['spotify:track:6eYYm2xwrvdav2yakF3cqg'],"['House Party', 'Anything Goes']",['Leave The Night On'],0.002921005842011684,0.7666666666666666,61.59931972789115,4.232374179034071,2,1
"['spotify:track:2FviG1Ma0M0BSZbqaDvw0x', 'spotify:track:46ZfPS5VpSQVU5gb82hg3K']",['spotify:track:5kNe7PE09d6Kvw5pAsx23n'],"['House Party', 'Anything Goes']",['Die A Happy Man'],0.002921005842011684,0.7666666666666666,47.53333333333333,4.216589861751151,2,1
"['spotify:track:6IFPfV8PNSYOmufzQ95hmm', 'spotify:track:6eYYm2xwrvdav2yakF3cqg']",['spotify:track:2N3F1EQCpnIeDOA3rLSAfE'],"['Confession', 'Leave The Night On']",['Break Up In A Small Town'],0.002921005842011684,0.7666666666666666,71.865873015873,4.239994194274102,2,1
['spotify:track:5n8Aro6j1bEGIy7Tpo7FV7'],['spotify:track:6KIKRz9eSTXdNsGUnomdtW'],['Fuck Tha Police'],['Straight Outta Compton'],0.002921005842011684,0.7419354838709677,146.05,3.8553149606299213,1,1
"['spotify:track:1dgWTMoHwTUnQhOQ8SR5fV', 'spotify:track:1yEwEiTpsaPhQi9lb5EVV4']",['spotify:track:4dGJf1SER1T6ooX46vwzRB'],"['American Kids', 'Knee Deep (feat. Jimmy Buffett)']",['Chicken Fried'],0.002921005842011684,0.7419354838709677,46.736000000000004,3.8134842519685037,2,1
"['spotify:track:2Fk0WwAqTBesLtKg97nojy', 'spotify:track:2N3F1EQCpnIeDOA3rLSAfE']",['spotify:track:2FviG1Ma0M0BSZbqaDvw0x'],"['Crash And Burn', 'Break Up In A Small Town']",['House Party'],0.002921005842011684,0.71875,50.08351769911505,3.504529675726018,2,1
"['spotify:track:2Fk0WwAqTBesLtKg97nojy', 'spotify:track:6GsAD8PgHxmEuIPTG8GP3M']",['spotify:track:5kNe7PE09d6Kvw5pAsx23n'],"['Crash And Burn', 'It Goes Like This']",['Die A Happy Man'],0.002921005842011684,0.71875,44.5625,3.4982078853046596,2,1
"['spotify:track:46ZfPS5VpSQVU5gb82hg3K', 'spotify:track:6eYYm2xwrvdav2yakF3cqg']",['spotify:track:2FviG1Ma0M0BSZbqaDvw0x'],"['Anything Goes', 'Leave The Night On']",['House Party'],0.002921005842011684,0.71875,50.08351769911505,3.504529675726018,2,1
"['spotify:track:3ts6xK5GzfMAAriT9AIBmP', 'spotify:track:5kjyiH6but1t2UDXq15aeS']",['spotify:track:1yEwEiTpsaPhQi9lb5EVV4'],"['Barefoot Blue Jean Night', 'Toes']",['Knee Deep (feat. Jimmy Buffett)'],0.002921005842011684,0.71875,57.74936224489796,3.511303022606045,2,1
"['spotify:track:0Fv5N0cHBsl4bzCbollCAS', 'spotify:track:4Km5HrUvYTaSUfiSGPJeQR']",['spotify:track:0SGkqnVQo9KPytSri1H6cF'],"['Moves', 'Bad and Boujee (feat. Lil Uzi Vert)']",['Bounce Back'],0.002921005842011684,0.6969696969696969,33.4630450849963,3.2312674625349245,2,1
"['spotify:track:1soxUgYIZb1qx1c7o1Lc7z', 'spotify:track:5ZManJDV3CexO66nRCkdiV']",['spotify:track:5kNe7PE09d6Kvw5pAsx23n'],"['Drunk On A Plane', 'Break Up with Him']",['Die A Happy Man'],0.002921005842011684,0.6969696969696969,43.21212121212121,3.2467741935483865,2,1
"['spotify:track:03fT3OHB9KyMtGMt2zwqCT', 'spotify:track:0H04yVa3DJxoXbLBpAb7iV']",['spotify:track:2FviG1Ma0M0BSZbqaDvw0x'],"['Play It Again', ""I'm Comin' Over""]",['House Party'],0.002921005842011684,0.6969696969696969,48.5658353445964,3.25264160528321,2,1
"['spotify:track:03fT3OHB9KyMtGMt2zwqCT', 'spotify:track:0yD66650JxhqKbW76C2qCo']",['spotify:track:5HGibWoxnkYSkl6mHmAlOE'],"['Play It Again', 'Country Girl (Shake It For Me)']","[""That's My Kind Of Night""]",0.002921005842011684,0.6969696969696969,52.768648018648015,3.256413512827025,2,1
"['spotify:track:5kNe7PE09d6Kvw5pAsx23n', 'spotify:track:6GsAD8PgHxmEuIPTG8GP3M']",['spotify:track:2Fk0WwAqTBesLtKg97nojy'],"['Die A Happy Man', 'It Goes Like This']",['Crash And Burn'],0.002921005842011684,0.6764705882352942,60.528743315508024,3.056365021820953,2,1
"['spotify:track:343YBumqHu19cGoGARUTsd', 'spotify:track:6fwdbPMwP1zVStm8FybmkO']",['spotify:track:4Km5HrUvYTaSUfiSGPJeQR'],"['Fake Love', 'X (feat. Future)']",['Bad and Boujee (feat. Lil Uzi Vert)'],0.002921005842011684,0.6764705882352942,29.757147551758134,3.0206433140139013,2,1
"['spotify:track:4dGJf1SER1T6ooX46vwzRB', 'spotify:track:5HGibWoxnkYSkl6mHmAlOE']",['spotify:track:03fT3OHB9KyMtGMt2zwqCT'],"['Chicken Fried', ""That's My Kind Of Night""]",['Play It Again'],0.002921005842011684,0.6764705882352942,48.42299465240642,3.0477290045489185,2,1
"['spotify:track:1soxUgYIZb1qx1c7o1Lc7z', 'spotify:track:2FviG1Ma0M0BSZbqaDvw0x']",['spotify:track:6eYYm2xwrvdav2yakF3cqg'],"['Drunk On A Plane', 'House Party']",['Leave The Night On'],0.002921005842011684,0.6764705882352942,54.35234093637455,3.0524395594245735,2,1
"['spotify:track:1soxUgYIZb1qx1c7o1Lc7z', 'spotify:track:6eYYm2xwrvdav2yakF3cqg']",['spotify:track:2FviG1Ma0M0BSZbqaDvw0x'],"['Drunk On A Plane', 'Leave The Night On']",['House Party'],0.002921005842011684,0.6764705882352942,47.137428422696516,3.046551365830005,2,1
"['spotify:track:0H04yVa3DJxoXbLBpAb7iV', 'spotify:track:2FviG1Ma0M0BSZbqaDvw0x']",['spotify:track:03fT3OHB9KyMtGMt2zwqCT'],"[""I'm Comin' Over"", 'House Party']",['Play It Again'],0.002921005842011684,0.6764705882352942,48.42299465240642,3.0477290045489185,2,1
"['spotify:track:3xdjjKMcMOFgo1eQrfbogM', 'spotify:track:5kjyiH6but1t2UDXq15aeS']",['spotify:track:1yEwEiTpsaPhQi9lb5EVV4'],"['Wagon Wheel', 'Toes']",['Knee Deep (feat. Jimmy Buffett)'],0.002921005842011684,0.6764705882352942,54.35234093637455,3.0524395594245735,2,1
"['spotify:track:2FviG1Ma0M0BSZbqaDvw0x', 'spotify:track:5BbYPT6ehZf0hSv2su6JAl']",['spotify:track:2N3F1EQCpnIeDOA3rLSAfE'],"['House Party', 'Make You Miss Me']",['Break Up In A Small Town'],0.002921005842011684,0.6764705882352942,63.411064425770306,3.0579352067795047,2,1
"['spotify:track:03fT3OHB9KyMtGMt2zwqCT', 'spotify:track:05ZACkzW8YbRq3eFgIfSNB']",['spotify:track:6eYYm2xwrvdav2yakF3cqg'],"['Play It Again', 'Springsteen']",['Leave The Night On'],0.002921005842011684,0.657142857142857,52.79941690962098,2.8803657607315203,2,1
"['spotify:track:05ZACkzW8YbRq3eFgIfSNB', 'spotify:track:6eYYm2xwrvdav2yakF3cqg']",['spotify:track:03fT3OHB9KyMtGMt2zwqCT'],"['Springsteen', 'Leave The Night On']",['Play It Again'],0.002921005842011684,0.657142857142857,47.03948051948051,2.8759207518415026,2,1
"['spotify:track:6mapJIPnQ23RTAevUoE0DL', 'spotify:track:7KXjTSCq5nL1LoYtL7XAwS']",['spotify:track:3a1lNhkSLSkpJE4MSHpDu9'],"['Swang', 'HUMBLE.']",['Congratulations'],0.002921005842011684,0.657142857142857,29.233575464083934,2.8511027855389033,2,1
"['spotify:track:6fwdbPMwP1zVStm8FybmkO', 'spotify:track:6p8NuHm8uCGnn2Dtbtf7zE']",['spotify:track:7KOlJ92bu51cltsD9KU5I7'],"['X (feat. Future)', 'Slippery (feat. Gucci Mane)']",['T-Shirt'],0.002921005842011684,0.657142857142857,47.910582010582,2.8766615866565055,2,1
"['spotify:track:6fwdbPMwP1zVStm8FybmkO', 'spotify:track:7KOlJ92bu51cltsD9KU5I7']",['spotify:track:6p8NuHm8uCGnn2Dtbtf7zE'],"['X (feat. Future)', 'T-Shirt']",['Slippery (feat. Gucci Mane)'],0.002921005842011684,0.657142857142857,47.910582010582,2.8766615866565055,2,1
"['spotify:track:03fT3OHB9KyMtGMt2zwqCT', 'spotify:track:5T6DM9qjjngWnukcw0svkX']",['spotify:track:2TR7A4ulH9R1PNwMyd8o8U'],"['Play It Again', 'Round Here']",['This Is How We Roll'],0.002921005842011684,0.6388888888888888,50.30611111111111,2.734061468122936,2,1
"['spotify:track:03fT3OHB9KyMtGMt2zwqCT', 'spotify:track:2FviG1Ma0M0BSZbqaDvw0x']",['spotify:track:0H04yVa3DJxoXbLBpAb7iV'],"['Play It Again', 'House Party']","[""I'm Comin' Over""]",0.002921005842011684,0.6388888888888888,64.49501424501425,2.741798714366659,2,1
"['spotify:track:1yEwEiTpsaPhQi9lb5EVV4', 'spotify:track:3ts6xK5GzfMAAriT9AIBmP']",['spotify:track:5kjyiH6but1t2UDXq15aeS'],"['Knee Deep (feat. Jimmy Buffett)', 'Barefoot Blue Jean Night']",['Toes'],0.002921005842011684,0.6388888888888888,53.51713947990543,2.736171626189406,2,1
"['spotify:track:1yEwEiTpsaPhQi9lb5EVV4', 'spotify:track:3xdjjKMcMOFgo1eQrfbogM']",['spotify:track:5kjyiH6but1t2UDXq15aeS'],"['Knee Deep (feat. Jimmy Buffett)', 'Wagon Wheel']",['Toes'],0.002921005842011684,0.6388888888888888,53.51713947990543,2.736171626189406,2,1
"['spotify:track:5kNe7PE09d6Kvw5pAsx23n', 'spotify:track:6IFPfV8PNSYOmufzQ95hmm']",['spotify:track:2Fk0WwAqTBesLtKg97nojy'],"['Die A Happy Man', 'Confession']",['Crash And Burn'],0.002921005842011684,0.6388888888888888,57.16603535353534,2.7382817842558755,2,1
"['spotify:track:0yD66650JxhqKbW76C2qCo', 'spotify:track:5HGibWoxnkYSkl6mHmAlOE']",['spotify:track:03fT3OHB9KyMtGMt2zwqCT'],"['Country Girl (Shake It For Me)', ""That's My Kind Of Night""]",['Play It Again'],0.002921005842011684,0.6388888888888888,45.73282828282828,2.7305445380121527,2,1
"['spotify:track:2Fk0WwAqTBesLtKg97nojy', 'spotify:track:2FviG1Ma0M0BSZbqaDvw0x']",['spotify:track:2N3F1EQCpnIeDOA3rLSAfE'],"['Crash And Burn', 'House Party']",['Break Up In A Small Town'],0.002921005842011684,0.6216216216216215,58.269626769626754,2.614663086469029,2,1
"['spotify:track:3a1lNhkSLSkpJE4MSHpDu9', 'spotify:track:6mapJIPnQ23RTAevUoE0DL']",['spotify:track:7KXjTSCq5nL1LoYtL7XAwS'],"['Congratulations', 'Swang']",['HUMBLE.'],0.002921005842011684,0.6216216216216215,24.59622436506858,2.576064080699589,2,1
"['spotify:track:2TR7A4ulH9R1PNwMyd8o8U', 'spotify:track:5T6DM9qjjngWnukcw0svkX']",['spotify:track:03fT3OHB9KyMtGMt2zwqCT'],"['This Is How We Roll', 'Round Here']",['Play It Again'],0.002921005842011684,0.6216216216216215,44.49680589680589,2.6059363547298515,2,1
"['spotify:track:03fT3OHB9KyMtGMt2zwqCT', 'spotify:track:3ts6xK5GzfMAAriT9AIBmP']",['spotify:track:4dGJf1SER1T6ooX46vwzRB'],"['Play It Again', 'Barefoot Blue Jean Night']",['Chicken Fried'],0.002921005842011684,0.6216216216216215,39.15718918918918,2.6009017018034024,2,1
"['spotify:track:3b7CDTKB0SRTmQ6ytYi5vZ', 'spotify:track:4dGJf1SER1T6ooX46vwzRB']",['spotify:track:5kjyiH6but1t2UDXq15aeS'],"['Drunk On You', 'Chicken Fried']",['Toes'],0.002921005842011684,0.6052631578947368,50.700447928331464,2.5030903395140123,2,1
"['spotify:track:0i5el041vd6nxrGEU8QRxy', 'spotify:track:5T6DM9qjjngWnukcw0svkX']",['spotify:track:6s9ICeczYOfbHHIaSMq9jd'],"['Cruise', 'Round Here']",['Get Your Shine On'],0.002921005842011684,0.6052631578947368,53.54878769958604,2.504699009398019,2,1
"['spotify:track:46ZfPS5VpSQVU5gb82hg3K', 'spotify:track:5kNe7PE09d6Kvw5pAsx23n']",['spotify:track:2FviG1Ma0M0BSZbqaDvw0x'],"['Anything Goes', 'Die A Happy Man']",['House Party'],0.002921005842011684,0.6052631578947368,42.175593851886354,2.4969773939547877,2,1
"['spotify:track:46ZfPS5VpSQVU5gb82hg3K', 'spotify:track:5kNe7PE09d6Kvw5pAsx23n']",['spotify:track:5ZManJDV3CexO66nRCkdiV'],"['Anything Goes', 'Die A Happy Man']",['Break Up with Him'],0.002921005842011684,0.6052631578947368,61.10053981106613,2.508238083142833,2,1
"['spotify:track:0VgkVdmE4gld66l8iyGjgx', 'spotify:track:7GX5flRQZVHRAGd6B4TmDO']",['spotify:track:7KXjTSCq5nL1LoYtL7XAwS'],"['Mask Off', 'XO TOUR Llif3']",['HUMBLE.'],0.002921005842011684,0.5897435897435898,23.3348795258343,2.3758969392938787,2,1
"['spotify:track:5hTpBe8h35rJ67eAWHQsJx', 'spotify:track:6fujklziTHa8uoM5OQSfIo']",['spotify:track:7yyRTcZmCiyzzJlNzGC9Ol'],"['Caroline', 'Black Beatles']",['Broccoli (feat. Lil Yachty)'],0.002921005842011684,0.575,20.302914798206277,2.286303396136204,2,1
['spotify:track:282L6SR4Y8Rs0VUgtEy1Zw'],['spotify:track:62vpWI1CHwFy7tMIcSStl8'],['She Knows'],['No Role Modelz'],0.002921005842011684,0.575,21.457582938388622,2.289889285660924,1,1
['spotify:track:6KIKRz9eSTXdNsGUnomdtW'],['spotify:track:5n8Aro6j1bEGIy7Tpo7FV7'],['Straight Outta Compton'],['Fuck Tha Police'],0.002921005842011684,0.575,146.04999999999998,2.3436776285317276,1,1
"['spotify:track:0Fv5N0cHBsl4bzCbollCAS', 'spotify:track:0SGkqnVQo9KPytSri1H6cF']",['spotify:track:4Km5HrUvYTaSUfiSGPJeQR'],"['Moves', 'Bounce Back']",['Bad and Boujee (feat. Lil Uzi Vert)'],0.002921005842011684,0.575,25.29357541899441,2.299451657726845,2,1
"['spotify:track:343YBumqHu19cGoGARUTsd', 'spotify:track:7yyRTcZmCiyzzJlNzGC9Ol']",['spotify:track:4Km5HrUvYTaSUfiSGPJeQR'],"['Fake Love', 'Broccoli (feat. Lil Yachty)']",['Bad and Boujee (feat. Lil Uzi Vert)'],0.002921005842011684,0.5609756097560975,24.676658945360398,2.2259969519939036,2,1
"['spotify:track:343YBumqHu19cGoGARUTsd', 'spotify:track:7yyRTcZmCiyzzJlNzGC9Ol']",['spotify:track:5hTpBe8h35rJ67eAWHQsJx'],"['Fake Love', 'Broccoli (feat. Lil Yachty)']",['Caroline'],0.002921005842011684,0.5609756097560975,24.403988680770784,2.2254183952812348,2,1
"['spotify:track:343YBumqHu19cGoGARUTsd', 'spotify:track:7yyRTcZmCiyzzJlNzGC9Ol']",['spotify:track:0v9Wz8o0BT8DU38R4ddjeH'],"['Fake Love', 'Broccoli (feat. Lil Yachty)']",['No Problem (feat. Lil Wayne & 2 Chainz)'],0.002921005842011684,0.5609756097560975,22.886642234297987,2.221947055005221,2,1
"['spotify:track:1dgWTMoHwTUnQhOQ8SR5fV', 'spotify:track:4dGJf1SER1T6ooX46vwzRB']",['spotify:track:1yEwEiTpsaPhQi9lb5EVV4'],"['American Kids', 'Chicken Fried']",['Knee Deep (feat. Jimmy Buffett)'],0.002921005842011684,0.5609756097560975,45.07267297162767,2.2494284988569975,2,1
"['spotify:track:03fT3OHB9KyMtGMt2zwqCT', 'spotify:track:2TR7A4ulH9R1PNwMyd8o8U']",['spotify:track:5T6DM9qjjngWnukcw0svkX'],"['Play It Again', 'This Is How We Roll']",['Round Here'],0.002921005842011684,0.5609756097560975,53.21833676168087,2.253767674202015,2,1
"['spotify:track:2N3F1EQCpnIeDOA3rLSAfE', 'spotify:track:6eYYm2xwrvdav2yakF3cqg']",['spotify:track:6IFPfV8PNSYOmufzQ95hmm'],"['Break Up In A Small Town', 'Leave The Night On']",['Confession'],0.002921005842011684,0.5609756097560975,70.11304684475415,2.2595532413287045,2,1
['spotify:track:5iuPF9zzwVy5JwWIZhOBRv'],['spotify:track:0M7mWKqwTIaVjYyxfZmtTa'],['Beer For My Horses'],"['Courtesy Of The Red, White And Blue (The Angry American)']",0.002921005842011684,0.5609756097560975,78.87717770034843,2.2615781898230463,1,1
"['spotify:track:0v9Wz8o0BT8DU38R4ddjeH', 'spotify:track:343YBumqHu19cGoGARUTsd']",['spotify:track:7yyRTcZmCiyzzJlNzGC9Ol'],"['No Problem (feat. Lil Wayne & 2 Chainz)', 'Fake Love']",['Broccoli (feat. Lil Yachty)'],0.002921005842011684,0.5476190476190476,19.336109331625025,2.147921874791118,2,1
"['spotify:track:2FviG1Ma0M0BSZbqaDvw0x', 'spotify:track:2N3F1EQCpnIeDOA3rLSAfE']",['spotify:track:2Fk0WwAqTBesLtKg97nojy'],"['House Party', 'Break Up In A Small Town']",['Crash And Burn'],0.002921005842011684,0.5476190476190476,48.99945887445887,2.185821424274427,2,1
"['spotify:track:03fT3OHB9KyMtGMt2zwqCT', 'spotify:track:4dGJf1SER1T6ooX46vwzRB']",['spotify:track:5HGibWoxnkYSkl6mHmAlOE'],"['Play It Again', 'Chicken Fried']","[""That's My Kind Of Night""]",0.002921005842011684,0.5476190476190476,41.461080586080584,2.1813296258171464,2,1
['spotify:track:1CvhKmrutTAta5awpJcFDn'],['spotify:track:2d8JP84HNLKhmd6IYOoupQ'],['Watch Me (Whip / Nae Nae)'],['Trap Queen'],0.002921005842011684,0.5476190476190476,28.368107769423556,2.167854230445303,1,1
"['spotify:track:03fT3OHB9KyMtGMt2zwqCT', 'spotify:track:6eYYm2xwrvdav2yakF3cqg']",['spotify:track:05ZACkzW8YbRq3eFgIfSNB'],"['Play It Again', 'Leave The Night On']",['Springsteen'],0.002921005842011684,0.5476190476190476,35.056523422377076,2.175995615149125,2,1
['spotify:track:30VrBsh1STRBoIrhQOAwzK'],['spotify:track:5i66xrvSh1MjjyDd6zcwgj'],['Disturbia'],['Umbrella'],0.002921005842011684,0.5476190476190476,50.72885154061625,2.1866636364851675,1,1
"['spotify:track:03fT3OHB9KyMtGMt2zwqCT', 'spotify:track:4dGJf1SER1T6ooX46vwzRB']",['spotify:track:3ts6xK5GzfMAAriT9AIBmP'],"['Play It Again', 'Chicken Fried']",['Barefoot Blue Jean Night'],0.002921005842011684,0.5476190476190476,41.461080586080584,2.1813296258171464,2,1
"['spotify:track:2FviG1Ma0M0BSZbqaDvw0x', 'spotify:track:2N3F1EQCpnIeDOA3rLSAfE']",['spotify:track:5BbYPT6ehZf0hSv2su6JAl'],"['House Party', 'Break Up In A Small Town']",['Make You Miss Me'],0.002921005842011684,0.5476190476190476,58.26962676962676,2.1897517479245483,2,1
['spotify:track:3grPZ1iQg2tEdh0ZCh3HTt'],['spotify:track:0i5el041vd6nxrGEU8QRxy'],['Stay'],['Cruise'],0.002921005842011684,0.5476190476190476,38.15887062789717,2.1788029891849257,1,1
"['spotify:track:6DNtNfH8hXkqOX1sjqmI7p', 'spotify:track:7BKLCZ1jbUBVqRi2FVlTVw']",['spotify:track:4pdPtRcBmOSQDlJ3Fk945m'],"['Cold Water (feat. Justin Bieber & MØ)', 'Closer']",['Let Me Love You'],0.002921005842011684,0.5348837209302325,41.29092567259462,2.1221488442976884,2,1
"['spotify:track:5T6DM9qjjngWnukcw0svkX', 'spotify:track:6s9ICeczYOfbHHIaSMq9jd']",['spotify:track:0i5el041vd6nxrGEU8QRxy'],"['Round Here', 'Get Your Shine On']",['Cruise'],0.002921005842011684,0.5348837209302325,37.27145503189956,2.1191452882905764,2,1
"['spotify:track:0i5el041vd6nxrGEU8QRxy', 'spotify:track:6s9ICeczYOfbHHIaSMq9jd']",['spotify:track:5T6DM9qjjngWnukcw0svkX'],"['Cruise', 'Get Your Shine On']",['Round Here'],0.002921005842011684,0.5348837209302325,50.74306528439338,2.127336804673609,2,1
"['spotify:track:5ZManJDV3CexO66nRCkdiV', 'spotify:track:5kNe7PE09d6Kvw5pAsx23n']",['spotify:track:1soxUgYIZb1qx1c7o1Lc7z'],"['Break Up with Him', 'Die A Happy Man']",['Drunk On A Plane'],0.002921005842011684,0.5348837209302325,42.97626957759847,2.1232410464820926,2,1
"['spotify:track:5ZManJDV3CexO66nRCkdiV', 'spotify:track:5kNe7PE09d6Kvw5pAsx23n']",['spotify:track:46ZfPS5VpSQVU5gb82hg3K'],"['Break Up with Him', 'Die A Happy Man']",['Anything Goes'],0.002921005842011684,0.5348837209302325,55.41676866585067,2.129248158496317,2,1
['spotify:track:7px4t7HGiuMUvFkEOpZEwp'],['spotify:track:0BCy325UZyR9z0t0uxwn2N'],['Song for Another Time'],['H.O.L.Y.'],0.002921005842011684,0.5348837209302325,41.69974671885793,2.1224218948437894,1,1
"['spotify:track:4pdPtRcBmOSQDlJ3Fk945m', 'spotify:track:6DNtNfH8hXkqOX1sjqmI7p']",['spotify:track:7BKLCZ1jbUBVqRi2FVlTVw'],"['Let Me Love You', 'Cold Water (feat. Justin Bieber & MØ)']",['Closer'],0.002921005842011684,0.5227272727272727,20.376012601260125,2.041486749640166,2,1
"['spotify:track:1soxUgYIZb1qx1c7o1Lc7z', 'spotify:track:5kNe7PE09d6Kvw5pAsx23n']",['spotify:track:5ZManJDV3CexO66nRCkdiV'],"['Drunk On A Plane', 'Die A Happy Man']",['Break Up with Him'],0.002921005842011684,0.5227272727272727,52.76864801864802,2.0744826251557265,2,1
['spotify:track:64BbK9SFKH2jk86U3dGj2P'],['spotify:track:48UPSzbZjgc449aqz8bxox'],['Otherside'],['Californication'],0.002921005842011684,0.5227272727272727,49.589813800657176,2.0731521463042926,1,1
['spotify:track:6W9W8dSswA8KNegvl3W97V'],['spotify:track:0H04yVa3DJxoXbLBpAb7iV'],['Think of You'],"[""I'm Comin' Over""]",0.002921005842011684,0.5227272727272727,52.76864801864802,2.0744826251557265,1,1
['spotify:track:6W9W8dSswA8KNegvl3W97V'],['spotify:track:0BCy325UZyR9z0t0uxwn2N'],['Think of You'],['H.O.L.Y.'],0.002921005842011684,0.5227272727272727,40.75202520252025,2.0683624224391304,1,1
['spotify:track:6W9W8dSswA8KNegvl3W97V'],['spotify:track:5kNe7PE09d6Kvw5pAsx23n'],['Think of You'],['Die A Happy Man'],0.002921005842011684,0.5227272727272727,32.40909090909091,2.0614439324116742,1,1
['spotify:track:5y2pNuAvWcPKiORZ12e44S'],['spotify:track:6eYYm2xwrvdav2yakF3cqg'],"[""Night's On Fire""]",['Leave The Night On'],0.002921005842011684,0.5227272727272727,41.999536178107604,2.069160709749991,1,1
"['spotify:track:4pdPtRcBmOSQDlJ3Fk945m', 'spotify:track:7BKLCZ1jbUBVqRi2FVlTVw']",['spotify:track:6DNtNfH8hXkqOX1sjqmI7p'],"['Let Me Love You', 'Closer']",['Cold Water (feat. Justin Bieber & MØ)'],0.002921005842011684,0.5111111111111111,32.98761384335155,2.0137622093426004,2,1
"['spotify:track:4Km5HrUvYTaSUfiSGPJeQR', 'spotify:track:6fwdbPMwP1zVStm8FybmkO']",['spotify:track:343YBumqHu19cGoGARUTsd'],"['Bad and Boujee (feat. Lil Uzi Vert)', 'X (feat. Future)']",['Fake Love'],0.002921005842011684,0.5111111111111111,25.633687190375085,2.0046701457039275,2,1
"['spotify:track:5hTpBe8h35rJ67eAWHQsJx', 'spotify:track:5uDASfU19gDxSjW8cnCaBp']",['spotify:track:7yyRTcZmCiyzzJlNzGC9Ol'],"['Caroline', 'Chill Bill']",['Broccoli (feat. Lil Yachty)'],0.002921005842011684,0.5111111111111111,18.047035376183356,1.987525111413859,2,1
"['spotify:track:3ts6xK5GzfMAAriT9AIBmP', 'spotify:track:4dGJf1SER1T6ooX46vwzRB']",['spotify:track:03fT3OHB9KyMtGMt2zwqCT'],"['Barefoot Blue Jean Night', 'Chicken Fried']",['Play It Again'],0.002921005842011684,0.5111111111111111,36.586262626262624,2.016879488304431,2,1
['spotify:track:2yWtLaPCOUDyi7f1lOXCn5'],['spotify:track:0i5el041vd6nxrGEU8QRxy'],['Anywhere With You'],['Cruise'],0.002921005842011684,0.5111111111111111,35.6149459193707,2.0161001685639732,1,1
"['spotify:track:4Km5HrUvYTaSUfiSGPJeQR', 'spotify:track:6fujklziTHa8uoM5OQSfIo']",['spotify:track:7yyRTcZmCiyzzJlNzGC9Ol'],"['Bad and Boujee (feat. Lil Uzi Vert)', 'Black Beatles']",['Broccoli (feat. Lil Yachty)'],0.002921005842011684,0.5,17.654708520179373,1.9433578867157735,2,1
"['spotify:track:2Fk0WwAqTBesLtKg97nojy', 'spotify:track:5kNe7PE09d6Kvw5pAsx23n']",['spotify:track:6GsAD8PgHxmEuIPTG8GP3M'],"['Crash And Burn', 'Die A Happy Man']",['It Goes Like This'],0.002921005842011684,0.5,51.80263157894737,1.9806959613919228,2,1
"['spotify:track:2Fk0WwAqTBesLtKg97nojy', 'spotify:track:5kNe7PE09d6Kvw5pAsx23n']",['spotify:track:6IFPfV8PNSYOmufzQ95hmm'],"['Crash And Burn', 'Die A Happy Man']",['Confession'],0.002921005842011684,0.5,62.49206349206349,1.983997967995936,2,1
"['spotify:track:343YBumqHu19cGoGARUTsd', 'spotify:track:5hTpBe8h35rJ67eAWHQsJx']",['spotify:track:7yyRTcZmCiyzzJlNzGC9Ol'],"['Fake Love', 'Caroline']",['Broccoli (feat. Lil Yachty)'],0.002921005842011684,0.48936170212765956,17.279076424005343,1.9028712640758612,2,1
['spotify:track:1N7qGCKRRnvjoy8MGyHgpS'],['spotify:track:7I5fYc4qKJddht8Ozhqqdx'],['Came Here to Forget'],['Snapback'],0.002921005842011684,0.48936170212765956,55.843971631205676,1.9411724240115145,1,1
['spotify:track:7cGFbx7MP0H23iHZTZpqMM'],['spotify:track:7KXjTSCq5nL1LoYtL7XAwS'],['Everybody'],['HUMBLE.'],0.002921005842011684,0.48936170212765956,19.362985138458246,1.9088402760138852,1,1
"['spotify:track:6p8NuHm8uCGnn2Dtbtf7zE', 'spotify:track:7KOlJ92bu51cltsD9KU5I7']",['spotify:track:6fwdbPMwP1zVStm8FybmkO'],"['Slippery (feat. Gucci Mane)', 'T-Shirt']",['X (feat. Future)'],0.002921005842011684,0.47916666666666663,29.944113756613753,1.889276098552197,2,1
"['spotify:track:2FviG1Ma0M0BSZbqaDvw0x', 'spotify:track:5kNe7PE09d6Kvw5pAsx23n']",['spotify:track:46ZfPS5VpSQVU5gb82hg3K'],"['House Party', 'Die A Happy Man']",['Anything Goes'],0.002921005842011684,0.47916666666666663,49.644188596491226,1.9014681229362458,2,1
['spotify:track:0dbzWSYpMcRtwjI1S7Pkql'],['spotify:track:0O1x2tRm8ZpfDbcpOWZp7z'],"[""Huntin', Fishin' And Lovin' Every Day""]",['American Country Love Song'],0.002921005842011684,0.47916666666666663,66.1922514619883,1.9061010922021842,1,1
['spotify:track:0dbzWSYpMcRtwjI1S7Pkql'],['spotify:track:03fT3OHB9KyMtGMt2zwqCT'],"[""Huntin', Fishin' And Lovin' Every Day""]",['Play It Again'],0.002921005842011684,0.47916666666666663,34.29962121212121,1.8931775463550926,1,1
['spotify:track:0lQJBl9YEsoMtE8D4yTE9g'],['spotify:track:5kNe7PE09d6Kvw5pAsx23n'],['From the Ground Up'],['Die A Happy Man'],0.002921005842011684,0.47916666666666663,29.708333333333332,1.889032258064516,1,1
['spotify:track:1EaKU4dMbesXXd3BrLCtYG'],['spotify:track:6HZILIRieu8S0iqY8kIKhj'],['ELEMENT.'],['DNA.'],0.002921005842011684,0.47916666666666663,36.27844551282051,1.8946405892811786,1,1
['spotify:track:3OZVqx1YsqDDkxQ6TnmHtn'],['spotify:track:2Fk0WwAqTBesLtKg97nojy'],"[""Ain't Worth The Whiskey""]",['Crash And Burn'],0.002921005842011684,0.47916666666666663,42.87452651515151,1.898542037084074,1,1
['spotify:track:17Vry8h1fUTYg8NL6pHhem'],['spotify:track:2FviG1Ma0M0BSZbqaDvw0x'],['Fix'],['House Party'],0.002921005842011684,0.4693877551020408,32.707603395340435,1.8575692151384302,1,1
['spotify:track:4o8STNAL91xc7EvuvqSKk1'],['spotify:track:5kjyiH6but1t2UDXq15aeS'],['Whatever It Is'],['Toes'],0.002921005842011684,0.4693877551020408,39.31871471993052,1.8621168011566793,1,1
['spotify:track:4zGvb8hxGLB2jEPRFiRRqw'],['spotify:track:0uMUvbkTdjBNZ5UuHZ5PIj'],['Bonfire'],['IV. sweatpants'],0.002921005842011684,0.45999999999999996,38.53234042553191,1.829744400229541,1,1
"['spotify:track:7GX5flRQZVHRAGd6B4TmDO', 'spotify:track:7KXjTSCq5nL1LoYtL7XAwS']",['spotify:track:0VgkVdmE4gld66l8iyGjgx'],"['XO TOUR Llif3', 'HUMBLE.']",['Mask Off'],0.002921005842011684,0.45999999999999996,27.649160305343507,1.8210425309739509,2,1
"['spotify:track:2FviG1Ma0M0BSZbqaDvw0x', 'spotify:track:6eYYm2xwrvdav2yakF3cqg']",['spotify:track:1soxUgYIZb1qx1c7o1Lc7z'],"['House Party', 'Leave The Night On']",['Drunk On A Plane'],0.002921005842011684,0.45999999999999996,36.95959183673469,1.828803657607315,2,1
"['spotify:track:2FviG1Ma0M0BSZbqaDvw0x', 'spotify:track:6eYYm2xwrvdav2yakF3cqg']",['spotify:track:46ZfPS5VpSQVU5gb82hg3K'],"['House Party', 'Leave The Night On']",['Anything Goes'],0.002921005842011684,0.45999999999999996,47.658421052631574,1.833977742029558,2,1
['spotify:track:6zkHymyoD3tIqV7RwCAYUw'],['spotify:track:5kNe7PE09d6Kvw5pAsx23n'],['Sleep Without You'],['Die A Happy Man'],0.002921005842011684,0.45098039215686275,27.96078431372549,1.7920506912442395,1,1
"['spotify:track:03fT3OHB9KyMtGMt2zwqCT', 'spotify:track:5HGibWoxnkYSkl6mHmAlOE']",['spotify:track:4dGJf1SER1T6ooX46vwzRB'],"['Play It Again', ""That's My Kind Of Night""]",['Chicken Fried'],0.002921005842011684,0.45098039215686275,28.408156862745102,1.7925133350266698,2,1
['spotify:track:76Y0gxtTxN0FyDCYh5qYQj'],['spotify:track:4Km5HrUvYTaSUfiSGPJeQR'],['Get Right Witcha'],['Bad and Boujee (feat. Lil Uzi Vert)'],0.002921005842011684,0.45098039215686275,19.838098367838754,1.7800219529010486,1,1
['spotify:track:6UjfByV1lDLW0SOVQA4NAi'],['spotify:track:7KXjTSCq5nL1LoYtL7XAwS'],['Gyalchester'],['HUMBLE.'],0.002921005842011684,0.45098039215686275,17.844319637402698,1.7753955150767444,1,1
['spotify:track:4Pn0JlCUusD2QHjADuOzuV'],['spotify:track:7vWGeYZJUzBXKGPro05UXS'],['Humble And Kind'],['Take Your Time'],0.002921005842011684,0.45098039215686275,36.608449565393165,1.798990347980696,1,1
['spotify:track:5fSPbm5lcwtqwXkeQQswW8'],['spotify:track:5CG9Ps5ynNjpKJHmwc95pa'],['Record Year'],['Somewhere On A Beach'],0.002921005842011684,0.45098039215686275,46.72394220846233,1.8038481076962152,1,1
"['spotify:track:03fT3OHB9KyMtGMt2zwqCT', 'spotify:track:5HGibWoxnkYSkl6mHmAlOE']",['spotify:track:0yD66650JxhqKbW76C2qCo'],"['Play It Again', ""That's My Kind Of Night""]",['Country Girl (Shake It For Me)'],0.002921005842011684,0.45098039215686275,45.525892408245355,1.8033854639137847,2,1
['spotify:track:1qxINnTuff87Pj1lvKbGxy'],['spotify:track:7nDoBWDvf02SyD8kEQuuPO'],['Ready Set Roll'],['Bottoms Up'],0.002921005842011684,0.45098039215686275,47.98675145733969,1.8043107514786456,1,1
['spotify:track:1qxINnTuff87Pj1lvKbGxy'],['spotify:track:5CXnIPD6rTjszYYQm6fY2P'],['Ready Set Roll'],['Dirt'],0.002921005842011684,0.45098039215686275,50.72885154061625,1.8052360390435065,1,1
['spotify:track:498ZVInMGDkmmNVpSWqHiZ'],['spotify:track:6xHI9KjUjYT0FPtGO8Mxa1'],['May We All'],['Hurricane'],0.002921005842011684,0.45098039215686275,56.36539060068472,1.8068552922820131,1,1
['spotify:track:7f08qp3HROTkfrtNpiYGGo'],['spotify:track:498ZVInMGDkmmNVpSWqHiZ'],['Dirt On My Boots'],['May We All'],0.002921005842011684,0.45098039215686275,69.62783544790466,1.8096311549765955,1,1
['spotify:track:498ZVInMGDkmmNVpSWqHiZ'],['spotify:track:7f08qp3HROTkfrtNpiYGGo'],['May We All'],['Dirt On My Boots'],0.002921005842011684,0.45098039215686275,69.62783544790466,1.8096311549765955,1,1
"['spotify:track:343YBumqHu19cGoGARUTsd', 'spotify:track:4Km5HrUvYTaSUfiSGPJeQR']",['spotify:track:7yyRTcZmCiyzzJlNzGC9Ol'],"['Fake Love', 'Bad and Boujee (feat. Lil Uzi Vert)']",['Broccoli (feat. Lil Yachty)'],0.002921005842011684,0.4423076923076923,15.617626767850982,1.7423208639520726,2,1
"['spotify:track:343YBumqHu19cGoGARUTsd', 'spotify:track:4Km5HrUvYTaSUfiSGPJeQR']",['spotify:track:6fwdbPMwP1zVStm8FybmkO'],"['Fake Love', 'Bad and Boujee (feat. Lil Uzi Vert)']",['X (feat. Future)'],0.002921005842011684,0.4423076923076923,27.64072039072039,1.764410149509954,2,1
"['spotify:track:0VgkVdmE4gld66l8iyGjgx', 'spotify:track:7KXjTSCq5nL1LoYtL7XAwS']",['spotify:track:7GX5flRQZVHRAGd6B4TmDO'],"['Mask Off', 'HUMBLE.']",['XO TOUR Llif3'],0.002921005842011684,0.4423076923076923,26.384324009324008,1.7630438019496728,2,1
['spotify:track:08mG3Y1vljYA6bvDt4Wqkj'],['spotify:track:57bgtoPSgt236HzfBOd8kj'],['Back In Black'],['Thunderstruck'],0.002921005842011684,0.4423076923076923,62.191620879120876,1.7803508710465696,1,1
['spotify:track:5r00wpsojd4mBYaQFDvni7'],['spotify:track:03fT3OHB9KyMtGMt2zwqCT'],['Roller Coaster'],['Play It Again'],0.002921005842011684,0.4423076923076923,31.66118881118881,1.7680537430040377,1,1
['spotify:track:6naYpFIKihKbGg6lGxpveI'],['spotify:track:6eYYm2xwrvdav2yakF3cqg'],['Backroad Song'],['Leave The Night On'],0.002921005842011684,0.4339622641509434,34.867539468617636,1.7446786893573787,1,1
['spotify:track:6naYpFIKihKbGg6lGxpveI'],['spotify:track:1jNNHFZmRGXZFHlil5uhei'],['Backroad Song'],['Drunk On Your Love'],0.002921005842011684,0.4339622641509434,54.23839472896076,1.7525315383964102,1,1
"['spotify:track:4Km5HrUvYTaSUfiSGPJeQR', 'spotify:track:7yyRTcZmCiyzzJlNzGC9Ol']",['spotify:track:343YBumqHu19cGoGARUTsd'],"['Bad and Boujee (feat. Lil Uzi Vert)', 'Broccoli (feat. Lil Yachty)']",['Fake Love'],0.002921005842011684,0.4259259259259259,21.361405991979236,1.707202962793022,2,1
"['spotify:track:4Km5HrUvYTaSUfiSGPJeQR', 'spotify:track:7yyRTcZmCiyzzJlNzGC9Ol']",['spotify:track:6fujklziTHa8uoM5OQSfIo'],"['Bad and Boujee (feat. Lil Uzi Vert)', 'Broccoli (feat. Lil Yachty)']",['Black Beatles'],0.002921005842011684,0.4259259259259259,23.452732452732448,1.7103001302776795,2,1
['spotify:track:3354J49VpkbZJho7Ztdzpw'],['spotify:track:42et6fnHCw1HIPSrdPprMl'],['Jumper - 1998 Edit'],['Semi-Charmed Life'],0.002921005842011684,0.4259259259259259,44.12816764132553,1.725122288954255,1,1
"['spotify:track:5uDASfU19gDxSjW8cnCaBp', 'spotify:track:7yyRTcZmCiyzzJlNzGC9Ol']",['spotify:track:5hTpBe8h35rJ67eAWHQsJx'],"['Chill Bill', 'Broccoli (feat. Lil Yachty)']",['Caroline'],0.002921005842011684,0.4259259259259259,18.528954368733373,1.7018935328193234,2,1
['spotify:track:4XkOcWt0C2JX1s2RXybosk'],['spotify:track:4Km5HrUvYTaSUfiSGPJeQR'],['Minnesota'],['Bad and Boujee (feat. Lil Uzi Vert)'],0.002921005842011684,0.4259259259259259,18.73598179184771,1.7023359853171316,1,1
['spotify:track:4IWGnyOHDrVZEtPWfs4s7q'],['spotify:track:4uhvMW7ly7tJil31YYscAN'],['Do What I Want'],['Erase Your Social'],0.002921005842011684,0.4259259259259259,47.2357850808555,1.7262284201987754,1,1
['spotify:track:2EvddT8rcO99bKH0rDHAYG'],['spotify:track:3ts6xK5GzfMAAriT9AIBmP'],['We Are Tonight'],['Barefoot Blue Jean Night'],0.002921005842011684,0.4259259259259259,32.247507122507116,1.71892795398494,1,1
['spotify:track:1M2l9ReoabUnvl6Y8jLUe7'],['spotify:track:05ZACkzW8YbRq3eFgIfSNB'],['Colder Weather'],['Springsteen'],0.002921005842011684,0.4259259259259259,27.266184884071063,1.7147246552557618,1,1
['spotify:track:5Kb5utdaR6qXYZ9WpgoKWm'],['spotify:track:1TKlBK9cSrM5u4CiL4SETS'],['Drinking class'],['Talladega'],0.002921005842011684,0.4259259259259259,38.99698535745047,1.722910026465214,1,1
['spotify:track:5vCgOg9VqRaAUbnflCO6P3'],['spotify:track:05ZACkzW8YbRq3eFgIfSNB'],['Cop Car'],['Springsteen'],0.002921005842011684,0.4259259259259259,27.266184884071063,1.7147246552557618,1,1
['spotify:track:5g15o2Sm55Hn9ShK5yEXgp'],['spotify:track:2FviG1Ma0M0BSZbqaDvw0x'],['Kick The Dust Up'],['House Party'],0.002921005842011684,0.41818181818181815,29.139501206757842,1.6940841694183388,1,1
['spotify:track:5ByAIlEEnxYdvpnezg7HTX'],['spotify:track:7KwZNVEaqikRSBSpyhXK2j'],['Juicy'],['Hypnotize - 2014 Remastered Version'],0.002921005842011684,0.41818181818181815,39.67185104052574,1.7006326200152402,1,1
['spotify:track:4ntsD33Pgsgk8rUyZLLiUV'],['spotify:track:0v9Wz8o0BT8DU38R4ddjeH'],['DEVASTATED'],['No Problem (feat. Lil Wayne & 2 Chainz)'],0.002921005842011684,0.41818181818181815,17.06095148374941,1.6766216344932692,1,1
['spotify:track:6olKv2HP3XgBpvVxAswowe'],['spotify:track:1soxUgYIZb1qx1c7o1Lc7z'],['Bartender'],['Drunk On A Plane'],0.002921005842011684,0.41818181818181815,33.599628942486085,1.6973583947167894,1,1
['spotify:track:6olKv2HP3XgBpvVxAswowe'],['spotify:track:4dGJf1SER1T6ooX46vwzRB'],['Bartender'],['Chicken Fried'],0.002921005842011684,0.41818181818181815,26.34210909090909,1.6914647891795784,1,1
['spotify:track:0RE8WWlaCQM6M4XHUK3u7b'],['spotify:track:5ZManJDV3CexO66nRCkdiV'],['Home Alone Tonight'],['Break Up with Him'],0.002921005842011684,0.41818181818181815,42.214918414918415,1.701724028448057,1,1
['spotify:track:0RE8WWlaCQM6M4XHUK3u7b'],['spotify:track:5HGibWoxnkYSkl6mHmAlOE'],['Home Alone Tonight'],"[""That's My Kind Of Night""]",0.002921005842011684,0.41818181818181815,31.661188811188808,1.6960487045974093,1,1
['spotify:track:0RE8WWlaCQM6M4XHUK3u7b'],['spotify:track:03fT3OHB9KyMtGMt2zwqCT'],['Home Alone Tonight'],['Play It Again'],0.002921005842011684,0.41818181818181815,29.934214876033057,1.694739014478029,1,1
['spotify:track:0RE8WWlaCQM6M4XHUK3u7b'],['spotify:track:5T6DM9qjjngWnukcw0svkX'],['Home Alone Tonight'],['Round Here'],0.002921005842011684,0.41818181818181815,39.67185104052574,1.7006326200152402,1,1
['spotify:track:0RE8WWlaCQM6M4XHUK3u7b'],['spotify:track:46ZfPS5VpSQVU5gb82hg3K'],['Home Alone Tonight'],['Anything Goes'],0.002921005842011684,0.41818181818181815,43.32583732057416,1.7021605918211837,1,1
['spotify:track:0RE8WWlaCQM6M4XHUK3u7b'],['spotify:track:0H04yVa3DJxoXbLBpAb7iV'],['Home Alone Tonight'],"[""I'm Comin' Over""]",0.002921005842011684,0.41818181818181815,42.214918414918415,1.701724028448057,1,1
['spotify:track:1Uq3IOIy1CUlHUgP6vWpum'],['spotify:track:3ZLyt2ndLFBh148XRYjYYZ'],['Smoke Break (feat. Future)'],"[""All We Got (feat. Kanye West & Chicago Children's Choir)""]",0.002921005842011684,0.4107142857142857,51.33276643990929,1.683392215269279,1,1
['spotify:track:57bgtoPSgt236HzfBOd8kj'],['spotify:track:08mG3Y1vljYA6bvDt4Wqkj'],['Thunderstruck'],['Back In Black'],0.002921005842011684,0.4107142857142857,62.191620879120876,1.6857628866772885,1,1
['spotify:track:7B6m8tHAYZsOKOKMU5SR2n'],['spotify:track:3ts6xK5GzfMAAriT9AIBmP'],['Take A Back Road'],['Barefoot Blue Jean Night'],0.002921005842011684,0.4107142857142857,31.095810439560438,1.6745560763848801,1,1
['spotify:track:0M7mWKqwTIaVjYyxfZmtTa'],['spotify:track:4dGJf1SER1T6ooX46vwzRB'],"['Courtesy Of The Red, White And Blue (The Angry American)']",['Chicken Fried'],0.002921005842011684,0.4107142857142857,25.871714285714287,1.6700302491514072,1,1
['spotify:track:5cbpoIu3YjoOwbBDGUEp3P'],['spotify:track:3CRDbSIZ4r5MsZ0YwxuEkn'],['Car Radio'],['Stressed Out'],0.002921005842011684,0.4107142857142857,27.176170468187273,1.6713233426466851,1,1
"['spotify:track:1yEwEiTpsaPhQi9lb5EVV4', 'spotify:track:5kjyiH6but1t2UDXq15aeS']",['spotify:track:3ts6xK5GzfMAAriT9AIBmP'],"['Knee Deep (feat. Jimmy Buffett)', 'Toes']",['Barefoot Blue Jean Night'],0.002921005842011684,0.4107142857142857,31.095810439560438,1.6745560763848801,2,1
"['spotify:track:1yEwEiTpsaPhQi9lb5EVV4', 'spotify:track:5kjyiH6but1t2UDXq15aeS']",['spotify:track:3xdjjKMcMOFgo1eQrfbogM'],"['Knee Deep (feat. Jimmy Buffett)', 'Toes']",['Wagon Wheel'],0.002921005842011684,0.4107142857142857,28.619152970922883,1.672616436141963,2,1
['spotify:track:2HHtWyy5CgaQbC7XSoOb0e'],['spotify:track:4bHsxqR3GMrXTxEPLuK5ue'],['Eye of the Tiger'],"[""Don't Stop Believin'""]",0.002921005842011684,0.4107142857142857,22.774396378269618,1.6663664842481198,1,1
['spotify:track:6JjEVlMkfHWMeYavkEYzNO'],['spotify:track:2EEeOnHehOozLq4aS0n6SL'],['Gassed Up'],['iSpy (feat. Lil Yachty)'],0.002921005842011684,0.4107142857142857,22.303201970443347,1.6657199375004812,1,1
['spotify:track:0M7mWKqwTIaVjYyxfZmtTa'],['spotify:track:5iuPF9zzwVy5JwWIZhOBRv'],"['Courtesy Of The Red, White And Blue (The Angry American)']",['Beer For My Horses'],0.002921005842011684,0.4107142857142857,78.87717770034843,1.6881335580852979,1,1
"['spotify:track:6fujklziTHa8uoM5OQSfIo', 'spotify:track:7yyRTcZmCiyzzJlNzGC9Ol']",['spotify:track:4Km5HrUvYTaSUfiSGPJeQR'],"['Black Beatles', 'Broccoli (feat. Lil Yachty)']",['Bad and Boujee (feat. Lil Uzi Vert)'],0.002921005842011684,0.40350877192982454,17.74987748701362,1.6383593061303767,2,1
"['spotify:track:6fujklziTHa8uoM5OQSfIo', 'spotify:track:7yyRTcZmCiyzzJlNzGC9Ol']",['spotify:track:5hTpBe8h35rJ67eAWHQsJx'],"['Black Beatles', 'Broccoli (feat. Lil Yachty)']",['Caroline'],0.002921005842011684,0.40350877192982454,17.553746244063195,1.6379334817493163,2,1
['spotify:track:1LxKKYsJNPeBdOwdudsJzv'],['spotify:track:0wdKiSBUT7aZkXUIdJWcwC'],['Down In the DM'],['2 Phones'],0.002921005842011684,0.40350877192982454,35.69919179972403,1.6575214032781005,1,1
['spotify:track:1LxKKYsJNPeBdOwdudsJzv'],['spotify:track:5OOkp4U9P9oL23maHFHL1h'],['Down In the DM'],['Panda'],0.002921005842011684,0.40350877192982454,19.982566479090806,1.6426175499409819,1,1
['spotify:track:1LxKKYsJNPeBdOwdudsJzv'],['spotify:track:7EiZI6JVHllARrX9PUvAdX'],['Down In the DM'],['Low Life'],0.002921005842011684,0.40350877192982454,21.32367832332509,1.6447466718462846,1,1
['spotify:track:1LxKKYsJNPeBdOwdudsJzv'],['spotify:track:27GmP9AWRs744SzKcpJsTZ'],['Down In the DM'],['Jumpman'],0.002921005842011684,0.40350877192982454,16.21034729681346,1.6347397988913623,1,1
['spotify:track:3f7gYMirBEKuc57218BjOY'],['spotify:track:5OMwQFBcte0aWFJFqrr5oj'],['California Gurls - feat. Snoop Dogg'],['TiK ToK'],0.002921005842011684,0.40350877192982454,31.45770366510335,1.6549664569917373,1,1
['spotify:track:1zvQt99d5oTkEQLmSoO1yu'],['spotify:track:03fT3OHB9KyMtGMt2zwqCT'],['Mine Would Be You'],['Play It Again'],0.002921005842011684,0.40350877192982454,28.88389154704944,1.653050247276965,1,1
['spotify:track:0O1x2tRm8ZpfDbcpOWZp7z'],['spotify:track:4ly1QBXEwYoDmje9rmEgC4'],['American Country Love Song'],['Head Over Boots'],0.002921005842011684,0.40350877192982454,48.8804318488529,1.6626312958508267,1,1
['spotify:track:0O1x2tRm8ZpfDbcpOWZp7z'],['spotify:track:1zWZvrk13cL8Sl3VLeG57F'],['American Country Love Song'],['T-Shirt'],0.002921005842011684,0.40350877192982454,38.279856267173955,1.658798876421282,1,1
['spotify:track:0O1x2tRm8ZpfDbcpOWZp7z'],['spotify:track:0dbzWSYpMcRtwjI1S7Pkql'],['American Country Love Song'],"[""Huntin', Fishin' And Lovin' Every Day""]",0.002921005842011684,0.40350877192982454,66.1922514619883,1.6662508030898413,1,1
"['spotify:track:4wFUdSCer8bdQsrp1M90sa', 'spotify:track:5kjyiH6but1t2UDXq15aeS']",['spotify:track:4dGJf1SER1T6ooX46vwzRB'],"[""Highway Don't Care"", 'Toes']",['Chicken Fried'],0.0027940055880111762,0.8800000000000001,55.432960000000016,8.201041402082812,2,1
"['spotify:track:5ZManJDV3CexO66nRCkdiV', 'spotify:track:7vWGeYZJUzBXKGPro05UXS']",['spotify:track:5kNe7PE09d6Kvw5pAsx23n'],"['Break Up with Him', 'Take Your Time']",['Die A Happy Man'],0.0027940055880111762,0.8461538461538463,52.46153846153847,6.395161290322585,2,1
"['spotify:track:2ANLarE8yHVsLWW21nj79M', 'spotify:track:4gmmRb6bZJffOOiww1JGTO']",['spotify:track:6fwdbPMwP1zVStm8FybmkO'],"['You Was Right', 'No Heart']",['X (feat. Future)'],0.0027940055880111762,0.8148148148148149,50.919459141681365,5.313589027178057,2,1
"['spotify:track:5kjyiH6but1t2UDXq15aeS', 'spotify:track:6eYYm2xwrvdav2yakF3cqg']",['spotify:track:4dGJf1SER1T6ooX46vwzRB'],"['Toes', 'Leave The Night On']",['Chicken Fried'],0.0027940055880111762,0.8148148148148149,51.326814814814824,5.314274828549658,2,1
"['spotify:track:2EEeOnHehOozLq4aS0n6SL', 'spotify:track:6p8NuHm8uCGnn2Dtbtf7zE']",['spotify:track:7KOlJ92bu51cltsD9KU5I7'],"['iSpy (feat. Lil Yachty)', 'Slippery (feat. Gucci Mane)']",['T-Shirt'],0.0027940055880111762,0.7857142857142857,57.28439153439153,4.60265853865041,2,1
"['spotify:track:1qwnPVOIJjAFfCc40Etb1D', 'spotify:track:5kjyiH6but1t2UDXq15aeS']",['spotify:track:4dGJf1SER1T6ooX46vwzRB'],"['Homegrown', 'Toes']",['Chicken Fried'],0.0027940055880111762,0.7857142857142857,49.49371428571429,4.59258318516637,2,1
"['spotify:track:2FviG1Ma0M0BSZbqaDvw0x', 'spotify:track:5HGibWoxnkYSkl6mHmAlOE']",['spotify:track:5kNe7PE09d6Kvw5pAsx23n'],"['House Party', ""That's My Kind Of Night""]",['Die A Happy Man'],0.0027940055880111762,0.7586206896551725,47.0344827586207,4.076036866359448,2,1
"['spotify:track:4dGJf1SER1T6ooX46vwzRB', 'spotify:track:6aNwDe5YH5YUPlpHkku52w']",['spotify:track:3ts6xK5GzfMAAriT9AIBmP'],"['Chicken Fried', 'Sunshine & Whiskey']",['Barefoot Blue Jean Night'],0.0027940055880111762,0.7586206896551725,57.436339522546426,4.088138176276354,2,1
"['spotify:track:05ZACkzW8YbRq3eFgIfSNB', 'spotify:track:5kjyiH6but1t2UDXq15aeS']",['spotify:track:4dGJf1SER1T6ooX46vwzRB'],"['Springsteen', 'Toes']",['Chicken Fried'],0.0027940055880111762,0.7586206896551725,47.78703448275863,4.077089154178309,2,1
"['spotify:track:1zWZvrk13cL8Sl3VLeG57F', 'spotify:track:46ZfPS5VpSQVU5gb82hg3K']",['spotify:track:6IFPfV8PNSYOmufzQ95hmm'],"['T-Shirt', 'Anything Goes']",['Confession'],0.0027940055880111762,0.7586206896551725,94.81554460864807,4.109710076563012,2,1
"['spotify:track:2N3F1EQCpnIeDOA3rLSAfE', 'spotify:track:5BbYPT6ehZf0hSv2su6JAl']",['spotify:track:6eYYm2xwrvdav2yakF3cqg'],"['Break Up In A Small Town', 'Make You Miss Me']",['Leave The Night On'],0.0027940055880111762,0.7586206896551725,60.95285010555947,4.0912950397329375,2,1
"['spotify:track:0BCy325UZyR9z0t0uxwn2N', 'spotify:track:5BbYPT6ehZf0hSv2su6JAl']",['spotify:track:5kNe7PE09d6Kvw5pAsx23n'],"['H.O.L.Y.', 'Make You Miss Me']",['Die A Happy Man'],0.0027940055880111762,0.7586206896551725,47.0344827586207,4.076036866359448,2,1
"['spotify:track:1qwnPVOIJjAFfCc40Etb1D', 'spotify:track:1yEwEiTpsaPhQi9lb5EVV4']",['spotify:track:4dGJf1SER1T6ooX46vwzRB'],"['Homegrown', 'Knee Deep (feat. Jimmy Buffett)']",['Chicken Fried'],0.0027940055880111762,0.7586206896551725,47.78703448275863,4.077089154178309,2,1
"['spotify:track:4Km5HrUvYTaSUfiSGPJeQR', 'spotify:track:4gmmRb6bZJffOOiww1JGTO']",['spotify:track:6fwdbPMwP1zVStm8FybmkO'],"['Bad and Boujee (feat. Lil Uzi Vert)', 'No Heart']",['X (feat. Future)'],0.0027940055880111762,0.7333333333333334,45.82751322751323,3.6899923799847607,2,1
"['spotify:track:2Z8WuEywRWYTKe1NybPQEW', 'spotify:track:3bnVBN67NBEzedqQuWrpP4']",['spotify:track:3CRDbSIZ4r5MsZ0YwxuEkn'],"['Ride', 'Tear In My Heart']",['Stressed Out'],0.0027940055880111762,0.7333333333333334,48.523249299719886,3.693326136652274,2,1
"['spotify:track:3ts6xK5GzfMAAriT9AIBmP', 'spotify:track:6aNwDe5YH5YUPlpHkku52w']",['spotify:track:4dGJf1SER1T6ooX46vwzRB'],"['Barefoot Blue Jean Night', 'Sunshine & Whiskey']",['Chicken Fried'],0.0027940055880111762,0.7333333333333334,46.19413333333334,3.6904686309372625,2,1
"['spotify:track:46ZfPS5VpSQVU5gb82hg3K', 'spotify:track:7vWGeYZJUzBXKGPro05UXS']",['spotify:track:5kNe7PE09d6Kvw5pAsx23n'],"['Anything Goes', 'Take Your Time']",['Die A Happy Man'],0.0027940055880111762,0.7333333333333334,45.46666666666667,3.689516129032259,2,1
"['spotify:track:3b7CDTKB0SRTmQ6ytYi5vZ', 'spotify:track:3xdjjKMcMOFgo1eQrfbogM']",['spotify:track:4dGJf1SER1T6ooX46vwzRB'],"['Drunk On You', 'Wagon Wheel']",['Chicken Fried'],0.0027940055880111762,0.7096774193548387,44.70400000000001,3.3897637795275593,2,1
"['spotify:track:3CRDbSIZ4r5MsZ0YwxuEkn', 'spotify:track:3bnVBN67NBEzedqQuWrpP4']",['spotify:track:2Z8WuEywRWYTKe1NybPQEW'],"['Stressed Out', 'Tear In My Heart']",['Ride'],0.0027940055880111762,0.7096774193548387,38.80555555555556,3.381452318460193,2,1
"['spotify:track:4dGJf1SER1T6ooX46vwzRB', 'spotify:track:5kNe7PE09d6Kvw5pAsx23n']",['spotify:track:2FviG1Ma0M0BSZbqaDvw0x'],"['Chicken Fried', 'Die A Happy Man']",['House Party'],0.0027940055880111762,0.7096774193548387,49.45132743362832,3.3950131233595804,2,1
"['spotify:track:1soxUgYIZb1qx1c7o1Lc7z', 'spotify:track:46ZfPS5VpSQVU5gb82hg3K']",['spotify:track:5kNe7PE09d6Kvw5pAsx23n'],"['Drunk On A Plane', 'Anything Goes']",['Die A Happy Man'],0.0027940055880111762,0.7096774193548387,44.0,3.3888888888888893,2,1
"['spotify:track:0BCy325UZyR9z0t0uxwn2N', 'spotify:track:46ZfPS5VpSQVU5gb82hg3K']",['spotify:track:5kNe7PE09d6Kvw5pAsx23n'],"['H.O.L.Y.', 'Anything Goes']",['Die A Happy Man'],0.0027940055880111762,0.7096774193548387,44.0,3.3888888888888893,2,1
"['spotify:track:0BCy325UZyR9z0t0uxwn2N', 'spotify:track:4ly1QBXEwYoDmje9rmEgC4']",['spotify:track:5kNe7PE09d6Kvw5pAsx23n'],"['H.O.L.Y.', 'Head Over Boots']",['Die A Happy Man'],0.0027940055880111762,0.6875000000000001,42.62500000000001,3.148387096774195,2,1
"['spotify:track:0p1HtkrNYxv0iDfEKwXSTp', 'spotify:track:5kNe7PE09d6Kvw5pAsx23n']",['spotify:track:2FviG1Ma0M0BSZbqaDvw0x'],"['Sangria', 'Die A Happy Man']",['House Party'],0.0027940055880111762,0.6875000000000001,47.90597345132744,3.1540767081534176,2,1
"['spotify:track:0v9Wz8o0BT8DU38R4ddjeH', 'spotify:track:2ANLarE8yHVsLWW21nj79M']",['spotify:track:7yyRTcZmCiyzzJlNzGC9Ol'],"['No Problem (feat. Lil Wayne & 2 Chainz)', 'You Was Right']",['Broccoli (feat. Lil Yachty)'],0.0027940055880111762,0.6875000000000001,24.27522421524664,3.1093726187452386,2,1
"['spotify:track:2EEeOnHehOozLq4aS0n6SL', 'spotify:track:7KOlJ92bu51cltsD9KU5I7']",['spotify:track:6p8NuHm8uCGnn2Dtbtf7zE'],"['iSpy (feat. Lil Yachty)', 'T-Shirt']",['Slippery (feat. Gucci Mane)'],0.0027940055880111762,0.6875000000000001,50.1238425925926,3.1561087122174256,2,1
"['spotify:track:2Fk0WwAqTBesLtKg97nojy', 'spotify:track:7vWGeYZJUzBXKGPro05UXS']",['spotify:track:6eYYm2xwrvdav2yakF3cqg'],"['Crash And Burn', 'Take Your Time']",['Leave The Night On'],0.0027940055880111762,0.6875000000000001,55.238520408163275,3.1601727203454417,2,1
"['spotify:track:1zWZvrk13cL8Sl3VLeG57F', 'spotify:track:6IFPfV8PNSYOmufzQ95hmm']",['spotify:track:46ZfPS5VpSQVU5gb82hg3K'],"['T-Shirt', 'Confession']",['Anything Goes'],0.0027940055880111762,0.6875000000000001,71.22861842105264,3.169113538227078,2,1
"['spotify:track:5CG9Ps5ynNjpKJHmwc95pa', 'spotify:track:7I5fYc4qKJddht8Ozhqqdx']",['spotify:track:1zWZvrk13cL8Sl3VLeG57F'],"['Somewhere On A Beach', 'Snapback']",['T-Shirt'],0.0027940055880111762,0.6875000000000001,65.22138554216869,3.1662687325374663,2,1
"['spotify:track:5HGibWoxnkYSkl6mHmAlOE', 'spotify:track:7nDoBWDvf02SyD8kEQuuPO']",['spotify:track:2TR7A4ulH9R1PNwMyd8o8U'],"[""That's My Kind Of Night"", 'Bottoms Up']",['This Is How We Roll'],0.0027940055880111762,0.6875000000000001,54.133750000000006,3.1593599187198387,2,1
"['spotify:track:2N3F1EQCpnIeDOA3rLSAfE', 'spotify:track:5kNe7PE09d6Kvw5pAsx23n']",['spotify:track:7vWGeYZJUzBXKGPro05UXS'],"['Break Up In A Small Town', 'Die A Happy Man']",['Take Your Time'],0.0027940055880111762,0.6666666666666667,54.116838487972515,2.963042926085853,2,1
"['spotify:track:2N3F1EQCpnIeDOA3rLSAfE', 'spotify:track:5kNe7PE09d6Kvw5pAsx23n']",['spotify:track:6eYYm2xwrvdav2yakF3cqg'],"['Break Up In A Small Town', 'Die A Happy Man']",['Leave The Night On'],0.0027940055880111762,0.6666666666666667,53.56462585034014,2.962661925323851,2,1
"['spotify:track:4ly1QBXEwYoDmje9rmEgC4', 'spotify:track:5kNe7PE09d6Kvw5pAsx23n']",['spotify:track:0BCy325UZyR9z0t0uxwn2N'],"['Head Over Boots', 'Die A Happy Man']",['H.O.L.Y.'],0.0027940055880111762,0.6666666666666667,51.973597359735976,2.9615189230378465,2,1
"['spotify:track:5HGibWoxnkYSkl6mHmAlOE', 'spotify:track:5kNe7PE09d6Kvw5pAsx23n']",['spotify:track:2FviG1Ma0M0BSZbqaDvw0x'],"[""That's My Kind Of Night"", 'Die A Happy Man']",['House Party'],0.0027940055880111762,0.6666666666666667,46.4542772861357,2.9569469138938285,2,1
"['spotify:track:5HGibWoxnkYSkl6mHmAlOE', 'spotify:track:5T6DM9qjjngWnukcw0svkX']",['spotify:track:2TR7A4ulH9R1PNwMyd8o8U'],"[""That's My Kind Of Night"", 'Round Here']",['This Is How We Roll'],0.0027940055880111762,0.6666666666666667,52.49333333333334,2.9618999237998485,2,1
['spotify:track:1ZP0sKDoVM1NCFB65Esfm6'],['spotify:track:1TfAhjzRBWzYZ8IdUV3igl'],['S.O.S.'],['Year 3000'],0.0027940055880111762,0.6666666666666667,84.66666666666667,2.976377952755906,1,1
"['spotify:track:03fT3OHB9KyMtGMt2zwqCT', 'spotify:track:0yD66650JxhqKbW76C2qCo']",['spotify:track:3b7CDTKB0SRTmQ6ytYi5vZ'],"['Play It Again', 'Country Girl (Shake It For Me)']",['Drunk On You'],0.0027940055880111762,0.6666666666666667,57.684981684981686,2.965328930657862,2,1
"['spotify:track:5BbYPT6ehZf0hSv2su6JAl', 'spotify:track:5kNe7PE09d6Kvw5pAsx23n']",['spotify:track:6eYYm2xwrvdav2yakF3cqg'],"['Make You Miss Me', 'Die A Happy Man']",['Leave The Night On'],0.0027940055880111762,0.6666666666666667,53.56462585034014,2.962661925323851,2,1
"['spotify:track:5BbYPT6ehZf0hSv2su6JAl', 'spotify:track:5kNe7PE09d6Kvw5pAsx23n']",['spotify:track:0BCy325UZyR9z0t0uxwn2N'],"['Make You Miss Me', 'Die A Happy Man']",['H.O.L.Y.'],0.0027940055880111762,0.6666666666666667,51.973597359735976,2.9615189230378465,2,1
"['spotify:track:4Q3N4Ct4zCuIHuZ65E3BD4', 'spotify:track:7KOlJ92bu51cltsD9KU5I7']",['spotify:track:0VgkVdmE4gld66l8iyGjgx'],"['Tunnel Vision', 'T-Shirt']",['Mask Off'],0.0027940055880111762,0.6470588235294119,38.89268073641671,2.786195072390146,2,1
"['spotify:track:4dGJf1SER1T6ooX46vwzRB', 'spotify:track:5HGibWoxnkYSkl6mHmAlOE']",['spotify:track:3b7CDTKB0SRTmQ6ytYi5vZ'],"['Chicken Fried', ""That's My Kind Of Night""]",['Drunk On You'],0.0027940055880111762,0.6470588235294119,55.98836457659988,2.8005884345102032,2,1
"['spotify:track:0H04yVa3DJxoXbLBpAb7iV', 'spotify:track:2Fk0WwAqTBesLtKg97nojy']",['spotify:track:5kNe7PE09d6Kvw5pAsx23n'],"[""I'm Comin' Over"", 'Crash And Burn']",['Die A Happy Man'],0.0027940055880111762,0.6470588235294119,40.117647058823536,2.787634408602152,2,1
"['spotify:track:0H04yVa3DJxoXbLBpAb7iV', 'spotify:track:2FviG1Ma0M0BSZbqaDvw0x']",['spotify:track:5kNe7PE09d6Kvw5pAsx23n'],"[""I'm Comin' Over"", 'House Party']",['Die A Happy Man'],0.0027940055880111762,0.6470588235294119,40.117647058823536,2.787634408602152,2,1
"['spotify:track:46ZfPS5VpSQVU5gb82hg3K', 'spotify:track:6IFPfV8PNSYOmufzQ95hmm']",['spotify:track:5kNe7PE09d6Kvw5pAsx23n'],"['Anything Goes', 'Confession']",['Die A Happy Man'],0.0027940055880111762,0.6470588235294119,40.117647058823536,2.787634408602152,2,1
"['spotify:track:46ZfPS5VpSQVU5gb82hg3K', 'spotify:track:6IFPfV8PNSYOmufzQ95hmm']",['spotify:track:1zWZvrk13cL8Sl3VLeG57F'],"['Anything Goes', 'Confession']",['T-Shirt'],0.0027940055880111762,0.6470588235294119,61.384833451452884,2.803467106934215,2,1
"['spotify:track:1zWZvrk13cL8Sl3VLeG57F', 'spotify:track:7I5fYc4qKJddht8Ozhqqdx']",['spotify:track:5CG9Ps5ynNjpKJHmwc95pa'],"['T-Shirt', 'Snapback']",['Somewhere On A Beach'],0.0027940055880111762,0.6470588235294119,67.0386996904025,2.805985945305225,2,1
"['spotify:track:0yD66650JxhqKbW76C2qCo', 'spotify:track:3b7CDTKB0SRTmQ6ytYi5vZ']",['spotify:track:03fT3OHB9KyMtGMt2zwqCT'],"['Country Girl (Shake It For Me)', 'Drunk On You']",['Play It Again'],0.0027940055880111762,0.6470588235294119,46.31764705882354,2.793751587503176,2,1
"['spotify:track:0yD66650JxhqKbW76C2qCo', 'spotify:track:3b7CDTKB0SRTmQ6ytYi5vZ']",['spotify:track:5HGibWoxnkYSkl6mHmAlOE'],"['Country Girl (Shake It For Me)', 'Drunk On You']","[""That's My Kind Of Night""]",0.0027940055880111762,0.6470588235294119,48.9898190045249,2.795910591821185,2,1
"['spotify:track:4dGJf1SER1T6ooX46vwzRB', 'spotify:track:4wFUdSCer8bdQsrp1M90sa']",['spotify:track:5kjyiH6but1t2UDXq15aeS'],"['Chicken Fried', ""Highway Don't Care""]",['Toes'],0.0027940055880111762,0.6470588235294119,54.20150187734669,2.7995089323511992,2,1
"['spotify:track:5BbYPT6ehZf0hSv2su6JAl', 'spotify:track:6eYYm2xwrvdav2yakF3cqg']",['spotify:track:5kNe7PE09d6Kvw5pAsx23n'],"['Make You Miss Me', 'Leave The Night On']",['Die A Happy Man'],0.0027940055880111762,0.6470588235294119,40.117647058823536,2.787634408602152,2,1
"['spotify:track:5BbYPT6ehZf0hSv2su6JAl', 'spotify:track:6eYYm2xwrvdav2yakF3cqg']",['spotify:track:2N3F1EQCpnIeDOA3rLSAfE'],"['Make You Miss Me', 'Leave The Night On']",['Break Up In A Small Town'],0.0027940055880111762,0.6470588235294119,60.65406162464987,2.8031072728812134,2,1
"['spotify:track:5kNe7PE09d6Kvw5pAsx23n', 'spotify:track:6eYYm2xwrvdav2yakF3cqg']",['spotify:track:2N3F1EQCpnIeDOA3rLSAfE'],"['Die A Happy Man', 'Leave The Night On']",['Break Up In A Small Town'],0.0027940055880111762,0.6285714285714286,58.921088435374145,2.6635860964029616,2,1
"['spotify:track:4Q3N4Ct4zCuIHuZ65E3BD4', 'spotify:track:6p8NuHm8uCGnn2Dtbtf7zE']",['spotify:track:0VgkVdmE4gld66l8iyGjgx'],"['Tunnel Vision', 'Slippery (feat. Gucci Mane)']",['Mask Off'],0.0027940055880111762,0.6285714285714286,37.78146128680479,2.647515679646744,2,1
"['spotify:track:0p1HtkrNYxv0iDfEKwXSTp', 'spotify:track:2FviG1Ma0M0BSZbqaDvw0x']",['spotify:track:5kNe7PE09d6Kvw5pAsx23n'],"['Sangria', 'House Party']",['Die A Happy Man'],0.0027940055880111762,0.6285714285714286,38.971428571428575,2.6488833746898264,2,1
"['spotify:track:7GX5flRQZVHRAGd6B4TmDO', 'spotify:track:7KOlJ92bu51cltsD9KU5I7']",['spotify:track:6p8NuHm8uCGnn2Dtbtf7zE'],"['XO TOUR Llif3', 'T-Shirt']",['Slippery (feat. Gucci Mane)'],0.0027940055880111762,0.6285714285714286,45.82751322751322,2.6553799261444673,2,1
"['spotify:track:5kNe7PE09d6Kvw5pAsx23n', 'spotify:track:6eYYm2xwrvdav2yakF3cqg']",['spotify:track:7vWGeYZJUzBXKGPro05UXS'],"['Die A Happy Man', 'Leave The Night On']",['Take Your Time'],0.0027940055880111762,0.6285714285714286,51.02444771723122,2.6591410875129444,2,1
"['spotify:track:5kNe7PE09d6Kvw5pAsx23n', 'spotify:track:6eYYm2xwrvdav2yakF3cqg']",['spotify:track:2Fk0WwAqTBesLtKg97nojy'],"['Die A Happy Man', 'Leave The Night On']",['Crash And Burn'],0.0027940055880111762,0.6285714285714286,56.24285714285714,2.6622184013598793,2,1
"['spotify:track:1f5cbQtDrykjarZVrShaDI', 'spotify:track:4Q3N4Ct4zCuIHuZ65E3BD4']",['spotify:track:7KXjTSCq5nL1LoYtL7XAwS'],"['Drowning (feat. Kodak Black)', 'Tunnel Vision']",['HUMBLE.'],0.0027940055880111762,0.6285714285714286,24.87121320890165,2.6242648639143433,2,1
"['spotify:track:1f5cbQtDrykjarZVrShaDI', 'spotify:track:4Q3N4Ct4zCuIHuZ65E3BD4']",['spotify:track:7GX5flRQZVHRAGd6B4TmDO'],"['Drowning (feat. Kodak Black)', 'Tunnel Vision']",['XO TOUR Llif3'],0.0027940055880111762,0.6285714285714286,37.49523809523809,2.647173755885973,2,1
"['spotify:track:5kNe7PE09d6Kvw5pAsx23n', 'spotify:track:6eYYm2xwrvdav2yakF3cqg']",['spotify:track:5BbYPT6ehZf0hSv2su6JAl'],"['Die A Happy Man', 'Leave The Night On']",['Make You Miss Me'],0.0027940055880111762,0.6285714285714286,66.88339768339767,2.6670053340106676,2,1
"['spotify:track:1qwnPVOIJjAFfCc40Etb1D', 'spotify:track:4dGJf1SER1T6ooX46vwzRB']",['spotify:track:5kjyiH6but1t2UDXq15aeS'],"['Homegrown', 'Chicken Fried']",['Toes'],0.0027940055880111762,0.6285714285714286,52.65288753799392,2.660166858795256,2,1
"['spotify:track:1qwnPVOIJjAFfCc40Etb1D', 'spotify:track:4dGJf1SER1T6ooX46vwzRB']",['spotify:track:1yEwEiTpsaPhQi9lb5EVV4'],"['Homegrown', 'Chicken Fried']",['Knee Deep (feat. Jimmy Buffett)'],0.0027940055880111762,0.6285714285714286,50.50379008746356,2.6587991637521733,2,1
"['spotify:track:3a1lNhkSLSkpJE4MSHpDu9', 'spotify:track:4Q3N4Ct4zCuIHuZ65E3BD4']",['spotify:track:7KXjTSCq5nL1LoYtL7XAwS'],"['Congratulations', 'Tunnel Vision']",['HUMBLE.'],0.0027940055880111762,0.6111111111111112,24.180346175321052,2.506440727167169,2,1
['spotify:track:0BCPKOYdS2jbQ8iyB56Zns'],['spotify:track:75JFxkI2RXiU7L9VXzMkle'],['Clocks'],['The Scientist'],0.0027940055880111762,0.6111111111111112,60.909985935302394,2.54562937697304,1,1
"['spotify:track:6fwdbPMwP1zVStm8FybmkO', 'spotify:track:7yyRTcZmCiyzzJlNzGC9Ol']",['spotify:track:5uDASfU19gDxSjW8cnCaBp'],"['X (feat. Future)', 'Broccoli (feat. Lil Yachty)']",['Chill Bill'],0.0027940055880111762,0.6111111111111112,35.123276561232764,2.5266881962335357,2,1
"['spotify:track:5uDASfU19gDxSjW8cnCaBp', 'spotify:track:6fwdbPMwP1zVStm8FybmkO']",['spotify:track:7yyRTcZmCiyzzJlNzGC9Ol'],"['Chill Bill', 'X (feat. Future)']",['Broccoli (feat. Lil Yachty)'],0.0027940055880111762,0.6111111111111112,21.577977080219235,2.4986029972059947,2,1
"['spotify:track:03fT3OHB9KyMtGMt2zwqCT', 'spotify:track:2FviG1Ma0M0BSZbqaDvw0x']",['spotify:track:6eYYm2xwrvdav2yakF3cqg'],"['Play It Again', 'House Party']",['Leave The Night On'],0.0027940055880111762,0.6111111111111112,49.100907029478456,2.539424507420444,2,1
"['spotify:track:1yEwEiTpsaPhQi9lb5EVV4', 'spotify:track:3ts6xK5GzfMAAriT9AIBmP']",['spotify:track:3xdjjKMcMOFgo1eQrfbogM'],"['Knee Deep (feat. Jimmy Buffett)', 'Barefoot Blue Jean Night']",['Wagon Wheel'],0.0027940055880111762,0.6111111111111112,42.58308751229106,2.5345259261947097,2,1
"['spotify:track:1yEwEiTpsaPhQi9lb5EVV4', 'spotify:track:3xdjjKMcMOFgo1eQrfbogM']",['spotify:track:3ts6xK5GzfMAAriT9AIBmP'],"['Knee Deep (feat. Jimmy Buffett)', 'Wagon Wheel']",['Barefoot Blue Jean Night'],0.0027940055880111762,0.6111111111111112,46.2681623931624,2.53746507493015,2,1
"['spotify:track:2Fk0WwAqTBesLtKg97nojy', 'spotify:track:6eYYm2xwrvdav2yakF3cqg']",['spotify:track:5kNe7PE09d6Kvw5pAsx23n'],"['Crash And Burn', 'Leave The Night On']",['Die A Happy Man'],0.0027940055880111762,0.6111111111111112,37.88888888888889,2.5299539170506917,2,1
"['spotify:track:2Fk0WwAqTBesLtKg97nojy', 'spotify:track:6eYYm2xwrvdav2yakF3cqg']",['spotify:track:7vWGeYZJUzBXKGPro05UXS'],"['Crash And Burn', 'Leave The Night On']",['Take Your Time'],0.0027940055880111762,0.6111111111111112,49.60710194730814,2.5397510795021594,2,1
"['spotify:track:4dGJf1SER1T6ooX46vwzRB', 'spotify:track:6eYYm2xwrvdav2yakF3cqg']",['spotify:track:5kjyiH6but1t2UDXq15aeS'],"['Chicken Fried', 'Leave The Night On']",['Toes'],0.0027940055880111762,0.6111111111111112,51.1903073286052,2.540730795747306,2,1
"['spotify:track:5kNe7PE09d6Kvw5pAsx23n', 'spotify:track:6IFPfV8PNSYOmufzQ95hmm']",['spotify:track:46ZfPS5VpSQVU5gb82hg3K'],"['Die A Happy Man', 'Confession']",['Anything Goes'],0.0027940055880111762,0.6111111111111112,63.31432748538012,2.5466090932181866,2,1
"['spotify:track:03fT3OHB9KyMtGMt2zwqCT', 'spotify:track:3xdjjKMcMOFgo1eQrfbogM']",['spotify:track:4dGJf1SER1T6ooX46vwzRB'],"['Play It Again', 'Wagon Wheel']",['Chicken Fried'],0.0027940055880111762,0.6111111111111112,38.495111111111115,2.5306070612141225,2,1
"['spotify:track:03fT3OHB9KyMtGMt2zwqCT', 'spotify:track:5kNe7PE09d6Kvw5pAsx23n']",['spotify:track:2FviG1Ma0M0BSZbqaDvw0x'],"['Play It Again', 'Die A Happy Man']",['House Party'],0.0027940055880111762,0.6111111111111112,42.58308751229106,2.5345259261947097,2,1
"['spotify:track:03fT3OHB9KyMtGMt2zwqCT', 'spotify:track:2FviG1Ma0M0BSZbqaDvw0x']",['spotify:track:5kNe7PE09d6Kvw5pAsx23n'],"['Play It Again', 'House Party']",['Die A Happy Man'],0.0027940055880111762,0.6111111111111112,37.88888888888889,2.5299539170506917,2,1
"['spotify:track:0yD66650JxhqKbW76C2qCo', 'spotify:track:5HGibWoxnkYSkl6mHmAlOE']",['spotify:track:3b7CDTKB0SRTmQ6ytYi5vZ'],"['Country Girl (Shake It For Me)', ""That's My Kind Of Night""]",['Drunk On You'],0.0027940055880111762,0.6111111111111112,52.87789987789988,2.5417105119924526,2,1
"['spotify:track:5kNe7PE09d6Kvw5pAsx23n', 'spotify:track:7vWGeYZJUzBXKGPro05UXS']",['spotify:track:2N3F1EQCpnIeDOA3rLSAfE'],"['Die A Happy Man', 'Take Your Time']",['Break Up In A Small Town'],0.0027940055880111762,0.5945945945945946,55.73616473616474,2.4403522140377616,2,1
"['spotify:track:0i5el041vd6nxrGEU8QRxy', 'spotify:track:3b7CDTKB0SRTmQ6ytYi5vZ']",['spotify:track:5HGibWoxnkYSkl6mHmAlOE'],"['Cruise', 'Drunk On You']","[""That's My Kind Of Night""]",0.0027940055880111762,0.5945945945945946,45.017671517671516,2.4340868681737367,2,1
"['spotify:track:2EEeOnHehOozLq4aS0n6SL', 'spotify:track:6gBFPUFcJLzWGx4lenP6h2']",['spotify:track:0SGkqnVQo9KPytSri1H6cF'],"['iSpy (feat. Lil Yachty)', 'goosebumps']",['Bounce Back'],0.0027940055880111762,0.5945945945945946,28.54779169413316,2.4152908305816614,2,1
"['spotify:track:0SGkqnVQo9KPytSri1H6cF', 'spotify:track:0VgkVdmE4gld66l8iyGjgx']",['spotify:track:3a1lNhkSLSkpJE4MSHpDu9'],"['Bounce Back', 'Mask Off']",['Congratulations'],0.0027940055880111762,0.5945945945945946,26.45106123072225,2.411218355770045,2,1
"['spotify:track:0VgkVdmE4gld66l8iyGjgx', 'spotify:track:3a1lNhkSLSkpJE4MSHpDu9']",['spotify:track:0SGkqnVQo9KPytSri1H6cF'],"['Mask Off', 'Congratulations']",['Bounce Back'],0.0027940055880111762,0.5945945945945946,28.54779169413316,2.4152908305816614,2,1
"['spotify:track:0VgkVdmE4gld66l8iyGjgx', 'spotify:track:3a1lNhkSLSkpJE4MSHpDu9']",['spotify:track:7KXjTSCq5nL1LoYtL7XAwS'],"['Mask Off', 'Congratulations']",['HUMBLE.'],0.0027940055880111762,0.5945945945945946,23.526823305717777,2.4043264753196176,2,1
"['spotify:track:5kNe7PE09d6Kvw5pAsx23n', 'spotify:track:7vWGeYZJUzBXKGPro05UXS']",['spotify:track:6eYYm2xwrvdav2yakF3cqg'],"['Die A Happy Man', 'Take Your Time']",['Leave The Night On'],0.0027940055880111762,0.5945945945945946,47.7738554881412,2.435966471932944,2,1
"['spotify:track:2TR7A4ulH9R1PNwMyd8o8U', 'spotify:track:5T6DM9qjjngWnukcw0svkX']",['spotify:track:5HGibWoxnkYSkl6mHmAlOE'],"['This Is How We Roll', 'Round Here']","[""That's My Kind Of Night""]",0.0027940055880111762,0.5945945945945946,45.017671517671516,2.4340868681737367,2,1
"['spotify:track:5kNe7PE09d6Kvw5pAsx23n', 'spotify:track:7vWGeYZJUzBXKGPro05UXS']",['spotify:track:5ZManJDV3CexO66nRCkdiV'],"['Die A Happy Man', 'Take Your Time']",['Break Up with Him'],0.0027940055880111762,0.5945945945945946,60.02356202356203,2.442231817796969,2,1
"['spotify:track:5kNe7PE09d6Kvw5pAsx23n', 'spotify:track:7vWGeYZJUzBXKGPro05UXS']",['spotify:track:46ZfPS5VpSQVU5gb82hg3K'],"['Die A Happy Man', 'Take Your Time']",['Anything Goes'],0.0027940055880111762,0.5945945945945946,61.603129445234714,2.4428583523833716,2,1
"['spotify:track:1f5cbQtDrykjarZVrShaDI', 'spotify:track:7KXjTSCq5nL1LoYtL7XAwS']",['spotify:track:4Q3N4Ct4zCuIHuZ65E3BD4'],"['Drowning (feat. Kodak Black)', 'HUMBLE.']",['Tunnel Vision'],0.0027940055880111762,0.5945945945945946,43.75549381156858,2.433147066294133,2,1
"['spotify:track:2N3F1EQCpnIeDOA3rLSAfE', 'spotify:track:7vWGeYZJUzBXKGPro05UXS']",['spotify:track:5kNe7PE09d6Kvw5pAsx23n'],"['Break Up In A Small Town', 'Take Your Time']",['Die A Happy Man'],0.0027940055880111762,0.5789473684210527,35.89473684210527,2.336693548387097,2,1
"['spotify:track:0VgkVdmE4gld66l8iyGjgx', 'spotify:track:6p8NuHm8uCGnn2Dtbtf7zE']",['spotify:track:4Q3N4Ct4zCuIHuZ65E3BD4'],"['Mask Off', 'Slippery (feat. Gucci Mane)']",['Tunnel Vision'],0.0027940055880111762,0.5789473684210527,42.60403344810625,2.342726060452121,2,1
"['spotify:track:3b7CDTKB0SRTmQ6ytYi5vZ', 'spotify:track:4dGJf1SER1T6ooX46vwzRB']",['spotify:track:3xdjjKMcMOFgo1eQrfbogM'],"['Drunk On You', 'Chicken Fried']",['Wagon Wheel'],0.0027940055880111762,0.5789473684210527,40.34187238006521,2.340916306832614,2,1
"['spotify:track:3b7CDTKB0SRTmQ6ytYi5vZ', 'spotify:track:4dGJf1SER1T6ooX46vwzRB']",['spotify:track:5HGibWoxnkYSkl6mHmAlOE'],"['Drunk On You', 'Chicken Fried']","[""That's My Kind Of Night""]",0.0027940055880111762,0.5789473684210527,43.832995951417004,2.343630937261875,2,1
['spotify:track:2fY6tqgrlrg1ky9fgs0t5u'],['spotify:track:3KYiA4vq6RPO1dE2XROXd8'],['Wanted Dead Or Alive'],['You Give Love A Bad Name'],0.0027940055880111762,0.5789473684210527,67.03869969040248,2.354489458978918,1,1
"['spotify:track:3ts6xK5GzfMAAriT9AIBmP', 'spotify:track:3xdjjKMcMOFgo1eQrfbogM']",['spotify:track:1yEwEiTpsaPhQi9lb5EVV4'],"['Barefoot Blue Jean Night', 'Wagon Wheel']",['Knee Deep (feat. Jimmy Buffett)'],0.0027940055880111762,0.5789473684210527,46.516648764769066,2.345440690881382,2,1
"['spotify:track:46ZfPS5VpSQVU5gb82hg3K', 'spotify:track:5kNe7PE09d6Kvw5pAsx23n']",['spotify:track:1soxUgYIZb1qx1c7o1Lc7z'],"['Anything Goes', 'Die A Happy Man']",['Drunk On A Plane'],0.0027940055880111762,0.5789473684210527,46.516648764769066,2.345440690881382,2,1
"['spotify:track:46ZfPS5VpSQVU5gb82hg3K', 'spotify:track:5kNe7PE09d6Kvw5pAsx23n']",['spotify:track:7vWGeYZJUzBXKGPro05UXS'],"['Anything Goes', 'Die A Happy Man']",['Take Your Time'],0.0027940055880111762,0.5789473684210527,46.99620184481823,2.345742316484633,2,1
"['spotify:track:46ZfPS5VpSQVU5gb82hg3K', 'spotify:track:5kNe7PE09d6Kvw5pAsx23n']",['spotify:track:0BCy325UZyR9z0t0uxwn2N'],"['Anything Goes', 'Die A Happy Man']",['H.O.L.Y.'],0.0027940055880111762,0.5789473684210527,45.13496612819177,2.3445358140716284,2,1
['spotify:track:5P5cGNzqh6A353N3ShDK6Y'],['spotify:track:1QV6tiMFM6fSOKOGLMHYYg'],['Bad Romance'],['Poker Face'],0.0027940055880111762,0.5789473684210527,66.06712433257056,2.3541878333756667,1,1
"['spotify:track:05ZACkzW8YbRq3eFgIfSNB', 'spotify:track:4dGJf1SER1T6ooX46vwzRB']",['spotify:track:5kjyiH6but1t2UDXq15aeS'],"['Springsteen', 'Chicken Fried']",['Toes'],0.0027940055880111762,0.5789473684210527,48.496080627099666,2.3466471932943866,2,1
"['spotify:track:46ZfPS5VpSQVU5gb82hg3K', 'spotify:track:5kNe7PE09d6Kvw5pAsx23n']",['spotify:track:6IFPfV8PNSYOmufzQ95hmm'],"['Anything Goes', 'Die A Happy Man']",['Confession'],0.0027940055880111762,0.5789473684210527,72.359231411863,2.355997586995174,2,1
"['spotify:track:1zWZvrk13cL8Sl3VLeG57F', 'spotify:track:5CG9Ps5ynNjpKJHmwc95pa']",['spotify:track:7I5fYc4qKJddht8Ozhqqdx'],"['T-Shirt', 'Somewhere On A Beach']",['Snapback'],0.0027940055880111762,0.5789473684210527,66.06712433257056,2.3541878333756667,2,1
"['spotify:track:2ANLarE8yHVsLWW21nj79M', 'spotify:track:6fwdbPMwP1zVStm8FybmkO']",['spotify:track:4gmmRb6bZJffOOiww1JGTO'],"['You Was Right', 'X (feat. Future)']",['No Heart'],0.0027940055880111762,0.5641025641025642,60.84580259922727,2.2728488398153273,2,1
"['spotify:track:0VgkVdmE4gld66l8iyGjgx', 'spotify:track:7GX5flRQZVHRAGd6B4TmDO']",['spotify:track:4Q3N4Ct4zCuIHuZ65E3BD4'],"['Mask Off', 'XO TOUR Llif3']",['Tunnel Vision'],0.0027940055880111762,0.5641025641025642,41.51162233405225,2.2629428200032877,2,1
"['spotify:track:0SGkqnVQo9KPytSri1H6cF', 'spotify:track:0v9Wz8o0BT8DU38R4ddjeH']",['spotify:track:5hTpBe8h35rJ67eAWHQsJx'],"['Bounce Back', 'No Problem (feat. Lil Wayne & 2 Chainz)']",['Caroline'],0.0027940055880111762,0.5641025641025642,24.54001983283752,2.2413826592359074,2,1
"['spotify:track:0SGkqnVQo9KPytSri1H6cF', 'spotify:track:0v9Wz8o0BT8DU38R4ddjeH']",['spotify:track:4Km5HrUvYTaSUfiSGPJeQR'],"['Bounce Back', 'No Problem (feat. Lil Wayne & 2 Chainz)']",['Bad and Boujee (feat. Lil Uzi Vert)'],0.0027940055880111762,0.5641025641025642,24.814209998567545,2.2419653662836745,2,1
"['spotify:track:0SGkqnVQo9KPytSri1H6cF', 'spotify:track:0v9Wz8o0BT8DU38R4ddjeH']",['spotify:track:7yyRTcZmCiyzzJlNzGC9Ol'],"['Bounce Back', 'No Problem (feat. Lil Wayne & 2 Chainz)']",['Broccoli (feat. Lil Yachty)'],0.0027940055880111762,0.5641025641025642,19.918132689433143,2.2291458112327995,2,1
"['spotify:track:0i5el041vd6nxrGEU8QRxy', 'spotify:track:5HGibWoxnkYSkl6mHmAlOE']",['spotify:track:3b7CDTKB0SRTmQ6ytYi5vZ'],"['Cruise', ""That's My Kind Of Night""]",['Drunk On You'],0.0027940055880111762,0.5641025641025642,48.81036911806143,2.267604476385424,2,1
['spotify:track:7990Xs9HQx7FXVIDVPEwj9'],['spotify:track:7o2CTH4ctstm8TNelqjb51'],['Rock And Roll All Nite'],"[""Sweet Child O' Mine""]",0.0027940055880111762,0.5641025641025642,41.903241412675385,2.263234173527171,1,1
"['spotify:track:2FviG1Ma0M0BSZbqaDvw0x', 'spotify:track:4dGJf1SER1T6ooX46vwzRB']",['spotify:track:5kNe7PE09d6Kvw5pAsx23n'],"['House Party', 'Chicken Fried']",['Die A Happy Man'],0.0027940055880111762,0.5641025641025642,34.974358974358985,2.2571157495256173,2,1
"['spotify:track:0H04yVa3DJxoXbLBpAb7iV', 'spotify:track:5kNe7PE09d6Kvw5pAsx23n']",['spotify:track:2Fk0WwAqTBesLtKg97nojy'],"[""I'm Comin' Over"", 'Die A Happy Man']",['Crash And Burn'],0.0027940055880111762,0.5641025641025642,50.47435897435898,2.2684785369570744,2,1
"['spotify:track:0H04yVa3DJxoXbLBpAb7iV', 'spotify:track:5kNe7PE09d6Kvw5pAsx23n']",['spotify:track:2FviG1Ma0M0BSZbqaDvw0x'],"[""I'm Comin' Over"", 'Die A Happy Man']",['House Party'],0.0027940055880111762,0.5641025641025642,39.30746539596098,2.2611946988599865,2,1
"['spotify:track:2TR7A4ulH9R1PNwMyd8o8U', 'spotify:track:7nDoBWDvf02SyD8kEQuuPO']",['spotify:track:5HGibWoxnkYSkl6mHmAlOE'],"['This Is How We Roll', 'Bottoms Up']","[""That's My Kind Of Night""]",0.0027940055880111762,0.5641025641025642,42.70907297830375,2.263816880574938,2,1
"['spotify:track:7KXjTSCq5nL1LoYtL7XAwS', 'spotify:track:7yyRTcZmCiyzzJlNzGC9Ol']",['spotify:track:5hTpBe8h35rJ67eAWHQsJx'],"['HUMBLE.', 'Broccoli (feat. Lil Yachty)']",['Caroline'],0.0027940055880111762,0.55,23.92651933701658,2.1711398978353516,2,1
"['spotify:track:7KXjTSCq5nL1LoYtL7XAwS', 'spotify:track:7yyRTcZmCiyzzJlNzGC9Ol']",['spotify:track:4Km5HrUvYTaSUfiSGPJeQR'],"['HUMBLE.', 'Broccoli (feat. Lil Yachty)']",['Bad and Boujee (feat. Lil Uzi Vert)'],0.0027940055880111762,0.55,24.193854748603353,2.171704343408687,2,1
"['spotify:track:2EEeOnHehOozLq4aS0n6SL', 'spotify:track:343YBumqHu19cGoGARUTsd']",['spotify:track:5hTpBe8h35rJ67eAWHQsJx'],"['iSpy (feat. Lil Yachty)', 'Fake Love']",['Caroline'],0.0027940055880111762,0.55,23.92651933701658,2.1711398978353516,2,1
['spotify:track:0dQQWHlXvuw4UyHcAvhfhB'],['spotify:track:0vupCkmy497h49a74Xsxj1'],['When I Grow Up'],"[""Don't Cha""]",0.0027940055880111762,0.55,56.98289473684211,2.20077329043547,1,1
"['spotify:track:2ANLarE8yHVsLWW21nj79M', 'spotify:track:7yyRTcZmCiyzzJlNzGC9Ol']",['spotify:track:0v9Wz8o0BT8DU38R4ddjeH'],"['You Was Right', 'Broccoli (feat. Lil Yachty)']",['No Problem (feat. Lil Wayne & 2 Chainz)'],0.0027940055880111762,0.55,22.438860103626943,2.167753224395338,2,1
"['spotify:track:1f5cbQtDrykjarZVrShaDI', 'spotify:track:7GX5flRQZVHRAGd6B4TmDO']",['spotify:track:4Q3N4Ct4zCuIHuZ65E3BD4'],"['Drowning (feat. Kodak Black)', 'XO TOUR Llif3']",['Tunnel Vision'],0.0027940055880111762,0.55,40.47383177570094,2.1920243840487683,2,1
"['spotify:track:2N3F1EQCpnIeDOA3rLSAfE', 'spotify:track:6eYYm2xwrvdav2yakF3cqg']",['spotify:track:5kNe7PE09d6Kvw5pAsx23n'],"['Break Up In A Small Town', 'Leave The Night On']",['Die A Happy Man'],0.0027940055880111762,0.5365853658536586,33.268292682926834,2.1230899830220715,2,1
"['spotify:track:0v9Wz8o0BT8DU38R4ddjeH', 'spotify:track:4Km5HrUvYTaSUfiSGPJeQR']",['spotify:track:5hTpBe8h35rJ67eAWHQsJx'],"['No Problem (feat. Lil Wayne & 2 Chainz)', 'Bad and Boujee (feat. Lil Uzi Vert)']",['Caroline'],0.0027940055880111762,0.5365853658536586,23.342945694650318,2.108291111319065,2,1
"['spotify:track:4Q3N4Ct4zCuIHuZ65E3BD4', 'spotify:track:7GX5flRQZVHRAGd6B4TmDO']",['spotify:track:0VgkVdmE4gld66l8iyGjgx'],"['Tunnel Vision', 'XO TOUR Llif3']",['Mask Off'],0.0027940055880111762,0.5365853658536586,32.252466952150435,2.1219937703033303,2,1
"['spotify:track:0VgkVdmE4gld66l8iyGjgx', 'spotify:track:7KOlJ92bu51cltsD9KU5I7']",['spotify:track:4Q3N4Ct4zCuIHuZ65E3BD4'],"['Mask Off', 'T-Shirt']",['Tunnel Vision'],0.0027940055880111762,0.5365853658536586,39.486665147025306,2.1285710466157775,2,1
"['spotify:track:0v9Wz8o0BT8DU38R4ddjeH', 'spotify:track:4Km5HrUvYTaSUfiSGPJeQR']",['spotify:track:0SGkqnVQo9KPytSri1H6cF'],"['No Problem (feat. Lil Wayne & 2 Chainz)', 'Bad and Boujee (feat. Lil Uzi Vert)']",['Bounce Back'],0.0027940055880111762,0.5365853658536586,25.76264128494944,2.1129500153737153,2,1
"['spotify:track:3xdjjKMcMOFgo1eQrfbogM', 'spotify:track:4dGJf1SER1T6ooX46vwzRB']",['spotify:track:3b7CDTKB0SRTmQ6ytYi5vZ'],"['Wagon Wheel', 'Chicken Fried']",['Drunk On You'],0.0027940055880111762,0.5365853658536586,46.429375502546236,2.1329558974907425,2,1
"['spotify:track:3b7CDTKB0SRTmQ6ytYi5vZ', 'spotify:track:5HGibWoxnkYSkl6mHmAlOE']",['spotify:track:0i5el041vd6nxrGEU8QRxy'],"['Drunk On You', ""That's My Kind Of Night""]",['Cruise'],0.0027940055880111762,0.5365853658536586,37.390028059572636,2.1269267275376658,2,1
"['spotify:track:3b7CDTKB0SRTmQ6ytYi5vZ', 'spotify:track:5HGibWoxnkYSkl6mHmAlOE']",['spotify:track:4dGJf1SER1T6ooX46vwzRB'],"['Drunk On You', ""That's My Kind Of Night""]",['Chicken Fried'],0.0027940055880111762,0.5365853658536586,33.800585365853664,2.123638089381442,2,1
"['spotify:track:2EEeOnHehOozLq4aS0n6SL', 'spotify:track:5hTpBe8h35rJ67eAWHQsJx']",['spotify:track:343YBumqHu19cGoGARUTsd'],"['iSpy (feat. Lil Yachty)', 'Caroline']",['Fake Love'],0.0027940055880111762,0.5365853658536586,26.91129408109368,2.114868387631512,2,1
"['spotify:track:2EEeOnHehOozLq4aS0n6SL', 'spotify:track:5hTpBe8h35rJ67eAWHQsJx']",['spotify:track:7yyRTcZmCiyzzJlNzGC9Ol'],"['iSpy (feat. Lil Yachty)', 'Caroline']",['Broccoli (feat. Lil Yachty)'],0.0027940055880111762,0.5365853658536586,18.946516460680304,2.096780877772282,2,1
"['spotify:track:0SGkqnVQo9KPytSri1H6cF', 'spotify:track:3a1lNhkSLSkpJE4MSHpDu9']",['spotify:track:0VgkVdmE4gld66l8iyGjgx'],"['Bounce Back', 'Congratulations']",['Mask Off'],0.0027940055880111762,0.5365853658536586,32.252466952150435,2.1219937703033303,2,1
"['spotify:track:4Q3N4Ct4zCuIHuZ65E3BD4', 'spotify:track:7GX5flRQZVHRAGd6B4TmDO']",['spotify:track:1f5cbQtDrykjarZVrShaDI'],"['Tunnel Vision', 'XO TOUR Llif3']",['Drowning (feat. Kodak Black)'],0.0027940055880111762,0.5365853658536586,42.25073170731708,2.130489418873575,2,1
"['spotify:track:3xdjjKMcMOFgo1eQrfbogM', 'spotify:track:4dGJf1SER1T6ooX46vwzRB']",['spotify:track:03fT3OHB9KyMtGMt2zwqCT'],"['Wagon Wheel', 'Chicken Fried']",['Play It Again'],0.0027940055880111762,0.5365853658536586,38.40975609756098,2.127748887076722,2,1
"['spotify:track:3b7CDTKB0SRTmQ6ytYi5vZ', 'spotify:track:5HGibWoxnkYSkl6mHmAlOE']",['spotify:track:0yD66650JxhqKbW76C2qCo'],"['Drunk On You', ""That's My Kind Of Night""]",['Country Girl (Shake It For Me)'],0.0027940055880111762,0.5365853658536586,54.16760475297061,2.1365185888266516,2,1
['spotify:track:3MFV4DgrAOXz6KURPQxRj9'],['spotify:track:4O1CExxinEpKZi3861NlTK'],['Somewhere In My Car'],['Get Me Some Of That'],0.0027940055880111762,0.5365853658536586,50.90449603291214,2.135148322928225,1,1
"['spotify:track:2N3F1EQCpnIeDOA3rLSAfE', 'spotify:track:6eYYm2xwrvdav2yakF3cqg']",['spotify:track:5BbYPT6ehZf0hSv2su6JAl'],"['Break Up In A Small Town', 'Leave The Night On']",['Make You Miss Me'],0.0027940055880111762,0.5365853658536586,57.09558338826631,2.1376148015453924,2,1
"['spotify:track:4Q3N4Ct4zCuIHuZ65E3BD4', 'spotify:track:7KXjTSCq5nL1LoYtL7XAwS']",['spotify:track:3a1lNhkSLSkpJE4MSHpDu9'],"['Tunnel Vision', 'HUMBLE.']",['Congratulations'],0.0027940055880111762,0.5238095238095238,23.30212536992198,2.0527940055880114,2,1
"['spotify:track:2Z8WuEywRWYTKe1NybPQEW', 'spotify:track:3CRDbSIZ4r5MsZ0YwxuEkn']",['spotify:track:3bnVBN67NBEzedqQuWrpP4'],"['Ride', 'Stressed Out']",['Tear In My Heart'],0.0027940055880111762,0.5238095238095238,60.65406162464987,2.0818643637287275,2,1
"['spotify:track:03fT3OHB9KyMtGMt2zwqCT', 'spotify:track:6eYYm2xwrvdav2yakF3cqg']",['spotify:track:2FviG1Ma0M0BSZbqaDvw0x'],"['Play It Again', 'Leave The Night On']",['House Party'],0.0027940055880111762,0.5238095238095238,36.499789296249475,2.0698628397256797,2,1
"['spotify:track:6p8NuHm8uCGnn2Dtbtf7zE', 'spotify:track:7GX5flRQZVHRAGd6B4TmDO']",['spotify:track:7KOlJ92bu51cltsD9KU5I7'],"['Slippery (feat. Gucci Mane)', 'XO TOUR Llif3']",['T-Shirt'],0.0027940055880111762,0.5238095238095238,38.189594356261026,2.071196342392685,2,1
"['spotify:track:2TR7A4ulH9R1PNwMyd8o8U', 'spotify:track:5HGibWoxnkYSkl6mHmAlOE']",['spotify:track:5T6DM9qjjngWnukcw0svkX'],"['This Is How We Roll', ""That's My Kind Of Night""]",['Round Here'],0.0027940055880111762,0.5238095238095238,49.692484222604705,2.0778638557277116,2,1
"['spotify:track:4Q3N4Ct4zCuIHuZ65E3BD4', 'spotify:track:7KXjTSCq5nL1LoYtL7XAwS']",['spotify:track:1f5cbQtDrykjarZVrShaDI'],"['Tunnel Vision', 'HUMBLE.']",['Drowning (feat. Kodak Black)'],0.0027940055880111762,0.5238095238095238,41.24476190476191,2.0733299466598933,2,1
"['spotify:track:03fT3OHB9KyMtGMt2zwqCT', 'spotify:track:4dGJf1SER1T6ooX46vwzRB']",['spotify:track:3xdjjKMcMOFgo1eQrfbogM'],"['Play It Again', 'Chicken Fried']",['Wagon Wheel'],0.0027940055880111762,0.5238095238095238,36.499789296249475,2.0698628397256797,2,1
"['spotify:track:03fT3OHB9KyMtGMt2zwqCT', 'spotify:track:3b7CDTKB0SRTmQ6ytYi5vZ']",['spotify:track:0yD66650JxhqKbW76C2qCo'],"['Play It Again', 'Drunk On You']",['Country Girl (Shake It For Me)'],0.0027940055880111762,0.5238095238095238,52.877899877899885,2.0791973583947168,2,1
"['spotify:track:2TR7A4ulH9R1PNwMyd8o8U', 'spotify:track:5HGibWoxnkYSkl6mHmAlOE']",['spotify:track:7nDoBWDvf02SyD8kEQuuPO'],"['This Is How We Roll', ""That's My Kind Of Night""]",['Bottoms Up'],0.0027940055880111762,0.5238095238095238,55.73616473616473,2.080264160528321,2,1
['spotify:track:3grPZ1iQg2tEdh0ZCh3HTt'],['spotify:track:5T6DM9qjjngWnukcw0svkX'],['Stay'],['Round Here'],0.0027940055880111762,0.5238095238095238,49.692484222604705,2.0778638557277116,1,1
['spotify:track:3grPZ1iQg2tEdh0ZCh3HTt'],['spotify:track:2TR7A4ulH9R1PNwMyd8o8U'],['Stay'],['This Is How We Roll'],0.0027940055880111762,0.5238095238095238,41.24476190476191,2.0733299466598933,1,1
"['spotify:track:5ZManJDV3CexO66nRCkdiV', 'spotify:track:5kNe7PE09d6Kvw5pAsx23n']",['spotify:track:7vWGeYZJUzBXKGPro05UXS'],"['Break Up with Him', 'Die A Happy Man']",['Take Your Time'],0.0027940055880111762,0.5116279069767442,41.53152721169983,2.02239437812209,2,1
['spotify:track:3zKST4nk4QJE77oLjUZ0Ng'],['spotify:track:6g1NlCpW7fgqDnWbCCDrHl'],['Hey Brother'],['Wake Me Up - Radio Edit'],0.0027940055880111762,0.5116279069767442,47.95902547065338,2.0257750039309603,1,1
['spotify:track:4W38RXuQNuoTSwVsQA1OGC'],['spotify:track:5kNe7PE09d6Kvw5pAsx23n'],"[""Nothin' Like You""]",['Die A Happy Man'],0.0027940055880111762,0.5116279069767442,31.720930232558143,2.014592933947773,1,1
['spotify:track:1KhrAWvLIjRlQIJtSTgvsi'],['spotify:track:2p07VcUwRZ5sru3mJ0JogS'],['Would You Go With Me'],"[""Why Don't We Just Dance""]",0.0027940055880111762,0.5116279069767442,78.99133606931146,2.034356592522709,1,1
['spotify:track:1KhrAWvLIjRlQIJtSTgvsi'],['spotify:track:05ZACkzW8YbRq3eFgIfSNB'],['Would You Go With Me'],['Springsteen'],0.0027940055880111762,0.5116279069767442,32.752505199470605,2.015633126504348,1,1
['spotify:track:7px4t7HGiuMUvFkEOpZEwp'],['spotify:track:7I5fYc4qKJddht8Ozhqqdx'],['Song for Another Time'],['Snapback'],0.0027940055880111762,0.5116279069767442,58.38490057296933,2.0296757260181186,1,1
['spotify:track:7px4t7HGiuMUvFkEOpZEwp'],['spotify:track:5kNe7PE09d6Kvw5pAsx23n'],['Song for Another Time'],['Die A Happy Man'],0.0027940055880111762,0.5116279069767442,31.720930232558143,2.014592933947773,1,1
"['spotify:track:343YBumqHu19cGoGARUTsd', 'spotify:track:6fujklziTHa8uoM5OQSfIo']",['spotify:track:4Km5HrUvYTaSUfiSGPJeQR'],"['Fake Love', 'Black Beatles']",['Bad and Boujee (feat. Lil Uzi Vert)'],0.0027940055880111762,0.5,21.994413407821227,1.9545339090678182,2,1
"['spotify:track:0SGkqnVQo9KPytSri1H6cF', 'spotify:track:6gBFPUFcJLzWGx4lenP6h2']",['spotify:track:2EEeOnHehOozLq4aS0n6SL'],"['Bounce Back', 'goosebumps']",['iSpy (feat. Lil Yachty)'],0.0027940055880111762,0.5,27.151724137931033,1.9631699263398528,2,1
"['spotify:track:2EEeOnHehOozLq4aS0n6SL', 'spotify:track:7yyRTcZmCiyzzJlNzGC9Ol']",['spotify:track:5hTpBe8h35rJ67eAWHQsJx'],"['iSpy (feat. Lil Yachty)', 'Broccoli (feat. Lil Yachty)']",['Caroline'],0.0027940055880111762,0.5,21.751381215469614,1.954025908051816,2,1
"['spotify:track:1soxUgYIZb1qx1c7o1Lc7z', 'spotify:track:5kNe7PE09d6Kvw5pAsx23n']",['spotify:track:46ZfPS5VpSQVU5gb82hg3K'],"['Drunk On A Plane', 'Die A Happy Man']",['Anything Goes'],0.0027940055880111762,0.5,51.80263157894737,1.9806959613919228,2,1
['spotify:track:5y2pNuAvWcPKiORZ12e44S'],['spotify:track:5S5rw0WLVCAux5B5bWCehK'],"[""Night's On Fire""]",['I Like The Sound Of That'],0.0027940055880111762,0.5,65.61666666666667,1.984759969519939,1,1
['spotify:track:5y2pNuAvWcPKiORZ12e44S'],['spotify:track:6IFPfV8PNSYOmufzQ95hmm'],"[""Night's On Fire""]",['Confession'],0.0027940055880111762,0.5,62.49206349206349,1.983997967995936,1,1
"['spotify:track:4Km5HrUvYTaSUfiSGPJeQR', 'spotify:track:6fwdbPMwP1zVStm8FybmkO']",['spotify:track:4gmmRb6bZJffOOiww1JGTO'],"['Bad and Boujee (feat. Lil Uzi Vert)', 'X (feat. Future)']",['No Heart'],0.0027940055880111762,0.48888888888888893,52.733028919330295,1.9383827898090582,2,1
"['spotify:track:0SGkqnVQo9KPytSri1H6cF', 'spotify:track:5hTpBe8h35rJ67eAWHQsJx']",['spotify:track:0v9Wz8o0BT8DU38R4ddjeH'],"['Bounce Back', 'Caroline']",['No Problem (feat. Lil Wayne & 2 Chainz)'],0.0027940055880111762,0.48888888888888893,19.94565342544617,1.9085653388698085,2,1
"['spotify:track:0VgkVdmE4gld66l8iyGjgx', 'spotify:track:4Km5HrUvYTaSUfiSGPJeQR']",['spotify:track:7KXjTSCq5nL1LoYtL7XAwS'],"['Mask Off', 'Bad and Boujee (feat. Lil Uzi Vert)']",['HUMBLE.'],0.0027940055880111762,0.48888888888888893,19.34427694025684,1.9070744663228458,2,1
['spotify:track:5NFYuqu8V6QXc6mzcLImd6'],['spotify:track:5mPSyjLatqB00IkPqRlbTE'],['Hype'],['Pop Style'],0.0027940055880111762,0.48888888888888893,36.31614255765199,1.9301829908007644,1,1
"['spotify:track:3ts6xK5GzfMAAriT9AIBmP', 'spotify:track:4dGJf1SER1T6ooX46vwzRB']",['spotify:track:6aNwDe5YH5YUPlpHkku52w'],"['Barefoot Blue Jean Night', 'Chicken Fried']",['Sunshine & Whiskey'],0.0027940055880111762,0.48888888888888893,58.32592592592593,1.9401221411138476,2,1
"['spotify:track:6eYYm2xwrvdav2yakF3cqg', 'spotify:track:7vWGeYZJUzBXKGPro05UXS']",['spotify:track:5kNe7PE09d6Kvw5pAsx23n'],"['Leave The Night On', 'Take Your Time']",['Die A Happy Man'],0.0027940055880111762,0.48888888888888893,30.311111111111114,1.9249649368863957,2,1
"['spotify:track:6eYYm2xwrvdav2yakF3cqg', 'spotify:track:7vWGeYZJUzBXKGPro05UXS']",['spotify:track:2Fk0WwAqTBesLtKg97nojy'],"['Leave The Night On', 'Take Your Time']",['Crash And Burn'],0.0027940055880111762,0.48888888888888893,43.74444444444445,1.9346556084416517,2,1
['spotify:track:2yWtLaPCOUDyi7f1lOXCn5'],['spotify:track:3ts6xK5GzfMAAriT9AIBmP'],['Anywhere With You'],['Barefoot Blue Jean Night'],0.0027940055880111762,0.48888888888888893,37.014529914529916,1.9306799483164185,1,1
['spotify:track:2j79NtwxoWDmkiH4MGwdLq'],['spotify:track:05ZACkzW8YbRq3eFgIfSNB'],['Lonely Eyes'],['Springsteen'],0.0027940055880111762,0.48888888888888893,31.296838301716356,1.925958851917704,1,1
"['spotify:track:4Km5HrUvYTaSUfiSGPJeQR', 'spotify:track:6fujklziTHa8uoM5OQSfIo']",['spotify:track:343YBumqHu19cGoGARUTsd'],"['Bad and Boujee (feat. Lil Uzi Vert)', 'Black Beatles']",['Fake Love'],0.0027940055880111762,0.47826086956521746,23.986153420105236,1.8784501735670143,2,1
"['spotify:track:2Fk0WwAqTBesLtKg97nojy', 'spotify:track:5kNe7PE09d6Kvw5pAsx23n']",['spotify:track:6eYYm2xwrvdav2yakF3cqg'],"['Crash And Burn', 'Die A Happy Man']",['Leave The Night On'],0.0027940055880111762,0.47826086956521746,38.4267968056788,1.8928117856235716,2,1
"['spotify:track:2Fk0WwAqTBesLtKg97nojy', 'spotify:track:5kNe7PE09d6Kvw5pAsx23n']",['spotify:track:0H04yVa3DJxoXbLBpAb7iV'],"['Crash And Burn', 'Die A Happy Man']","[""I'm Comin' Over""]",0.0027940055880111762,0.47826086956521746,48.27982162764773,1.8976801286935912,2,1
"['spotify:track:343YBumqHu19cGoGARUTsd', 'spotify:track:5hTpBe8h35rJ67eAWHQsJx']",['spotify:track:4Km5HrUvYTaSUfiSGPJeQR'],"['Fake Love', 'Caroline']",['Bad and Boujee (feat. Lil Uzi Vert)'],0.0027940055880111762,0.46808510638297873,20.590514679662427,1.8372618745237492,2,1
"['spotify:track:5hTpBe8h35rJ67eAWHQsJx', 'spotify:track:7KXjTSCq5nL1LoYtL7XAwS']",['spotify:track:7yyRTcZmCiyzzJlNzGC9Ol'],"['Caroline', 'HUMBLE.']",['Broccoli (feat. Lil Yachty)'],0.0027940055880111762,0.46808510638297873,16.527812231657286,1.8267564135128271,2,1
"['spotify:track:4Km5HrUvYTaSUfiSGPJeQR', 'spotify:track:7KXjTSCq5nL1LoYtL7XAwS']",['spotify:track:7yyRTcZmCiyzzJlNzGC9Ol'],"['Bad and Boujee (feat. Lil Uzi Vert)', 'HUMBLE.']",['Broccoli (feat. Lil Yachty)'],0.0027940055880111762,0.46808510638297873,16.527812231657286,1.8267564135128271,2,1
['spotify:track:0ikz6tENMONtK6qGkOrU3c'],['spotify:track:4bHsxqR3GMrXTxEPLuK5ue'],['Wake Me up Before You Go-Go'],"[""Don't Stop Believin'""]",0.0027940055880111762,0.46808510638297873,25.955648786335033,1.8460960121920242,1,1
"['spotify:track:0VgkVdmE4gld66l8iyGjgx', 'spotify:track:4Q3N4Ct4zCuIHuZ65E3BD4']",['spotify:track:7GX5flRQZVHRAGd6B4TmDO'],"['Mask Off', 'Tunnel Vision']",['XO TOUR Llif3'],0.0027940055880111762,0.46808510638297873,27.921985815602838,1.8484836169672338,2,1
"['spotify:track:0VgkVdmE4gld66l8iyGjgx', 'spotify:track:4Q3N4Ct4zCuIHuZ65E3BD4']",['spotify:track:6p8NuHm8uCGnn2Dtbtf7zE'],"['Mask Off', 'Tunnel Vision']",['Slippery (feat. Gucci Mane)'],0.0027940055880111762,0.46808510638297873,34.126871552403465,1.8542138684277367,2,1
"['spotify:track:0VgkVdmE4gld66l8iyGjgx', 'spotify:track:4Q3N4Ct4zCuIHuZ65E3BD4']",['spotify:track:7KOlJ92bu51cltsD9KU5I7'],"['Mask Off', 'Tunnel Vision']",['T-Shirt'],0.0027940055880111762,0.46808510638297873,34.126871552403465,1.8542138684277367,2,1
"['spotify:track:343YBumqHu19cGoGARUTsd', 'spotify:track:5hTpBe8h35rJ67eAWHQsJx']",['spotify:track:2EEeOnHehOozLq4aS0n6SL'],"['Fake Love', 'Caroline']",['iSpy (feat. Lil Yachty)'],0.0027940055880111762,0.46808510638297873,25.41863536316948,1.8453797307594617,2,1
"['spotify:track:0SGkqnVQo9KPytSri1H6cF', 'spotify:track:2EEeOnHehOozLq4aS0n6SL']",['spotify:track:6gBFPUFcJLzWGx4lenP6h2'],"['Bounce Back', 'iSpy (feat. Lil Yachty)']",['goosebumps'],0.0027940055880111762,0.46808510638297873,24.08955638993186,1.843469646939294,2,1
"['spotify:track:4Km5HrUvYTaSUfiSGPJeQR', 'spotify:track:7KXjTSCq5nL1LoYtL7XAwS']",['spotify:track:0VgkVdmE4gld66l8iyGjgx'],"['Bad and Boujee (feat. Lil Uzi Vert)', 'HUMBLE.']",['Mask Off'],0.0027940055880111762,0.46808510638297873,28.135130745492933,1.848722377444755,2,1
['spotify:track:1XazlqB4YAtvouCmJPWXlM'],['spotify:track:5CG9Ps5ynNjpKJHmwc95pa'],['Wanna Be That Song'],['Somewhere On A Beach'],0.0027940055880111762,0.46808510638297873,48.496080627099666,1.8618542037084076,1,1
['spotify:track:3oDFtOhcN08qeDPAK6MEQG'],['spotify:track:70cTMpcgWMcR18t9MRJFjB'],['Boom Boom Pow'],['I Gotta Feeling'],0.0027940055880111762,0.46808510638297873,39.63120567375886,1.8577952755905514,1,1
['spotify:track:376KnY4TrgBITxjlnbnmIy'],['spotify:track:7yyRTcZmCiyzzJlNzGC9Ol'],['Cut It (feat. Young Dolph)'],['Broccoli (feat. Lil Yachty)'],0.0027940055880111762,0.46808510638297873,16.527812231657286,1.8267564135128271,1,1
['spotify:track:1N7qGCKRRnvjoy8MGyHgpS'],['spotify:track:0BCy325UZyR9z0t0uxwn2N'],['Came Here to Forget'],['H.O.L.Y.'],0.0027940055880111762,0.46808510638297873,36.492100273857176,1.8558851917703836,1,1
['spotify:track:4f3ocvNFdJMmGP04kskM2J'],['spotify:track:2FviG1Ma0M0BSZbqaDvw0x'],"[""Burnin' It Down""]",['House Party'],0.0027940055880111762,0.46808510638297873,32.61683298813783,1.8530200660401321,1,1
['spotify:track:289hx4t6fH2BBe8p6cnXo1'],['spotify:track:2Fk0WwAqTBesLtKg97nojy'],['Neon Light'],['Crash And Burn'],0.0027940055880111762,0.46808510638297873,41.88297872340425,1.858989077978156,1,1
['spotify:track:5HJId22hZ2IvFnvNSy6ZbE'],['spotify:track:7I5fYc4qKJddht8Ozhqqdx'],['Different For Girls'],['Snapback'],0.0027940055880111762,0.46808510638297873,53.41597286463151,1.8635255270510542,1,1
['spotify:track:5HJId22hZ2IvFnvNSy6ZbE'],['spotify:track:1zWZvrk13cL8Sl3VLeG57F'],['Different For Girls'],['T-Shirt'],0.0027940055880111762,0.46808510638297873,44.40604973083825,1.8601828803657607,1,1
"['spotify:track:0SGkqnVQo9KPytSri1H6cF', 'spotify:track:7yyRTcZmCiyzzJlNzGC9Ol']",['spotify:track:0v9Wz8o0BT8DU38R4ddjeH'],"['Bounce Back', 'Broccoli (feat. Lil Yachty)']",['No Problem (feat. Lil Wayne & 2 Chainz)'],0.0027940055880111762,0.45833333333333337,18.699050086355786,1.8009026787284346,2,1
"['spotify:track:0BCy325UZyR9z0t0uxwn2N', 'spotify:track:5kNe7PE09d6Kvw5pAsx23n']",['spotify:track:4ly1QBXEwYoDmje9rmEgC4'],"['H.O.L.Y.', 'Die A Happy Man']",['Head Over Boots'],0.0027940055880111762,0.45833333333333337,55.52179487179488,1.8309138156737854,2,1
"['spotify:track:2FviG1Ma0M0BSZbqaDvw0x', 'spotify:track:5kNe7PE09d6Kvw5pAsx23n']",['spotify:track:5HGibWoxnkYSkl6mHmAlOE'],"['House Party', 'Die A Happy Man']","[""That's My Kind Of Night""]",0.0027940055880111762,0.45833333333333337,34.701121794871796,1.8217697973857487,2,1
"['spotify:track:2FviG1Ma0M0BSZbqaDvw0x', 'spotify:track:5kNe7PE09d6Kvw5pAsx23n']",['spotify:track:0p1HtkrNYxv0iDfEKwXSTp'],"['House Party', 'Die A Happy Man']",['Sangria'],0.0027940055880111762,0.45833333333333337,47.48574561403509,1.8283347335925442,2,1
"['spotify:track:6p8NuHm8uCGnn2Dtbtf7zE', 'spotify:track:7KOlJ92bu51cltsD9KU5I7']",['spotify:track:7GX5flRQZVHRAGd6B4TmDO'],"['Slippery (feat. Gucci Mane)', 'T-Shirt']",['XO TOUR Llif3'],0.0027940055880111762,0.45833333333333337,27.34027777777778,1.815204861178953,2,1
"['spotify:track:6p8NuHm8uCGnn2Dtbtf7zE', 'spotify:track:7KOlJ92bu51cltsD9KU5I7']",['spotify:track:2EEeOnHehOozLq4aS0n6SL'],"['Slippery (feat. Gucci Mane)', 'T-Shirt']",['iSpy (feat. Lil Yachty)'],0.0027940055880111762,0.45833333333333337,24.889080459770113,1.8121568550829412,2,1
['spotify:track:59J5nzL1KniFHnU120dQzt'],['spotify:track:7KXjTSCq5nL1LoYtL7XAwS'],['wokeuplikethis*'],['HUMBLE.'],0.0027940055880111762,0.45833333333333337,18.135259631490786,1.7994959066841212,1,1
"['spotify:track:2FviG1Ma0M0BSZbqaDvw0x', 'spotify:track:5kNe7PE09d6Kvw5pAsx23n']",['spotify:track:4dGJf1SER1T6ooX46vwzRB'],"['House Party', 'Die A Happy Man']",['Chicken Fried'],0.0027940055880111762,0.45833333333333337,28.87133333333334,1.816846095230652,2,1
"['spotify:track:2FviG1Ma0M0BSZbqaDvw0x', 'spotify:track:5kNe7PE09d6Kvw5pAsx23n']",['spotify:track:0H04yVa3DJxoXbLBpAb7iV'],"['House Party', 'Die A Happy Man']","[""I'm Comin' Over""]",0.0027940055880111762,0.45833333333333337,46.2681623931624,1.8278658095777731,2,1
"['spotify:track:0BCy325UZyR9z0t0uxwn2N', 'spotify:track:5kNe7PE09d6Kvw5pAsx23n']",['spotify:track:46ZfPS5VpSQVU5gb82hg3K'],"['H.O.L.Y.', 'Die A Happy Man']",['Anything Goes'],0.0027940055880111762,0.45833333333333337,47.48574561403509,1.8283347335925442,2,1
['spotify:track:4CgEARPGRltAQaJr1tRsoE'],['spotify:track:5ZManJDV3CexO66nRCkdiV'],['Gonna Wanna Tonight'],['Break Up with Him'],0.0027940055880111762,0.45833333333333337,46.2681623931624,1.8278658095777731,1,1
"['spotify:track:2FviG1Ma0M0BSZbqaDvw0x', 'spotify:track:5kNe7PE09d6Kvw5pAsx23n']",['spotify:track:03fT3OHB9KyMtGMt2zwqCT'],"['House Party', 'Die A Happy Man']",['Play It Again'],0.0027940055880111762,0.45833333333333337,32.80833333333334,1.8203630253414353,2,1
['spotify:track:63OQWdXMq0Pe6pRpWY5gO0'],['spotify:track:5kNe7PE09d6Kvw5pAsx23n'],['Star Of The Show'],['Die A Happy Man'],0.0027940055880111762,0.45833333333333337,28.41666666666667,1.816377171215881,1,1
['spotify:track:0dbzWSYpMcRtwjI1S7Pkql'],['spotify:track:5kNe7PE09d6Kvw5pAsx23n'],"[""Huntin', Fishin' And Lovin' Every Day""]",['Die A Happy Man'],0.0027940055880111762,0.45833333333333337,28.41666666666667,1.816377171215881,1,1
['spotify:track:0dbzWSYpMcRtwjI1S7Pkql'],['spotify:track:5CG9Ps5ynNjpKJHmwc95pa'],"[""Huntin', Fishin' And Lovin' Every Day""]",['Somewhere On A Beach'],0.0027940055880111762,0.45833333333333337,47.48574561403509,1.8283347335925442,1,1
['spotify:track:0lQJBl9YEsoMtE8D4yTE9g'],['spotify:track:3JtmRIkVK95rmf4kWKA3ON'],['From the Ground Up'],['Stay A Little Longer'],0.0027940055880111762,0.45833333333333337,56.38932291666668,1.8311482776811707,1,1
['spotify:track:0lQJBl9YEsoMtE8D4yTE9g'],['spotify:track:5S5rw0WLVCAux5B5bWCehK'],['From the Ground Up'],['I Like The Sound Of That'],0.0027940055880111762,0.45833333333333337,60.148611111111116,1.832086125710713,1,1
"['spotify:track:0BCy325UZyR9z0t0uxwn2N', 'spotify:track:5kNe7PE09d6Kvw5pAsx23n']",['spotify:track:5BbYPT6ehZf0hSv2su6JAl'],"['H.O.L.Y.', 'Die A Happy Man']",['Make You Miss Me'],0.0027940055880111762,0.45833333333333337,48.76914414414414,1.8288036576073152,2,1
['spotify:track:1YhFtqwcN138S6ng3MT1nN'],['spotify:track:6enPOmd3vSFpI4jjms8kXN'],['Rain Is a Good Thing'],"[""Runnin' Outta Moonlight""]",0.0027940055880111762,0.45833333333333337,47.48574561403509,1.8283347335925442,1,1
"['spotify:track:4Km5HrUvYTaSUfiSGPJeQR', 'spotify:track:5hTpBe8h35rJ67eAWHQsJx']",['spotify:track:343YBumqHu19cGoGARUTsd'],"['Bad and Boujee (feat. Lil Uzi Vert)', 'Caroline']",['Fake Love'],0.0027940055880111762,0.4489795918367347,22.517613414792667,1.7786291498508924,2,1
"['spotify:track:4Km5HrUvYTaSUfiSGPJeQR', 'spotify:track:5hTpBe8h35rJ67eAWHQsJx']",['spotify:track:0v9Wz8o0BT8DU38R4ddjeH'],"['Bad and Boujee (feat. Lil Uzi Vert)', 'Caroline']",['No Problem (feat. Lil Wayne & 2 Chainz)'],0.0027940055880111762,0.4489795918367347,18.3174368192873,1.7703317999228594,2,1
"['spotify:track:4gmmRb6bZJffOOiww1JGTO', 'spotify:track:6fwdbPMwP1zVStm8FybmkO']",['spotify:track:4Km5HrUvYTaSUfiSGPJeQR'],"['No Heart', 'X (feat. Future)']",['Bad and Boujee (feat. Lil Uzi Vert)'],0.0027940055880111762,0.4489795918367347,19.75008550906396,1.7735585471170945,2,1
"['spotify:track:4gmmRb6bZJffOOiww1JGTO', 'spotify:track:6fwdbPMwP1zVStm8FybmkO']",['spotify:track:2ANLarE8yHVsLWW21nj79M'],"['No Heart', 'X (feat. Future)']",['You Was Right'],0.0027940055880111762,0.4489795918367347,31.849236992094134,1.7892313192033795,2,1
['spotify:track:17Vry8h1fUTYg8NL6pHhem'],['spotify:track:7I5fYc4qKJddht8Ozhqqdx'],['Fix'],['Snapback'],0.0027940055880111762,0.4489795918367347,51.23572907423839,1.7989115607860848,1,1
['spotify:track:4o8STNAL91xc7EvuvqSKk1'],['spotify:track:05ZACkzW8YbRq3eFgIfSNB'],['Whatever It Is'],['Springsteen'],0.0027940055880111762,0.4489795918367347,28.741994358719097,1.786465535894035,1,1
"['spotify:track:2FviG1Ma0M0BSZbqaDvw0x', 'spotify:track:6eYYm2xwrvdav2yakF3cqg']",['spotify:track:03fT3OHB9KyMtGMt2zwqCT'],"['House Party', 'Leave The Night On']",['Play It Again'],0.0027940055880111762,0.44000000000000006,31.496000000000006,1.7607678072499005,2,1
['spotify:track:6ZOPiKQeibCn7fP8dncucL'],['spotify:track:0BCy325UZyR9z0t0uxwn2N'],"[""Blue Ain't Your Color""]",['H.O.L.Y.'],0.0027940055880111762,0.44000000000000006,34.302574257425746,1.7628088827606228,1,1
['spotify:track:6zkHymyoD3tIqV7RwCAYUw'],['spotify:track:4ly1QBXEwYoDmje9rmEgC4'],['Sleep Without You'],['Head Over Boots'],0.0027940055880111762,0.4313725490196079,52.25580693815989,1.7441032468271833,1,1
['spotify:track:7f08qp3HROTkfrtNpiYGGo'],['spotify:track:0BCy325UZyR9z0t0uxwn2N'],['Dirt On My Boots'],['H.O.L.Y.'],0.0027940055880111762,0.4313725490196079,33.62997476218211,1.7360628169532202,1,1
['spotify:track:5qII2n90lVdPDcgXEEVHNy'],['spotify:track:4llK75pXNWZz6KAho2Gp16'],['Sunday Morning'],['She Will Be Loved - Radio Mix'],0.0027940055880111762,0.4313725490196079,32.04365519792824,1.7349460905818364,1,1
['spotify:track:2p07VcUwRZ5sru3mJ0JogS'],['spotify:track:1KhrAWvLIjRlQIJtSTgvsi'],"[""Why Don't We Just Dance""]",['Would You Go With Me'],0.0027940055880111762,0.4313725490196079,78.99133606931146,1.749016842861272,1,1
['spotify:track:1qxINnTuff87Pj1lvKbGxy'],['spotify:track:4O1CExxinEpKZi3861NlTK'],['Ready Set Roll'],['Get Me Some Of That'],0.0027940055880111762,0.4313725490196079,40.92322230096859,1.7400830318902019,1,1
['spotify:track:3ZffCQKLFLUvYM59XKLbVm'],['spotify:track:6nTiIhLmQ3FWhvrGafw2zj'],['Wake Me Up When September Ends'],['American Idiot'],0.0027940055880111762,0.42307692307692313,59.487637362637365,1.7210058420116843,1,1
"['spotify:track:343YBumqHu19cGoGARUTsd', 'spotify:track:4Km5HrUvYTaSUfiSGPJeQR']",['spotify:track:5hTpBe8h35rJ67eAWHQsJx'],"['Fake Love', 'Bad and Boujee (feat. Lil Uzi Vert)']",['Caroline'],0.0027940055880111762,0.42307692307692313,18.405014874628137,1.693489120311574,2,1
"['spotify:track:343YBumqHu19cGoGARUTsd', 'spotify:track:4Km5HrUvYTaSUfiSGPJeQR']",['spotify:track:6fujklziTHa8uoM5OQSfIo'],"['Fake Love', 'Bad and Boujee (feat. Lil Uzi Vert)']",['Black Beatles'],0.0027940055880111762,0.42307692307692313,23.295857988165682,1.7018542037084075,2,1
"['spotify:track:0VgkVdmE4gld66l8iyGjgx', 'spotify:track:7KXjTSCq5nL1LoYtL7XAwS']",['spotify:track:3a1lNhkSLSkpJE4MSHpDu9'],"['Mask Off', 'HUMBLE.']",['Congratulations'],0.0027940055880111762,0.42307692307692313,18.820947414167755,1.6943696554059775,2,1
"['spotify:track:0VgkVdmE4gld66l8iyGjgx', 'spotify:track:7KXjTSCq5nL1LoYtL7XAwS']",['spotify:track:4Km5HrUvYTaSUfiSGPJeQR'],"['Mask Off', 'HUMBLE.']",['Bad and Boujee (feat. Lil Uzi Vert)'],0.0027940055880111762,0.42307692307692313,18.610657498925658,1.693929387858776,2,1
['spotify:track:08mG3Y1vljYA6bvDt4Wqkj'],['spotify:track:5MxNLUsfh7uzROypsoO5qe'],['Back In Black'],['Dream On'],0.0027940055880111762,0.42307692307692313,38.29089301503095,1.714181695030057,1,1
['spotify:track:03LpkqucyYKcYclDs8HuxO'],['spotify:track:2TR7A4ulH9R1PNwMyd8o8U'],"['John Cougar, John Deere, John 3:16']",['This Is How We Roll'],0.0027940055880111762,0.42307692307692313,33.31307692307693,1.7113199559732455,1,1
['spotify:track:6BbINUfGabVyiNFJpQXn3x'],['spotify:track:7zBPzAjKAqQpcv8F8GCq5s'],['Wicked'],['Uber Everywhere'],0.0027940055880111762,0.42307692307692313,42.70907297830376,1.7161628989924647,1,1
['spotify:track:6BbINUfGabVyiNFJpQXn3x'],['spotify:track:7yyRTcZmCiyzzJlNzGC9Ol'],['Wicked'],['Broccoli (feat. Lil Yachty)'],0.0027940055880111762,0.42307692307692313,14.938599517074856,1.6842435018203372,1,1
['spotify:track:6naYpFIKihKbGg6lGxpveI'],['spotify:track:3JtmRIkVK95rmf4kWKA3ON'],['Backroad Song'],['Stay A Little Longer'],0.0027940055880111762,0.4150943396226416,51.06957547169813,1.6957811334977513,1,1
['spotify:track:6naYpFIKihKbGg6lGxpveI'],['spotify:track:5CG9Ps5ynNjpKJHmwc95pa'],['Backroad Song'],['Somewhere On A Beach'],0.0027940055880111762,0.4150943396226416,43.00595829195631,1.6931755798995474,1,1
['spotify:track:6naYpFIKihKbGg6lGxpveI'],['spotify:track:5kNe7PE09d6Kvw5pAsx23n'],['Backroad Song'],['Die A Happy Man'],0.0027940055880111762,0.4150943396226416,25.73584905660378,1.6821019771071803,1,1
['spotify:track:5hydb8abMsDWNefmuqDYeK'],['spotify:track:4gFXY5yvHayGckJndafYQE'],['Love in This Club'],"[""Buy U a Drank (Shawty Snappin')""]",0.0027940055880111762,0.4150943396226416,24.950021604493738,1.6812334592411124,1,1
"['spotify:track:4Km5HrUvYTaSUfiSGPJeQR', 'spotify:track:7yyRTcZmCiyzzJlNzGC9Ol']",['spotify:track:7KXjTSCq5nL1LoYtL7XAwS'],"['Bad and Boujee (feat. Lil Uzi Vert)', 'Broccoli (feat. Lil Yachty)']",['HUMBLE.'],0.0027940055880111762,0.40740740740740744,16.120230783547367,1.6448517272034546,2,1
"['spotify:track:5uDASfU19gDxSjW8cnCaBp', 'spotify:track:7yyRTcZmCiyzzJlNzGC9Ol']",['spotify:track:6fwdbPMwP1zVStm8FybmkO'],"['Chill Bill', 'Broccoli (feat. Lil Yachty)']",['X (feat. Future)'],0.0027940055880111762,0.40740740740740744,25.459729570840683,1.660496570993142,2,1
['spotify:track:3ZOEytgrvLwQaqXreDs2Jx'],['spotify:track:10Nmj3JCNoMeBQ87uw5j8k'],"[""Can't Stop""]",['Dani California'],0.0027940055880111762,0.40740740740740744,53.46543209876544,1.6746412242824487,1,1
['spotify:track:3ZOEytgrvLwQaqXreDs2Jx'],['spotify:track:2aibwv5hGXSgw7Yru8IYTO'],"[""Can't Stop""]",['Snow (Hey Oh) - Hey Oh Album Version'],0.0027940055880111762,0.40740740740740744,41.661375661375665,1.670997904495809,1,1
['spotify:track:7floNISpH8VF4z4459Qo18'],['spotify:track:6p8NuHm8uCGnn2Dtbtf7zE'],['Look At Me!'],['Slippery (feat. Gucci Mane)'],0.0027940055880111762,0.40740740740740744,29.703017832647465,1.6643542037084074,1,1
['spotify:track:7floNISpH8VF4z4459Qo18'],['spotify:track:7GX5flRQZVHRAGd6B4TmDO'],['Look At Me!'],['XO TOUR Llif3'],0.0027940055880111762,0.40740740740740744,24.302469135802472,1.6592106934213868,1,1
['spotify:track:7floNISpH8VF4z4459Qo18'],['spotify:track:0SGkqnVQo9KPytSri1H6cF'],['Look At Me!'],['Bounce Back'],0.0027940055880111762,0.40740740740740744,19.56052393857272,1.6523526797053596,1,1
['spotify:track:557un1HgwYMuqfWGSTmnxw'],['spotify:track:6RcQOut9fWL6FSqeIr5M1r'],['Single Ladies (Put a Ring on It)'],['Hollaback Girl'],0.0027940055880111762,0.40740740740740744,31.14491190219346,1.6654257683515368,1,1
['spotify:track:4XkOcWt0C2JX1s2RXybosk'],['spotify:track:6fwdbPMwP1zVStm8FybmkO'],['Minnesota'],['X (feat. Future)'],0.0027940055880111762,0.40740740740740744,25.459729570840683,1.660496570993142,1,1
['spotify:track:4IWGnyOHDrVZEtPWfs4s7q'],['spotify:track:2ANLarE8yHVsLWW21nj79M'],['Do What I Want'],['You Was Right'],0.0027940055880111762,0.40740740740740744,28.900233566900237,1.66371126492253,1,1
['spotify:track:4IWGnyOHDrVZEtPWfs4s7q'],['spotify:track:4Km5HrUvYTaSUfiSGPJeQR'],['Do What I Want'],['Bad and Boujee (feat. Lil Uzi Vert)'],0.0027940055880111762,0.40740740740740744,17.921373887854337,1.6491379857759718,1,1
['spotify:track:2EvddT8rcO99bKH0rDHAYG'],['spotify:track:4dGJf1SER1T6ooX46vwzRB'],['We Are Tonight'],['Chicken Fried'],0.0027940055880111762,0.40740740740740744,25.663407407407412,1.660710883921768,1,1
['spotify:track:2EvddT8rcO99bKH0rDHAYG'],['spotify:track:5dNGORzxFb5z3v7vSAFkTU'],['We Are Tonight'],"[""Beachin'""]",0.0027940055880111762,0.40740740740740744,49.35270655270656,1.6735696596393195,1,1
['spotify:track:2EvddT8rcO99bKH0rDHAYG'],['spotify:track:3b7CDTKB0SRTmQ6ytYi5vZ'],['We Are Tonight'],['Drunk On You'],0.0027940055880111762,0.40740740740740744,35.25193325193325,1.667997523495047,1,1
['spotify:track:1M2l9ReoabUnvl6Y8jLUe7'],['spotify:track:5kjyiH6but1t2UDXq15aeS'],['Colder Weather'],['Toes'],0.0027940055880111762,0.40740740740740744,34.12687155240347,1.6673545847091695,1,1
['spotify:track:5vCgOg9VqRaAUbnflCO6P3'],['spotify:track:6eYYm2xwrvdav2yakF3cqg'],['Cop Car'],['Leave The Night On'],0.0027940055880111762,0.40740740740740744,32.73393801965231,1.666497332994666,1,1
['spotify:track:0uRlP6bHbSgBGklmaCMqG7'],['spotify:track:4O1CExxinEpKZi3861NlTK'],['Yeah'],['Get Me Some Of That'],0.0027940055880111762,0.40740740740740744,38.649709950914776,1.669712026924054,1,1
['spotify:track:0uRlP6bHbSgBGklmaCMqG7'],['spotify:track:0Utg7sirTPqrs6Cx0FbriQ'],['Yeah'],"[""Chillin' It""]",0.0027940055880111762,0.40740740740740744,55.30906768837804,1.6750698501397003,1,1
['spotify:track:0uRlP6bHbSgBGklmaCMqG7'],['spotify:track:6eYYm2xwrvdav2yakF3cqg'],['Yeah'],['Leave The Night On'],0.0027940055880111762,0.40740740740740744,32.73393801965231,1.666497332994666,1,1
['spotify:track:0uRlP6bHbSgBGklmaCMqG7'],['spotify:track:2TR7A4ulH9R1PNwMyd8o8U'],['Yeah'],['This Is How We Roll'],0.0027940055880111762,0.40740740740740744,32.07925925925926,1.6660687071374145,1,1
['spotify:track:0uRlP6bHbSgBGklmaCMqG7'],['spotify:track:05ZACkzW8YbRq3eFgIfSNB'],['Yeah'],['Springsteen'],0.0027940055880111762,0.40740740740740744,26.080698584763628,1.6611395097790196,1,1
['spotify:track:4sebUbjqbcgDSwG6PbSGI0'],['spotify:track:2tznHmp70DxMyr2XhWLOW0'],['Come a Little Closer'],['Cigarette Daydreams'],0.0027940055880111762,0.4,53.38305084745763,1.6541783083566168,1,1
['spotify:track:433P7tDcIAi6NLnf4Sh6tI'],['spotify:track:6F609ICg9Spjrw1epsAnpa'],['Still Here'],['Controlla'],0.0027940055880111762,0.4,29.435514018691592,1.6440182880365761,1,1
['spotify:track:7fYbFYt7X4FZvuJJC90EX0'],['spotify:track:3oEekS4xhmFQ88ieCVTZ7H'],['Problem'],['Bang Bang'],0.0027940055880111762,0.4,41.4421052631579,1.6505799678266024,1,1
['spotify:track:6olKv2HP3XgBpvVxAswowe'],['spotify:track:7nDoBWDvf02SyD8kEQuuPO'],['Bartender'],['Bottoms Up'],0.0027940055880111762,0.4,42.56216216216216,1.651003302006604,1,1
['spotify:track:0RE8WWlaCQM6M4XHUK3u7b'],['spotify:track:3JtmRIkVK95rmf4kWKA3ON'],['Home Alone Tonight'],['Stay A Little Longer'],0.0027940055880111762,0.4,49.212500000000006,1.6531199729066124,1,1
['spotify:track:0RE8WWlaCQM6M4XHUK3u7b'],['spotify:track:4iLPK8QnOvqm0Azbsk2GDn'],['Home Alone Tonight'],"[""Don't It""]",0.0027940055880111762,0.4,43.14520547945206,1.651214969096605,1,1
['spotify:track:0RE8WWlaCQM6M4XHUK3u7b'],['spotify:track:0O1x2tRm8ZpfDbcpOWZp7z'],['Home Alone Tonight'],['American Country Love Song'],0.0027940055880111762,0.4,55.256140350877196,1.6546016425366183,1,1
['spotify:track:0RE8WWlaCQM6M4XHUK3u7b'],['spotify:track:0BCy325UZyR9z0t0uxwn2N'],['Home Alone Tonight'],['H.O.L.Y.'],0.0027940055880111762,0.4,31.184158415841583,1.645288290576581,1,1
['spotify:track:0RE8WWlaCQM6M4XHUK3u7b'],['spotify:track:4dGJf1SER1T6ooX46vwzRB'],['Home Alone Tonight'],['Chicken Fried'],0.0027940055880111762,0.4,25.196800000000003,1.6402082804165607,1,1
"['spotify:track:03fT3OHB9KyMtGMt2zwqCT', 'spotify:track:4ly1QBXEwYoDmje9rmEgC4']",['spotify:track:5kNe7PE09d6Kvw5pAsx23n'],"['Play It Again', 'Head Over Boots']",['Die A Happy Man'],0.002667005334010668,0.9130434782608696,56.60869565217392,11.314516129032265,2,1
"['spotify:track:5BbYPT6ehZf0hSv2su6JAl', 'spotify:track:5ZManJDV3CexO66nRCkdiV']",['spotify:track:5kNe7PE09d6Kvw5pAsx23n'],"['Make You Miss Me', 'Break Up with Him']",['Die A Happy Man'],0.002667005334010668,0.9130434782608696,56.60869565217392,11.314516129032265,2,1
"['spotify:track:1yEwEiTpsaPhQi9lb5EVV4', 'spotify:track:5HGibWoxnkYSkl6mHmAlOE']",['spotify:track:4dGJf1SER1T6ooX46vwzRB'],"['Knee Deep (feat. Jimmy Buffett)', ""That's My Kind Of Night""]",['Chicken Fried'],0.002667005334010668,0.8750000000000001,55.11800000000001,7.872999745999499,2,1
"['spotify:track:5BbYPT6ehZf0hSv2su6JAl', 'spotify:track:6IFPfV8PNSYOmufzQ95hmm']",['spotify:track:5kNe7PE09d6Kvw5pAsx23n'],"['Make You Miss Me', 'Confession']",['Die A Happy Man'],0.002667005334010668,0.8750000000000001,54.25000000000001,7.870967741935491,2,1
"['spotify:track:1jNNHFZmRGXZFHlil5uhei', 'spotify:track:2FviG1Ma0M0BSZbqaDvw0x']",['spotify:track:6eYYm2xwrvdav2yakF3cqg'],"['Drunk On Your Love', 'House Party']",['Leave The Night On'],0.002667005334010668,0.8750000000000001,70.30357142857143,7.9004318008636085,2,1
"['spotify:track:3b7CDTKB0SRTmQ6ytYi5vZ', 'spotify:track:6eYYm2xwrvdav2yakF3cqg']",['spotify:track:03fT3OHB9KyMtGMt2zwqCT'],"['Drunk On You', 'Leave The Night On']",['Play It Again'],0.002667005334010668,0.8076923076923077,57.81608391608392,5.12735585471171,2,1
"['spotify:track:3b7CDTKB0SRTmQ6ytYi5vZ', 'spotify:track:5kjyiH6but1t2UDXq15aeS']",['spotify:track:1yEwEiTpsaPhQi9lb5EVV4'],"['Drunk On You', 'Toes']",['Knee Deep (feat. Jimmy Buffett)'],0.002667005334010668,0.8076923076923077,64.8956043956044,5.135280670561341,2,1
"['spotify:track:0H04yVa3DJxoXbLBpAb7iV', 'spotify:track:7vWGeYZJUzBXKGPro05UXS']",['spotify:track:2FviG1Ma0M0BSZbqaDvw0x'],"[""I'm Comin' Over"", 'Take Your Time']",['House Party'],0.002667005334010668,0.8076923076923077,56.281143635125936,5.125374650749302,2,1
"['spotify:track:0yD66650JxhqKbW76C2qCo', 'spotify:track:1yEwEiTpsaPhQi9lb5EVV4']",['spotify:track:4dGJf1SER1T6ooX46vwzRB'],"['Country Girl (Shake It For Me)', 'Knee Deep (feat. Jimmy Buffett)']",['Chicken Fried'],0.002667005334010668,0.8076923076923077,50.87815384615385,5.11744983489967,2,1
"['spotify:track:1yEwEiTpsaPhQi9lb5EVV4', 'spotify:track:39FwE8edwuyiaa4PrGBkP7']",['spotify:track:4dGJf1SER1T6ooX46vwzRB'],"['Knee Deep (feat. Jimmy Buffett)', ""Boys 'Round Here (feat. Pistol Annies & Friends)""]",['Chicken Fried'],0.002667005334010668,0.8076923076923077,50.87815384615385,5.11744983489967,2,1
['spotify:track:1py4qzrEEkOvU8uTHYLuOW'],['spotify:track:2c8sgbZoEanC3QyFNZxUcA'],['Super Mario World'],['Flexicution'],0.002667005334010668,0.7777777777777778,105.59003831417625,4.466852933705868,1,1
"['spotify:track:2Fk0WwAqTBesLtKg97nojy', 'spotify:track:46ZfPS5VpSQVU5gb82hg3K']",['spotify:track:5kNe7PE09d6Kvw5pAsx23n'],"['Crash And Burn', 'Anything Goes']",['Die A Happy Man'],0.002667005334010668,0.7777777777777778,48.22222222222222,4.42741935483871,2,1
"['spotify:track:4dGJf1SER1T6ooX46vwzRB', 'spotify:track:5dNGORzxFb5z3v7vSAFkTU']",['spotify:track:3ts6xK5GzfMAAriT9AIBmP'],"['Chicken Fried', ""Beachin'""]",['Barefoot Blue Jean Night'],0.002667005334010668,0.7777777777777778,58.886752136752136,4.440563881127763,2,1
"['spotify:track:1TKlBK9cSrM5u4CiL4SETS', 'spotify:track:4O1CExxinEpKZi3861NlTK']",['spotify:track:05ZACkzW8YbRq3eFgIfSNB'],"['Talladega', 'Get Me Some Of That']",['Springsteen'],0.002667005334010668,0.7777777777777778,49.79042457091238,4.429705359410719,2,1
"['spotify:track:4gmmRb6bZJffOOiww1JGTO', 'spotify:track:7KOlJ92bu51cltsD9KU5I7']",['spotify:track:6fwdbPMwP1zVStm8FybmkO'],"['No Heart', 'T-Shirt']",['X (feat. Future)'],0.002667005334010668,0.75,46.86904761904761,3.935991871983744,2,1
"['spotify:track:0BCy325UZyR9z0t0uxwn2N', 'spotify:track:6eYYm2xwrvdav2yakF3cqg']",['spotify:track:5kNe7PE09d6Kvw5pAsx23n'],"['H.O.L.Y.', 'Leave The Night On']",['Die A Happy Man'],0.002667005334010668,0.75,46.5,3.935483870967742,2,1
"['spotify:track:0BCy325UZyR9z0t0uxwn2N', 'spotify:track:1soxUgYIZb1qx1c7o1Lc7z']",['spotify:track:5kNe7PE09d6Kvw5pAsx23n'],"['H.O.L.Y.', 'Drunk On A Plane']",['Die A Happy Man'],0.002667005334010668,0.75,46.5,3.935483870967742,2,1
"['spotify:track:5HGibWoxnkYSkl6mHmAlOE', 'spotify:track:5kjyiH6but1t2UDXq15aeS']",['spotify:track:4dGJf1SER1T6ooX46vwzRB'],"[""That's My Kind Of Night"", 'Toes']",['Chicken Fried'],0.002667005334010668,0.75,47.24400000000001,3.936499872999746,2,1
"['spotify:track:1soxUgYIZb1qx1c7o1Lc7z', 'spotify:track:6IFPfV8PNSYOmufzQ95hmm']",['spotify:track:1zWZvrk13cL8Sl3VLeG57F'],"['Drunk On A Plane', 'Confession']",['T-Shirt'],0.002667005334010668,0.75,71.15060240963855,3.9578359156718315,2,1
"['spotify:track:3b7CDTKB0SRTmQ6ytYi5vZ', 'spotify:track:5yIiXdLRE85OBiQmCaUenq']",['spotify:track:03fT3OHB9KyMtGMt2zwqCT'],"['Drunk On You', 'Sure Be Cool If You Did']",['Play It Again'],0.002667005334010668,0.75,53.68636363636364,3.9441198882397766,2,1
"['spotify:track:0yD66650JxhqKbW76C2qCo', 'spotify:track:6s9ICeczYOfbHHIaSMq9jd']",['spotify:track:0i5el041vd6nxrGEU8QRxy'],"['Country Girl (Shake It For Me)', 'Get Your Shine On']",['Cruise'],0.002667005334010668,0.75,52.26106194690266,3.9425958851917704,2,1
"['spotify:track:0y44Oz1T9uWDKg4SFDWRWH', 'spotify:track:4dGJf1SER1T6ooX46vwzRB']",['spotify:track:1yEwEiTpsaPhQi9lb5EVV4'],"['Honey Bee', 'Chicken Fried']",['Knee Deep (feat. Jimmy Buffett)'],0.002667005334010668,0.75,60.26020408163265,3.9502159004318007,2,1
"['spotify:track:39FwE8edwuyiaa4PrGBkP7', 'spotify:track:4dGJf1SER1T6ooX46vwzRB']",['spotify:track:1yEwEiTpsaPhQi9lb5EVV4'],"[""Boys 'Round Here (feat. Pistol Annies & Friends)"", 'Chicken Fried']",['Knee Deep (feat. Jimmy Buffett)'],0.002667005334010668,0.75,60.26020408163265,3.9502159004318007,2,1
"['spotify:track:1jNNHFZmRGXZFHlil5uhei', 'spotify:track:6eYYm2xwrvdav2yakF3cqg']",['spotify:track:2FviG1Ma0M0BSZbqaDvw0x'],"['Drunk On Your Love', 'Leave The Night On']",['House Party'],0.002667005334010668,0.75,52.26106194690266,3.9425958851917704,2,1
"['spotify:track:1yEwEiTpsaPhQi9lb5EVV4', 'spotify:track:3b7CDTKB0SRTmQ6ytYi5vZ']",['spotify:track:03fT3OHB9KyMtGMt2zwqCT'],"['Knee Deep (feat. Jimmy Buffett)', 'Drunk On You']",['Play It Again'],0.002667005334010668,0.7241379310344829,51.83510971786835,3.574358648717299,2,1
"['spotify:track:1yEwEiTpsaPhQi9lb5EVV4', 'spotify:track:3b7CDTKB0SRTmQ6ytYi5vZ']",['spotify:track:5kjyiH6but1t2UDXq15aeS'],"['Knee Deep (feat. Jimmy Buffett)', 'Drunk On You']",['Toes'],0.002667005334010668,0.7241379310344829,60.65810711665445,3.5817246634493287,2,1
"['spotify:track:5HGibWoxnkYSkl6mHmAlOE', 'spotify:track:6eYYm2xwrvdav2yakF3cqg']",['spotify:track:03fT3OHB9KyMtGMt2zwqCT'],"[""That's My Kind Of Night"", 'Leave The Night On']",['Play It Again'],0.002667005334010668,0.7241379310344829,51.83510971786835,3.574358648717299,2,1
"['spotify:track:1WoOzgvz6CgH4pX6a1RKGp', 'spotify:track:3ESSGgWzRf1xvP7G5hHMhB']",['spotify:track:2d8JP84HNLKhmd6IYOoupQ'],"['My Way (feat. Monty)', 'Again']",['Trap Queen'],0.002667005334010668,0.7241379310344829,37.51225045372051,3.555022860045722,2,1
"['spotify:track:4dGJf1SER1T6ooX46vwzRB', 'spotify:track:7vWGeYZJUzBXKGPro05UXS']",['spotify:track:2FviG1Ma0M0BSZbqaDvw0x'],"['Chicken Fried', 'Take Your Time']",['House Party'],0.002667005334010668,0.7241379310344829,50.45895636252671,3.5729775209550434,2,1
"['spotify:track:3xdjjKMcMOFgo1eQrfbogM', 'spotify:track:6s9ICeczYOfbHHIaSMq9jd']",['spotify:track:5T6DM9qjjngWnukcw0svkX'],"['Wagon Wheel', 'Get Your Shine On']",['Round Here'],0.002667005334010668,0.7241379310344829,68.69713336103034,3.5867887985775986,2,1
"['spotify:track:0i5el041vd6nxrGEU8QRxy', 'spotify:track:5kjyiH6but1t2UDXq15aeS']",['spotify:track:4dGJf1SER1T6ooX46vwzRB'],"['Cruise', 'Toes']",['Chicken Fried'],0.002667005334010668,0.7241379310344829,45.61489655172415,3.5674530099060213,2,1
"['spotify:track:2FviG1Ma0M0BSZbqaDvw0x', 'spotify:track:6IFPfV8PNSYOmufzQ95hmm']",['spotify:track:6eYYm2xwrvdav2yakF3cqg'],"['House Party', 'Confession']",['Leave The Night On'],0.002667005334010668,0.7241379310344829,58.18226600985222,3.5798831597663208,2,1
"['spotify:track:2d8JP84HNLKhmd6IYOoupQ', 'spotify:track:3ESSGgWzRf1xvP7G5hHMhB']",['spotify:track:1WoOzgvz6CgH4pX6a1RKGp'],"['Trap Queen', 'Again']",['My Way (feat. Monty)'],0.002667005334010668,0.7000000000000001,61.9303370786517,3.2956565913131834,2,1
"['spotify:track:0H04yVa3DJxoXbLBpAb7iV', 'spotify:track:5ZManJDV3CexO66nRCkdiV']",['spotify:track:5kNe7PE09d6Kvw5pAsx23n'],"[""I'm Comin' Over"", 'Break Up with Him']",['Die A Happy Man'],0.002667005334010668,0.7000000000000001,43.400000000000006,3.279569892473119,2,1
"['spotify:track:2FviG1Ma0M0BSZbqaDvw0x', 'spotify:track:46ZfPS5VpSQVU5gb82hg3K']",['spotify:track:7vWGeYZJUzBXKGPro05UXS'],"['House Party', 'Anything Goes']",['Take Your Time'],0.002667005334010668,0.7000000000000001,56.82268041237114,3.29226991787317,2,1
"['spotify:track:46ZfPS5VpSQVU5gb82hg3K', 'spotify:track:7vWGeYZJUzBXKGPro05UXS']",['spotify:track:2FviG1Ma0M0BSZbqaDvw0x'],"['Anything Goes', 'Take Your Time']",['House Party'],0.002667005334010668,0.7000000000000001,48.776991150442484,3.2854965709931427,2,1
"['spotify:track:6IFPfV8PNSYOmufzQ95hmm', 'spotify:track:6eYYm2xwrvdav2yakF3cqg']",['spotify:track:2FviG1Ma0M0BSZbqaDvw0x'],"['Confession', 'Leave The Night On']",['House Party'],0.002667005334010668,0.7000000000000001,48.776991150442484,3.2854965709931427,2,1
"['spotify:track:03fT3OHB9KyMtGMt2zwqCT', 'spotify:track:5yIiXdLRE85OBiQmCaUenq']",['spotify:track:3b7CDTKB0SRTmQ6ytYi5vZ'],"['Play It Again', 'Sure Be Cool If You Did']",['Drunk On You'],0.002667005334010668,0.7000000000000001,60.56923076923077,3.29480992295318,2,1
"['spotify:track:03fT3OHB9KyMtGMt2zwqCT', 'spotify:track:6enPOmd3vSFpI4jjms8kXN']",['spotify:track:5HGibWoxnkYSkl6mHmAlOE'],"['Play It Again', ""Runnin' Outta Moonlight""]","[""That's My Kind Of Night""]",0.002667005334010668,0.7000000000000001,52.99807692307693,3.289306578613158,2,1
"['spotify:track:0BCy325UZyR9z0t0uxwn2N', 'spotify:track:2N3F1EQCpnIeDOA3rLSAfE']",['spotify:track:5kNe7PE09d6Kvw5pAsx23n'],"['H.O.L.Y.', 'Break Up In A Small Town']",['Die A Happy Man'],0.002667005334010668,0.6774193548387097,42.00000000000001,3.0500000000000007,2,1
"['spotify:track:2ANLarE8yHVsLWW21nj79M', 'spotify:track:5uDASfU19gDxSjW8cnCaBp']",['spotify:track:0B8QzDH7YWih85V5SEMnyJ'],"['You Was Right', 'Chill Bill']",['Money Longer'],0.002667005334010668,0.6774193548387097,49.85046728971963,3.057874015748032,2,1
"['spotify:track:0B8QzDH7YWih85V5SEMnyJ', 'spotify:track:4Km5HrUvYTaSUfiSGPJeQR']",['spotify:track:2ANLarE8yHVsLWW21nj79M'],"['Money Longer', 'Bad and Boujee (feat. Lil Uzi Vert)']",['You Was Right'],0.002667005334010668,0.6774193548387097,48.054054054054056,3.056299212598426,2,1
"['spotify:track:3ts6xK5GzfMAAriT9AIBmP', 'spotify:track:5HGibWoxnkYSkl6mHmAlOE']",['spotify:track:03fT3OHB9KyMtGMt2zwqCT'],"['Barefoot Blue Jean Night', ""That's My Kind Of Night""]",['Play It Again'],0.002667005334010668,0.6774193548387097,48.4909090909091,3.0566929133858274,2,1
"['spotify:track:5CG9Ps5ynNjpKJHmwc95pa', 'spotify:track:5kNe7PE09d6Kvw5pAsx23n']",['spotify:track:1zWZvrk13cL8Sl3VLeG57F'],"['Somewhere On A Beach', 'Die A Happy Man']",['T-Shirt'],0.002667005334010668,0.6774193548387097,64.26506024096386,3.06732283464567,2,1
"['spotify:track:1qwnPVOIJjAFfCc40Etb1D', 'spotify:track:1soxUgYIZb1qx1c7o1Lc7z']",['spotify:track:5kNe7PE09d6Kvw5pAsx23n'],"['Homegrown', 'Drunk On A Plane']",['Die A Happy Man'],0.002667005334010668,0.6774193548387097,42.00000000000001,3.0500000000000007,2,1
"['spotify:track:2Fk0WwAqTBesLtKg97nojy', 'spotify:track:2N3F1EQCpnIeDOA3rLSAfE']",['spotify:track:5kNe7PE09d6Kvw5pAsx23n'],"['Crash And Burn', 'Break Up In A Small Town']",['Die A Happy Man'],0.002667005334010668,0.6562500000000001,40.68750000000001,2.8621700879765406,2,1
"['spotify:track:1soxUgYIZb1qx1c7o1Lc7z', 'spotify:track:1zWZvrk13cL8Sl3VLeG57F']",['spotify:track:5kNe7PE09d6Kvw5pAsx23n'],"['Drunk On A Plane', 'T-Shirt']",['Die A Happy Man'],0.002667005334010668,0.6562500000000001,40.68750000000001,2.8621700879765406,2,1
"['spotify:track:03fT3OHB9KyMtGMt2zwqCT', 'spotify:track:7vWGeYZJUzBXKGPro05UXS']",['spotify:track:6eYYm2xwrvdav2yakF3cqg'],"['Play It Again', 'Take Your Time']",['Leave The Night On'],0.002667005334010668,0.6562500000000001,52.72767857142858,2.8728842912231287,2,1
"['spotify:track:5HGibWoxnkYSkl6mHmAlOE', 'spotify:track:6s9ICeczYOfbHHIaSMq9jd']",['spotify:track:0i5el041vd6nxrGEU8QRxy'],"[""That's My Kind Of Night"", 'Get Your Shine On']",['Cruise'],0.002667005334010668,0.6562500000000001,45.72842920353983,2.867342461957652,2,1
"['spotify:track:2Fk0WwAqTBesLtKg97nojy', 'spotify:track:7vWGeYZJUzBXKGPro05UXS']",['spotify:track:5kNe7PE09d6Kvw5pAsx23n'],"['Crash And Burn', 'Take Your Time']",['Die A Happy Man'],0.002667005334010668,0.6562500000000001,40.68750000000001,2.8621700879765406,2,1
"['spotify:track:46ZfPS5VpSQVU5gb82hg3K', 'spotify:track:6eYYm2xwrvdav2yakF3cqg']",['spotify:track:5kNe7PE09d6Kvw5pAsx23n'],"['Anything Goes', 'Leave The Night On']",['Die A Happy Man'],0.002667005334010668,0.6562500000000001,40.68750000000001,2.8621700879765406,2,1
"['spotify:track:2EEeOnHehOozLq4aS0n6SL', 'spotify:track:7KOlJ92bu51cltsD9KU5I7']",['spotify:track:4Km5HrUvYTaSUfiSGPJeQR'],"['iSpy (feat. Lil Yachty)', 'T-Shirt']",['Bad and Boujee (feat. Lil Uzi Vert)'],0.002667005334010668,0.6562500000000001,28.867667597765365,2.842958413189555,2,1
"['spotify:track:0BCy325UZyR9z0t0uxwn2N', 'spotify:track:6IFPfV8PNSYOmufzQ95hmm']",['spotify:track:5kNe7PE09d6Kvw5pAsx23n'],"['H.O.L.Y.', 'Confession']",['Die A Happy Man'],0.002667005334010668,0.6562500000000001,40.68750000000001,2.8621700879765406,2,1
"['spotify:track:0BCy325UZyR9z0t0uxwn2N', 'spotify:track:6IFPfV8PNSYOmufzQ95hmm']",['spotify:track:1zWZvrk13cL8Sl3VLeG57F'],"['H.O.L.Y.', 'Confession']",['T-Shirt'],0.002667005334010668,0.6562500000000001,62.256777108433745,2.8784261204886055,2,1
"['spotify:track:1zWZvrk13cL8Sl3VLeG57F', 'spotify:track:6IFPfV8PNSYOmufzQ95hmm']",['spotify:track:0BCy325UZyR9z0t0uxwn2N'],"['T-Shirt', 'Confession']",['H.O.L.Y.'],0.002667005334010668,0.6562500000000001,51.161509900990104,2.8717759253700335,2,1
"['spotify:track:1soxUgYIZb1qx1c7o1Lc7z', 'spotify:track:1zWZvrk13cL8Sl3VLeG57F']",['spotify:track:6IFPfV8PNSYOmufzQ95hmm'],"['Drunk On A Plane', 'T-Shirt']",['Confession'],0.002667005334010668,0.6562500000000001,82.02083333333334,2.885815226175908,2,1
"['spotify:track:1zWZvrk13cL8Sl3VLeG57F', 'spotify:track:6IFPfV8PNSYOmufzQ95hmm']",['spotify:track:1soxUgYIZb1qx1c7o1Lc7z'],"['T-Shirt', 'Confession']",['Drunk On A Plane'],0.002667005334010668,0.6562500000000001,52.72767857142858,2.8728842912231287,2,1
"['spotify:track:0i5el041vd6nxrGEU8QRxy', 'spotify:track:0yD66650JxhqKbW76C2qCo']",['spotify:track:6s9ICeczYOfbHHIaSMq9jd'],"['Cruise', 'Country Girl (Shake It For Me)']",['Get Your Shine On'],0.002667005334010668,0.6562500000000001,58.05969101123597,2.876209388782415,2,1
"['spotify:track:0y44Oz1T9uWDKg4SFDWRWH', 'spotify:track:1yEwEiTpsaPhQi9lb5EVV4']",['spotify:track:4dGJf1SER1T6ooX46vwzRB'],"['Honey Bee', 'Knee Deep (feat. Jimmy Buffett)']",['Chicken Fried'],0.002667005334010668,0.6562500000000001,41.33850000000001,2.8629089985452705,2,1
"['spotify:track:1jNNHFZmRGXZFHlil5uhei', 'spotify:track:5kNe7PE09d6Kvw5pAsx23n']",['spotify:track:0H04yVa3DJxoXbLBpAb7iV'],"['Drunk On Your Love', 'Die A Happy Man']","[""I'm Comin' Over""]",0.002667005334010668,0.6562500000000001,66.24759615384617,2.880273396910431,2,1
"['spotify:track:2N3F1EQCpnIeDOA3rLSAfE', 'spotify:track:5kNe7PE09d6Kvw5pAsx23n']",['spotify:track:0BCy325UZyR9z0t0uxwn2N'],"['Break Up In A Small Town', 'Die A Happy Man']",['H.O.L.Y.'],0.002667005334010668,0.6363636363636364,49.61116111611161,2.714725679451359,2,1
"['spotify:track:2N3F1EQCpnIeDOA3rLSAfE', 'spotify:track:5kNe7PE09d6Kvw5pAsx23n']",['spotify:track:2Fk0WwAqTBesLtKg97nojy'],"['Break Up In A Small Town', 'Die A Happy Man']",['Crash And Burn'],0.002667005334010668,0.6363636363636364,56.94008264462809,2.7192659385318767,2,1
"['spotify:track:4ly1QBXEwYoDmje9rmEgC4', 'spotify:track:5kNe7PE09d6Kvw5pAsx23n']",['spotify:track:03fT3OHB9KyMtGMt2zwqCT'],"['Head Over Boots', 'Die A Happy Man']",['Play It Again'],0.002667005334010668,0.6363636363636364,45.55206611570248,2.711582423164846,2,1
"['spotify:track:5HGibWoxnkYSkl6mHmAlOE', 'spotify:track:5kNe7PE09d6Kvw5pAsx23n']",['spotify:track:03fT3OHB9KyMtGMt2zwqCT'],"[""That's My Kind Of Night"", 'Die A Happy Man']",['Play It Again'],0.002667005334010668,0.6363636363636364,45.55206611570248,2.711582423164846,2,1
"['spotify:track:0i5el041vd6nxrGEU8QRxy', 'spotify:track:3xdjjKMcMOFgo1eQrfbogM']",['spotify:track:5T6DM9qjjngWnukcw0svkX'],"['Cruise', 'Wagon Wheel']",['Round Here'],0.002667005334010668,0.6363636363636364,60.37020810514786,2.721012192024384,2,1
"['spotify:track:05ZACkzW8YbRq3eFgIfSNB', 'spotify:track:5T6DM9qjjngWnukcw0svkX']",['spotify:track:3xdjjKMcMOFgo1eQrfbogM'],"['Springsteen', 'Round Here']",['Wagon Wheel'],0.002667005334010668,0.6363636363636364,44.34271922767498,2.710534671069342,2,1
"['spotify:track:5HGibWoxnkYSkl6mHmAlOE', 'spotify:track:5T6DM9qjjngWnukcw0svkX']",['spotify:track:03fT3OHB9KyMtGMt2zwqCT'],"[""That's My Kind Of Night"", 'Round Here']",['Play It Again'],0.002667005334010668,0.6363636363636364,45.55206611570248,2.711582423164846,2,1
['spotify:track:1ZP0sKDoVM1NCFB65Esfm6'],['spotify:track:7yMnml7zdYl5LlDFZPm5Hd'],['S.O.S.'],"[""Burnin' Up""]",0.002667005334010668,0.6363636363636364,80.81818181818181,2.7283464566929134,1,1
"['spotify:track:3ts6xK5GzfMAAriT9AIBmP', 'spotify:track:5dNGORzxFb5z3v7vSAFkTU']",['spotify:track:4dGJf1SER1T6ooX46vwzRB'],"['Barefoot Blue Jean Night', ""Beachin'""]",['Chicken Fried'],0.002667005334010668,0.6363636363636364,40.08581818181818,2.706343662687325,2,1
"['spotify:track:5BbYPT6ehZf0hSv2su6JAl', 'spotify:track:5kNe7PE09d6Kvw5pAsx23n']",['spotify:track:6IFPfV8PNSYOmufzQ95hmm'],"['Make You Miss Me', 'Die A Happy Man']",['Confession'],0.002667005334010668,0.6363636363636364,79.53535353535354,2.727997205994412,2,1
"['spotify:track:0yD66650JxhqKbW76C2qCo', 'spotify:track:4dGJf1SER1T6ooX46vwzRB']",['spotify:track:1yEwEiTpsaPhQi9lb5EVV4'],"['Country Girl (Shake It For Me)', 'Chicken Fried']",['Knee Deep (feat. Jimmy Buffett)'],0.002667005334010668,0.6363636363636364,51.12987012987013,2.715773431546863,2,1
"['spotify:track:0H04yVa3DJxoXbLBpAb7iV', 'spotify:track:1jNNHFZmRGXZFHlil5uhei']",['spotify:track:5kNe7PE09d6Kvw5pAsx23n'],"[""I'm Comin' Over"", 'Drunk On Your Love']",['Die A Happy Man'],0.002667005334010668,0.6363636363636364,39.45454545454545,2.7056451612903225,2,1
"['spotify:track:5BbYPT6ehZf0hSv2su6JAl', 'spotify:track:5kNe7PE09d6Kvw5pAsx23n']",['spotify:track:5ZManJDV3CexO66nRCkdiV'],"['Make You Miss Me', 'Die A Happy Man']",['Break Up with Him'],0.002667005334010668,0.6363636363636364,64.24009324009324,2.7227584455168907,2,1
"['spotify:track:1qwnPVOIJjAFfCc40Etb1D', 'spotify:track:5kNe7PE09d6Kvw5pAsx23n']",['spotify:track:1soxUgYIZb1qx1c7o1Lc7z'],"['Homegrown', 'Die A Happy Man']",['Drunk On A Plane'],0.002667005334010668,0.6363636363636364,51.12987012987013,2.715773431546863,2,1
"['spotify:track:2TR7A4ulH9R1PNwMyd8o8U', 'spotify:track:6eYYm2xwrvdav2yakF3cqg']",['spotify:track:03fT3OHB9KyMtGMt2zwqCT'],"['This Is How We Roll', 'Leave The Night On']",['Play It Again'],0.002667005334010668,0.6176470588235294,44.21229946524065,2.5788476192337004,2,1
"['spotify:track:4dGJf1SER1T6ooX46vwzRB', 'spotify:track:5HGibWoxnkYSkl6mHmAlOE']",['spotify:track:1yEwEiTpsaPhQi9lb5EVV4'],"['Chicken Fried', ""That's My Kind Of Night""]",['Knee Deep (feat. Jimmy Buffett)'],0.002667005334010668,0.6176470588235294,49.62605042016807,2.5828334733592544,2,1
['spotify:track:0WCbhE2evMrIwRM0DlMy9k'],['spotify:track:0v9Wz8o0BT8DU38R4ddjeH'],['Mixtape (feat. Young Thug & Lil Yachty)'],['No Problem (feat. Lil Wayne & 2 Chainz)'],0.002667005334010668,0.6176470588235294,25.19871990246876,2.5512787948652824,1,1
"['spotify:track:0B8QzDH7YWih85V5SEMnyJ', 'spotify:track:5uDASfU19gDxSjW8cnCaBp']",['spotify:track:7yyRTcZmCiyzzJlNzGC9Ol'],"['Money Longer', 'Chill Bill']",['Broccoli (feat. Lil Yachty)'],0.002667005334010668,0.6176470588235294,21.808757583750992,2.5413141595513964,2,1
"['spotify:track:0B8QzDH7YWih85V5SEMnyJ', 'spotify:track:5uDASfU19gDxSjW8cnCaBp']",['spotify:track:2ANLarE8yHVsLWW21nj79M'],"['Money Longer', 'Chill Bill']",['You Was Right'],0.002667005334010668,0.6176470588235294,43.813990461049286,2.5785154647232376,2,1
"['spotify:track:1soxUgYIZb1qx1c7o1Lc7z', 'spotify:track:6eYYm2xwrvdav2yakF3cqg']",['spotify:track:5kNe7PE09d6Kvw5pAsx23n'],"['Drunk On A Plane', 'Leave The Night On']",['Die A Happy Man'],0.002667005334010668,0.6176470588235294,38.294117647058826,2.5732009925558317,2,1
"['spotify:track:3xdjjKMcMOFgo1eQrfbogM', 'spotify:track:5T6DM9qjjngWnukcw0svkX']",['spotify:track:6s9ICeczYOfbHHIaSMq9jd'],"['Wagon Wheel', 'Round Here']",['Get Your Shine On'],0.002667005334010668,0.6176470588235294,54.64441506939855,2.58582286395342,2,1
"['spotify:track:3xdjjKMcMOFgo1eQrfbogM', 'spotify:track:5T6DM9qjjngWnukcw0svkX']",['spotify:track:0i5el041vd6nxrGEU8QRxy'],"['Wagon Wheel', 'Round Here']",['Cruise'],0.002667005334010668,0.6176470588235294,43.0385216033316,2.5778511557023114,2,1
"['spotify:track:3xdjjKMcMOFgo1eQrfbogM', 'spotify:track:5T6DM9qjjngWnukcw0svkX']",['spotify:track:05ZACkzW8YbRq3eFgIfSNB'],"['Wagon Wheel', 'Round Here']",['Springsteen'],0.002667005334010668,0.6176470588235294,39.539454806312776,2.5745296105976827,2,1
"['spotify:track:2Fk0WwAqTBesLtKg97nojy', 'spotify:track:5ZManJDV3CexO66nRCkdiV']",['spotify:track:2FviG1Ma0M0BSZbqaDvw0x'],"['Crash And Burn', 'Break Up with Him']",['House Party'],0.002667005334010668,0.6176470588235294,43.0385216033316,2.5778511557023114,2,1
"['spotify:track:0H04yVa3DJxoXbLBpAb7iV', 'spotify:track:2FviG1Ma0M0BSZbqaDvw0x']",['spotify:track:7vWGeYZJUzBXKGPro05UXS'],"[""I'm Comin' Over"", 'House Party']",['Take Your Time'],0.002667005334010668,0.6176470588235294,50.1376591873863,2.5831656278697177,2,1
"['spotify:track:4dGJf1SER1T6ooX46vwzRB', 'spotify:track:5HGibWoxnkYSkl6mHmAlOE']",['spotify:track:5kjyiH6but1t2UDXq15aeS'],"['Chicken Fried', ""That's My Kind Of Night""]",['Toes'],0.002667005334010668,0.6176470588235294,51.7377972465582,2.5841620914011063,2,1
['spotify:track:7LRMbd3LEoV5wZJvXT1Lwb'],['spotify:track:2zYzyRzz6pRmhPzyfMEC8s'],['T.N.T.'],['Highway to Hell'],0.002667005334010668,0.6176470588235294,78.44117647058825,2.5947910357359176,1,1
"['spotify:track:5HGibWoxnkYSkl6mHmAlOE', 'spotify:track:6enPOmd3vSFpI4jjms8kXN']",['spotify:track:03fT3OHB9KyMtGMt2zwqCT'],"[""That's My Kind Of Night"", ""Runnin' Outta Moonlight""]",['Play It Again'],0.002667005334010668,0.6176470588235294,44.21229946524065,2.5788476192337004,2,1
"['spotify:track:05ZACkzW8YbRq3eFgIfSNB', 'spotify:track:4O1CExxinEpKZi3861NlTK']",['spotify:track:1TKlBK9cSrM5u4CiL4SETS'],"['Springsteen', 'Get Me Some Of That']",['Talladega'],0.002667005334010668,0.6176470588235294,56.55061559507524,2.5868193274848092,2,1
['spotify:track:0nnwn7LWHCAu09jfuH1xTA'],['spotify:track:6Qyc6fS4DsZjB2mRW9DsQs'],['Slide'],['Iris'],0.002667005334010668,0.6176470588235294,57.89705882352941,2.5874836365057345,1,1
['spotify:track:3Z3D2hnbZnveVhTuOifJyt'],['spotify:track:5HGibWoxnkYSkl6mHmAlOE'],['I See You'],"[""That's My Kind Of Night""]",0.002667005334010668,0.6176470588235294,46.76300904977376,2.5808405462964776,1,1
"['spotify:track:6gBFPUFcJLzWGx4lenP6h2', 'spotify:track:7yyRTcZmCiyzzJlNzGC9Ol']",['spotify:track:5hTpBe8h35rJ67eAWHQsJx'],"['goosebumps', 'Broccoli (feat. Lil Yachty)']",['Caroline'],0.002667005334010668,0.6,26.101657458563537,2.4425323850647698,2,1
"['spotify:track:6fwdbPMwP1zVStm8FybmkO', 'spotify:track:7KOlJ92bu51cltsD9KU5I7']",['spotify:track:4gmmRb6bZJffOOiww1JGTO'],"['X (feat. Future)', 'T-Shirt']",['No Heart'],0.002667005334010668,0.6,64.71780821917808,2.4768224536449073,2,1
"['spotify:track:4Q3N4Ct4zCuIHuZ65E3BD4', 'spotify:track:6p8NuHm8uCGnn2Dtbtf7zE']",['spotify:track:7GX5flRQZVHRAGd6B4TmDO'],"['Tunnel Vision', 'Slippery (feat. Gucci Mane)']",['XO TOUR Llif3'],0.002667005334010668,0.6,35.79090909090909,2.458089916179832,2,1
"['spotify:track:6fujklziTHa8uoM5OQSfIo', 'spotify:track:6fwdbPMwP1zVStm8FybmkO']",['spotify:track:7yyRTcZmCiyzzJlNzGC9Ol'],"['Black Beatles', 'X (feat. Future)']",['Broccoli (feat. Lil Yachty)'],0.002667005334010668,0.6,21.185650224215248,2.429197358394717,2,1
"['spotify:track:03fT3OHB9KyMtGMt2zwqCT', 'spotify:track:05ZACkzW8YbRq3eFgIfSNB']",['spotify:track:3b7CDTKB0SRTmQ6ytYi5vZ'],"['Play It Again', 'Springsteen']",['Drunk On You'],0.002667005334010668,0.6,51.91648351648351,2.471107442214884,2,1
"['spotify:track:5kNe7PE09d6Kvw5pAsx23n', 'spotify:track:6eYYm2xwrvdav2yakF3cqg']",['spotify:track:0BCy325UZyR9z0t0uxwn2N'],"['Die A Happy Man', 'Leave The Night On']",['H.O.L.Y.'],0.002667005334010668,0.6,46.77623762376237,2.4679324358648715,2,1
"['spotify:track:2ANLarE8yHVsLWW21nj79M', 'spotify:track:4Km5HrUvYTaSUfiSGPJeQR']",['spotify:track:7yyRTcZmCiyzzJlNzGC9Ol'],"['You Was Right', 'Bad and Boujee (feat. Lil Uzi Vert)']",['Broccoli (feat. Lil Yachty)'],0.002667005334010668,0.6,21.185650224215248,2.429197358394717,2,1
"['spotify:track:2ANLarE8yHVsLWW21nj79M', 'spotify:track:4Km5HrUvYTaSUfiSGPJeQR']",['spotify:track:0B8QzDH7YWih85V5SEMnyJ'],"['You Was Right', 'Bad and Boujee (feat. Lil Uzi Vert)']",['Money Longer'],0.002667005334010668,0.6,44.15327102803738,2.466027432054864,2,1
"['spotify:track:5kNe7PE09d6Kvw5pAsx23n', 'spotify:track:6eYYm2xwrvdav2yakF3cqg']",['spotify:track:1soxUgYIZb1qx1c7o1Lc7z'],"['Die A Happy Man', 'Leave The Night On']",['Drunk On A Plane'],0.002667005334010668,0.6,48.20816326530612,2.468884937769875,2,1
"['spotify:track:5kNe7PE09d6Kvw5pAsx23n', 'spotify:track:6eYYm2xwrvdav2yakF3cqg']",['spotify:track:46ZfPS5VpSQVU5gb82hg3K'],"['Die A Happy Man', 'Leave The Night On']",['Anything Goes'],0.002667005334010668,0.6,62.16315789473684,2.475869951739903,2,1
"['spotify:track:0BCy325UZyR9z0t0uxwn2N', 'spotify:track:1zWZvrk13cL8Sl3VLeG57F']",['spotify:track:6IFPfV8PNSYOmufzQ95hmm'],"['H.O.L.Y.', 'T-Shirt']",['Confession'],0.002667005334010668,0.6,74.99047619047619,2.47999745999492,2,1
"['spotify:track:0v9Wz8o0BT8DU38R4ddjeH', 'spotify:track:6fujklziTHa8uoM5OQSfIo']",['spotify:track:7yyRTcZmCiyzzJlNzGC9Ol'],"['No Problem (feat. Lil Wayne & 2 Chainz)', 'Black Beatles']",['Broccoli (feat. Lil Yachty)'],0.002667005334010668,0.5833333333333334,20.59715994020927,2.3320294640589285,2,1
"['spotify:track:6fwdbPMwP1zVStm8FybmkO', 'spotify:track:7yyRTcZmCiyzzJlNzGC9Ol']",['spotify:track:6fujklziTHa8uoM5OQSfIo'],"['X (feat. Future)', 'Broccoli (feat. Lil Yachty)']",['Black Beatles'],0.002667005334010668,0.5833333333333334,32.12004662004662,2.3564135128270256,2,1
"['spotify:track:03fT3OHB9KyMtGMt2zwqCT', 'spotify:track:5kNe7PE09d6Kvw5pAsx23n']",['spotify:track:4ly1QBXEwYoDmje9rmEgC4'],"['Play It Again', 'Die A Happy Man']",['Head Over Boots'],0.002667005334010668,0.5833333333333334,70.66410256410258,2.380187960375921,2,1
"['spotify:track:03fT3OHB9KyMtGMt2zwqCT', 'spotify:track:0i5el041vd6nxrGEU8QRxy']",['spotify:track:5HGibWoxnkYSkl6mHmAlOE'],"['Play It Again', 'Cruise']","[""That's My Kind Of Night""]",0.002667005334010668,0.5833333333333334,44.1650641025641,2.3683007366014737,2,1
"['spotify:track:03fT3OHB9KyMtGMt2zwqCT', 'spotify:track:5kNe7PE09d6Kvw5pAsx23n']",['spotify:track:5HGibWoxnkYSkl6mHmAlOE'],"['Play It Again', 'Die A Happy Man']","[""That's My Kind Of Night""]",0.002667005334010668,0.5833333333333334,44.1650641025641,2.3683007366014737,2,1
"['spotify:track:05ZACkzW8YbRq3eFgIfSNB', 'spotify:track:3b7CDTKB0SRTmQ6ytYi5vZ']",['spotify:track:03fT3OHB9KyMtGMt2zwqCT'],"['Springsteen', 'Drunk On You']",['Play It Again'],0.002667005334010668,0.5833333333333334,41.75606060606061,2.366471932943866,2,1
"['spotify:track:03fT3OHB9KyMtGMt2zwqCT', 'spotify:track:1yEwEiTpsaPhQi9lb5EVV4']",['spotify:track:3b7CDTKB0SRTmQ6ytYi5vZ'],"['Play It Again', 'Knee Deep (feat. Jimmy Buffett)']",['Drunk On You'],0.002667005334010668,0.5833333333333334,50.47435897435898,2.372263144526289,2,1
"['spotify:track:4dGJf1SER1T6ooX46vwzRB', 'spotify:track:6eYYm2xwrvdav2yakF3cqg']",['spotify:track:03fT3OHB9KyMtGMt2zwqCT'],"['Chicken Fried', 'Leave The Night On']",['Play It Again'],0.002667005334010668,0.5833333333333334,41.75606060606061,2.366471932943866,2,1
"['spotify:track:4dGJf1SER1T6ooX46vwzRB', 'spotify:track:6eYYm2xwrvdav2yakF3cqg']",['spotify:track:2FviG1Ma0M0BSZbqaDvw0x'],"['Chicken Fried', 'Leave The Night On']",['House Party'],0.002667005334010668,0.5833333333333334,40.647492625368734,2.3655575311150625,2,1
"['spotify:track:03fT3OHB9KyMtGMt2zwqCT', 'spotify:track:5T6DM9qjjngWnukcw0svkX']",['spotify:track:5HGibWoxnkYSkl6mHmAlOE'],"['Play It Again', 'Round Here']","[""That's My Kind Of Night""]",0.002667005334010668,0.5833333333333334,44.1650641025641,2.3683007366014737,2,1
"['spotify:track:2FviG1Ma0M0BSZbqaDvw0x', 'spotify:track:5ZManJDV3CexO66nRCkdiV']",['spotify:track:2Fk0WwAqTBesLtKg97nojy'],"['House Party', 'Break Up with Him']",['Crash And Burn'],0.002667005334010668,0.5833333333333334,52.19507575757576,2.373177546355093,2,1
['spotify:track:1lItf5ZXJc1by9SbPeljFd'],['spotify:track:7yyRTcZmCiyzzJlNzGC9Ol'],['Juju On That Beat (TZ Anthem)'],['Broccoli (feat. Lil Yachty)'],0.002667005334010668,0.5833333333333334,20.59715994020927,2.3320294640589285,1,1
['spotify:track:63w0QA1wiV7QhF9jeiHETF'],['spotify:track:0Nu9WA8kEbBWEsay2s8Q0U'],['Angel Eyes'],['Even If It Breaks Your Heart'],0.002667005334010668,0.5833333333333334,64.69248826291081,2.3783591567183135,1,1
"['spotify:track:5kNe7PE09d6Kvw5pAsx23n', 'spotify:track:6IFPfV8PNSYOmufzQ95hmm']",['spotify:track:0BCy325UZyR9z0t0uxwn2N'],"['Die A Happy Man', 'Confession']",['H.O.L.Y.'],0.002667005334010668,0.5833333333333334,45.476897689768975,2.369215138430277,2,1
"['spotify:track:5kNe7PE09d6Kvw5pAsx23n', 'spotify:track:6IFPfV8PNSYOmufzQ95hmm']",['spotify:track:5BbYPT6ehZf0hSv2su6JAl'],"['Die A Happy Man', 'Confession']",['Make You Miss Me'],0.002667005334010668,0.5833333333333334,62.06981981981982,2.3774447548895097,2,1
['spotify:track:5BtS8w1kkjLV1BbvB0t12u'],['spotify:track:6eYYm2xwrvdav2yakF3cqg'],['Hope You Get Lonely Tonight'],['Leave The Night On'],0.002667005334010668,0.5833333333333334,46.86904761904762,2.3701295402590805,1,1
['spotify:track:5BtS8w1kkjLV1BbvB0t12u'],['spotify:track:0Utg7sirTPqrs6Cx0FbriQ'],['Hope You Get Lonely Tonight'],"[""Chillin' It""]",0.002667005334010668,0.5833333333333334,79.1925287356322,2.3823215646431293,1,1
"['spotify:track:0B8QzDH7YWih85V5SEMnyJ', 'spotify:track:7yyRTcZmCiyzzJlNzGC9Ol']",['spotify:track:5uDASfU19gDxSjW8cnCaBp'],"['Money Longer', 'Broccoli (feat. Lil Yachty)']",['Chill Bill'],0.002667005334010668,0.5675675675675675,32.62063523377392,2.272264732029464,2,1
['spotify:track:12AOwWanBDN4TQbJRbErqM'],['spotify:track:6IFPfV8PNSYOmufzQ95hmm'],['Wasted Time'],['Confession'],0.002667005334010668,0.5675675675675675,70.93693693693693,2.293997650495301,1,1
['spotify:track:12AOwWanBDN4TQbJRbErqM'],['spotify:track:5ZManJDV3CexO66nRCkdiV'],['Wasted Time'],['Break Up with Him'],0.002667005334010668,0.5675675675675675,57.2952182952183,2.289592329184658,1,1
"['spotify:track:5kNe7PE09d6Kvw5pAsx23n', 'spotify:track:7vWGeYZJUzBXKGPro05UXS']",['spotify:track:2Fk0WwAqTBesLtKg97nojy'],"['Die A Happy Man', 'Take Your Time']",['Crash And Burn'],0.002667005334010668,0.5675675675675675,50.78439803439803,2.2866554483108965,2,1
"['spotify:track:2Fk0WwAqTBesLtKg97nojy', 'spotify:track:2FviG1Ma0M0BSZbqaDvw0x']",['spotify:track:5ZManJDV3CexO66nRCkdiV'],"['Crash And Burn', 'House Party']",['Break Up with Him'],0.002667005334010668,0.5675675675675675,57.2952182952183,2.289592329184658,2,1
"['spotify:track:03fT3OHB9KyMtGMt2zwqCT', 'spotify:track:3ts6xK5GzfMAAriT9AIBmP']",['spotify:track:5HGibWoxnkYSkl6mHmAlOE'],"['Play It Again', 'Barefoot Blue Jean Night']","[""That's My Kind Of Night""]",0.002667005334010668,0.5675675675675675,42.97141372141372,2.2819564389128777,2,1
['spotify:track:2uZhNjlUQ9mnt0rS7hcAgF'],['spotify:track:1cktZnxiONH0hR6Q3DKy8h'],['Smoke a Little Smoke'],['Drink In My Hand'],0.002667005334010668,0.5675675675675675,58.03931203931204,2.289886017272034,1,1
['spotify:track:4ZF2WDTBVFihfTkxfme8JE'],['spotify:track:3b7CDTKB0SRTmQ6ytYi5vZ'],['Kiss Tomorrow Goodbye'],['Drunk On You'],0.002667005334010668,0.5675675675675675,49.110187110187105,2.285774384048768,1,1
"['spotify:track:4Km5HrUvYTaSUfiSGPJeQR', 'spotify:track:6gBFPUFcJLzWGx4lenP6h2']",['spotify:track:0SGkqnVQo9KPytSri1H6cF'],"['Bad and Boujee (feat. Lil Uzi Vert)', 'goosebumps']",['Bounce Back'],0.002667005334010668,0.5526315789473685,26.533055198973045,2.1887373186511083,2,1
['spotify:track:7b4yGtR0rujvLi5EBfKKJ2'],['spotify:track:4bHsxqR3GMrXTxEPLuK5ue'],['Take Me Home Tonight'],"[""Don't Stop Believin'""]",0.002667005334010668,0.5526315789473685,30.643810229799858,2.1949827429066624,1,1
"['spotify:track:05ZACkzW8YbRq3eFgIfSNB', 'spotify:track:4dGJf1SER1T6ooX46vwzRB']",['spotify:track:3xdjjKMcMOFgo1eQrfbogM'],"['Springsteen', 'Chicken Fried']",['Wagon Wheel'],0.002667005334010668,0.5526315789473685,38.50815090824407,2.203215347607166,2,1
"['spotify:track:0SGkqnVQo9KPytSri1H6cF', 'spotify:track:7KXjTSCq5nL1LoYtL7XAwS']",['spotify:track:4Km5HrUvYTaSUfiSGPJeQR'],"['Bounce Back', 'HUMBLE.']",['Bad and Boujee (feat. Lil Uzi Vert)'],0.002667005334010668,0.5526315789473685,24.309614819170832,2.1844790748405027,2,1
"['spotify:track:1WoOzgvz6CgH4pX6a1RKGp', 'spotify:track:2d8JP84HNLKhmd6IYOoupQ']",['spotify:track:3ESSGgWzRf1xvP7G5hHMhB'],"['My Way (feat. Monty)', 'Trap Queen']",['Again'],0.002667005334010668,0.5526315789473685,50.597919216646275,2.2108801864662557,2,1
"['spotify:track:0VgkVdmE4gld66l8iyGjgx', 'spotify:track:6p8NuHm8uCGnn2Dtbtf7zE']",['spotify:track:4Km5HrUvYTaSUfiSGPJeQR'],"['Mask Off', 'Slippery (feat. Gucci Mane)']",['Bad and Boujee (feat. Lil Uzi Vert)'],0.002667005334010668,0.5526315789473685,24.309614819170832,2.1844790748405027,2,1
"['spotify:track:0i5el041vd6nxrGEU8QRxy', 'spotify:track:5T6DM9qjjngWnukcw0svkX']",['spotify:track:3xdjjKMcMOFgo1eQrfbogM'],"['Cruise', 'Round Here']",['Wagon Wheel'],0.002667005334010668,0.5526315789473685,38.50815090824407,2.203215347607166,2,1
"['spotify:track:46ZfPS5VpSQVU5gb82hg3K', 'spotify:track:5kNe7PE09d6Kvw5pAsx23n']",['spotify:track:6eYYm2xwrvdav2yakF3cqg'],"['Anything Goes', 'Die A Happy Man']",['Leave The Night On'],0.002667005334010668,0.5526315789473685,44.402255639097746,2.2074735914177714,2,1
"['spotify:track:46ZfPS5VpSQVU5gb82hg3K', 'spotify:track:5kNe7PE09d6Kvw5pAsx23n']",['spotify:track:2Fk0WwAqTBesLtKg97nojy'],"['Anything Goes', 'Die A Happy Man']",['Crash And Burn'],0.002667005334010668,0.5526315789473685,49.447966507177036,2.2103124206248412,2,1
"['spotify:track:0i5el041vd6nxrGEU8QRxy', 'spotify:track:4dGJf1SER1T6ooX46vwzRB']",['spotify:track:5kjyiH6but1t2UDXq15aeS'],"['Cruise', 'Chicken Fried']",['Toes'],0.002667005334010668,0.5526315789473685,46.29171332586787,2.2086091231005995,2,1
"['spotify:track:1zWZvrk13cL8Sl3VLeG57F', 'spotify:track:5CG9Ps5ynNjpKJHmwc95pa']",['spotify:track:5kNe7PE09d6Kvw5pAsx23n'],"['T-Shirt', 'Somewhere On A Beach']",['Die A Happy Man'],0.002667005334010668,0.5526315789473685,34.26315789473685,2.199240986717268,2,1
"['spotify:track:5hTpBe8h35rJ67eAWHQsJx', 'spotify:track:6gBFPUFcJLzWGx4lenP6h2']",['spotify:track:0SGkqnVQo9KPytSri1H6cF'],"['Caroline', 'goosebumps']",['Bounce Back'],0.002667005334010668,0.5384615384615385,25.85272045028143,2.1215392430784865,2,1
"['spotify:track:5hTpBe8h35rJ67eAWHQsJx', 'spotify:track:6gBFPUFcJLzWGx4lenP6h2']",['spotify:track:7yyRTcZmCiyzzJlNzGC9Ol'],"['Caroline', 'goosebumps']",['Broccoli (feat. Lil Yachty)'],0.002667005334010668,0.5384615384615385,19.012763021731637,2.105304377275422,2,1
"['spotify:track:0i5el041vd6nxrGEU8QRxy', 'spotify:track:5HGibWoxnkYSkl6mHmAlOE']",['spotify:track:03fT3OHB9KyMtGMt2zwqCT'],"['Cruise', ""That's My Kind Of Night""]",['Play It Again'],0.002667005334010668,0.5384615384615385,38.54405594405595,2.136398272796546,2,1
"['spotify:track:2FviG1Ma0M0BSZbqaDvw0x', 'spotify:track:4dGJf1SER1T6ooX46vwzRB']",['spotify:track:6eYYm2xwrvdav2yakF3cqg'],"['House Party', 'Chicken Fried']",['Leave The Night On'],0.002667005334010668,0.5384615384615385,43.26373626373627,2.139700279400559,2,1
"['spotify:track:4Km5HrUvYTaSUfiSGPJeQR', 'spotify:track:6p8NuHm8uCGnn2Dtbtf7zE']",['spotify:track:0VgkVdmE4gld66l8iyGjgx'],"['Bad and Boujee (feat. Lil Uzi Vert)', 'Slippery (feat. Gucci Mane)']",['Mask Off'],0.002667005334010668,0.5384615384615385,32.365237815619494,2.130619761239523,2,1
"['spotify:track:2FviG1Ma0M0BSZbqaDvw0x', 'spotify:track:4dGJf1SER1T6ooX46vwzRB']",['spotify:track:7vWGeYZJUzBXKGPro05UXS'],"['House Party', 'Chicken Fried']",['Take Your Time'],0.002667005334010668,0.5384615384615385,43.70975416336242,2.1399754466175605,2,1
"['spotify:track:0i5el041vd6nxrGEU8QRxy', 'spotify:track:5HGibWoxnkYSkl6mHmAlOE']",['spotify:track:6s9ICeczYOfbHHIaSMq9jd'],"['Cruise', ""That's My Kind Of Night""]",['Get Your Shine On'],0.002667005334010668,0.5384615384615385,47.63872082973207,2.1421767843535693,2,1
"['spotify:track:0H04yVa3DJxoXbLBpAb7iV', 'spotify:track:5kNe7PE09d6Kvw5pAsx23n']",['spotify:track:5ZManJDV3CexO66nRCkdiV'],"[""I'm Comin' Over"", 'Die A Happy Man']",['Break Up with Him'],0.002667005334010668,0.5384615384615385,54.3570019723866,2.1452036237405814,2,1
"['spotify:track:0H04yVa3DJxoXbLBpAb7iV', 'spotify:track:5kNe7PE09d6Kvw5pAsx23n']",['spotify:track:1jNNHFZmRGXZFHlil5uhei'],"[""I'm Comin' Over"", 'Die A Happy Man']",['Drunk On Your Love'],0.002667005334010668,0.5384615384615385,67.29914529914531,2.1493311319955977,2,1
"['spotify:track:05ZACkzW8YbRq3eFgIfSNB', 'spotify:track:3xdjjKMcMOFgo1eQrfbogM']",['spotify:track:4dGJf1SER1T6ooX46vwzRB'],"['Springsteen', 'Wagon Wheel']",['Chicken Fried'],0.002667005334010668,0.525,33.070800000000006,2.071842038420919,2,1
"['spotify:track:2ANLarE8yHVsLWW21nj79M', 'spotify:track:7yyRTcZmCiyzzJlNzGC9Ol']",['spotify:track:4Km5HrUvYTaSUfiSGPJeQR'],"['You Was Right', 'Broccoli (feat. Lil Yachty)']",['Bad and Boujee (feat. Lil Uzi Vert)'],0.002667005334010668,0.525,23.09413407821229,2.0574041148082296,2,1
"['spotify:track:05ZACkzW8YbRq3eFgIfSNB', 'spotify:track:3xdjjKMcMOFgo1eQrfbogM']",['spotify:track:5T6DM9qjjngWnukcw0svkX'],"['Springsteen', 'Wagon Wheel']",['Round Here'],0.002667005334010668,0.525,49.80542168674699,2.0830715345641218,2,1
['spotify:track:1qC0pi9ZH47XDjvaNbg8ch'],['spotify:track:5ZManJDV3CexO66nRCkdiV'],['Lose My Mind'],['Break Up with Him'],0.002667005334010668,0.525,52.99807692307693,2.0844083793430745,1,1
"['spotify:track:1zWZvrk13cL8Sl3VLeG57F', 'spotify:track:5kNe7PE09d6Kvw5pAsx23n']",['spotify:track:1soxUgYIZb1qx1c7o1Lc7z'],"['T-Shirt', 'Die A Happy Man']",['Drunk On A Plane'],0.002667005334010668,0.5121951219512195,41.153310104529616,2.024485648971298,2,1
"['spotify:track:4Q3N4Ct4zCuIHuZ65E3BD4', 'spotify:track:7GX5flRQZVHRAGd6B4TmDO']",['spotify:track:6p8NuHm8uCGnn2Dtbtf7zE'],"['Tunnel Vision', 'XO TOUR Llif3']",['Slippery (feat. Gucci Mane)'],0.002667005334010668,0.5121951219512195,37.34281842818428,2.0218821437642873,2,1
"['spotify:track:3xdjjKMcMOFgo1eQrfbogM', 'spotify:track:4dGJf1SER1T6ooX46vwzRB']",['spotify:track:05ZACkzW8YbRq3eFgIfSNB'],"['Wagon Wheel', 'Chicken Fried']",['Springsteen'],0.002667005334010668,0.5121951219512195,32.78881618084474,2.017976885953772,2,1
"['spotify:track:0SGkqnVQo9KPytSri1H6cF', 'spotify:track:3a1lNhkSLSkpJE4MSHpDu9']",['spotify:track:4Km5HrUvYTaSUfiSGPJeQR'],"['Bounce Back', 'Congratulations']",['Bad and Boujee (feat. Lil Uzi Vert)'],0.002667005334010668,0.5121951219512195,22.530862515329062,2.0033972567945137,2,1
"['spotify:track:2EEeOnHehOozLq4aS0n6SL', 'spotify:track:5hTpBe8h35rJ67eAWHQsJx']",['spotify:track:0SGkqnVQo9KPytSri1H6cF'],"['iSpy (feat. Lil Yachty)', 'Caroline']",['Bounce Back'],0.002667005334010668,0.5121951219512195,24.591612135633554,2.0073025146050294,2,1
"['spotify:track:03fT3OHB9KyMtGMt2zwqCT', 'spotify:track:2TR7A4ulH9R1PNwMyd8o8U']",['spotify:track:6eYYm2xwrvdav2yakF3cqg'],"['Play It Again', 'This Is How We Roll']",['Leave The Night On'],0.002667005334010668,0.5121951219512195,41.153310104529616,2.024485648971298,2,1
"['spotify:track:3a1lNhkSLSkpJE4MSHpDu9', 'spotify:track:7GX5flRQZVHRAGd6B4TmDO']",['spotify:track:7KXjTSCq5nL1LoYtL7XAwS'],"['Congratulations', 'XO TOUR Llif3']",['HUMBLE.'],0.002667005334010668,0.5121951219512195,20.266454222331166,1.9981902463804928,2,1
['spotify:track:2MNapHbu7QASoukvVVIxyr'],['spotify:track:5kNe7PE09d6Kvw5pAsx23n'],['Mind Reader'],['Die A Happy Man'],0.002667005334010668,0.5121951219512195,31.75609756097561,2.016935483870968,1,1
"['spotify:track:1zWZvrk13cL8Sl3VLeG57F', 'spotify:track:5kNe7PE09d6Kvw5pAsx23n']",['spotify:track:5CG9Ps5ynNjpKJHmwc95pa'],"['T-Shirt', 'Die A Happy Man']",['Somewhere On A Beach'],0.002667005334010668,0.5121951219512195,53.06611039794608,2.0302133604267207,2,1
['spotify:track:0M955bMOoilikPXwKLYpoi'],['spotify:track:5eFxwmqKrHpSQDOEIFYlgY'],['I Hate Everything About You'],['Animal I Have Become'],0.002667005334010668,0.5121951219512195,87.67444326617179,2.038023876047752,1,1
['spotify:track:5JnLiuMgRAWoHYOhatFP3s'],['spotify:track:4dGJf1SER1T6ooX46vwzRB'],['People Are Crazy'],['Chicken Fried'],0.002667005334010668,0.5121951219512195,32.264195121951225,2.0174561849123696,1,1
"['spotify:track:0v9Wz8o0BT8DU38R4ddjeH', 'spotify:track:343YBumqHu19cGoGARUTsd']",['spotify:track:5hTpBe8h35rJ67eAWHQsJx'],"['No Problem (feat. Lil Wayne & 2 Chainz)', 'Fake Love']",['Caroline'],0.002667005334010668,0.5,21.751381215469614,1.954025908051816,2,1
"['spotify:track:6p8NuHm8uCGnn2Dtbtf7zE', 'spotify:track:7GX5flRQZVHRAGd6B4TmDO']",['spotify:track:4Q3N4Ct4zCuIHuZ65E3BD4'],"['Slippery (feat. Gucci Mane)', 'XO TOUR Llif3']",['Tunnel Vision'],0.002667005334010668,0.5,36.794392523364486,1.9728219456438914,2,1
"['spotify:track:03fT3OHB9KyMtGMt2zwqCT', 'spotify:track:3b7CDTKB0SRTmQ6ytYi5vZ']",['spotify:track:05ZACkzW8YbRq3eFgIfSNB'],"['Play It Again', 'Drunk On You']",['Springsteen'],0.002667005334010668,0.5,32.00813008130081,1.968757937515875,2,1
"['spotify:track:03fT3OHB9KyMtGMt2zwqCT', 'spotify:track:3b7CDTKB0SRTmQ6ytYi5vZ']",['spotify:track:6eYYm2xwrvdav2yakF3cqg'],"['Play It Again', 'Drunk On You']",['Leave The Night On'],0.002667005334010668,0.5,40.1734693877551,1.9751079502159004,2,1
"['spotify:track:03fT3OHB9KyMtGMt2zwqCT', 'spotify:track:6eYYm2xwrvdav2yakF3cqg']",['spotify:track:3b7CDTKB0SRTmQ6ytYi5vZ'],"['Play It Again', 'Leave The Night On']",['Drunk On You'],0.002667005334010668,0.5,43.26373626373626,1.9768859537719075,2,1
"['spotify:track:03fT3OHB9KyMtGMt2zwqCT', 'spotify:track:3b7CDTKB0SRTmQ6ytYi5vZ']",['spotify:track:1yEwEiTpsaPhQi9lb5EVV4'],"['Play It Again', 'Drunk On You']",['Knee Deep (feat. Jimmy Buffett)'],0.002667005334010668,0.5,40.1734693877551,1.9751079502159004,2,1
"['spotify:track:27GmP9AWRs744SzKcpJsTZ', 'spotify:track:2FBUoWkIuQXwayw2RNo5l6']",['spotify:track:5NQbUaeTEOGdD6hHcre0dZ'],"['Jumpman', 'Hotline Bling']",['679 (feat. Remy Boyz)'],0.002667005334010668,0.5,24.761006289308174,1.9596139192278383,2,1
"['spotify:track:03fT3OHB9KyMtGMt2zwqCT', 'spotify:track:6eYYm2xwrvdav2yakF3cqg']",['spotify:track:4dGJf1SER1T6ooX46vwzRB'],"['Play It Again', 'Leave The Night On']",['Chicken Fried'],0.002667005334010668,0.5,31.496000000000002,1.968249936499873,2,1
"['spotify:track:03fT3OHB9KyMtGMt2zwqCT', 'spotify:track:4dGJf1SER1T6ooX46vwzRB']",['spotify:track:6eYYm2xwrvdav2yakF3cqg'],"['Play It Again', 'Chicken Fried']",['Leave The Night On'],0.002667005334010668,0.5,40.1734693877551,1.9751079502159004,2,1
"['spotify:track:03fT3OHB9KyMtGMt2zwqCT', 'spotify:track:6eYYm2xwrvdav2yakF3cqg']",['spotify:track:2TR7A4ulH9R1PNwMyd8o8U'],"['Play It Again', 'Leave The Night On']",['This Is How We Roll'],0.002667005334010668,0.5,39.37,1.9745999491998985,2,1
"['spotify:track:03fT3OHB9KyMtGMt2zwqCT', 'spotify:track:6eYYm2xwrvdav2yakF3cqg']",['spotify:track:5HGibWoxnkYSkl6mHmAlOE'],"['Play It Again', 'Leave The Night On']","[""That's My Kind Of Night""]",0.002667005334010668,0.5,37.85576923076923,1.9735839471678944,2,1
"['spotify:track:03fT3OHB9KyMtGMt2zwqCT', 'spotify:track:6eYYm2xwrvdav2yakF3cqg']",['spotify:track:7vWGeYZJUzBXKGPro05UXS'],"['Play It Again', 'Leave The Night On']",['Take Your Time'],0.002667005334010668,0.5,40.58762886597938,1.9753619507239015,2,1
"['spotify:track:03fT3OHB9KyMtGMt2zwqCT', 'spotify:track:3b7CDTKB0SRTmQ6ytYi5vZ']",['spotify:track:5yIiXdLRE85OBiQmCaUenq'],"['Play It Again', 'Drunk On You']",['Sure Be Cool If You Did'],0.002667005334010668,0.5,65.61666666666667,1.984759969519939,2,1
"['spotify:track:05ZACkzW8YbRq3eFgIfSNB', 'spotify:track:1TKlBK9cSrM5u4CiL4SETS']",['spotify:track:4O1CExxinEpKZi3861NlTK'],"['Springsteen', 'Talladega']",['Get Me Some Of That'],0.002667005334010668,0.5,47.433734939759034,1.9789179578359157,2,1
"['spotify:track:2FBUoWkIuQXwayw2RNo5l6', 'spotify:track:5NQbUaeTEOGdD6hHcre0dZ']",['spotify:track:27GmP9AWRs744SzKcpJsTZ'],"['Hotline Bling', '679 (feat. Remy Boyz)']",['Jumpman'],0.002667005334010668,0.48837209302325585,19.619601328903656,1.9058928117856235,2,1
"['spotify:track:0v9Wz8o0BT8DU38R4ddjeH', 'spotify:track:5uDASfU19gDxSjW8cnCaBp']",['spotify:track:5hTpBe8h35rJ67eAWHQsJx'],"['No Problem (feat. Lil Wayne & 2 Chainz)', 'Chill Bill']",['Caroline'],0.002667005334010668,0.48837209302325585,21.245535140691253,1.9096162283233657,2,1
"['spotify:track:0i5el041vd6nxrGEU8QRxy', 'spotify:track:6s9ICeczYOfbHHIaSMq9jd']",['spotify:track:5HGibWoxnkYSkl6mHmAlOE'],"['Cruise', 'Get Your Shine On']","[""That's My Kind Of Night""]",0.002667005334010668,0.48837209302325585,36.97540250447227,1.9287297665504421,2,1
"['spotify:track:5T6DM9qjjngWnukcw0svkX', 'spotify:track:6s9ICeczYOfbHHIaSMq9jd']",['spotify:track:3xdjjKMcMOFgo1eQrfbogM'],"['Round Here', 'Get Your Shine On']",['Wagon Wheel'],0.002667005334010668,0.48837209302325585,34.030458942169176,1.9264957166277967,2,1
"['spotify:track:5ZManJDV3CexO66nRCkdiV', 'spotify:track:5kNe7PE09d6Kvw5pAsx23n']",['spotify:track:0H04yVa3DJxoXbLBpAb7iV'],"['Break Up with Him', 'Die A Happy Man']","[""I'm Comin' Over""]",0.002667005334010668,0.48837209302325585,49.300536672629704,1.935183688549195,2,1
['spotify:track:6yIMatK8OCXC3GuIlwHxuM'],['spotify:track:5kjyiH6but1t2UDXq15aeS'],['Jump Right In'],['Toes'],0.002667005334010668,0.48837209302325585,40.908955962394856,1.9312120442422702,1,1
['spotify:track:4W38RXuQNuoTSwVsQA1OGC'],['spotify:track:2N3F1EQCpnIeDOA3rLSAfE'],"[""Nothin' Like You""]",['Break Up In A Small Town'],0.002667005334010668,0.48837209302325585,45.77906976744186,1.9336943219340983,1,1
"['spotify:track:0i5el041vd6nxrGEU8QRxy', 'spotify:track:6s9ICeczYOfbHHIaSMq9jd']",['spotify:track:0yD66650JxhqKbW76C2qCo'],"['Cruise', 'Get Your Shine On']",['Country Girl (Shake It For Me)'],0.002667005334010668,0.48837209302325585,49.300536672629704,1.935183688549195,2,1
['spotify:track:0iA1unTbTbDOWUSlbwJ1pS'],['spotify:track:7I5fYc4qKJddht8Ozhqqdx'],"[""It Don't Hurt Like It Used To""]",['Snapback'],0.002667005334010668,0.48837209302325585,55.73104145601618,1.9374177384718405,1,1
"['spotify:track:5ZManJDV3CexO66nRCkdiV', 'spotify:track:5kNe7PE09d6Kvw5pAsx23n']",['spotify:track:5BbYPT6ehZf0hSv2su6JAl'],"['Break Up with Him', 'Die A Happy Man']",['Make You Miss Me'],0.002667005334010668,0.48837209302325585,51.96543054682589,1.9361765996259264,2,1
['spotify:track:38gZVjeaeR3gcnCzziAxBm'],['spotify:track:7f08qp3HROTkfrtNpiYGGo'],['Middle of a Memory'],['Dirt On My Boots'],0.002667005334010668,0.48837209302325585,75.40082079343367,1.9418858383171311,1,1
['spotify:track:38gZVjeaeR3gcnCzziAxBm'],['spotify:track:5kNe7PE09d6Kvw5pAsx23n'],['Middle of a Memory'],['Die A Happy Man'],0.002667005334010668,0.48837209302325585,30.279069767441865,1.9230205278592374,1,1
['spotify:track:7px4t7HGiuMUvFkEOpZEwp'],['spotify:track:0O1x2tRm8ZpfDbcpOWZp7z'],['Song for Another Time'],['American Country Love Song'],0.002667005334010668,0.48837209302325585,67.4638922888617,1.940396471702034,1,1
['spotify:track:7px4t7HGiuMUvFkEOpZEwp'],['spotify:track:1zWZvrk13cL8Sl3VLeG57F'],['Song for Another Time'],['T-Shirt'],0.002667005334010668,0.48837209302325585,46.33062482488092,1.9339425497032812,1,1
"['spotify:track:1soxUgYIZb1qx1c7o1Lc7z', 'spotify:track:5kNe7PE09d6Kvw5pAsx23n']",['spotify:track:1zWZvrk13cL8Sl3VLeG57F'],"['Drunk On A Plane', 'Die A Happy Man']",['T-Shirt'],0.002667005334010668,0.47727272727272724,45.27765607886089,1.8928780466256585,2,1
"['spotify:track:0SGkqnVQo9KPytSri1H6cF', 'spotify:track:6gBFPUFcJLzWGx4lenP6h2']",['spotify:track:5hTpBe8h35rJ67eAWHQsJx'],"['Bounce Back', 'goosebumps']",['Caroline'],0.002667005334010668,0.47727272727272724,20.762682069311904,1.8690682598756503,2,1
"['spotify:track:0SGkqnVQo9KPytSri1H6cF', 'spotify:track:6gBFPUFcJLzWGx4lenP6h2']",['spotify:track:4Km5HrUvYTaSUfiSGPJeQR'],"['Bounce Back', 'goosebumps']",['Bad and Boujee (feat. Lil Uzi Vert)'],0.002667005334010668,0.47727272727272724,20.994667343829352,1.8695541738909567,2,1
"['spotify:track:3a1lNhkSLSkpJE4MSHpDu9', 'spotify:track:4Km5HrUvYTaSUfiSGPJeQR']",['spotify:track:0SGkqnVQo9KPytSri1H6cF'],"['Congratulations', 'Bad and Boujee (feat. Lil Uzi Vert)']",['Bounce Back'],0.002667005334010668,0.47727272727272724,22.91491130820399,1.8731985290057538,2,1
"['spotify:track:2EEeOnHehOozLq4aS0n6SL', 'spotify:track:7yyRTcZmCiyzzJlNzGC9Ol']",['spotify:track:0SGkqnVQo9KPytSri1H6cF'],"['iSpy (feat. Lil Yachty)', 'Broccoli (feat. Lil Yachty)']",['Bounce Back'],0.002667005334010668,0.47727272727272724,22.91491130820399,1.8731985290057538,2,1
"['spotify:track:1soxUgYIZb1qx1c7o1Lc7z', 'spotify:track:5kNe7PE09d6Kvw5pAsx23n']",['spotify:track:6eYYm2xwrvdav2yakF3cqg'],"['Drunk On A Plane', 'Die A Happy Man']",['Leave The Night On'],0.002667005334010668,0.47727272727272724,38.34740259740259,1.8892336915108612,2,1
"['spotify:track:1soxUgYIZb1qx1c7o1Lc7z', 'spotify:track:5kNe7PE09d6Kvw5pAsx23n']",['spotify:track:0BCy325UZyR9z0t0uxwn2N'],"['Drunk On A Plane', 'Die A Happy Man']",['H.O.L.Y.'],0.002667005334010668,0.47727272727272724,37.208370837083706,1.8885048204879018,2,1
['spotify:track:77oU2rjC5XbjQfNe3bD6so'],['spotify:track:2LawezPeJhN4AWuSB0GtAU'],['Beast Of Burden - Remastered'],['Have You Ever Seen The Rain?'],0.002667005334010668,0.47727272727272724,46.395622895622886,1.8933639606409647,1,1
['spotify:track:6W9W8dSswA8KNegvl3W97V'],['spotify:track:5S5rw0WLVCAux5B5bWCehK'],['Think of You'],['I Like The Sound Of That'],0.002667005334010668,0.47727272727272724,62.63409090909091,1.8984660578016808,1,1
['spotify:track:6W9W8dSswA8KNegvl3W97V'],['spotify:track:46ZfPS5VpSQVU5gb82hg3K'],['Think of You'],['Anything Goes'],0.002667005334010668,0.47727272727272724,49.44796650717703,1.8945787456792307,1,1
"['spotify:track:1soxUgYIZb1qx1c7o1Lc7z', 'spotify:track:5kNe7PE09d6Kvw5pAsx23n']",['spotify:track:1qwnPVOIJjAFfCc40Etb1D'],"['Drunk On A Plane', 'Die A Happy Man']",['Homegrown'],0.002667005334010668,0.47727272727272724,46.975568181818176,1.893606917648618,2,1
['spotify:track:5y2pNuAvWcPKiORZ12e44S'],['spotify:track:0O1x2tRm8ZpfDbcpOWZp7z'],"[""Night's On Fire""]",['American Country Love Song'],0.002667005334010668,0.47727272727272724,65.93062200956938,1.8991949288246404,1,1
['spotify:track:5y2pNuAvWcPKiORZ12e44S'],['spotify:track:1jNNHFZmRGXZFHlil5uhei'],"[""Night's On Fire""]",['Drunk On Your Love'],0.002667005334010668,0.47727272727272724,59.65151515151514,1.8977371867787216,1,1
['spotify:track:5y2pNuAvWcPKiORZ12e44S'],['spotify:track:5CG9Ps5ynNjpKJHmwc95pa'],"[""Night's On Fire""]",['Somewhere On A Beach'],0.002667005334010668,0.47727272727272724,49.44796650717703,1.8945787456792307,1,1
['spotify:track:5y2pNuAvWcPKiORZ12e44S'],['spotify:track:46ZfPS5VpSQVU5gb82hg3K'],"[""Night's On Fire""]",['Anything Goes'],0.002667005334010668,0.47727272727272724,49.44796650717703,1.8945787456792307,1,1
['spotify:track:5y2pNuAvWcPKiORZ12e44S'],['spotify:track:1zWZvrk13cL8Sl3VLeG57F'],"[""Night's On Fire""]",['T-Shirt'],0.002667005334010668,0.47727272727272724,45.27765607886089,1.8928780466256585,1,1
['spotify:track:5y2pNuAvWcPKiORZ12e44S'],['spotify:track:0BCy325UZyR9z0t0uxwn2N'],"[""Night's On Fire""]",['H.O.L.Y.'],0.002667005334010668,0.47727272727272724,37.208370837083706,1.8885048204879018,1,1
"['spotify:track:0SGkqnVQo9KPytSri1H6cF', 'spotify:track:5hTpBe8h35rJ67eAWHQsJx']",['spotify:track:6gBFPUFcJLzWGx4lenP6h2'],"['Bounce Back', 'Caroline']",['goosebumps'],0.002667005334010668,0.4666666666666667,24.016557734204795,1.8385668021336041,2,1
"['spotify:track:5hTpBe8h35rJ67eAWHQsJx', 'spotify:track:5uDASfU19gDxSjW8cnCaBp']",['spotify:track:0v9Wz8o0BT8DU38R4ddjeH'],"['Caroline', 'Chill Bill']",['No Problem (feat. Lil Wayne & 2 Chainz)'],0.002667005334010668,0.4666666666666667,19.039032815198617,1.8290417830835664,2,1
['spotify:track:5BoIP8Eha5hwmRVURkC2Us'],['spotify:track:4E5P1XyAFtrjpiIxkydly4'],['In My Head'],['Replay'],0.002667005334010668,0.4666666666666667,36.745333333333335,1.8511874523749048,1,1
['spotify:track:5BoIP8Eha5hwmRVURkC2Us'],['spotify:track:5OMwQFBcte0aWFJFqrr5oj'],['In My Head'],['TiK ToK'],0.002667005334010668,0.4666666666666667,36.38151815181518,1.8509493268986537,1,1
['spotify:track:5BoIP8Eha5hwmRVURkC2Us'],['spotify:track:0CAfXk7DXMnon4gLudAp7J'],['In My Head'],['Low (feat T-Pain) - Feat T-Pain Album Version'],0.002667005334010668,0.4666666666666667,30.87843137254902,1.8466630683261367,1,1
"['spotify:track:0SGkqnVQo9KPytSri1H6cF', 'spotify:track:5hTpBe8h35rJ67eAWHQsJx']",['spotify:track:2EEeOnHehOozLq4aS0n6SL'],"['Bounce Back', 'Caroline']",['iSpy (feat. Lil Yachty)'],0.002667005334010668,0.4666666666666667,25.341609195402295,1.840471805943612,2,1
['spotify:track:4sFbojhVXQv7dBC9PVCcRn'],['spotify:track:1dv3ePjze9tPq2pk8eWJdR'],['Sympathy For The Devil'],['Gimme Shelter'],0.002667005334010668,0.4666666666666667,63.354022988505754,1.8611887223774448,1,1
"['spotify:track:0VgkVdmE4gld66l8iyGjgx', 'spotify:track:4Km5HrUvYTaSUfiSGPJeQR']",['spotify:track:6p8NuHm8uCGnn2Dtbtf7zE'],"['Mask Off', 'Bad and Boujee (feat. Lil Uzi Vert)']",['Slippery (feat. Gucci Mane)'],0.002667005334010668,0.4666666666666667,34.023456790123454,1.849282448564897,2,1
"['spotify:track:6eYYm2xwrvdav2yakF3cqg', 'spotify:track:7vWGeYZJUzBXKGPro05UXS']",['spotify:track:03fT3OHB9KyMtGMt2zwqCT'],"['Leave The Night On', 'Take Your Time']",['Play It Again'],0.002667005334010668,0.4666666666666667,33.404848484848486,1.8488061976123953,2,1
"['spotify:track:3ts6xK5GzfMAAriT9AIBmP', 'spotify:track:4dGJf1SER1T6ooX46vwzRB']",['spotify:track:5dNGORzxFb5z3v7vSAFkTU'],"['Barefoot Blue Jean Night', 'Chicken Fried']","[""Beachin'""]",0.002667005334010668,0.4666666666666667,56.531282051282055,1.859521844043688,2,1
"['spotify:track:2Fk0WwAqTBesLtKg97nojy', 'spotify:track:5kNe7PE09d6Kvw5pAsx23n']",['spotify:track:2N3F1EQCpnIeDOA3rLSAfE'],"['Crash And Burn', 'Die A Happy Man']",['Break Up In A Small Town'],0.002667005334010668,0.4565217391304348,42.79347826086956,1.8203708407416814,2,1
"['spotify:track:0v9Wz8o0BT8DU38R4ddjeH', 'spotify:track:7KXjTSCq5nL1LoYtL7XAwS']",['spotify:track:5hTpBe8h35rJ67eAWHQsJx'],"['No Problem (feat. Lil Wayne & 2 Chainz)', 'HUMBLE.']",['Caroline'],0.002667005334010668,0.4565217391304348,19.859956761950517,1.7977038354076709,2,1
['spotify:track:4Ow5x7P5NAAR1jPoskudoA'],['spotify:track:0CAfXk7DXMnon4gLudAp7J'],['OMG'],['Low (feat T-Pain) - Feat T-Pain Album Version'],0.002667005334010668,0.4565217391304348,30.207161125319693,1.8121920243840488,1,1
['spotify:track:248OFOZef6ShXv6DGgbnxU'],['spotify:track:152lZdxL1OR0ZMW6KquMif'],['Saved'],['Location'],0.002667005334010668,0.4565217391304348,23.96434782608696,1.80494792989586,1,1
"['spotify:track:2Fk0WwAqTBesLtKg97nojy', 'spotify:track:5kNe7PE09d6Kvw5pAsx23n']",['spotify:track:7vWGeYZJUzBXKGPro05UXS'],"['Crash And Burn', 'Die A Happy Man']",['Take Your Time'],0.002667005334010668,0.4565217391304348,37.05826983415509,1.8173329946659895,2,1
"['spotify:track:2Fk0WwAqTBesLtKg97nojy', 'spotify:track:5kNe7PE09d6Kvw5pAsx23n']",['spotify:track:46ZfPS5VpSQVU5gb82hg3K'],"['Crash And Burn', 'Die A Happy Man']",['Anything Goes'],0.002667005334010668,0.4565217391304348,47.29805491990847,1.8222402844805692,2,1
"['spotify:track:2EEeOnHehOozLq4aS0n6SL', 'spotify:track:4Km5HrUvYTaSUfiSGPJeQR']",['spotify:track:7KOlJ92bu51cltsD9KU5I7'],"['iSpy (feat. Lil Yachty)', 'Bad and Boujee (feat. Lil Uzi Vert)']",['T-Shirt'],0.002667005334010668,0.4565217391304348,33.283816425120776,1.814762509525019,2,1
['spotify:track:0IjDzVe0oK7aYP7c05gJaI'],['spotify:track:3xdjjKMcMOFgo1eQrfbogM'],['Homegrown Honey'],['Wagon Wheel'],0.002667005334010668,0.4565217391304348,31.811081185071185,1.8135941071882145,1,1
['spotify:track:5eFxwmqKrHpSQDOEIFYlgY'],['spotify:track:0M955bMOoilikPXwKLYpoi'],['Animal I Have Become'],['I Hate Everything About You'],0.002667005334010668,0.4565217391304348,87.6744432661718,1.8304191008382018,1,1
"['spotify:track:343YBumqHu19cGoGARUTsd', 'spotify:track:5hTpBe8h35rJ67eAWHQsJx']",['spotify:track:0v9Wz8o0BT8DU38R4ddjeH'],"['Fake Love', 'Caroline']",['No Problem (feat. Lil Wayne & 2 Chainz)'],0.002667005334010668,0.4468085106382979,18.22886120604123,1.7633838729215923,2,1
['spotify:track:48q0vSHcJdhK3IiXH8C5WJ'],['spotify:track:3rq5w4bQGigXOfdN30ATJt'],"[""Why'd You Only Call Me When You're High?""]",['Do I Wanna Know?'],0.002667005334010668,0.4468085106382979,40.43873807776963,1.7877190754381513,1,1
"['spotify:track:5hTpBe8h35rJ67eAWHQsJx', 'spotify:track:7KXjTSCq5nL1LoYtL7XAwS']",['spotify:track:0v9Wz8o0BT8DU38R4ddjeH'],"['Caroline', 'HUMBLE.']",['No Problem (feat. Lil Wayne & 2 Chainz)'],0.002667005334010668,0.4468085106382979,18.22886120604123,1.7633838729215923,2,1
"['spotify:track:5hTpBe8h35rJ67eAWHQsJx', 'spotify:track:7KXjTSCq5nL1LoYtL7XAwS']",['spotify:track:4Km5HrUvYTaSUfiSGPJeQR'],"['Caroline', 'HUMBLE.']",['Bad and Boujee (feat. Lil Uzi Vert)'],0.002667005334010668,0.4468085106382979,19.654582194223227,1.766597956272836,2,1
"['spotify:track:4Km5HrUvYTaSUfiSGPJeQR', 'spotify:track:7KXjTSCq5nL1LoYtL7XAwS']",['spotify:track:5hTpBe8h35rJ67eAWHQsJx'],"['Bad and Boujee (feat. Lil Uzi Vert)', 'HUMBLE.']",['Caroline'],0.002667005334010668,0.4468085106382979,19.437404490419656,1.7661388015083725,2,1
['spotify:track:3vCHmbyOgc6pgwLUWfU4pF'],['spotify:track:5T8EDUDqKcs6OSOwEsfqG7'],['Somebody To Love - Remastered 2011'],"[""Don't Stop Me Now - Remastered""]",0.002667005334010668,0.4468085106382979,45.69052224371374,1.790014849260468,1,1
"['spotify:track:4Km5HrUvYTaSUfiSGPJeQR', 'spotify:track:7KXjTSCq5nL1LoYtL7XAwS']",['spotify:track:0SGkqnVQo9KPytSri1H6cF'],"['Bad and Boujee (feat. Lil Uzi Vert)', 'HUMBLE.']",['Bounce Back'],0.002667005334010668,0.4468085106382979,21.452257394914376,1.7700416170063111,2,1
"['spotify:track:27GmP9AWRs744SzKcpJsTZ', 'spotify:track:5NQbUaeTEOGdD6hHcre0dZ']",['spotify:track:2FBUoWkIuQXwayw2RNo5l6'],"['Jumpman', '679 (feat. Remy Boyz)']",['Hotline Bling'],0.002667005334010668,0.4468085106382979,25.49398704902868,1.7760106289443351,2,1
"['spotify:track:0SGkqnVQo9KPytSri1H6cF', 'spotify:track:2EEeOnHehOozLq4aS0n6SL']",['spotify:track:5hTpBe8h35rJ67eAWHQsJx'],"['Bounce Back', 'iSpy (feat. Lil Yachty)']",['Caroline'],0.002667005334010668,0.4468085106382979,19.437404490419656,1.7661388015083725,2,1
"['spotify:track:0SGkqnVQo9KPytSri1H6cF', 'spotify:track:2EEeOnHehOozLq4aS0n6SL']",['spotify:track:7yyRTcZmCiyzzJlNzGC9Ol'],"['Bounce Back', 'iSpy (feat. Lil Yachty)']",['Broccoli (feat. Lil Yachty)'],0.002667005334010668,0.4468085106382979,15.776548039309228,1.7564965514546418,2,1
['spotify:track:1XazlqB4YAtvouCmJPWXlM'],['spotify:track:2Fk0WwAqTBesLtKg97nojy'],['Wanna Be That Song'],['Crash And Burn'],0.002667005334010668,0.4468085106382979,39.97920696324952,1.7874894980559195,1,1
['spotify:track:1XazlqB4YAtvouCmJPWXlM'],['spotify:track:6zkHymyoD3tIqV7RwCAYUw'],['Wanna Be That Song'],['Sleep Without You'],0.002667005334010668,0.4468085106382979,68.98372966207761,1.795983861198492,1,1
['spotify:track:1XazlqB4YAtvouCmJPWXlM'],['spotify:track:5BbYPT6ehZf0hSv2su6JAl'],['Wanna Be That Song'],['Make You Miss Me'],0.002667005334010668,0.4468085106382979,47.54284071305348,1.790703581407163,1,1
['spotify:track:29AR5X5yKPd4DBIAiqUMDy'],['spotify:track:05ZACkzW8YbRq3eFgIfSNB'],['Southern Girl'],['Springsteen'],0.002667005334010668,0.4468085106382979,28.603009859885837,1.7794542896778105,1,1
['spotify:track:4f3ocvNFdJMmGP04kskM2J'],['spotify:track:0H04yVa3DJxoXbLBpAb7iV'],"[""Burnin' It Down""]","[""I'm Comin' Over""]",0.002667005334010668,0.4468085106382979,45.10474631751228,1.7897852718782363,1,1
['spotify:track:6ml6iL8HUdQKgtMaehAZc8'],['spotify:track:7o2CTH4ctstm8TNelqjb51'],['Start Me Up - Remastered'],"[""Sweet Child O' Mine""]",0.002667005334010668,0.4468085106382979,33.19028502609394,1.783357105175749,1,1
['spotify:track:3uoQULcUWfnt6nc6J7Vgai'],['spotify:track:5OMwQFBcte0aWFJFqrr5oj'],['Your Love Is My Drug'],['TiK ToK'],0.002667005334010668,0.4468085106382979,34.8333684432273,1.7845049920869074,1,1
['spotify:track:6JG0qhINKVwiHxqN85j7RG'],['spotify:track:7FOJvA3PxiIU0DN3JjQ7jT'],['Crooked Smile'],['Power Trip'],0.002667005334010668,0.4468085106382979,45.69052224371374,1.790014849260468,1,1
['spotify:track:5HJId22hZ2IvFnvNSy6ZbE'],['spotify:track:5kNe7PE09d6Kvw5pAsx23n'],['Different For Girls'],['Die A Happy Man'],0.002667005334010668,0.4468085106382979,27.702127659574472,1.7785359801488836,1,1
['spotify:track:5HJId22hZ2IvFnvNSy6ZbE'],['spotify:track:6xHI9KjUjYT0FPtGO8Mxa1'],['Different For Girls'],['Hurricane'],0.002667005334010668,0.4468085106382979,55.843971631205676,1.7932289326117117,1,1
['spotify:track:5HJId22hZ2IvFnvNSy6ZbE'],['spotify:track:5CG9Ps5ynNjpKJHmwc95pa'],['Different For Girls'],['Somewhere On A Beach'],0.002667005334010668,0.4468085106382979,46.29171332586787,1.7902444266426998,1,1
"['spotify:track:0BCy325UZyR9z0t0uxwn2N', 'spotify:track:5kNe7PE09d6Kvw5pAsx23n']",['spotify:track:2N3F1EQCpnIeDOA3rLSAfE'],"['H.O.L.Y.', 'Die A Happy Man']",['Break Up In A Small Town'],0.002667005334010668,0.43750000000000006,41.01041666666667,1.7588124065137019,2,1
['spotify:track:7I6DceMT3utDOHjcYCbrr4'],['spotify:track:4gFXY5yvHayGckJndafYQE'],"[""Don't Matter""]","[""Buy U a Drank (Shawty Snappin')""]",0.002667005334010668,0.43750000000000006,26.29675572519084,1.748200829734993,1,1
"['spotify:track:0SGkqnVQo9KPytSri1H6cF', 'spotify:track:7yyRTcZmCiyzzJlNzGC9Ol']",['spotify:track:2EEeOnHehOozLq4aS0n6SL'],"['Bounce Back', 'Broccoli (feat. Lil Yachty)']",['iSpy (feat. Lil Yachty)'],0.002667005334010668,0.43750000000000006,23.757758620689657,1.7450399345243135,2,1
['spotify:track:6dViIgkYIRccNImPln58rS'],['spotify:track:1lzr43nnXAijIGYnCT8M8H'],['Angel'],"[""It Wasn't Me""]",0.002667005334010668,0.43750000000000006,23.276182432432435,1.7443625998363108,1,1
"['spotify:track:0BCy325UZyR9z0t0uxwn2N', 'spotify:track:5kNe7PE09d6Kvw5pAsx23n']",['spotify:track:6eYYm2xwrvdav2yakF3cqg'],"['H.O.L.Y.', 'Die A Happy Man']",['Leave The Night On'],0.002667005334010668,0.43750000000000006,35.151785714285715,1.7556515113030224,2,1
['spotify:track:59J5nzL1KniFHnU120dQzt'],['spotify:track:7GX5flRQZVHRAGd6B4TmDO'],['wokeuplikethis*'],['XO TOUR Llif3'],0.002667005334010668,0.43750000000000006,26.097537878787882,1.7479750515056585,1,1
['spotify:track:59J5nzL1KniFHnU120dQzt'],['spotify:track:6HZILIRieu8S0iqY8kIKhj'],['wokeuplikethis*'],['DNA.'],0.002667005334010668,0.43750000000000006,33.12379807692308,1.7542968419270173,1,1
['spotify:track:59J5nzL1KniFHnU120dQzt'],['spotify:track:1f5cbQtDrykjarZVrShaDI'],['wokeuplikethis*'],['Drowning (feat. Kodak Black)'],0.002667005334010668,0.43750000000000006,34.448750000000004,1.7551999548443542,1,1
['spotify:track:2IGr3q6ljcpLvHDFLtI0yW'],['spotify:track:7EiZI6JVHllARrX9PUvAdX'],['Look Alive'],['Low Life'],0.002667005334010668,0.43750000000000006,23.11996644295302,1.7441368216069764,1,1
"['spotify:track:0BCy325UZyR9z0t0uxwn2N', 'spotify:track:5kNe7PE09d6Kvw5pAsx23n']",['spotify:track:1soxUgYIZb1qx1c7o1Lc7z'],"['H.O.L.Y.', 'Die A Happy Man']",['Drunk On A Plane'],0.002667005334010668,0.43750000000000006,35.151785714285715,1.7556515113030224,2,1
['spotify:track:4CgEARPGRltAQaJr1tRsoE'],['spotify:track:2QVzUws1l5mzZ4v46tGHrC'],['Gonna Wanna Tonight'],['Love You Like That'],0.002667005334010668,0.43750000000000006,59.39439655172415,1.764682640476392,1,1
['spotify:track:4CgEARPGRltAQaJr1tRsoE'],['spotify:track:2FviG1Ma0M0BSZbqaDvw0x'],['Gonna Wanna Tonight'],['House Party'],0.002667005334010668,0.43750000000000006,30.485619469026553,1.752264837863009,1,1
"['spotify:track:0BCy325UZyR9z0t0uxwn2N', 'spotify:track:5kNe7PE09d6Kvw5pAsx23n']",['spotify:track:6IFPfV8PNSYOmufzQ95hmm'],"['H.O.L.Y.', 'Die A Happy Man']",['Confession'],0.002667005334010668,0.43750000000000006,54.68055555555556,1.7635537493297209,2,1
['spotify:track:63OQWdXMq0Pe6pRpWY5gO0'],['spotify:track:5CG9Ps5ynNjpKJHmwc95pa'],['Star Of The Show'],['Somewhere On A Beach'],0.002667005334010668,0.43750000000000006,45.32730263157895,1.760618632348376,1,1
['spotify:track:63OQWdXMq0Pe6pRpWY5gO0'],['spotify:track:0BCy325UZyR9z0t0uxwn2N'],['Star Of The Show'],['H.O.L.Y.'],0.002667005334010668,0.43750000000000006,34.10767326732674,1.7549741766150198,1,1
['spotify:track:1EaKU4dMbesXXd3BrLCtYG'],['spotify:track:7KXjTSCq5nL1LoYtL7XAwS'],['ELEMENT.'],['HUMBLE.'],0.002667005334010668,0.43750000000000006,17.310929648241206,1.7328479101402647,1,1
['spotify:track:3OZVqx1YsqDDkxQ6TnmHtn'],['spotify:track:3y1t2sEahs8idFz2tiYNPO'],"[""Ain't Worth The Whiskey""]",['Let Me See Ya Girl'],0.002667005334010668,0.43750000000000006,53.826171875000014,1.7633279711003866,1,1
['spotify:track:5FVuERsYqtKKAaWe62NBnv'],['spotify:track:5kNe7PE09d6Kvw5pAsx23n'],['Mean To Me'],['Die A Happy Man'],0.002667005334010668,0.43750000000000006,27.125000000000004,1.7491039426523298,1,1
['spotify:track:23oxJmDc1V9uLUSmN2LIvx'],['spotify:track:12qZHAeOyTf93YAWvGDTat'],['Ocean Avenue'],['All The Small Things'],0.002667005334010668,0.43750000000000006,30.21820175438597,1.7520390596336748,1,1
"['spotify:track:4Km5HrUvYTaSUfiSGPJeQR', 'spotify:track:5hTpBe8h35rJ67eAWHQsJx']",['spotify:track:7KXjTSCq5nL1LoYtL7XAwS'],"['Bad and Boujee (feat. Lil Uzi Vert)', 'Caroline']",['HUMBLE.'],0.002667005334010668,0.42857142857142855,16.95764536970567,1.7057721615443233,2,1
"['spotify:track:4gmmRb6bZJffOOiww1JGTO', 'spotify:track:6fwdbPMwP1zVStm8FybmkO']",['spotify:track:7KOlJ92bu51cltsD9KU5I7'],"['No Heart', 'X (feat. Future)']",['T-Shirt'],0.002667005334010668,0.42857142857142855,31.246031746031743,1.725996951993904,2,1
"['spotify:track:2FviG1Ma0M0BSZbqaDvw0x', 'spotify:track:7vWGeYZJUzBXKGPro05UXS']",['spotify:track:4dGJf1SER1T6ooX46vwzRB'],"['House Party', 'Take Your Time']",['Chicken Fried'],0.002667005334010668,0.42857142857142855,26.99657142857143,1.722218694437389,2,1
"['spotify:track:2FviG1Ma0M0BSZbqaDvw0x', 'spotify:track:7vWGeYZJUzBXKGPro05UXS']",['spotify:track:0H04yVa3DJxoXbLBpAb7iV'],"['House Party', 'Take Your Time']","[""I'm Comin' Over""]",0.002667005334010668,0.42857142857142855,43.26373626373626,1.7326644653289307,2,1
"['spotify:track:2FviG1Ma0M0BSZbqaDvw0x', 'spotify:track:7vWGeYZJUzBXKGPro05UXS']",['spotify:track:46ZfPS5VpSQVU5gb82hg3K'],"['House Party', 'Take Your Time']",['Anything Goes'],0.002667005334010668,0.42857142857142855,44.40225563909774,1.7331089662179326,2,1
['spotify:track:17Vry8h1fUTYg8NL6pHhem'],['spotify:track:5CG9Ps5ynNjpKJHmwc95pa'],['Fix'],['Somewhere On A Beach'],0.002667005334010668,0.42857142857142855,44.40225563909774,1.7331089662179326,1,1
['spotify:track:17Vry8h1fUTYg8NL6pHhem'],['spotify:track:5ZManJDV3CexO66nRCkdiV'],['Fix'],['Break Up with Him'],0.002667005334010668,0.42857142857142855,43.26373626373626,1.7326644653289307,1,1
['spotify:track:17Vry8h1fUTYg8NL6pHhem'],['spotify:track:0BCy325UZyR9z0t0uxwn2N'],['Fix'],['H.O.L.Y.'],0.002667005334010668,0.42857142857142855,33.41159830268741,1.7275527051054103,1,1
"['spotify:track:2FviG1Ma0M0BSZbqaDvw0x', 'spotify:track:6eYYm2xwrvdav2yakF3cqg']",['spotify:track:4dGJf1SER1T6ooX46vwzRB'],"['House Party', 'Leave The Night On']",['Chicken Fried'],0.002667005334010668,0.42000000000000004,26.456640000000004,1.6967671866378216,2,1
"['spotify:track:7GX5flRQZVHRAGd6B4TmDO', 'spotify:track:7KXjTSCq5nL1LoYtL7XAwS']",['spotify:track:3a1lNhkSLSkpJE4MSHpDu9'],"['XO TOUR Llif3', 'HUMBLE.']",['Congratulations'],0.002667005334010668,0.42000000000000004,18.684067796610172,1.6853809569688105,2,1
['spotify:track:6HMHgBHdLBQ0QYIaOp2gse'],['spotify:track:10I3CmmwT0BkOVhduDy53o'],"[""I Don't Get Tired (#IDGT) [feat. August Alsina]""]",['Really Really'],0.002667005334010668,0.42000000000000004,38.45441860465117,1.70530685888958,1,1
"['spotify:track:2FviG1Ma0M0BSZbqaDvw0x', 'spotify:track:6eYYm2xwrvdav2yakF3cqg']",['spotify:track:6IFPfV8PNSYOmufzQ95hmm'],"['House Party', 'Leave The Night On']",['Confession'],0.002667005334010668,0.42000000000000004,52.49333333333333,1.7103430758585656,2,1
['spotify:track:6ZOPiKQeibCn7fP8dncucL'],['spotify:track:7mldq42yDuxiUNn08nvzHO'],"[""Blue Ain't Your Color""]",['Body Like A Back Road'],0.002667005334010668,0.42000000000000004,30.06436363636364,1.700051675965421,1,1
"['spotify:track:2FviG1Ma0M0BSZbqaDvw0x', 'spotify:track:6eYYm2xwrvdav2yakF3cqg']",['spotify:track:1jNNHFZmRGXZFHlil5uhei'],"['House Party', 'Leave The Night On']",['Drunk On Your Love'],0.002667005334010668,0.42000000000000004,52.49333333333333,1.7103430758585656,2,1
['spotify:track:6zkHymyoD3tIqV7RwCAYUw'],['spotify:track:7mldq42yDuxiUNn08nvzHO'],['Sleep Without You'],['Body Like A Back Road'],0.002667005334010668,0.411764705882353,29.47486631016043,1.6762509525019054,1,1
['spotify:track:6zkHymyoD3tIqV7RwCAYUw'],['spotify:track:1zWZvrk13cL8Sl3VLeG57F'],['Sleep Without You'],['T-Shirt'],0.002667005334010668,0.411764705882353,39.06307583274274,1.6820802641605286,1,1
['spotify:track:7f08qp3HROTkfrtNpiYGGo'],['spotify:track:6xHI9KjUjYT0FPtGO8Mxa1'],['Dirt On My Boots'],['Hurricane'],0.002667005334010668,0.411764705882353,51.4640522875817,1.6863982727965459,1,1
['spotify:track:7f08qp3HROTkfrtNpiYGGo'],['spotify:track:7mldq42yDuxiUNn08nvzHO'],['Dirt On My Boots'],['Body Like A Back Road'],0.002667005334010668,0.411764705882353,29.47486631016043,1.6762509525019054,1,1
"['spotify:track:03fT3OHB9KyMtGMt2zwqCT', 'spotify:track:5HGibWoxnkYSkl6mHmAlOE']",['spotify:track:0i5el041vd6nxrGEU8QRxy'],"['Play It Again', ""That's My Kind Of Night""]",['Cruise'],0.002667005334010668,0.411764705882353,28.692347735554403,1.6756032512065027,2,1
"['spotify:track:03fT3OHB9KyMtGMt2zwqCT', 'spotify:track:5HGibWoxnkYSkl6mHmAlOE']",['spotify:track:5kNe7PE09d6Kvw5pAsx23n'],"['Play It Again', ""That's My Kind Of Night""]",['Die A Happy Man'],0.002667005334010668,0.411764705882353,25.529411764705884,1.6725806451612906,2,1
['spotify:track:6ZANrVuAMp2rpjhfbOuJly'],['spotify:track:5xdVqHtFS0eLuNp4Z8Wbpa'],['Same Old Love'],['Good For You'],0.002667005334010668,0.411764705882353,58.94973262032086,1.6881254762509528,1,1
"['spotify:track:03fT3OHB9KyMtGMt2zwqCT', 'spotify:track:5HGibWoxnkYSkl6mHmAlOE']",['spotify:track:6eYYm2xwrvdav2yakF3cqg'],"['Play It Again', ""That's My Kind Of Night""]",['Leave The Night On'],0.002667005334010668,0.411764705882353,33.08403361344538,1.6788417576835155,2,1
['spotify:track:6ltPEsP4edATzvinHOzvk2'],['spotify:track:20LxTsa6936zOlzTWqoPVt'],['Still D.R.E.'],['The Next Episode'],0.002667005334010668,0.411764705882353,39.539454806312776,1.6822961645923293,1,1
['spotify:track:76Y0gxtTxN0FyDCYh5qYQj'],['spotify:track:0VgkVdmE4gld66l8iyGjgx'],['Get Right Witcha'],['Mask Off'],0.002667005334010668,0.411764705882353,24.749887741356083,1.6717170434340871,1,1
"['spotify:track:03fT3OHB9KyMtGMt2zwqCT', 'spotify:track:5HGibWoxnkYSkl6mHmAlOE']",['spotify:track:5T6DM9qjjngWnukcw0svkX'],"['Play It Again', ""That's My Kind Of Night""]",['Round Here'],0.002667005334010668,0.411764705882353,39.06307583274274,1.6820802641605286,2,1
['spotify:track:6zkHymyoD3tIqV7RwCAYUw'],['spotify:track:1XazlqB4YAtvouCmJPWXlM'],['Sleep Without You'],['Wanna Be That Song'],0.002667005334010668,0.411764705882353,68.98372966207761,1.6898526797053597,1,1
['spotify:track:4Pn0JlCUusD2QHjADuOzuV'],['spotify:track:5CG9Ps5ynNjpKJHmwc95pa'],['Humble And Kind'],['Somewhere On A Beach'],0.002667005334010668,0.411764705882353,42.66099071207431,1.6835915671831347,1,1
"['spotify:track:4Km5HrUvYTaSUfiSGPJeQR', 'spotify:track:7KOlJ92bu51cltsD9KU5I7']",['spotify:track:2EEeOnHehOozLq4aS0n6SL'],"['Bad and Boujee (feat. Lil Uzi Vert)', 'T-Shirt']",['iSpy (feat. Lil Yachty)'],0.002667005334010668,0.411764705882353,22.360243407707912,1.668694437388875,2,1
"['spotify:track:03fT3OHB9KyMtGMt2zwqCT', 'spotify:track:5HGibWoxnkYSkl6mHmAlOE']",['spotify:track:3ts6xK5GzfMAAriT9AIBmP'],"['Play It Again', ""That's My Kind Of Night""]",['Barefoot Blue Jean Night'],0.002667005334010668,0.411764705882353,31.17533936651584,1.6775463550927106,2,1
"['spotify:track:03fT3OHB9KyMtGMt2zwqCT', 'spotify:track:5HGibWoxnkYSkl6mHmAlOE']",['spotify:track:6enPOmd3vSFpI4jjms8kXN'],"['Play It Again', ""That's My Kind Of Night""]","[""Runnin' Outta Moonlight""]",0.002667005334010668,0.411764705882353,42.66099071207431,1.6835915671831347,2,1
['spotify:track:1qxINnTuff87Pj1lvKbGxy'],['spotify:track:1soxUgYIZb1qx1c7o1Lc7z'],['Ready Set Roll'],['Drunk On A Plane'],0.002667005334010668,0.411764705882353,33.08403361344538,1.6788417576835155,1,1
['spotify:track:1qxINnTuff87Pj1lvKbGxy'],['spotify:track:6GsAD8PgHxmEuIPTG8GP3M'],['Ready Set Roll'],['It Goes Like This'],0.002667005334010668,0.411764705882353,42.66099071207431,1.6835915671831347,1,1
['spotify:track:07KYRDFf8Q6sqj4PWCP9vh'],['spotify:track:1yEwEiTpsaPhQi9lb5EVV4'],"[""It's Five O' Clock Somewhere""]",['Knee Deep (feat. Jimmy Buffett)'],0.002667005334010668,0.411764705882353,33.08403361344538,1.6788417576835155,1,1
['spotify:track:7f08qp3HROTkfrtNpiYGGo'],['spotify:track:38gZVjeaeR3gcnCzziAxBm'],['Dirt On My Boots'],['Middle of a Memory'],0.002667005334010668,0.411764705882353,75.40082079343367,1.6907162814325631,1,1
['spotify:track:5brMyscUnQg14hMriS91ks'],['spotify:track:6O6M7pJLABmfBRoGZMu76Y'],['Kanye'],['Roses'],0.002667005334010668,0.40384615384615385,19.38954033771107,1.6424819946414086,1,1
['spotify:track:7t5m6zRwIEBxmPt8lNoPPi'],['spotify:track:5SqSckut3FcoQKmGkMWgp1'],['Acquainted'],['Often'],0.002667005334010668,0.40384615384615385,37.855769230769226,1.6595246093717992,1,1
['spotify:track:03LpkqucyYKcYclDs8HuxO'],['spotify:track:2N3F1EQCpnIeDOA3rLSAfE'],"['John Cougar, John Deere, John 3:16']",['Break Up In A Small Town'],0.002667005334010668,0.40384615384615385,37.855769230769226,1.6595246093717992,1,1
['spotify:track:03LpkqucyYKcYclDs8HuxO'],['spotify:track:0BCy325UZyR9z0t0uxwn2N'],"['John Cougar, John Deere, John 3:16']",['H.O.L.Y.'],0.002667005334010668,0.40384615384615385,31.484006092916985,1.6559030537415913,1,1
['spotify:track:03LpkqucyYKcYclDs8HuxO'],['spotify:track:03fT3OHB9KyMtGMt2zwqCT'],"['John Cougar, John Deere, John 3:16']",['Play It Again'],0.002667005334010668,0.40384615384615385,28.90804195804196,1.6539857595844225,1,1
['spotify:track:6leiB1fEsTnVCuPiielde5'],['spotify:track:05ZACkzW8YbRq3eFgIfSNB'],['Something Like That'],['Springsteen'],0.002667005334010668,0.40384615384615385,25.852720450281428,1.6512163346907338,1,1
['spotify:track:6L89mwZXSOwYl76YXfX13s'],['spotify:track:6nTiIhLmQ3FWhvrGafw2zj'],['Basket Case'],['American Idiot'],0.002667005334010668,0.40384615384615385,56.78365384615385,1.6654895245274361,1,1
['spotify:track:0MsrWnxQZxPAcov7c74sSo'],['spotify:track:6nTiIhLmQ3FWhvrGafw2zj'],['Holiday/Boulevard Of Broken Dreams'],['American Idiot'],0.002667005334010668,0.40384615384615385,56.78365384615385,1.6654895245274361,1,1
['spotify:track:0OJXdyyVL8K6aovPgfqCcN'],['spotify:track:2gam98EZKrF9XuOkU13ApN'],['Girlfriend (German Version - Explicit) - German Version - Explicit'],['Promiscuous'],0.002667005334010668,0.40384615384615385,29.9989114658926,1.654837890320942,1,1
['spotify:track:0OJXdyyVL8K6aovPgfqCcN'],['spotify:track:6RcQOut9fWL6FSqeIr5M1r'],['Girlfriend (German Version - Explicit) - German Version - Explicit'],['Hollaback Girl'],0.002667005334010668,0.40384615384615385,30.872666168782676,1.6554769883733316,1,1
['spotify:track:5r00wpsojd4mBYaQFDvni7'],['spotify:track:3b7CDTKB0SRTmQ6ytYi5vZ'],['Roller Coaster'],['Drunk On You'],0.002667005334010668,0.40384615384615385,34.94378698224852,1.6580333805828902,1,1
['spotify:track:5r00wpsojd4mBYaQFDvni7'],['spotify:track:6eYYm2xwrvdav2yakF3cqg'],['Roller Coaster'],['Leave The Night On'],0.002667005334010668,0.40384615384615385,32.4478021978022,1.656542151793981,1,1
"['spotify:track:0Nu9WA8kEbBWEsay2s8Q0U', 'spotify:track:4dGJf1SER1T6ooX46vwzRB']",['spotify:track:1yEwEiTpsaPhQi9lb5EVV4'],"['Even If It Breaks Your Heart', 'Chicken Fried']",['Knee Deep (feat. Jimmy Buffett)'],0.00254000508001016,0.8695652173913044,69.86690328305235,7.57124714249429,2,1
"['spotify:track:2Fk0WwAqTBesLtKg97nojy', 'spotify:track:6aNwDe5YH5YUPlpHkku52w']",['spotify:track:1soxUgYIZb1qx1c7o1Lc7z'],"['Crash And Burn', 'Sunshine & Whiskey']",['Drunk On A Plane'],0.00254000508001016,0.8333333333333334,66.95578231292517,5.925323850647702,2,1
"['spotify:track:0cV4xwUA4ue2deqq4CZFko', 'spotify:track:0i5el041vd6nxrGEU8QRxy']",['spotify:track:0yD66650JxhqKbW76C2qCo'],"[""I Don't Want This Night to End"", 'Cruise']",['Country Girl (Shake It For Me)'],0.00254000508001016,0.8,80.75897435897437,4.950469900939803,2,1
"['spotify:track:16qYlQ6koFxYVbiJbGHblz', 'spotify:track:6Ius4TC0L3cN74HT7ENE6e']",['spotify:track:62vpWI1CHwFy7tMIcSStl8'],"['G.O.M.D.', 'Wet Dreamz']",['No Role Modelz'],0.00254000508001016,0.8,29.854028436018957,4.866014732029465,2,1
"['spotify:track:5kjyiH6but1t2UDXq15aeS', 'spotify:track:6aNwDe5YH5YUPlpHkku52w']",['spotify:track:4dGJf1SER1T6ooX46vwzRB'],"['Toes', 'Sunshine & Whiskey']",['Chicken Fried'],0.00254000508001016,0.8,50.393600000000006,4.920624841249683,2,1
"['spotify:track:6IFPfV8PNSYOmufzQ95hmm', 'spotify:track:7I5fYc4qKJddht8Ozhqqdx']",['spotify:track:5kNe7PE09d6Kvw5pAsx23n'],"['Confession', 'Snapback']",['Die A Happy Man'],0.00254000508001016,0.8,49.6,4.919354838709679,2,1
"['spotify:track:2FviG1Ma0M0BSZbqaDvw0x', 'spotify:track:4O1CExxinEpKZi3861NlTK']",['spotify:track:6eYYm2xwrvdav2yakF3cqg'],"['House Party', 'Get Me Some Of That']",['Leave The Night On'],0.00254000508001016,0.8,64.27755102040817,4.937769875539752,2,1
"['spotify:track:03fT3OHB9KyMtGMt2zwqCT', 'spotify:track:0BCy325UZyR9z0t0uxwn2N']",['spotify:track:5kNe7PE09d6Kvw5pAsx23n'],"['Play It Again', 'H.O.L.Y.']",['Die A Happy Man'],0.00254000508001016,0.7692307692307693,47.69230769230769,4.263440860215055,2,1
"['spotify:track:5OOkp4U9P9oL23maHFHL1h', 'spotify:track:5hTpBe8h35rJ67eAWHQsJx']",['spotify:track:7yyRTcZmCiyzzJlNzGC9Ol'],"['Panda', 'Caroline']",['Broccoli (feat. Lil Yachty)'],0.00254000508001016,0.7692307692307693,27.16109003104519,4.210608754550844,2,1
"['spotify:track:1zWZvrk13cL8Sl3VLeG57F', 'spotify:track:2FviG1Ma0M0BSZbqaDvw0x']",['spotify:track:5kNe7PE09d6Kvw5pAsx23n'],"['T-Shirt', 'House Party']",['Die A Happy Man'],0.00254000508001016,0.7692307692307693,47.69230769230769,4.263440860215055,2,1
"['spotify:track:03fT3OHB9KyMtGMt2zwqCT', 'spotify:track:1zWZvrk13cL8Sl3VLeG57F']",['spotify:track:5kNe7PE09d6Kvw5pAsx23n'],"['Play It Again', 'T-Shirt']",['Die A Happy Man'],0.00254000508001016,0.7692307692307693,47.69230769230769,4.263440860215055,2,1
"['spotify:track:4gmmRb6bZJffOOiww1JGTO', 'spotify:track:6p8NuHm8uCGnn2Dtbtf7zE']",['spotify:track:6fwdbPMwP1zVStm8FybmkO'],"['No Heart', 'Slippery (feat. Gucci Mane)']",['X (feat. Future)'],0.00254000508001016,0.7692307692307693,48.07081807081807,4.263991194649057,2,1
"['spotify:track:2ANLarE8yHVsLWW21nj79M', 'spotify:track:7EiZI6JVHllARrX9PUvAdX']",['spotify:track:0B8QzDH7YWih85V5SEMnyJ'],"['You Was Right', 'Low Life']",['Money Longer'],0.00254000508001016,0.7692307692307693,56.60675772825306,4.274447548895099,2,1
"['spotify:track:5hTpBe8h35rJ67eAWHQsJx', 'spotify:track:7GX5flRQZVHRAGd6B4TmDO']",['spotify:track:7KXjTSCq5nL1LoYtL7XAwS'],"['Caroline', 'XO TOUR Llif3']",['HUMBLE.'],0.00254000508001016,0.7692307692307693,30.436799381523,4.223816780966896,2,1
"['spotify:track:5ZManJDV3CexO66nRCkdiV', 'spotify:track:7vWGeYZJUzBXKGPro05UXS']",['spotify:track:2FviG1Ma0M0BSZbqaDvw0x'],"['Break Up with Him', 'Take Your Time']",['House Party'],0.00254000508001016,0.7692307692307693,53.60108917631042,4.271145542291086,2,1
"['spotify:track:1soxUgYIZb1qx1c7o1Lc7z', 'spotify:track:5kjyiH6but1t2UDXq15aeS']",['spotify:track:4dGJf1SER1T6ooX46vwzRB'],"['Drunk On A Plane', 'Toes']",['Chicken Fried'],0.00254000508001016,0.7692307692307693,48.455384615384624,4.264541529083059,2,1
"['spotify:track:46ZfPS5VpSQVU5gb82hg3K', 'spotify:track:5BbYPT6ehZf0hSv2su6JAl']",['spotify:track:5kNe7PE09d6Kvw5pAsx23n'],"['Anything Goes', 'Make You Miss Me']",['Die A Happy Man'],0.00254000508001016,0.7692307692307693,47.69230769230769,4.263440860215055,2,1
"['spotify:track:4Km5HrUvYTaSUfiSGPJeQR', 'spotify:track:5OOkp4U9P9oL23maHFHL1h']",['spotify:track:7yyRTcZmCiyzzJlNzGC9Ol'],"['Bad and Boujee (feat. Lil Uzi Vert)', 'Panda']",['Broccoli (feat. Lil Yachty)'],0.00254000508001016,0.7407407407407407,26.15512373359907,3.7479044958089913,2,1
"['spotify:track:46ZfPS5VpSQVU5gb82hg3K', 'spotify:track:6GsAD8PgHxmEuIPTG8GP3M']",['spotify:track:5kNe7PE09d6Kvw5pAsx23n'],"['Anything Goes', 'It Goes Like This']",['Die A Happy Man'],0.00254000508001016,0.7407407407407407,45.925925925925924,3.7949308755760365,2,1
"['spotify:track:6GsAD8PgHxmEuIPTG8GP3M', 'spotify:track:6eYYm2xwrvdav2yakF3cqg']",['spotify:track:4O1CExxinEpKZi3861NlTK'],"['It Goes Like This', 'Leave The Night On']",['Get Me Some Of That'],0.00254000508001016,0.7407407407407407,70.27219991075413,3.8164846329692654,2,1
"['spotify:track:1dgWTMoHwTUnQhOQ8SR5fV', 'spotify:track:2FviG1Ma0M0BSZbqaDvw0x']",['spotify:track:4dGJf1SER1T6ooX46vwzRB'],"['American Kids', 'House Party']",['Chicken Fried'],0.00254000508001016,0.7407407407407407,46.66074074074074,3.795910591821183,2,1
"['spotify:track:0BCy325UZyR9z0t0uxwn2N', 'spotify:track:7vWGeYZJUzBXKGPro05UXS']",['spotify:track:5kNe7PE09d6Kvw5pAsx23n'],"['H.O.L.Y.', 'Take Your Time']",['Die A Happy Man'],0.00254000508001016,0.7407407407407407,45.925925925925924,3.7949308755760365,2,1
"['spotify:track:0BCy325UZyR9z0t0uxwn2N', 'spotify:track:2Fk0WwAqTBesLtKg97nojy']",['spotify:track:5kNe7PE09d6Kvw5pAsx23n'],"['H.O.L.Y.', 'Crash And Burn']",['Die A Happy Man'],0.00254000508001016,0.7407407407407407,45.925925925925924,3.7949308755760365,2,1
"['spotify:track:5T6DM9qjjngWnukcw0svkX', 'spotify:track:5kjyiH6but1t2UDXq15aeS']",['spotify:track:4dGJf1SER1T6ooX46vwzRB'],"['Round Here', 'Toes']",['Chicken Fried'],0.00254000508001016,0.7407407407407407,46.66074074074074,3.795910591821183,2,1
"['spotify:track:2N3F1EQCpnIeDOA3rLSAfE', 'spotify:track:5ZManJDV3CexO66nRCkdiV']",['spotify:track:5kNe7PE09d6Kvw5pAsx23n'],"['Break Up In A Small Town', 'Break Up with Him']",['Die A Happy Man'],0.00254000508001016,0.7407407407407407,45.925925925925924,3.7949308755760365,2,1
"['spotify:track:2N3F1EQCpnIeDOA3rLSAfE', 'spotify:track:46ZfPS5VpSQVU5gb82hg3K']",['spotify:track:2FviG1Ma0M0BSZbqaDvw0x'],"['Break Up In A Small Town', 'Anything Goes']",['House Party'],0.00254000508001016,0.7407407407407407,51.61586365126188,3.8017888892920637,2,1
"['spotify:track:5kjyiH6but1t2UDXq15aeS', 'spotify:track:6eYYm2xwrvdav2yakF3cqg']",['spotify:track:1yEwEiTpsaPhQi9lb5EVV4'],"['Toes', 'Leave The Night On']",['Knee Deep (feat. Jimmy Buffett)'],0.00254000508001016,0.7407407407407407,59.51625094482237,3.8091367611306644,2,1
"['spotify:track:2N3F1EQCpnIeDOA3rLSAfE', 'spotify:track:6IFPfV8PNSYOmufzQ95hmm']",['spotify:track:2FviG1Ma0M0BSZbqaDvw0x'],"['Break Up In A Small Town', 'Confession']",['House Party'],0.00254000508001016,0.7407407407407407,51.61586365126188,3.8017888892920637,2,1
"['spotify:track:0yD66650JxhqKbW76C2qCo', 'spotify:track:2TR7A4ulH9R1PNwMyd8o8U']",['spotify:track:03fT3OHB9KyMtGMt2zwqCT'],"['Country Girl (Shake It For Me)', 'This Is How We Roll']",['Play It Again'],0.00254000508001016,0.7407407407407407,53.023569023569024,3.803258463659784,2,1
"['spotify:track:1soxUgYIZb1qx1c7o1Lc7z', 'spotify:track:5CG9Ps5ynNjpKJHmwc95pa']",['spotify:track:1zWZvrk13cL8Sl3VLeG57F'],"['Drunk On A Plane', 'Somewhere On A Beach']",['T-Shirt'],0.00254000508001016,0.7407407407407407,70.27219991075413,3.8164846329692654,2,1
"['spotify:track:03fT3OHB9KyMtGMt2zwqCT', 'spotify:track:1qwnPVOIJjAFfCc40Etb1D']",['spotify:track:4dGJf1SER1T6ooX46vwzRB'],"['Play It Again', 'Homegrown']",['Chicken Fried'],0.00254000508001016,0.7407407407407407,46.66074074074074,3.795910591821183,2,1
"['spotify:track:0Nu9WA8kEbBWEsay2s8Q0U', 'spotify:track:1yEwEiTpsaPhQi9lb5EVV4']",['spotify:track:4dGJf1SER1T6ooX46vwzRB'],"['Even If It Breaks Your Heart', 'Knee Deep (feat. Jimmy Buffett)']",['Chicken Fried'],0.00254000508001016,0.7407407407407407,46.66074074074074,3.795910591821183,2,1
"['spotify:track:0Nu9WA8kEbBWEsay2s8Q0U', 'spotify:track:3ts6xK5GzfMAAriT9AIBmP']",['spotify:track:05ZACkzW8YbRq3eFgIfSNB'],"['Even If It Breaks Your Heart', 'Barefoot Blue Jean Night']",['Springsteen'],0.00254000508001016,0.7407407407407407,47.4194519722975,3.7968903080663297,2,1
"['spotify:track:0BCy325UZyR9z0t0uxwn2N', 'spotify:track:1soxUgYIZb1qx1c7o1Lc7z']",['spotify:track:1zWZvrk13cL8Sl3VLeG57F'],"['H.O.L.Y.', 'Drunk On A Plane']",['T-Shirt'],0.00254000508001016,0.7142857142857143,67.76247848537005,3.463106426212853,2,1
"['spotify:track:1zWZvrk13cL8Sl3VLeG57F', 'spotify:track:2Fk0WwAqTBesLtKg97nojy']",['spotify:track:5kNe7PE09d6Kvw5pAsx23n'],"['T-Shirt', 'Crash And Burn']",['Die A Happy Man'],0.00254000508001016,0.7142857142857143,44.285714285714285,3.4435483870967745,2,1
"['spotify:track:0SGkqnVQo9KPytSri1H6cF', 'spotify:track:6fwdbPMwP1zVStm8FybmkO']",['spotify:track:4Km5HrUvYTaSUfiSGPJeQR'],"['Bounce Back', 'X (feat. Future)']",['Bad and Boujee (feat. Lil Uzi Vert)'],0.00254000508001016,0.7142857142857143,31.420590582601754,3.420434340868682,2,1
"['spotify:track:1qwnPVOIJjAFfCc40Etb1D', 'spotify:track:5ZManJDV3CexO66nRCkdiV']",['spotify:track:5kNe7PE09d6Kvw5pAsx23n'],"['Homegrown', 'Break Up with Him']",['Die A Happy Man'],0.00254000508001016,0.7142857142857143,44.285714285714285,3.4435483870967745,2,1
"['spotify:track:4iLPK8QnOvqm0Azbsk2GDn', 'spotify:track:5kNe7PE09d6Kvw5pAsx23n']",['spotify:track:2FviG1Ma0M0BSZbqaDvw0x'],"[""Don't It"", 'Die A Happy Man']",['House Party'],0.00254000508001016,0.7142857142857143,49.7724399494311,3.4497713995427994,2,1
"['spotify:track:5ZManJDV3CexO66nRCkdiV', 'spotify:track:6IFPfV8PNSYOmufzQ95hmm']",['spotify:track:5kNe7PE09d6Kvw5pAsx23n'],"['Break Up with Him', 'Confession']",['Die A Happy Man'],0.00254000508001016,0.7142857142857143,44.285714285714285,3.4435483870967745,2,1
"['spotify:track:1jNNHFZmRGXZFHlil5uhei', 'spotify:track:6eYYm2xwrvdav2yakF3cqg']",['spotify:track:5kNe7PE09d6Kvw5pAsx23n'],"['Drunk On Your Love', 'Leave The Night On']",['Die A Happy Man'],0.00254000508001016,0.7142857142857143,44.285714285714285,3.4435483870967745,2,1
"['spotify:track:0BCy325UZyR9z0t0uxwn2N', 'spotify:track:5S5rw0WLVCAux5B5bWCehK']",['spotify:track:5kNe7PE09d6Kvw5pAsx23n'],"['H.O.L.Y.', 'I Like The Sound Of That']",['Die A Happy Man'],0.00254000508001016,0.7142857142857143,44.285714285714285,3.4435483870967745,2,1
"['spotify:track:1Ser4X0TKttOvo8bgdytTP', 'spotify:track:5hTpBe8h35rJ67eAWHQsJx']",['spotify:track:7yyRTcZmCiyzzJlNzGC9Ol'],"['Come Get Her', 'Caroline']",['Broccoli (feat. Lil Yachty)'],0.00254000508001016,0.6896551724137931,24.351322096799137,3.130965484153191,2,1
"['spotify:track:2TR7A4ulH9R1PNwMyd8o8U', 'spotify:track:4O1CExxinEpKZi3861NlTK']",['spotify:track:6GsAD8PgHxmEuIPTG8GP3M'],"['This Is How We Roll', 'Get Me Some Of That']",['It Goes Like This'],0.00254000508001016,0.6896551724137931,71.4519056261343,3.191121271131432,2,1
"['spotify:track:4pbJqGIASGPr0ZpGpnWkDn', 'spotify:track:5vdp5UmvTsnMEMESIF2Ym7']",['spotify:track:1AhDOtG9vPSOmsWgNW0BEY'],"['We Will Rock You - Remastered', 'Another One Bites The Dust - Remastered 2011']",['Bohemian Rhapsody - Remastered 2011'],0.00254000508001016,0.6896551724137931,33.31499894224667,3.155518866593289,2,1
"['spotify:track:1AhDOtG9vPSOmsWgNW0BEY', 'spotify:track:4pbJqGIASGPr0ZpGpnWkDn']",['spotify:track:5vdp5UmvTsnMEMESIF2Ym7'],"['Bohemian Rhapsody - Remastered 2011', 'We Will Rock You - Remastered']",['Another One Bites The Dust - Remastered 2011'],0.00254000508001016,0.6896551724137931,63.88640973630832,3.187438263765417,2,1
"['spotify:track:4ly1QBXEwYoDmje9rmEgC4', 'spotify:track:5ZManJDV3CexO66nRCkdiV']",['spotify:track:5kNe7PE09d6Kvw5pAsx23n'],"['Head Over Boots', 'Break Up with Him']",['Die A Happy Man'],0.00254000508001016,0.6896551724137931,42.758620689655174,3.170250896057348,2,1
"['spotify:track:1dgWTMoHwTUnQhOQ8SR5fV', 'spotify:track:3xdjjKMcMOFgo1eQrfbogM']",['spotify:track:1soxUgYIZb1qx1c7o1Lc7z'],"['American Kids', 'Wagon Wheel']",['Drunk On A Plane'],0.00254000508001016,0.6896551724137931,55.41168191414497,3.182118364236729,2,1
"['spotify:track:4dGJf1SER1T6ooX46vwzRB', 'spotify:track:6aNwDe5YH5YUPlpHkku52w']",['spotify:track:5kjyiH6but1t2UDXq15aeS'],"['Chicken Fried', 'Sunshine & Whiskey']",['Toes'],0.00254000508001016,0.6896551724137931,57.769625825385184,3.1837552563994023,2,1
"['spotify:track:1soxUgYIZb1qx1c7o1Lc7z', 'spotify:track:7vWGeYZJUzBXKGPro05UXS']",['spotify:track:2FviG1Ma0M0BSZbqaDvw0x'],"['Drunk On A Plane', 'Take Your Time']",['House Party'],0.00254000508001016,0.6896551724137931,48.0561489166921,3.175980018626704,2,1
"['spotify:track:2FviG1Ma0M0BSZbqaDvw0x', 'spotify:track:4iLPK8QnOvqm0Azbsk2GDn']",['spotify:track:6eYYm2xwrvdav2yakF3cqg'],"['House Party', ""Don't It""]",['Leave The Night On'],0.00254000508001016,0.6896551724137931,55.41168191414497,3.182118364236729,2,1
"['spotify:track:4iLPK8QnOvqm0Azbsk2GDn', 'spotify:track:6eYYm2xwrvdav2yakF3cqg']",['spotify:track:2FviG1Ma0M0BSZbqaDvw0x'],"[""Don't It"", 'Leave The Night On']",['House Party'],0.00254000508001016,0.6896551724137931,48.0561489166921,3.175980018626704,2,1
"['spotify:track:2FviG1Ma0M0BSZbqaDvw0x', 'spotify:track:4iLPK8QnOvqm0Azbsk2GDn']",['spotify:track:5kNe7PE09d6Kvw5pAsx23n'],"['House Party', ""Don't It""]",['Die A Happy Man'],0.00254000508001016,0.6896551724137931,42.758620689655174,3.170250896057348,2,1
"['spotify:track:1yEwEiTpsaPhQi9lb5EVV4', 'spotify:track:6eYYm2xwrvdav2yakF3cqg']",['spotify:track:5kjyiH6but1t2UDXq15aeS'],"['Knee Deep (feat. Jimmy Buffett)', 'Leave The Night On']",['Toes'],0.00254000508001016,0.6896551724137931,57.769625825385184,3.1837552563994023,2,1
"['spotify:track:2TR7A4ulH9R1PNwMyd8o8U', 'spotify:track:5kjyiH6but1t2UDXq15aeS']",['spotify:track:4dGJf1SER1T6ooX46vwzRB'],"['This Is How We Roll', 'Toes']",['Chicken Fried'],0.00254000508001016,0.6896551724137931,43.44275862068966,3.1710693421386846,2,1
"['spotify:track:2FviG1Ma0M0BSZbqaDvw0x', 'spotify:track:6IFPfV8PNSYOmufzQ95hmm']",['spotify:track:2N3F1EQCpnIeDOA3rLSAfE'],"['House Party', 'Confession']",['Break Up In A Small Town'],0.00254000508001016,0.6896551724137931,64.64696223316913,3.187847486806085,2,1
"['spotify:track:0yD66650JxhqKbW76C2qCo', 'spotify:track:5T6DM9qjjngWnukcw0svkX']",['spotify:track:4dGJf1SER1T6ooX46vwzRB'],"['Country Girl (Shake It For Me)', 'Round Here']",['Chicken Fried'],0.00254000508001016,0.6896551724137931,43.44275862068966,3.1710693421386846,2,1
"['spotify:track:0yD66650JxhqKbW76C2qCo', 'spotify:track:5T6DM9qjjngWnukcw0svkX']",['spotify:track:03fT3OHB9KyMtGMt2zwqCT'],"['Country Girl (Shake It For Me)', 'Round Here']",['Play It Again'],0.00254000508001016,0.6896551724137931,49.36677115987461,3.177207687748709,2,1
"['spotify:track:0BCy325UZyR9z0t0uxwn2N', 'spotify:track:5CG9Ps5ynNjpKJHmwc95pa']",['spotify:track:5kNe7PE09d6Kvw5pAsx23n'],"['H.O.L.Y.', 'Somewhere On A Beach']",['Die A Happy Man'],0.00254000508001016,0.6896551724137931,42.758620689655174,3.170250896057348,2,1
"['spotify:track:2N3F1EQCpnIeDOA3rLSAfE', 'spotify:track:5BbYPT6ehZf0hSv2su6JAl']",['spotify:track:5kNe7PE09d6Kvw5pAsx23n'],"['Break Up In A Small Town', 'Make You Miss Me']",['Die A Happy Man'],0.00254000508001016,0.6896551724137931,42.758620689655174,3.170250896057348,2,1
"['spotify:track:0bVtevEgtDIeRjCJbK3Lmv', 'spotify:track:3YBZIN3rekqsKxbJc9FZko']",['spotify:track:7o2CTH4ctstm8TNelqjb51'],"['Welcome To The Jungle', 'Paradise City']","[""Sweet Child O' Mine""]",0.00254000508001016,0.6666666666666667,49.52201257861636,2.9596139192278392,2,1
"['spotify:track:2fuCquhmrzHpu5xcA1ci9x', 'spotify:track:5vdp5UmvTsnMEMESIF2Ym7']",['spotify:track:1AhDOtG9vPSOmsWgNW0BEY'],"['Under Pressure - Remastered 2011', 'Another One Bites The Dust - Remastered 2011']",['Bohemian Rhapsody - Remastered 2011'],0.00254000508001016,0.6666666666666667,32.20449897750512,2.937896875793752,2,1
"['spotify:track:0i5el041vd6nxrGEU8QRxy', 'spotify:track:1yEwEiTpsaPhQi9lb5EVV4']",['spotify:track:4dGJf1SER1T6ooX46vwzRB'],"['Cruise', 'Knee Deep (feat. Jimmy Buffett)']",['Chicken Fried'],0.00254000508001016,0.6666666666666667,41.994666666666674,2.95237490474981,2,1
"['spotify:track:0B8QzDH7YWih85V5SEMnyJ', 'spotify:track:7EiZI6JVHllARrX9PUvAdX']",['spotify:track:2ANLarE8yHVsLWW21nj79M'],"['Money Longer', 'Low Life']",['You Was Right'],0.00254000508001016,0.6666666666666667,47.291291291291294,2.9577089154178315,2,1
"['spotify:track:1dgWTMoHwTUnQhOQ8SR5fV', 'spotify:track:5kjyiH6but1t2UDXq15aeS']",['spotify:track:1yEwEiTpsaPhQi9lb5EVV4'],"['American Kids', 'Toes']",['Knee Deep (feat. Jimmy Buffett)'],0.00254000508001016,0.6666666666666667,53.56462585034014,2.962661925323851,2,1
"['spotify:track:4dGJf1SER1T6ooX46vwzRB', 'spotify:track:5T6DM9qjjngWnukcw0svkX']",['spotify:track:5kjyiH6but1t2UDXq15aeS'],"['Chicken Fried', 'Round Here']",['Toes'],0.00254000508001016,0.6666666666666667,55.843971631205676,2.9641859283718577,2,1
"['spotify:track:0H04yVa3DJxoXbLBpAb7iV', 'spotify:track:6eYYm2xwrvdav2yakF3cqg']",['spotify:track:2N3F1EQCpnIeDOA3rLSAfE'],"[""I'm Comin' Over"", 'Leave The Night On']",['Break Up In A Small Town'],0.00254000508001016,0.6666666666666667,62.492063492063494,2.9679959359918726,2,1
"['spotify:track:46ZfPS5VpSQVU5gb82hg3K', 'spotify:track:7vWGeYZJUzBXKGPro05UXS']",['spotify:track:6eYYm2xwrvdav2yakF3cqg'],"['Anything Goes', 'Take Your Time']",['Leave The Night On'],0.00254000508001016,0.6666666666666667,53.56462585034014,2.962661925323851,2,1
"['spotify:track:2FviG1Ma0M0BSZbqaDvw0x', 'spotify:track:46ZfPS5VpSQVU5gb82hg3K']",['spotify:track:2N3F1EQCpnIeDOA3rLSAfE'],"['House Party', 'Anything Goes']",['Break Up In A Small Town'],0.00254000508001016,0.6666666666666667,62.492063492063494,2.9679959359918726,2,1
"['spotify:track:1soxUgYIZb1qx1c7o1Lc7z', 'spotify:track:4dGJf1SER1T6ooX46vwzRB']",['spotify:track:5kjyiH6but1t2UDXq15aeS'],"['Drunk On A Plane', 'Chicken Fried']",['Toes'],0.00254000508001016,0.6666666666666667,55.843971631205676,2.9641859283718577,2,1
"['spotify:track:2TR7A4ulH9R1PNwMyd8o8U', 'spotify:track:4dGJf1SER1T6ooX46vwzRB']",['spotify:track:5kjyiH6but1t2UDXq15aeS'],"['This Is How We Roll', 'Chicken Fried']",['Toes'],0.00254000508001016,0.6666666666666667,55.843971631205676,2.9641859283718577,2,1
"['spotify:track:6HZILIRieu8S0iqY8kIKhj', 'spotify:track:7GX5flRQZVHRAGd6B4TmDO']",['spotify:track:7KXjTSCq5nL1LoYtL7XAwS'],"['DNA.', 'XO TOUR Llif3']",['HUMBLE.'],0.00254000508001016,0.6666666666666667,26.3785594639866,2.9241808483616976,2,1
['spotify:track:4kfm1uI9QGaoN9qm6CkAMn'],['spotify:track:60a0Rd6pjrkxjPbaKzXjfq'],"[""What I've Done""]",['In The End'],0.00254000508001016,0.6666666666666667,97.20987654320989,2.9794259588519183,1,1
"['spotify:track:0B8QzDH7YWih85V5SEMnyJ', 'spotify:track:4uhvMW7ly7tJil31YYscAN']",['spotify:track:2ANLarE8yHVsLWW21nj79M'],"['Money Longer', 'Erase Your Social']",['You Was Right'],0.00254000508001016,0.6666666666666667,47.291291291291294,2.9577089154178315,2,1
"['spotify:track:2ANLarE8yHVsLWW21nj79M', 'spotify:track:4uhvMW7ly7tJil31YYscAN']",['spotify:track:0B8QzDH7YWih85V5SEMnyJ'],"['You Was Right', 'Erase Your Social']",['Money Longer'],0.00254000508001016,0.6666666666666667,49.05919003115265,2.9592329184658377,2,1
"['spotify:track:4dGJf1SER1T6ooX46vwzRB', 'spotify:track:5T6DM9qjjngWnukcw0svkX']",['spotify:track:0yD66650JxhqKbW76C2qCo'],"['Chicken Fried', 'Round Here']",['Country Girl (Shake It For Me)'],0.00254000508001016,0.6666666666666667,67.29914529914531,2.970281940563882,2,1
"['spotify:track:3b7CDTKB0SRTmQ6ytYi5vZ', 'spotify:track:4wFUdSCer8bdQsrp1M90sa']",['spotify:track:4dGJf1SER1T6ooX46vwzRB'],"['Drunk On You', ""Highway Don't Care""]",['Chicken Fried'],0.00254000508001016,0.6666666666666667,41.994666666666674,2.95237490474981,2,1
"['spotify:track:5S5rw0WLVCAux5B5bWCehK', 'spotify:track:5kNe7PE09d6Kvw5pAsx23n']",['spotify:track:0BCy325UZyR9z0t0uxwn2N'],"['I Like The Sound Of That', 'Die A Happy Man']",['H.O.L.Y.'],0.00254000508001016,0.6666666666666667,51.973597359735976,2.9615189230378465,2,1
"['spotify:track:0H04yVa3DJxoXbLBpAb7iV', 'spotify:track:0p1HtkrNYxv0iDfEKwXSTp']",['spotify:track:2FviG1Ma0M0BSZbqaDvw0x'],"[""I'm Comin' Over"", 'Sangria']",['House Party'],0.00254000508001016,0.6451612903225806,44.95575221238938,2.7777380100214746,2,1
"['spotify:track:2ANLarE8yHVsLWW21nj79M', 'spotify:track:5uDASfU19gDxSjW8cnCaBp']",['spotify:track:7yyRTcZmCiyzzJlNzGC9Ol'],"['You Was Right', 'Chill Bill']",['Broccoli (feat. Lil Yachty)'],0.00254000508001016,0.6451612903225806,22.780269058295964,2.738367931281317,2,1
"['spotify:track:6gBFPUFcJLzWGx4lenP6h2', 'spotify:track:6p8NuHm8uCGnn2Dtbtf7zE']",['spotify:track:7KOlJ92bu51cltsD9KU5I7'],"['goosebumps', 'Slippery (feat. Gucci Mane)']",['T-Shirt'],0.00254000508001016,0.6451612903225806,47.03703703703703,2.779527559055118,2,1
"['spotify:track:1dgWTMoHwTUnQhOQ8SR5fV', 'spotify:track:1yEwEiTpsaPhQi9lb5EVV4']",['spotify:track:5kjyiH6but1t2UDXq15aeS'],"['American Kids', 'Knee Deep (feat. Jimmy Buffett)']",['Toes'],0.00254000508001016,0.6451612903225806,54.04255319148936,2.78453829634932,2,1
"['spotify:track:3b7CDTKB0SRTmQ6ytYi5vZ', 'spotify:track:5T6DM9qjjngWnukcw0svkX']",['spotify:track:03fT3OHB9KyMtGMt2zwqCT'],"['Drunk On You', 'Round Here']",['Play It Again'],0.00254000508001016,0.6451612903225806,46.18181818181818,2.7788117394416605,2,1
"['spotify:track:5ZManJDV3CexO66nRCkdiV', 'spotify:track:6eYYm2xwrvdav2yakF3cqg']",['spotify:track:5kNe7PE09d6Kvw5pAsx23n'],"['Break Up with Him', 'Leave The Night On']",['Die A Happy Man'],0.00254000508001016,0.6451612903225806,40.0,2.7727272727272725,2,1
"['spotify:track:1soxUgYIZb1qx1c7o1Lc7z', 'spotify:track:46ZfPS5VpSQVU5gb82hg3K']",['spotify:track:5CXnIPD6rTjszYYQm6fY2P'],"['Drunk On A Plane', 'Anything Goes']",['Dirt'],0.00254000508001016,0.6451612903225806,72.57142857142857,2.7931281317108088,2,1
"['spotify:track:3ts6xK5GzfMAAriT9AIBmP', 'spotify:track:5HGibWoxnkYSkl6mHmAlOE']",['spotify:track:4dGJf1SER1T6ooX46vwzRB'],"['Barefoot Blue Jean Night', ""That's My Kind Of Night""]",['Chicken Fried'],0.00254000508001016,0.6451612903225806,40.64,2.77344309234073,2,1
"['spotify:track:0BCy325UZyR9z0t0uxwn2N', 'spotify:track:46ZfPS5VpSQVU5gb82hg3K']",['spotify:track:6IFPfV8PNSYOmufzQ95hmm'],"['H.O.L.Y.', 'Anything Goes']",['Confession'],0.00254000508001016,0.6451612903225806,80.63492063492063,2.79563350035791,2,1
"['spotify:track:5CG9Ps5ynNjpKJHmwc95pa', 'spotify:track:5kNe7PE09d6Kvw5pAsx23n']",['spotify:track:0BCy325UZyR9z0t0uxwn2N'],"['Somewhere On A Beach', 'Die A Happy Man']",['H.O.L.Y.'],0.00254000508001016,0.6451612903225806,50.29702970297029,2.7820329277022187,2,1
['spotify:track:6p5GuyEqQH5pv02ouEyogQ'],['spotify:track:0BCy325UZyR9z0t0uxwn2N'],['My Girl'],['H.O.L.Y.'],0.00254000508001016,0.6451612903225806,50.29702970297029,2.7820329277022187,1,1
['spotify:track:48tAdjG4ng2JfECa7OQujk'],['spotify:track:7f08qp3HROTkfrtNpiYGGo'],['The Weekend'],['Dirt On My Boots'],0.00254000508001016,0.6451612903225806,99.6078431372549,2.799928418038654,1,1
['spotify:track:1ncZDJd94BSPn2WnbDh3HS'],['spotify:track:7vWGeYZJUzBXKGPro05UXS'],['Ex To See'],['Take Your Time'],0.00254000508001016,0.6451612903225806,52.371134020618555,2.783464566929134,1,1
"['spotify:track:1soxUgYIZb1qx1c7o1Lc7z', 'spotify:track:1zWZvrk13cL8Sl3VLeG57F']",['spotify:track:0BCy325UZyR9z0t0uxwn2N'],"['Drunk On A Plane', 'T-Shirt']",['H.O.L.Y.'],0.00254000508001016,0.6250000000000001,48.72524752475248,2.6324612649225303,2,1
"['spotify:track:2TR7A4ulH9R1PNwMyd8o8U', 'spotify:track:6GsAD8PgHxmEuIPTG8GP3M']",['spotify:track:4O1CExxinEpKZi3861NlTK'],"['This Is How We Roll', 'It Goes Like This']",['Get Me Some Of That'],0.00254000508001016,0.6250000000000001,59.29216867469881,2.638557277114555,2,1
"['spotify:track:0cV4xwUA4ue2deqq4CZFko', 'spotify:track:0yD66650JxhqKbW76C2qCo']",['spotify:track:0i5el041vd6nxrGEU8QRxy'],"[""I Don't Want This Night to End"", 'Country Girl (Shake It For Me)']",['Cruise'],0.00254000508001016,0.6250000000000001,43.550884955752224,2.628397256794514,2,1
"['spotify:track:0i5el041vd6nxrGEU8QRxy', 'spotify:track:0yD66650JxhqKbW76C2qCo']",['spotify:track:0cV4xwUA4ue2deqq4CZFko'],"['Cruise', 'Country Girl (Shake It For Me)']","[""I Don't Want This Night to End""]",0.00254000508001016,0.6250000000000001,80.67622950819673,2.646007958682585,2,1
"['spotify:track:2ANLarE8yHVsLWW21nj79M', 'spotify:track:6fujklziTHa8uoM5OQSfIo']",['spotify:track:7yyRTcZmCiyzzJlNzGC9Ol'],"['You Was Right', 'Black Beatles']",['Broccoli (feat. Lil Yachty)'],0.00254000508001016,0.6250000000000001,22.06838565022422,2.5911438489543652,2,1
"['spotify:track:1e1JKLEDKP7hEQzJfNAgPl', 'spotify:track:6p8NuHm8uCGnn2Dtbtf7zE']",['spotify:track:7GX5flRQZVHRAGd6B4TmDO'],"['Magnolia', 'Slippery (feat. Gucci Mane)']",['XO TOUR Llif3'],0.00254000508001016,0.6250000000000001,37.282196969696976,2.6219625772584885,2,1
"['spotify:track:03fT3OHB9KyMtGMt2zwqCT', 'spotify:track:7vWGeYZJUzBXKGPro05UXS']",['spotify:track:2FviG1Ma0M0BSZbqaDvw0x'],"['Play It Again', 'Take Your Time']",['House Party'],0.00254000508001016,0.6250000000000001,43.550884955752224,2.628397256794514,2,1
"['spotify:track:5T6DM9qjjngWnukcw0svkX', 'spotify:track:6eYYm2xwrvdav2yakF3cqg']",['spotify:track:03fT3OHB9KyMtGMt2zwqCT'],"['Round Here', 'Leave The Night On']",['Play It Again'],0.00254000508001016,0.6250000000000001,44.738636363636374,2.6294132588265184,2,1
"['spotify:track:0H04yVa3DJxoXbLBpAb7iV', 'spotify:track:2N3F1EQCpnIeDOA3rLSAfE']",['spotify:track:5kNe7PE09d6Kvw5pAsx23n'],"[""I'm Comin' Over"", 'Break Up In A Small Town']",['Die A Happy Man'],0.00254000508001016,0.6250000000000001,38.75000000000001,2.6236559139784954,2,1
"['spotify:track:0H04yVa3DJxoXbLBpAb7iV', 'spotify:track:2N3F1EQCpnIeDOA3rLSAfE']",['spotify:track:6eYYm2xwrvdav2yakF3cqg'],"[""I'm Comin' Over"", 'Break Up In A Small Town']",['Leave The Night On'],0.00254000508001016,0.6250000000000001,50.216836734693885,2.6334772669545345,2,1
"['spotify:track:46ZfPS5VpSQVU5gb82hg3K', 'spotify:track:6eYYm2xwrvdav2yakF3cqg']",['spotify:track:7vWGeYZJUzBXKGPro05UXS'],"['Anything Goes', 'Leave The Night On']",['Take Your Time'],0.00254000508001016,0.6250000000000001,50.734536082474236,2.633815934298536,2,1
"['spotify:track:46ZfPS5VpSQVU5gb82hg3K', 'spotify:track:5CXnIPD6rTjszYYQm6fY2P']",['spotify:track:1soxUgYIZb1qx1c7o1Lc7z'],"['Anything Goes', 'Dirt']",['Drunk On A Plane'],0.00254000508001016,0.6250000000000001,50.216836734693885,2.6334772669545345,2,1
"['spotify:track:0BCy325UZyR9z0t0uxwn2N', 'spotify:track:6IFPfV8PNSYOmufzQ95hmm']",['spotify:track:46ZfPS5VpSQVU5gb82hg3K'],"['H.O.L.Y.', 'Confession']",['Anything Goes'],0.00254000508001016,0.6250000000000001,64.75328947368422,2.6409279485225645,2,1
"['spotify:track:5kNe7PE09d6Kvw5pAsx23n', 'spotify:track:7I5fYc4qKJddht8Ozhqqdx']",['spotify:track:6IFPfV8PNSYOmufzQ95hmm'],"['Die A Happy Man', 'Snapback']",['Confession'],0.00254000508001016,0.6250000000000001,78.11507936507938,2.645330623994582,2,1
"['spotify:track:0i5el041vd6nxrGEU8QRxy', 'spotify:track:0yD66650JxhqKbW76C2qCo']",['spotify:track:5HGibWoxnkYSkl6mHmAlOE'],"['Cruise', 'Country Girl (Shake It For Me)']","[""That's My Kind Of Night""]",0.00254000508001016,0.6250000000000001,47.31971153846155,2.6314452628905265,2,1
"['spotify:track:0i5el041vd6nxrGEU8QRxy', 'spotify:track:0yD66650JxhqKbW76C2qCo']",['spotify:track:3b7CDTKB0SRTmQ6ytYi5vZ'],"['Cruise', 'Country Girl (Shake It For Me)']",['Drunk On You'],0.00254000508001016,0.6250000000000001,54.079670329670336,2.635847938362544,2,1
"['spotify:track:1soxUgYIZb1qx1c7o1Lc7z', 'spotify:track:1zWZvrk13cL8Sl3VLeG57F']",['spotify:track:5CG9Ps5ynNjpKJHmwc95pa'],"['Drunk On A Plane', 'T-Shirt']",['Somewhere On A Beach'],0.00254000508001016,0.6250000000000001,64.75328947368422,2.6409279485225645,2,1
"['spotify:track:1jNNHFZmRGXZFHlil5uhei', 'spotify:track:5kNe7PE09d6Kvw5pAsx23n']",['spotify:track:6eYYm2xwrvdav2yakF3cqg'],"['Drunk On Your Love', 'Die A Happy Man']",['Leave The Night On'],0.00254000508001016,0.6250000000000001,50.216836734693885,2.6334772669545345,2,1
"['spotify:track:1Ser4X0TKttOvo8bgdytTP', 'spotify:track:7yyRTcZmCiyzzJlNzGC9Ol']",['spotify:track:5hTpBe8h35rJ67eAWHQsJx'],"['Come Get Her', 'Broccoli (feat. Lil Yachty)']",['Caroline'],0.00254000508001016,0.6060606060606061,26.365310564205593,2.480109806373459,2,1
"['spotify:track:4O1CExxinEpKZi3861NlTK', 'spotify:track:6eYYm2xwrvdav2yakF3cqg']",['spotify:track:6GsAD8PgHxmEuIPTG8GP3M'],"['Get Me Some Of That', 'Leave The Night On']",['It Goes Like This'],0.00254000508001016,0.6060606060606061,62.791068580542266,2.5139602586897483,2,1
"['spotify:track:4ly1QBXEwYoDmje9rmEgC4', 'spotify:track:5kNe7PE09d6Kvw5pAsx23n']",['spotify:track:5ZManJDV3CexO66nRCkdiV'],"['Head Over Boots', 'Die A Happy Man']",['Break Up with Him'],0.00254000508001016,0.6060606060606061,61.18104118104119,2.5133154881694377,2,1
"['spotify:track:3b7CDTKB0SRTmQ6ytYi5vZ', 'spotify:track:3ts6xK5GzfMAAriT9AIBmP']",['spotify:track:4dGJf1SER1T6ooX46vwzRB'],"['Drunk On You', 'Barefoot Blue Jean Night']",['Chicken Fried'],0.00254000508001016,0.6060606060606061,38.1769696969697,2.4981633809421466,2,1
['spotify:track:05KOgYg8PGeJyyWBPi5ja8'],['spotify:track:2bjwRfXMk4uRgOD9IBYl9h'],['Free Smoke'],['Portland'],0.00254000508001016,0.6060606060606061,56.14260249554368,2.511058791348352,1,1
"['spotify:track:1e1JKLEDKP7hEQzJfNAgPl', 'spotify:track:7GX5flRQZVHRAGd6B4TmDO']",['spotify:track:6p8NuHm8uCGnn2Dtbtf7zE'],"['Magnolia', 'XO TOUR Llif3']",['Slippery (feat. Gucci Mane)'],0.00254000508001016,0.6060606060606061,44.186307519640856,2.5036439303647837,2,1
"['spotify:track:2EEeOnHehOozLq4aS0n6SL', 'spotify:track:6mapJIPnQ23RTAevUoE0DL']",['spotify:track:0SGkqnVQo9KPytSri1H6cF'],"['iSpy (feat. Lil Yachty)', 'Swang']",['Bounce Back'],0.00254000508001016,0.6060606060606061,29.098300073909833,2.4855903557960963,2,1
"['spotify:track:1dgWTMoHwTUnQhOQ8SR5fV', 'spotify:track:1soxUgYIZb1qx1c7o1Lc7z']",['spotify:track:3xdjjKMcMOFgo1eQrfbogM'],"['American Kids', 'Drunk On A Plane']",['Wagon Wheel'],0.00254000508001016,0.6060606060606061,42.23116116921427,2.502032004064008,2,1
"['spotify:track:1soxUgYIZb1qx1c7o1Lc7z', 'spotify:track:6aNwDe5YH5YUPlpHkku52w']",['spotify:track:2Fk0WwAqTBesLtKg97nojy'],"['Drunk On A Plane', 'Sunshine & Whiskey']",['Crash And Burn'],0.00254000508001016,0.6060606060606061,54.22865013774104,2.5100916355678864,2,1
"['spotify:track:05ZACkzW8YbRq3eFgIfSNB', 'spotify:track:6s9ICeczYOfbHHIaSMq9jd']",['spotify:track:0i5el041vd6nxrGEU8QRxy'],"['Springsteen', 'Get Your Shine On']",['Cruise'],0.00254000508001016,0.6060606060606061,42.23116116921427,2.502032004064008,2,1
"['spotify:track:05ZACkzW8YbRq3eFgIfSNB', 'spotify:track:5T6DM9qjjngWnukcw0svkX']",['spotify:track:6s9ICeczYOfbHHIaSMq9jd'],"['Springsteen', 'Round Here']",['Get Your Shine On'],0.00254000508001016,0.6060606060606061,53.619339462036095,2.5097692503077313,2,1
"['spotify:track:05ZACkzW8YbRq3eFgIfSNB', 'spotify:track:6s9ICeczYOfbHHIaSMq9jd']",['spotify:track:5T6DM9qjjngWnukcw0svkX'],"['Springsteen', 'Get Your Shine On']",['Round Here'],0.00254000508001016,0.6060606060606061,57.495436290617015,2.5117035618686625,2,1
"['spotify:track:2N3F1EQCpnIeDOA3rLSAfE', 'spotify:track:5kNe7PE09d6Kvw5pAsx23n']",['spotify:track:5ZManJDV3CexO66nRCkdiV'],"['Break Up In A Small Town', 'Die A Happy Man']",['Break Up with Him'],0.00254000508001016,0.6060606060606061,61.18104118104119,2.5133154881694377,2,1
"['spotify:track:1qwnPVOIJjAFfCc40Etb1D', 'spotify:track:5kNe7PE09d6Kvw5pAsx23n']",['spotify:track:5ZManJDV3CexO66nRCkdiV'],"['Homegrown', 'Die A Happy Man']",['Break Up with Him'],0.00254000508001016,0.6060606060606061,61.18104118104119,2.5133154881694377,2,1
"['spotify:track:2N3F1EQCpnIeDOA3rLSAfE', 'spotify:track:5kNe7PE09d6Kvw5pAsx23n']",['spotify:track:0H04yVa3DJxoXbLBpAb7iV'],"['Break Up In A Small Town', 'Die A Happy Man']","[""I'm Comin' Over""]",0.00254000508001016,0.6060606060606061,61.18104118104119,2.5133154881694377,2,1
['spotify:track:2YCQff1CDLnQ4dzjAfE1VG'],['spotify:track:05ZACkzW8YbRq3eFgIfSNB'],['I Drive Your Truck'],['Springsteen'],0.00254000508001016,0.6060606060606061,38.79773343187978,2.4988081514624567,1,1
['spotify:track:1GqlvSEtMx5xbGptxOTTyk'],['spotify:track:1QEEqeFIZktqIpPI4jSVSF'],['Peace of Mind'],['More Than a Feeling'],0.00254000508001016,0.6060606060606061,52.44089244089244,2.5091244797874213,1,1
"['spotify:track:0yD66650JxhqKbW76C2qCo', 'spotify:track:4dGJf1SER1T6ooX46vwzRB']",['spotify:track:5T6DM9qjjngWnukcw0svkX'],"['Country Girl (Shake It For Me)', 'Chicken Fried']",['Round Here'],0.00254000508001016,0.6060606060606061,57.495436290617015,2.5117035618686625,2,1
"['spotify:track:03fT3OHB9KyMtGMt2zwqCT', 'spotify:track:0yD66650JxhqKbW76C2qCo']",['spotify:track:5T6DM9qjjngWnukcw0svkX'],"['Play It Again', 'Country Girl (Shake It For Me)']",['Round Here'],0.00254000508001016,0.6060606060606061,57.495436290617015,2.5117035618686625,2,1
"['spotify:track:03fT3OHB9KyMtGMt2zwqCT', 'spotify:track:0yD66650JxhqKbW76C2qCo']",['spotify:track:2TR7A4ulH9R1PNwMyd8o8U'],"['Play It Again', 'Country Girl (Shake It For Me)']",['This Is How We Roll'],0.00254000508001016,0.6060606060606061,47.721212121212126,2.506223012446025,2,1
"['spotify:track:0yD66650JxhqKbW76C2qCo', 'spotify:track:4dGJf1SER1T6ooX46vwzRB']",['spotify:track:3b7CDTKB0SRTmQ6ytYi5vZ'],"['Country Girl (Shake It For Me)', 'Chicken Fried']",['Drunk On You'],0.00254000508001016,0.6060606060606061,52.44089244089244,2.5091244797874213,2,1
"['spotify:track:4O1CExxinEpKZi3861NlTK', 'spotify:track:6eYYm2xwrvdav2yakF3cqg']",['spotify:track:2FviG1Ma0M0BSZbqaDvw0x'],"['Get Me Some Of That', 'Leave The Night On']",['House Party'],0.00254000508001016,0.6060606060606061,42.23116116921427,2.502032004064008,2,1
"['spotify:track:5BbYPT6ehZf0hSv2su6JAl', 'spotify:track:5kNe7PE09d6Kvw5pAsx23n']",['spotify:track:7vWGeYZJUzBXKGPro05UXS'],"['Make You Miss Me', 'Die A Happy Man']",['Take Your Time'],0.00254000508001016,0.6060606060606061,49.19712589815683,2.5071901682264905,2,1
"['spotify:track:5BbYPT6ehZf0hSv2su6JAl', 'spotify:track:5kNe7PE09d6Kvw5pAsx23n']",['spotify:track:2N3F1EQCpnIeDOA3rLSAfE'],"['Make You Miss Me', 'Die A Happy Man']",['Break Up In A Small Town'],0.00254000508001016,0.6060606060606061,56.81096681096681,2.511381176608507,2,1
"['spotify:track:2N3F1EQCpnIeDOA3rLSAfE', 'spotify:track:5kNe7PE09d6Kvw5pAsx23n']",['spotify:track:5BbYPT6ehZf0hSv2su6JAl'],"['Break Up In A Small Town', 'Die A Happy Man']",['Make You Miss Me'],0.00254000508001016,0.6060606060606061,64.48812448812448,2.5146050292100584,2,1
"['spotify:track:5BbYPT6ehZf0hSv2su6JAl', 'spotify:track:5kNe7PE09d6Kvw5pAsx23n']",['spotify:track:46ZfPS5VpSQVU5gb82hg3K'],"['Make You Miss Me', 'Die A Happy Man']",['Anything Goes'],0.00254000508001016,0.6060606060606061,62.791068580542266,2.5139602586897483,2,1
"['spotify:track:5kNe7PE09d6Kvw5pAsx23n', 'spotify:track:6GsAD8PgHxmEuIPTG8GP3M']",['spotify:track:46ZfPS5VpSQVU5gb82hg3K'],"['Die A Happy Man', 'It Goes Like This']",['Anything Goes'],0.00254000508001016,0.5882352941176471,60.94427244582044,2.4051308102616207,2,1
"['spotify:track:4Q3N4Ct4zCuIHuZ65E3BD4', 'spotify:track:7KOlJ92bu51cltsD9KU5I7']",['spotify:track:6p8NuHm8uCGnn2Dtbtf7zE'],"['Tunnel Vision', 'T-Shirt']",['Slippery (feat. Gucci Mane)'],0.00254000508001016,0.5882352941176471,42.886710239651414,2.395261076236438,2,1
"['spotify:track:0H04yVa3DJxoXbLBpAb7iV', 'spotify:track:2FviG1Ma0M0BSZbqaDvw0x']",['spotify:track:0p1HtkrNYxv0iDfEKwXSTp'],"[""I'm Comin' Over"", 'House Party']",['Sangria'],0.00254000508001016,0.5882352941176471,60.94427244582044,2.4051308102616207,2,1
"['spotify:track:3ts6xK5GzfMAAriT9AIBmP', 'spotify:track:6eYYm2xwrvdav2yakF3cqg']",['spotify:track:4dGJf1SER1T6ooX46vwzRB'],"['Barefoot Blue Jean Night', 'Leave The Night On']",['Chicken Fried'],0.00254000508001016,0.5882352941176471,37.05411764705883,2.39001778003556,2,1
"['spotify:track:0SGkqnVQo9KPytSri1H6cF', 'spotify:track:6mapJIPnQ23RTAevUoE0DL']",['spotify:track:2EEeOnHehOozLq4aS0n6SL'],"['Bounce Back', 'Swang']",['iSpy (feat. Lil Yachty)'],0.00254000508001016,0.5882352941176471,31.943204868154158,2.3838491962698214,2,1
"['spotify:track:1soxUgYIZb1qx1c7o1Lc7z', 'spotify:track:3xdjjKMcMOFgo1eQrfbogM']",['spotify:track:1dgWTMoHwTUnQhOQ8SR5fV'],"['Drunk On A Plane', 'Wagon Wheel']",['American Kids'],0.00254000508001016,0.5882352941176471,50.34526854219949,2.4001959432490296,2,1
"['spotify:track:1soxUgYIZb1qx1c7o1Lc7z', 'spotify:track:2FviG1Ma0M0BSZbqaDvw0x']",['spotify:track:7vWGeYZJUzBXKGPro05UXS'],"['Drunk On A Plane', 'House Party']",['Take Your Time'],0.00254000508001016,0.5882352941176471,47.75015160703457,2.398653797307595,2,1
"['spotify:track:0H04yVa3DJxoXbLBpAb7iV', 'spotify:track:2FviG1Ma0M0BSZbqaDvw0x']",['spotify:track:2Fk0WwAqTBesLtKg97nojy'],"[""I'm Comin' Over"", 'House Party']",['Crash And Burn'],0.00254000508001016,0.5882352941176471,52.63368983957219,2.401429660002177,2,1
"['spotify:track:0H04yVa3DJxoXbLBpAb7iV', 'spotify:track:2Fk0WwAqTBesLtKg97nojy']",['spotify:track:2FviG1Ma0M0BSZbqaDvw0x'],"[""I'm Comin' Over"", 'Crash And Burn']",['House Party'],0.00254000508001016,0.5882352941176471,40.989068193649146,2.3937189302950035,2,1
"['spotify:track:1soxUgYIZb1qx1c7o1Lc7z', 'spotify:track:5CXnIPD6rTjszYYQm6fY2P']",['spotify:track:46ZfPS5VpSQVU5gb82hg3K'],"['Drunk On A Plane', 'Dirt']",['Anything Goes'],0.00254000508001016,0.5882352941176471,60.94427244582044,2.4051308102616207,2,1
"['spotify:track:4dGJf1SER1T6ooX46vwzRB', 'spotify:track:5HGibWoxnkYSkl6mHmAlOE']",['spotify:track:3ts6xK5GzfMAAriT9AIBmP'],"['Chicken Fried', ""That's My Kind Of Night""]",['Barefoot Blue Jean Night'],0.00254000508001016,0.5882352941176471,44.536199095022624,2.396494792989586,2,1
"['spotify:track:46ZfPS5VpSQVU5gb82hg3K', 'spotify:track:6IFPfV8PNSYOmufzQ95hmm']",['spotify:track:0BCy325UZyR9z0t0uxwn2N'],"['Anything Goes', 'Confession']",['H.O.L.Y.'],0.00254000508001016,0.5882352941176471,45.85905649388468,2.397420080554447,2,1
"['spotify:track:0yD66650JxhqKbW76C2qCo', 'spotify:track:3b7CDTKB0SRTmQ6ytYi5vZ']",['spotify:track:0i5el041vd6nxrGEU8QRxy'],"['Country Girl (Shake It For Me)', 'Drunk On You']",['Cruise'],0.00254000508001016,0.5882352941176471,40.989068193649146,2.3937189302950035,2,1
"['spotify:track:0yD66650JxhqKbW76C2qCo', 'spotify:track:3b7CDTKB0SRTmQ6ytYi5vZ']",['spotify:track:4dGJf1SER1T6ooX46vwzRB'],"['Country Girl (Shake It For Me)', 'Drunk On You']",['Chicken Fried'],0.00254000508001016,0.5882352941176471,37.05411764705883,2.39001778003556,2,1
"['spotify:track:4dGJf1SER1T6ooX46vwzRB', 'spotify:track:4wFUdSCer8bdQsrp1M90sa']",['spotify:track:3b7CDTKB0SRTmQ6ytYi5vZ'],"['Chicken Fried', ""Highway Don't Care""]",['Drunk On You'],0.00254000508001016,0.5882352941176471,50.898513251454425,2.4005043724373163,2,1
['spotify:track:4llYMkhHa1w7UAdDFRQcEZ'],['spotify:track:0O1x2tRm8ZpfDbcpOWZp7z'],['Lights Come On'],['American Country Love Song'],0.00254000508001016,0.5882352941176471,81.25902992776058,2.4109909648390726,1,1
['spotify:track:4llYMkhHa1w7UAdDFRQcEZ'],['spotify:track:5kNe7PE09d6Kvw5pAsx23n'],['Lights Come On'],['Die A Happy Man'],0.00254000508001016,0.5882352941176471,36.47058823529412,2.389400921658986,1,1
['spotify:track:6gXrEUzibufX9xYPk3HD5p'],['spotify:track:4yugZvBYaoREkJKtbG08Qr'],['Life In The Fast Lane - Remastered'],['Take It Easy'],0.00254000508001016,0.5882352941176471,74.70588235294117,2.409448818897638,1,1
"['spotify:track:0BCy325UZyR9z0t0uxwn2N', 'spotify:track:1zWZvrk13cL8Sl3VLeG57F']",['spotify:track:1soxUgYIZb1qx1c7o1Lc7z'],"['H.O.L.Y.', 'T-Shirt']",['Drunk On A Plane'],0.00254000508001016,0.5714285714285714,45.91253644314868,2.304292608585217,2,1
"['spotify:track:6fwdbPMwP1zVStm8FybmkO', 'spotify:track:6p8NuHm8uCGnn2Dtbtf7zE']",['spotify:track:4gmmRb6bZJffOOiww1JGTO'],"['X (feat. Future)', 'Slippery (feat. Gucci Mane)']",['No Heart'],0.00254000508001016,0.5714285714285714,61.636007827788646,2.3117009567352467,2,1
"['spotify:track:4Km5HrUvYTaSUfiSGPJeQR', 'spotify:track:4Q3N4Ct4zCuIHuZ65E3BD4']",['spotify:track:0VgkVdmE4gld66l8iyGjgx'],"['Bad and Boujee (feat. Lil Uzi Vert)', 'Tunnel Vision']",['Mask Off'],0.00254000508001016,0.5714285714285714,34.34678298800436,2.294513589027178,2,1
"['spotify:track:4Q3N4Ct4zCuIHuZ65E3BD4', 'spotify:track:6p8NuHm8uCGnn2Dtbtf7zE']",['spotify:track:7KOlJ92bu51cltsD9KU5I7'],"['Tunnel Vision', 'Slippery (feat. Gucci Mane)']",['T-Shirt'],0.00254000508001016,0.5714285714285714,41.66137566137566,2.301329269325205,2,1
"['spotify:track:3YBZIN3rekqsKxbJc9FZko', 'spotify:track:7o2CTH4ctstm8TNelqjb51']",['spotify:track:0bVtevEgtDIeRjCJbK3Lmv'],"['Paradise City', ""Sweet Child O' Mine""]",['Welcome To The Jungle'],0.00254000508001016,0.5714285714285714,64.27755102040815,2.31258995851325,2,1
"['spotify:track:0p1HtkrNYxv0iDfEKwXSTp', 'spotify:track:2FviG1Ma0M0BSZbqaDvw0x']",['spotify:track:0H04yVa3DJxoXbLBpAb7iV'],"['Sangria', 'House Party']","[""I'm Comin' Over""]",0.00254000508001016,0.5714285714285714,57.684981684981686,2.3102192871052405,2,1
"['spotify:track:1wHZx0LgzFHyeIZkUydNXq', 'spotify:track:5NQbUaeTEOGdD6hHcre0dZ']",['spotify:track:27GmP9AWRs744SzKcpJsTZ'],"['Antidote', '679 (feat. Remy Boyz)']",['Jumpman'],0.00254000508001016,0.5714285714285714,22.95626822157434,2.2752518838371008,2,1
"['spotify:track:3a1lNhkSLSkpJE4MSHpDu9', 'spotify:track:7KOlJ92bu51cltsD9KU5I7']",['spotify:track:6p8NuHm8uCGnn2Dtbtf7zE'],"['Congratulations', 'T-Shirt']",['Slippery (feat. Gucci Mane)'],0.00254000508001016,0.5714285714285714,41.66137566137566,2.301329269325205,2,1
['spotify:track:1xOXXYh6lTW8laxlW7JP2J'],['spotify:track:78WVLOP9pN0G3gRLFy1rAa'],['Only the Good Die Young'],['Piano Man'],0.00254000508001016,0.5714285714285714,47.866261398176285,2.3054779442892217,1,1
"['spotify:track:5kNe7PE09d6Kvw5pAsx23n', 'spotify:track:6eYYm2xwrvdav2yakF3cqg']",['spotify:track:5ZManJDV3CexO66nRCkdiV'],"['Die A Happy Man', 'Leave The Night On']",['Break Up with Him'],0.00254000508001016,0.5714285714285714,57.684981684981686,2.3102192871052405,2,1
['spotify:track:2gE95JskwQ1pCACTpGe1Db'],['spotify:track:4BP3uh0hFLFRb5cjsgLqDh'],['Down On The Corner'],['Fortunate Son'],0.00254000508001016,0.5714285714285714,57.684981684981686,2.3102192871052405,1,1
"['spotify:track:1f5cbQtDrykjarZVrShaDI', 'spotify:track:4Q3N4Ct4zCuIHuZ65E3BD4']",['spotify:track:0VgkVdmE4gld66l8iyGjgx'],"['Drowning (feat. Kodak Black)', 'Tunnel Vision']",['Mask Off'],0.00254000508001016,0.5714285714285714,34.34678298800436,2.294513589027178,2,1
"['spotify:track:7GX5flRQZVHRAGd6B4TmDO', 'spotify:track:7KOlJ92bu51cltsD9KU5I7']",['spotify:track:4Km5HrUvYTaSUfiSGPJeQR'],"['XO TOUR Llif3', 'T-Shirt']",['Bad and Boujee (feat. Lil Uzi Vert)'],0.00254000508001016,0.5714285714285714,25.1364724660814,2.280289560579121,2,1
"['spotify:track:6fwdbPMwP1zVStm8FybmkO', 'spotify:track:7KOlJ92bu51cltsD9KU5I7']",['spotify:track:4Km5HrUvYTaSUfiSGPJeQR'],"['X (feat. Future)', 'T-Shirt']",['Bad and Boujee (feat. Lil Uzi Vert)'],0.00254000508001016,0.5714285714285714,25.1364724660814,2.280289560579121,2,1
"['spotify:track:03fT3OHB9KyMtGMt2zwqCT', 'spotify:track:05ZACkzW8YbRq3eFgIfSNB']",['spotify:track:4dGJf1SER1T6ooX46vwzRB'],"['Play It Again', 'Springsteen']",['Chicken Fried'],0.00254000508001016,0.5714285714285714,35.995428571428576,2.296291592583185,2,1
"['spotify:track:5kNe7PE09d6Kvw5pAsx23n', 'spotify:track:6eYYm2xwrvdav2yakF3cqg']",['spotify:track:1jNNHFZmRGXZFHlil5uhei'],"['Die A Happy Man', 'Leave The Night On']",['Drunk On Your Love'],0.00254000508001016,0.5714285714285714,71.41950113378684,2.3146642959952586,2,1
"['spotify:track:1qwnPVOIJjAFfCc40Etb1D', 'spotify:track:4dGJf1SER1T6ooX46vwzRB']",['spotify:track:03fT3OHB9KyMtGMt2zwqCT'],"['Homegrown', 'Chicken Fried']",['Play It Again'],0.00254000508001016,0.5714285714285714,40.9038961038961,2.300736601473203,2,1
"['spotify:track:03fT3OHB9KyMtGMt2zwqCT', 'spotify:track:5kNe7PE09d6Kvw5pAsx23n']",['spotify:track:0BCy325UZyR9z0t0uxwn2N'],"['Play It Again', 'Die A Happy Man']",['H.O.L.Y.'],0.00254000508001016,0.5555555555555556,43.31133113311331,2.2211391922783847,2,1
"['spotify:track:03fT3OHB9KyMtGMt2zwqCT', 'spotify:track:5kNe7PE09d6Kvw5pAsx23n']",['spotify:track:1zWZvrk13cL8Sl3VLeG57F'],"['Play It Again', 'Die A Happy Man']",['T-Shirt'],0.00254000508001016,0.5555555555555556,52.7041499330656,2.2262827025654053,2,1
"['spotify:track:1AhDOtG9vPSOmsWgNW0BEY', 'spotify:track:2fuCquhmrzHpu5xcA1ci9x']",['spotify:track:5vdp5UmvTsnMEMESIF2Ym7'],"['Bohemian Rhapsody - Remastered 2011', 'Under Pressure - Remastered 2011']",['Another One Bites The Dust - Remastered 2011'],0.00254000508001016,0.5555555555555556,51.46405228758171,2.2257112014224028,2,1
"['spotify:track:4dGJf1SER1T6ooX46vwzRB', 'spotify:track:6eYYm2xwrvdav2yakF3cqg']",['spotify:track:3ts6xK5GzfMAAriT9AIBmP'],"['Chicken Fried', 'Leave The Night On']",['Barefoot Blue Jean Night'],0.00254000508001016,0.5555555555555556,42.06196581196581,2.2202819405638814,2,1
"['spotify:track:0VgkVdmE4gld66l8iyGjgx', 'spotify:track:6gBFPUFcJLzWGx4lenP6h2']",['spotify:track:7KXjTSCq5nL1LoYtL7XAwS'],"['Mask Off', 'goosebumps']",['HUMBLE.'],0.00254000508001016,0.5555555555555556,21.9821328866555,2.193135636271273,2,1
"['spotify:track:03fT3OHB9KyMtGMt2zwqCT', 'spotify:track:2FviG1Ma0M0BSZbqaDvw0x']",['spotify:track:7vWGeYZJUzBXKGPro05UXS'],"['Play It Again', 'House Party']",['Take Your Time'],0.00254000508001016,0.5555555555555556,45.09736540664376,2.2222821945643894,2,1
"['spotify:track:03fT3OHB9KyMtGMt2zwqCT', 'spotify:track:5T6DM9qjjngWnukcw0svkX']",['spotify:track:6eYYm2xwrvdav2yakF3cqg'],"['Play It Again', 'Round Here']",['Leave The Night On'],0.00254000508001016,0.5555555555555556,44.63718820861678,2.221996443992888,2,1
"['spotify:track:03fT3OHB9KyMtGMt2zwqCT', 'spotify:track:5T6DM9qjjngWnukcw0svkX']",['spotify:track:3b7CDTKB0SRTmQ6ytYi5vZ'],"['Play It Again', 'Round Here']",['Drunk On You'],0.00254000508001016,0.5555555555555556,48.07081807081807,2.223996697993396,2,1
"['spotify:track:2FviG1Ma0M0BSZbqaDvw0x', 'spotify:track:5ZManJDV3CexO66nRCkdiV']",['spotify:track:7vWGeYZJUzBXKGPro05UXS'],"['House Party', 'Break Up with Him']",['Take Your Time'],0.00254000508001016,0.5555555555555556,45.09736540664376,2.2222821945643894,2,1
"['spotify:track:0VgkVdmE4gld66l8iyGjgx', 'spotify:track:1f5cbQtDrykjarZVrShaDI']",['spotify:track:4Q3N4Ct4zCuIHuZ65E3BD4'],"['Mask Off', 'Drowning (feat. Kodak Black)']",['Tunnel Vision'],0.00254000508001016,0.5555555555555556,40.88265835929388,2.219424688849378,2,1
"['spotify:track:0VgkVdmE4gld66l8iyGjgx', 'spotify:track:6gBFPUFcJLzWGx4lenP6h2']",['spotify:track:7KOlJ92bu51cltsD9KU5I7'],"['Mask Off', 'goosebumps']",['T-Shirt'],0.00254000508001016,0.5555555555555556,40.50411522633745,2.219138938277877,2,1
"['spotify:track:5kNe7PE09d6Kvw5pAsx23n', 'spotify:track:6IFPfV8PNSYOmufzQ95hmm']",['spotify:track:5ZManJDV3CexO66nRCkdiV'],"['Die A Happy Man', 'Confession']",['Break Up with Him'],0.00254000508001016,0.5555555555555556,56.08262108262109,2.2277114554229107,2,1
"['spotify:track:5kNe7PE09d6Kvw5pAsx23n', 'spotify:track:6IFPfV8PNSYOmufzQ95hmm']",['spotify:track:7I5fYc4qKJddht8Ozhqqdx'],"['Die A Happy Man', 'Confession']",['Snapback'],0.00254000508001016,0.5555555555555556,63.39774557165862,2.230283210566421,2,1
"['spotify:track:0yD66650JxhqKbW76C2qCo', 'spotify:track:5HGibWoxnkYSkl6mHmAlOE']",['spotify:track:0i5el041vd6nxrGEU8QRxy'],"['Country Girl (Shake It For Me)', ""That's My Kind Of Night""]",['Cruise'],0.00254000508001016,0.5555555555555556,38.71189773844642,2.217710185420371,2,1
"['spotify:track:03fT3OHB9KyMtGMt2zwqCT', 'spotify:track:5T6DM9qjjngWnukcw0svkX']",['spotify:track:0yD66650JxhqKbW76C2qCo'],"['Play It Again', 'Round Here']",['Country Girl (Shake It For Me)'],0.00254000508001016,0.5555555555555556,56.08262108262109,2.2277114554229107,2,1
['spotify:track:1gGsNNUfvVMOv4llVMg8Vg'],['spotify:track:2ANLarE8yHVsLWW21nj79M'],['Ps & Qs'],['You Was Right'],0.00254000508001016,0.5555555555555556,39.40940940940941,2.2182816865633734,1,1
"['spotify:track:4O1CExxinEpKZi3861NlTK', 'spotify:track:6GsAD8PgHxmEuIPTG8GP3M']",['spotify:track:6eYYm2xwrvdav2yakF3cqg'],"['Get Me Some Of That', 'It Goes Like This']",['Leave The Night On'],0.00254000508001016,0.5405405405405405,43.430777716491995,2.149382181117303,2,1
"['spotify:track:4O1CExxinEpKZi3861NlTK', 'spotify:track:6GsAD8PgHxmEuIPTG8GP3M']",['spotify:track:2TR7A4ulH9R1PNwMyd8o8U'],"['Get Me Some Of That', 'It Goes Like This']",['This Is How We Roll'],0.00254000508001016,0.5405405405405405,42.56216216216215,2.148829356482242,2,1
"['spotify:track:0bVtevEgtDIeRjCJbK3Lmv', 'spotify:track:7o2CTH4ctstm8TNelqjb51']",['spotify:track:3YBZIN3rekqsKxbJc9FZko'],"['Welcome To The Jungle', ""Sweet Child O' Mine""]",['Paradise City'],0.00254000508001016,0.5405405405405405,64.48812448812448,2.1582273752782797,2,1
['spotify:track:1PhmFufQowjegRYc4jAqOq'],['spotify:track:1L0rvFTlpoR8rHxdR4lTSN'],['Red Nose'],['Gas Pedal'],0.00254000508001016,0.5405405405405405,67.55898755898754,2.1590566122308714,1,1
['spotify:track:73q3FpQVXWk5eSUnyo83E4'],['spotify:track:4r8lRYnoOGdEi6YyI5OC1o'],"[""Tearin' up My Heart - Radio Edit""]",['Bye Bye Bye'],0.00254000508001016,0.5405405405405405,46.77160677160676,2.1513170673400164,1,1
"['spotify:track:4Km5HrUvYTaSUfiSGPJeQR', 'spotify:track:7GX5flRQZVHRAGd6B4TmDO']",['spotify:track:7KXjTSCq5nL1LoYtL7XAwS'],"['Bad and Boujee (feat. Lil Uzi Vert)', 'XO TOUR Llif3']",['HUMBLE.'],0.00254000508001016,0.5405405405405405,21.388021187016157,2.121464537046721,2,1
"['spotify:track:0SGkqnVQo9KPytSri1H6cF', 'spotify:track:0VgkVdmE4gld66l8iyGjgx']",['spotify:track:2EEeOnHehOozLq4aS0n6SL'],"['Bounce Back', 'Mask Off']",['iSpy (feat. Lil Yachty)'],0.00254000508001016,0.5405405405405405,29.35321528424976,2.1363908021933686,2,1
"['spotify:track:6gBFPUFcJLzWGx4lenP6h2', 'spotify:track:7KOlJ92bu51cltsD9KU5I7']",['spotify:track:6p8NuHm8uCGnn2Dtbtf7zE'],"['goosebumps', 'T-Shirt']",['Slippery (feat. Gucci Mane)'],0.00254000508001016,0.5405405405405405,39.4094094094094,2.1466180579419976,2,1
"['spotify:track:6p8NuHm8uCGnn2Dtbtf7zE', 'spotify:track:7KXjTSCq5nL1LoYtL7XAwS']",['spotify:track:3a1lNhkSLSkpJE4MSHpDu9'],"['Slippery (feat. Gucci Mane)', 'HUMBLE.']",['Congratulations'],0.00254000508001016,0.5405405405405405,24.046419300656584,2.127545608032392,2,1
"['spotify:track:0VgkVdmE4gld66l8iyGjgx', 'spotify:track:3a1lNhkSLSkpJE4MSHpDu9']",['spotify:track:6p8NuHm8uCGnn2Dtbtf7zE'],"['Mask Off', 'Congratulations']",['Slippery (feat. Gucci Mane)'],0.00254000508001016,0.5405405405405405,39.4094094094094,2.1466180579419976,2,1
"['spotify:track:1soxUgYIZb1qx1c7o1Lc7z', 'spotify:track:2Fk0WwAqTBesLtKg97nojy']",['spotify:track:6aNwDe5YH5YUPlpHkku52w'],"['Drunk On A Plane', 'Crash And Burn']",['Sunshine & Whiskey'],0.00254000508001016,0.5405405405405405,64.48812448812448,2.1582273752782797,2,1
['spotify:track:12AOwWanBDN4TQbJRbErqM'],['spotify:track:5CG9Ps5ynNjpKJHmwc95pa'],['Wasted Time'],['Somewhere On A Beach'],0.00254000508001016,0.5405405405405405,56.002844950213365,2.1554632521029746,1,1
"['spotify:track:5kNe7PE09d6Kvw5pAsx23n', 'spotify:track:7vWGeYZJUzBXKGPro05UXS']",['spotify:track:0BCy325UZyR9z0t0uxwn2N'],"['Die A Happy Man', 'Take Your Time']",['H.O.L.Y.'],0.00254000508001016,0.5405405405405405,42.140754616002134,2.1485529441647113,2,1
"['spotify:track:2TR7A4ulH9R1PNwMyd8o8U', 'spotify:track:5T6DM9qjjngWnukcw0svkX']",['spotify:track:0i5el041vd6nxrGEU8QRxy'],"['This Is How We Roll', 'Round Here']",['Cruise'],0.00254000508001016,0.5405405405405405,37.66563023200191,2.1452359963543453,2,1
"['spotify:track:2Fk0WwAqTBesLtKg97nojy', 'spotify:track:2FviG1Ma0M0BSZbqaDvw0x']",['spotify:track:0H04yVa3DJxoXbLBpAb7iV'],"['Crash And Burn', 'House Party']","[""I'm Comin' Over""]",0.00254000508001016,0.5405405405405405,54.56687456687456,2.154910427467913,2,1
"['spotify:track:1f5cbQtDrykjarZVrShaDI', 'spotify:track:7KXjTSCq5nL1LoYtL7XAwS']",['spotify:track:7GX5flRQZVHRAGd6B4TmDO'],"['Drowning (feat. Kodak Black)', 'HUMBLE.']",['XO TOUR Llif3'],0.00254000508001016,0.5405405405405405,32.24406224406224,2.1399841623212654,2,1
"['spotify:track:4Km5HrUvYTaSUfiSGPJeQR', 'spotify:track:7GX5flRQZVHRAGd6B4TmDO']",['spotify:track:7KOlJ92bu51cltsD9KU5I7'],"['Bad and Boujee (feat. Lil Uzi Vert)', 'XO TOUR Llif3']",['T-Shirt'],0.00254000508001016,0.5405405405405405,39.4094094094094,2.1466180579419976,2,1
"['spotify:track:6gBFPUFcJLzWGx4lenP6h2', 'spotify:track:7KOlJ92bu51cltsD9KU5I7']",['spotify:track:0VgkVdmE4gld66l8iyGjgx'],"['goosebumps', 'T-Shirt']",['Mask Off'],0.00254000508001016,0.5405405405405405,32.4902001237879,2.140260574638796,2,1
"['spotify:track:0i5el041vd6nxrGEU8QRxy', 'spotify:track:3b7CDTKB0SRTmQ6ytYi5vZ']",['spotify:track:0yD66650JxhqKbW76C2qCo'],"['Cruise', 'Drunk On You']",['Country Girl (Shake It For Me)'],0.00254000508001016,0.5405405405405405,54.56687456687456,2.154910427467913,2,1
"['spotify:track:5kNe7PE09d6Kvw5pAsx23n', 'spotify:track:7vWGeYZJUzBXKGPro05UXS']",['spotify:track:5BbYPT6ehZf0hSv2su6JAl'],"['Die A Happy Man', 'Take Your Time']",['Make You Miss Me'],0.00254000508001016,0.5405405405405405,57.51643535427318,2.156016076738035,2,1
"['spotify:track:5BbYPT6ehZf0hSv2su6JAl', 'spotify:track:7vWGeYZJUzBXKGPro05UXS']",['spotify:track:5kNe7PE09d6Kvw5pAsx23n'],"['Make You Miss Me', 'Take Your Time']",['Die A Happy Man'],0.00254000508001016,0.5405405405405405,33.51351351351351,2.141366223908918,2,1
"['spotify:track:46ZfPS5VpSQVU5gb82hg3K', 'spotify:track:5kNe7PE09d6Kvw5pAsx23n']",['spotify:track:6GsAD8PgHxmEuIPTG8GP3M'],"['Anything Goes', 'Die A Happy Man']",['It Goes Like This'],0.00254000508001016,0.5263157894736842,54.529085872576175,2.0907346259136963,2,1
"['spotify:track:1AhDOtG9vPSOmsWgNW0BEY', 'spotify:track:5vdp5UmvTsnMEMESIF2Ym7']",['spotify:track:2fuCquhmrzHpu5xcA1ci9x'],"['Bohemian Rhapsody - Remastered 2011', 'Another One Bites The Dust - Remastered 2011']",['Under Pressure - Remastered 2011'],0.00254000508001016,0.5263157894736842,53.820915926179076,2.0904665142663617,2,1
"['spotify:track:1AhDOtG9vPSOmsWgNW0BEY', 'spotify:track:5vdp5UmvTsnMEMESIF2Ym7']",['spotify:track:4pbJqGIASGPr0ZpGpnWkDn'],"['Bohemian Rhapsody - Remastered 2011', 'Another One Bites The Dust - Remastered 2011']",['We Will Rock You - Remastered'],0.00254000508001016,0.5263157894736842,71.4519056261343,2.0955606355657155,2,1
"['spotify:track:3b7CDTKB0SRTmQ6ytYi5vZ', 'spotify:track:4dGJf1SER1T6ooX46vwzRB']",['spotify:track:3ts6xK5GzfMAAriT9AIBmP'],"['Drunk On You', 'Chicken Fried']",['Barefoot Blue Jean Night'],0.00254000508001016,0.5263157894736842,39.84817813765182,2.083227499788333,2,1
['spotify:track:2fY6tqgrlrg1ky9fgs0t5u'],['spotify:track:0J6mQxEZnlRt9ymzFntA6z'],['Wanted Dead Or Alive'],"[""Livin' On A Prayer""]",0.00254000508001016,0.5263157894736842,43.62326869806093,2.0856405046143425,1,1
"['spotify:track:0i5el041vd6nxrGEU8QRxy', 'spotify:track:4dGJf1SER1T6ooX46vwzRB']",['spotify:track:1yEwEiTpsaPhQi9lb5EVV4'],"['Cruise', 'Chicken Fried']",['Knee Deep (feat. Jimmy Buffett)'],0.00254000508001016,0.5263157894736842,42.28786251342642,2.084836169672339,2,1
"['spotify:track:0VgkVdmE4gld66l8iyGjgx', 'spotify:track:2EEeOnHehOozLq4aS0n6SL']",['spotify:track:0SGkqnVQo9KPytSri1H6cF'],"['Mask Off', 'iSpy (feat. Lil Yachty)']",['Bounce Back'],0.00254000508001016,0.5263157894736842,25.269576379974325,2.0671408009482684,2,1
"['spotify:track:0VgkVdmE4gld66l8iyGjgx', 'spotify:track:6p8NuHm8uCGnn2Dtbtf7zE']",['spotify:track:3a1lNhkSLSkpJE4MSHpDu9'],"['Mask Off', 'Slippery (feat. Gucci Mane)']",['Congratulations'],0.00254000508001016,0.5263157894736842,23.413618792744572,2.063655349532921,2,1
"['spotify:track:0VgkVdmE4gld66l8iyGjgx', 'spotify:track:6p8NuHm8uCGnn2Dtbtf7zE']",['spotify:track:7GX5flRQZVHRAGd6B4TmDO'],"['Mask Off', 'Slippery (feat. Gucci Mane)']",['XO TOUR Llif3'],0.00254000508001016,0.5263157894736842,31.39553429027113,2.0757203736629695,2,1
"['spotify:track:05ZACkzW8YbRq3eFgIfSNB', 'spotify:track:0i5el041vd6nxrGEU8QRxy']",['spotify:track:6s9ICeczYOfbHHIaSMq9jd'],"['Springsteen', 'Cruise']",['Get Your Shine On'],0.00254000508001016,0.5263157894736842,46.56416321703134,2.087249174498349,2,1
"['spotify:track:0i5el041vd6nxrGEU8QRxy', 'spotify:track:5T6DM9qjjngWnukcw0svkX']",['spotify:track:2TR7A4ulH9R1PNwMyd8o8U'],"['Cruise', 'Round Here']",['This Is How We Roll'],0.00254000508001016,0.5263157894736842,41.44210526315789,2.0842999463776706,2,1
"['spotify:track:1WoOzgvz6CgH4pX6a1RKGp', 'spotify:track:2d8JP84HNLKhmd6IYOoupQ']",['spotify:track:5NQbUaeTEOGdD6hHcre0dZ'],"['My Way (feat. Monty)', 'Trap Queen']",['679 (feat. Remy Boyz)'],0.00254000508001016,0.5263157894736842,26.064217146640182,2.0684813591849402,2,1
['spotify:track:3yMVUGqVK5iTTkA8kGChH2'],['spotify:track:6eYYm2xwrvdav2yakF3cqg'],"[""Crushin' It""]",['Leave The Night On'],0.00254000508001016,0.5263157894736842,42.28786251342642,2.084836169672339,1,1
"['spotify:track:3ts6xK5GzfMAAriT9AIBmP', 'spotify:track:3xdjjKMcMOFgo1eQrfbogM']",['spotify:track:05ZACkzW8YbRq3eFgIfSNB'],"['Barefoot Blue Jean Night', 'Wagon Wheel']",['Springsteen'],0.00254000508001016,0.5263157894736842,33.69276850663243,2.078133378488979,2,1
"['spotify:track:05ZACkzW8YbRq3eFgIfSNB', 'spotify:track:4dGJf1SER1T6ooX46vwzRB']",['spotify:track:03fT3OHB9KyMtGMt2zwqCT'],"['Springsteen', 'Chicken Fried']",['Play It Again'],0.00254000508001016,0.5263157894736842,37.67464114832536,2.0816188299043263,2,1
"['spotify:track:3b7CDTKB0SRTmQ6ytYi5vZ', 'spotify:track:4dGJf1SER1T6ooX46vwzRB']",['spotify:track:0yD66650JxhqKbW76C2qCo'],"['Drunk On You', 'Chicken Fried']",['Country Girl (Shake It For Me)'],0.00254000508001016,0.5263157894736842,53.13090418353576,2.0901984026190275,2,1
"['spotify:track:3b7CDTKB0SRTmQ6ytYi5vZ', 'spotify:track:4dGJf1SER1T6ooX46vwzRB']",['spotify:track:4wFUdSCer8bdQsrp1M90sa'],"['Drunk On You', 'Chicken Fried']","[""Highway Don't Care""]",0.00254000508001016,0.5263157894736842,56.77000720980533,2.0915389608556993,2,1
['spotify:track:3axkNosdVQLZiq1HakuGhc'],['spotify:track:1z6WtY7X4HQJvzxC4UgkSf'],['Countdown'],['Love On Top'],0.00254000508001016,0.5263157894736842,67.9378774805867,2.094756300623712,1,1
"['spotify:track:1zWZvrk13cL8Sl3VLeG57F', 'spotify:track:5CG9Ps5ynNjpKJHmwc95pa']",['spotify:track:1soxUgYIZb1qx1c7o1Lc7z'],"['T-Shirt', 'Somewhere On A Beach']",['Drunk On A Plane'],0.00254000508001016,0.5263157894736842,42.28786251342642,2.084836169672339,2,1
"['spotify:track:46ZfPS5VpSQVU5gb82hg3K', 'spotify:track:5kNe7PE09d6Kvw5pAsx23n']",['spotify:track:5BbYPT6ehZf0hSv2su6JAl'],"['Anything Goes', 'Die A Happy Man']",['Make You Miss Me'],0.00254000508001016,0.5263157894736842,56.002844950213365,2.0912708492083647,2,1
"['spotify:track:0SGkqnVQo9KPytSri1H6cF', 'spotify:track:0v9Wz8o0BT8DU38R4ddjeH']",['spotify:track:343YBumqHu19cGoGARUTsd'],"['Bounce Back', 'No Problem (feat. Lil Wayne & 2 Chainz)']",['Fake Love'],0.00254000508001016,0.5128205128205129,25.719418585660627,2.0117040760397313,2,1
"['spotify:track:0VgkVdmE4gld66l8iyGjgx', 'spotify:track:7GX5flRQZVHRAGd6B4TmDO']",['spotify:track:6p8NuHm8uCGnn2Dtbtf7zE'],"['Mask Off', 'XO TOUR Llif3']",['Slippery (feat. Gucci Mane)'],0.00254000508001016,0.5128205128205129,37.38841405508072,2.024477627902624,2,1
"['spotify:track:2FviG1Ma0M0BSZbqaDvw0x', 'spotify:track:4dGJf1SER1T6ooX46vwzRB']",['spotify:track:1dgWTMoHwTUnQhOQ8SR5fV'],"['House Party', 'Chicken Fried']",['American Kids'],0.00254000508001016,0.5128205128205129,43.890746934225206,2.028648583612957,2,1
"['spotify:track:0H04yVa3DJxoXbLBpAb7iV', 'spotify:track:5kNe7PE09d6Kvw5pAsx23n']",['spotify:track:2N3F1EQCpnIeDOA3rLSAfE'],"[""I'm Comin' Over"", 'Die A Happy Man']",['Break Up In A Small Town'],0.00254000508001016,0.5128205128205129,48.07081807081808,2.0307340614681233,2,1
"['spotify:track:05ZACkzW8YbRq3eFgIfSNB', 'spotify:track:3ts6xK5GzfMAAriT9AIBmP']",['spotify:track:3xdjjKMcMOFgo1eQrfbogM'],"['Springsteen', 'Barefoot Blue Jean Night']",['Wagon Wheel'],0.00254000508001016,0.5128205128205129,35.734059450873616,2.0231742042431455,2,1
['spotify:track:1SGt65i9AnXYdDQt1AtDRH'],['spotify:track:1wHZx0LgzFHyeIZkUydNXq'],['3500'],['Antidote'],0.00254000508001016,0.5128205128205129,28.637934169849068,2.0158750317500638,1,1
"['spotify:track:0i5el041vd6nxrGEU8QRxy', 'spotify:track:5HGibWoxnkYSkl6mHmAlOE']",['spotify:track:0yD66650JxhqKbW76C2qCo'],"['Cruise', ""That's My Kind Of Night""]",['Country Girl (Shake It For Me)'],0.00254000508001016,0.5128205128205129,51.768573307034856,2.032298169859498,2,1
"['spotify:track:0i5el041vd6nxrGEU8QRxy', 'spotify:track:5HGibWoxnkYSkl6mHmAlOE']",['spotify:track:2TR7A4ulH9R1PNwMyd8o8U'],"['Cruise', ""That's My Kind Of Night""]",['This Is How We Roll'],0.00254000508001016,0.5128205128205129,40.379487179487185,2.026563105757791,2,1
['spotify:track:2nLtzopw4rPReszdYBJU6h'],['spotify:track:60a0Rd6pjrkxjPbaKzXjfq'],['Numb'],['In The End'],0.00254000508001016,0.5128205128205129,74.77682811016145,2.0385546034249966,1,1
"['spotify:track:05ZACkzW8YbRq3eFgIfSNB', 'spotify:track:0Nu9WA8kEbBWEsay2s8Q0U']",['spotify:track:3ts6xK5GzfMAAriT9AIBmP'],"['Springsteen', 'Even If It Breaks Your Heart']",['Barefoot Blue Jean Night'],0.00254000508001016,0.5128205128205129,38.82642998027614,2.0255203668302078,2,1
"['spotify:track:05ZACkzW8YbRq3eFgIfSNB', 'spotify:track:3ts6xK5GzfMAAriT9AIBmP']",['spotify:track:0Nu9WA8kEbBWEsay2s8Q0U'],"['Springsteen', 'Barefoot Blue Jean Night']",['Even If It Breaks Your Heart'],0.00254000508001016,0.5128205128205129,56.87251715420731,2.034122962982768,2,1
"['spotify:track:1xznGGDReH1oQq0xzbwXa3', 'spotify:track:6F609ICg9Spjrw1epsAnpa']",['spotify:track:11KJSRSgaDxqydKYiD2Jew'],"['One Dance', 'Controlla']",['Too Good'],0.00254000508001016,0.5,33.08403361344538,1.969773939547879,2,1
"['spotify:track:11KJSRSgaDxqydKYiD2Jew', 'spotify:track:1xznGGDReH1oQq0xzbwXa3']",['spotify:track:6F609ICg9Spjrw1epsAnpa'],"['Too Good', 'One Dance']",['Controlla'],0.00254000508001016,0.5,36.794392523364486,1.9728219456438914,2,1
"['spotify:track:2ANLarE8yHVsLWW21nj79M', 'spotify:track:7yyRTcZmCiyzzJlNzGC9Ol']",['spotify:track:6fujklziTHa8uoM5OQSfIo'],"['You Was Right', 'Broccoli (feat. Lil Yachty)']",['Black Beatles'],0.00254000508001016,0.5,27.53146853146853,1.9636779273558547,2,1
"['spotify:track:2ANLarE8yHVsLWW21nj79M', 'spotify:track:7yyRTcZmCiyzzJlNzGC9Ol']",['spotify:track:5uDASfU19gDxSjW8cnCaBp'],"['You Was Right', 'Broccoli (feat. Lil Yachty)']",['Chill Bill'],0.00254000508001016,0.5,28.73722627737226,1.9652019304038608,2,1
"['spotify:track:0i5el041vd6nxrGEU8QRxy', 'spotify:track:2TR7A4ulH9R1PNwMyd8o8U']",['spotify:track:5T6DM9qjjngWnukcw0svkX'],"['Cruise', 'This Is How We Roll']",['Round Here'],0.00254000508001016,0.5,47.433734939759034,1.9789179578359157,2,1
"['spotify:track:1f5cbQtDrykjarZVrShaDI', 'spotify:track:7GX5flRQZVHRAGd6B4TmDO']",['spotify:track:7KXjTSCq5nL1LoYtL7XAwS'],"['Drowning (feat. Kodak Black)', 'XO TOUR Llif3']",['HUMBLE.'],0.00254000508001016,0.5,19.78391959798995,1.9494538989077979,2,1
"['spotify:track:05ZACkzW8YbRq3eFgIfSNB', 'spotify:track:3xdjjKMcMOFgo1eQrfbogM']",['spotify:track:3ts6xK5GzfMAAriT9AIBmP'],"['Springsteen', 'Wagon Wheel']",['Barefoot Blue Jean Night'],0.00254000508001016,0.5,37.85576923076923,1.9735839471678944,2,1
['spotify:track:4CcrLWFQY4dRGMbUR59cSp'],['spotify:track:5HGibWoxnkYSkl6mHmAlOE'],['Hey Girl'],"[""That's My Kind Of Night""]",0.00254000508001016,0.5,37.85576923076923,1.9735839471678944,1,1
"['spotify:track:0i5el041vd6nxrGEU8QRxy', 'spotify:track:2TR7A4ulH9R1PNwMyd8o8U']",['spotify:track:5HGibWoxnkYSkl6mHmAlOE'],"['Cruise', 'This Is How We Roll']","[""That's My Kind Of Night""]",0.00254000508001016,0.5,37.85576923076923,1.9735839471678944,2,1
['spotify:track:1qC0pi9ZH47XDjvaNbg8ch'],['spotify:track:5kNe7PE09d6Kvw5pAsx23n'],['Lose My Mind'],['Die A Happy Man'],0.00254000508001016,0.5,31.0,1.967741935483871,1,1
['spotify:track:0vcfOQOvTCv8ckiRs8Xc1Z'],['spotify:track:1qwnPVOIJjAFfCc40Etb1D'],['Beautiful Drug'],['Homegrown'],0.00254000508001016,0.5,49.2125,1.9796799593599188,1,1
['spotify:track:0vcfOQOvTCv8ckiRs8Xc1Z'],['spotify:track:5kNe7PE09d6Kvw5pAsx23n'],['Beautiful Drug'],['Die A Happy Man'],0.00254000508001016,0.5,31.0,1.967741935483871,1,1
"['spotify:track:343YBumqHu19cGoGARUTsd', 'spotify:track:7yyRTcZmCiyzzJlNzGC9Ol']",['spotify:track:0SGkqnVQo9KPytSri1H6cF'],"['Fake Love', 'Broccoli (feat. Lil Yachty)']",['Bounce Back'],0.00254000508001016,0.48780487804878053,23.420582986317672,1.9117166805762182,2,1
"['spotify:track:1zWZvrk13cL8Sl3VLeG57F', 'spotify:track:5kNe7PE09d6Kvw5pAsx23n']",['spotify:track:2FviG1Ma0M0BSZbqaDvw0x'],"['T-Shirt', 'Die A Happy Man']",['House Party'],0.00254000508001016,0.48780487804878053,33.990934599611485,1.9243622772959832,2,1
"['spotify:track:1zWZvrk13cL8Sl3VLeG57F', 'spotify:track:5kNe7PE09d6Kvw5pAsx23n']",['spotify:track:03fT3OHB9KyMtGMt2zwqCT'],"['T-Shirt', 'Die A Happy Man']",['Play It Again'],0.00254000508001016,0.48780487804878053,34.9179600886918,1.9251061359265575,2,1
"['spotify:track:1zWZvrk13cL8Sl3VLeG57F', 'spotify:track:5kNe7PE09d6Kvw5pAsx23n']",['spotify:track:2Fk0WwAqTBesLtKg97nojy'],"['T-Shirt', 'Die A Happy Man']",['Crash And Burn'],0.00254000508001016,0.48780487804878053,43.647450110864746,1.9305610992174365,2,1
['spotify:track:55Q46o5adtSobImSKrrlqW'],['spotify:track:0B8QzDH7YWih85V5SEMnyJ'],['Top'],['Money Longer'],0.00254000508001016,0.48780487804878053,35.89696831547755,1.925849994557132,1,1
['spotify:track:2MNapHbu7QASoukvVVIxyr'],['spotify:track:5CG9Ps5ynNjpKJHmwc95pa'],['Mind Reader'],['Somewhere On A Beach'],0.00254000508001016,0.48780487804878053,50.53915275994866,1.933536533739734,1,1
"['spotify:track:1dgWTMoHwTUnQhOQ8SR5fV', 'spotify:track:4dGJf1SER1T6ooX46vwzRB']",['spotify:track:2FviG1Ma0M0BSZbqaDvw0x'],"['American Kids', 'Chicken Fried']",['House Party'],0.00254000508001016,0.48780487804878053,33.990934599611485,1.9243622772959832,2,1
"['spotify:track:2N3F1EQCpnIeDOA3rLSAfE', 'spotify:track:6eYYm2xwrvdav2yakF3cqg']",['spotify:track:0H04yVa3DJxoXbLBpAb7iV'],"['Break Up In A Small Town', 'Leave The Night On']","[""I'm Comin' Over""]",0.00254000508001016,0.48780487804878053,49.24327704815511,1.9330406279860177,2,1
"['spotify:track:0VgkVdmE4gld66l8iyGjgx', 'spotify:track:7KOlJ92bu51cltsD9KU5I7']",['spotify:track:6gBFPUFcJLzWGx4lenP6h2'],"['Mask Off', 'T-Shirt']",['goosebumps'],0.00254000508001016,0.48780487804878053,25.10441575003986,1.9144441622216577,2,1
"['spotify:track:03fT3OHB9KyMtGMt2zwqCT', 'spotify:track:2TR7A4ulH9R1PNwMyd8o8U']",['spotify:track:0yD66650JxhqKbW76C2qCo'],"['Play It Again', 'This Is How We Roll']",['Country Girl (Shake It For Me)'],0.00254000508001016,0.48780487804878053,49.24327704815511,1.9330406279860177,2,1
['spotify:track:11LmqTE2naFULdEP94AUBa'],['spotify:track:5ghIJDpPoe3CfHMGu71E6T'],['Heart-Shaped Box'],['Smells Like Teen Spirit'],0.00254000508001016,0.48780487804878053,38.029461482733645,1.9273377118182806,1,1
['spotify:track:3MFV4DgrAOXz6KURPQxRj9'],['spotify:track:05ZACkzW8YbRq3eFgIfSNB'],['Somewhere In My Car'],['Springsteen'],0.00254000508001016,0.48780487804878053,31.227443981756895,1.9218827485274017,1,1
['spotify:track:5JnLiuMgRAWoHYOhatFP3s'],['spotify:track:7GQjJEwqlp6m5HNWVQd6OR'],['People Are Crazy'],['Good Directions'],0.00254000508001016,0.48780487804878053,60.96786682152536,1.93675992113889,1,1
"['spotify:track:11KJSRSgaDxqydKYiD2Jew', 'spotify:track:6F609ICg9Spjrw1epsAnpa']",['spotify:track:1xznGGDReH1oQq0xzbwXa3'],"['Too Good', 'Controlla']",['One Dance'],0.00254000508001016,0.47619047619047616,19.63101470954874,1.8627819982912692,2,1
"['spotify:track:0v9Wz8o0BT8DU38R4ddjeH', 'spotify:track:343YBumqHu19cGoGARUTsd']",['spotify:track:0SGkqnVQo9KPytSri1H6cF'],"['No Problem (feat. Lil Wayne & 2 Chainz)', 'Fake Love']",['Bounce Back'],0.00254000508001016,0.47619047619047616,22.86295005807201,1.8693282841111136,2,1
"['spotify:track:6p8NuHm8uCGnn2Dtbtf7zE', 'spotify:track:7GX5flRQZVHRAGd6B4TmDO']",['spotify:track:1e1JKLEDKP7hEQzJfNAgPl'],"['Slippery (feat. Gucci Mane)', 'XO TOUR Llif3']",['Magnolia'],0.00254000508001016,0.47619047619047616,52.076719576719576,1.8916341469046574,2,1
"['spotify:track:3a1lNhkSLSkpJE4MSHpDu9', 'spotify:track:6p8NuHm8uCGnn2Dtbtf7zE']",['spotify:track:7KOlJ92bu51cltsD9KU5I7'],"['Congratulations', 'Slippery (feat. Gucci Mane)']",['T-Shirt'],0.00254000508001016,0.47619047619047616,34.71781305114638,1.8829057658115314,2,1
"['spotify:track:3a1lNhkSLSkpJE4MSHpDu9', 'spotify:track:6p8NuHm8uCGnn2Dtbtf7zE']",['spotify:track:7KXjTSCq5nL1LoYtL7XAwS'],"['Congratulations', 'Slippery (feat. Gucci Mane)']",['HUMBLE.'],0.00254000508001016,0.47619047619047616,18.841828188561855,1.8608423580483524,2,1
"['spotify:track:3a1lNhkSLSkpJE4MSHpDu9', 'spotify:track:6p8NuHm8uCGnn2Dtbtf7zE']",['spotify:track:0VgkVdmE4gld66l8iyGjgx'],"['Congratulations', 'Slippery (feat. Gucci Mane)']",['Mask Off'],0.00254000508001016,0.47619047619047616,28.622319156670297,1.8773293001131457,2,1
"['spotify:track:6p8NuHm8uCGnn2Dtbtf7zE', 'spotify:track:7GX5flRQZVHRAGd6B4TmDO']",['spotify:track:0VgkVdmE4gld66l8iyGjgx'],"['Slippery (feat. Gucci Mane)', 'XO TOUR Llif3']",['Mask Off'],0.00254000508001016,0.47619047619047616,28.622319156670297,1.8773293001131457,2,1
"['spotify:track:03fT3OHB9KyMtGMt2zwqCT', 'spotify:track:6eYYm2xwrvdav2yakF3cqg']",['spotify:track:5T6DM9qjjngWnukcw0svkX'],"['Play It Again', 'Leave The Night On']",['Round Here'],0.00254000508001016,0.47619047619047616,45.174985656913364,1.8889671415706468,2,1
"['spotify:track:03fT3OHB9KyMtGMt2zwqCT', 'spotify:track:3b7CDTKB0SRTmQ6ytYi5vZ']",['spotify:track:5T6DM9qjjngWnukcw0svkX'],"['Play It Again', 'Drunk On You']",['Round Here'],0.00254000508001016,0.47619047619047616,45.174985656913364,1.8889671415706468,2,1
"['spotify:track:2FviG1Ma0M0BSZbqaDvw0x', 'spotify:track:2N3F1EQCpnIeDOA3rLSAfE']",['spotify:track:46ZfPS5VpSQVU5gb82hg3K'],"['House Party', 'Break Up In A Small Town']",['Anything Goes'],0.00254000508001016,0.47619047619047616,49.33583959899749,1.890664326783199,2,1
['spotify:track:7zNM46fo01dCBidY4yGNTZ'],['spotify:track:5kjyiH6but1t2UDXq15aeS'],['Keep Me In Mind'],['Toes'],0.00254000508001016,0.47619047619047616,39.88855116514691,1.886300136236636,1,1
['spotify:track:7zNM46fo01dCBidY4yGNTZ'],['spotify:track:1yEwEiTpsaPhQi9lb5EVV4'],['Keep Me In Mind'],['Knee Deep (feat. Jimmy Buffett)'],0.00254000508001016,0.47619047619047616,38.260447035957235,1.8853303161151775,1,1
"['spotify:track:2FviG1Ma0M0BSZbqaDvw0x', 'spotify:track:2N3F1EQCpnIeDOA3rLSAfE']",['spotify:track:6IFPfV8PNSYOmufzQ95hmm'],"['House Party', 'Break Up In A Small Town']",['Confession'],0.00254000508001016,0.47619047619047616,59.51625094482237,1.893816242177939,2,1
"['spotify:track:03fT3OHB9KyMtGMt2zwqCT', 'spotify:track:4dGJf1SER1T6ooX46vwzRB']",['spotify:track:05ZACkzW8YbRq3eFgIfSNB'],"['Play It Again', 'Chicken Fried']",['Springsteen'],0.00254000508001016,0.47619047619047616,30.483933410762678,1.8792689403560625,2,1
"['spotify:track:2TR7A4ulH9R1PNwMyd8o8U', 'spotify:track:5HGibWoxnkYSkl6mHmAlOE']",['spotify:track:0i5el041vd6nxrGEU8QRxy'],"['This Is How We Roll', ""That's My Kind Of Night""]",['Cruise'],0.00254000508001016,0.47619047619047616,33.181626632954064,1.8816934906597085,2,1
['spotify:track:3grPZ1iQg2tEdh0ZCh3HTt'],['spotify:track:46ZfPS5VpSQVU5gb82hg3K'],['Stay'],['Anything Goes'],0.00254000508001016,0.47619047619047616,49.33583959899749,1.890664326783199,1,1
"['spotify:track:03fT3OHB9KyMtGMt2zwqCT', 'spotify:track:4dGJf1SER1T6ooX46vwzRB']",['spotify:track:1qwnPVOIJjAFfCc40Etb1D'],"['Play It Again', 'Chicken Fried']",['Homegrown'],0.00254000508001016,0.47619047619047616,46.86904761904761,1.8896945066617405,2,1
"['spotify:track:0SGkqnVQo9KPytSri1H6cF', 'spotify:track:343YBumqHu19cGoGARUTsd']",['spotify:track:0v9Wz8o0BT8DU38R4ddjeH'],"['Bounce Back', 'Fake Love']",['No Problem (feat. Lil Wayne & 2 Chainz)'],0.00254000508001016,0.46511627906976744,18.97578021448367,1.8237402126978166,2,1
"['spotify:track:0SGkqnVQo9KPytSri1H6cF', 'spotify:track:343YBumqHu19cGoGARUTsd']",['spotify:track:7yyRTcZmCiyzzJlNzGC9Ol'],"['Bounce Back', 'Fake Love']",['Broccoli (feat. Lil Yachty)'],0.00254000508001016,0.46511627906976744,16.4229846699343,1.8166171549734402,2,1
"['spotify:track:5OOkp4U9P9oL23maHFHL1h', 'spotify:track:7yyRTcZmCiyzzJlNzGC9Ol']",['spotify:track:4Km5HrUvYTaSUfiSGPJeQR'],"['Panda', 'Broccoli (feat. Lil Yachty)']",['Bad and Boujee (feat. Lil Uzi Vert)'],0.00254000508001016,0.46511627906976744,20.459919449136027,1.8270643063025256,2,1
"['spotify:track:5OOkp4U9P9oL23maHFHL1h', 'spotify:track:7yyRTcZmCiyzzJlNzGC9Ol']",['spotify:track:5hTpBe8h35rJ67eAWHQsJx'],"['Panda', 'Broccoli (feat. Lil Yachty)']",['Caroline'],0.00254000508001016,0.46511627906976744,20.233842991134523,1.826589435787567,2,1
"['spotify:track:5ZManJDV3CexO66nRCkdiV', 'spotify:track:5kNe7PE09d6Kvw5pAsx23n']",['spotify:track:4ly1QBXEwYoDmje9rmEgC4'],"['Break Up with Him', 'Die A Happy Man']",['Head Over Boots'],0.00254000508001016,0.46511627906976744,56.34347048300537,1.8541319256551554,2,1
"['spotify:track:4Km5HrUvYTaSUfiSGPJeQR', 'spotify:track:5uDASfU19gDxSjW8cnCaBp']",['spotify:track:5hTpBe8h35rJ67eAWHQsJx'],"['Bad and Boujee (feat. Lil Uzi Vert)', 'Chill Bill']",['Caroline'],0.00254000508001016,0.46511627906976744,20.233842991134523,1.826589435787567,2,1
"['spotify:track:6gBFPUFcJLzWGx4lenP6h2', 'spotify:track:7KXjTSCq5nL1LoYtL7XAwS']",['spotify:track:0VgkVdmE4gld66l8iyGjgx'],"['goosebumps', 'HUMBLE.']",['Mask Off'],0.00254000508001016,0.46511627906976744,27.956683827445406,1.8384611986615276,2,1
['spotify:track:5JlH51YDYsGj2dyEJKKjcN'],['spotify:track:05ZACkzW8YbRq3eFgIfSNB'],['Alright'],['Springsteen'],0.00254000508001016,0.46511627906976744,29.775004726791455,1.8403606807213613,1,1
['spotify:track:0prNGof3XqfTvNDxHonvdK'],['spotify:track:7BKLCZ1jbUBVqRi2FVlTVw'],['Scars To Your Beautiful'],['Closer'],0.00254000508001016,0.46511627906976744,18.130324660373013,1.8216032953805037,1,1
"['spotify:track:0i5el041vd6nxrGEU8QRxy', 'spotify:track:6s9ICeczYOfbHHIaSMq9jd']",['spotify:track:05ZACkzW8YbRq3eFgIfSNB'],"['Cruise', 'Get Your Shine On']",['Springsteen'],0.00254000508001016,0.46511627906976744,29.775004726791455,1.8403606807213613,2,1
"['spotify:track:5T6DM9qjjngWnukcw0svkX', 'spotify:track:6s9ICeczYOfbHHIaSMq9jd']",['spotify:track:05ZACkzW8YbRq3eFgIfSNB'],"['Round Here', 'Get Your Shine On']",['Springsteen'],0.00254000508001016,0.46511627906976744,29.775004726791455,1.8403606807213613,2,1
"['spotify:track:5ZManJDV3CexO66nRCkdiV', 'spotify:track:5kNe7PE09d6Kvw5pAsx23n']",['spotify:track:6eYYm2xwrvdav2yakF3cqg'],"['Break Up with Him', 'Die A Happy Man']",['Leave The Night On'],0.00254000508001016,0.46511627906976744,37.370669197911724,1.8462965621583414,2,1
"['spotify:track:5ZManJDV3CexO66nRCkdiV', 'spotify:track:5kNe7PE09d6Kvw5pAsx23n']",['spotify:track:2N3F1EQCpnIeDOA3rLSAfE'],"['Break Up with Him', 'Die A Happy Man']",['Break Up In A Small Town'],0.00254000508001016,0.46511627906976744,43.59911406423034,1.8496206557630503,2,1
"['spotify:track:5ZManJDV3CexO66nRCkdiV', 'spotify:track:5kNe7PE09d6Kvw5pAsx23n']",['spotify:track:1qwnPVOIJjAFfCc40Etb1D'],"['Break Up with Him', 'Die A Happy Man']",['Homegrown'],0.00254000508001016,0.46511627906976744,45.77906976744186,1.8505703967929674,2,1
['spotify:track:6yIMatK8OCXC3GuIlwHxuM'],['spotify:track:1yEwEiTpsaPhQi9lb5EVV4'],['Jump Right In'],['Knee Deep (feat. Jimmy Buffett)'],0.00254000508001016,0.46511627906976744,37.370669197911724,1.8462965621583414,1,1
['spotify:track:6yIMatK8OCXC3GuIlwHxuM'],['spotify:track:4dGJf1SER1T6ooX46vwzRB'],['Jump Right In'],['Chicken Fried'],0.00254000508001016,0.46511627906976744,29.298604651162794,1.8398858102064026,1,1
"['spotify:track:5ZManJDV3CexO66nRCkdiV', 'spotify:track:5kNe7PE09d6Kvw5pAsx23n']",['spotify:track:6IFPfV8PNSYOmufzQ95hmm'],"['Break Up with Him', 'Die A Happy Man']",['Confession'],0.00254000508001016,0.46511627906976744,58.132152085640456,1.854606796170114,2,1
['spotify:track:4W38RXuQNuoTSwVsQA1OGC'],['spotify:track:5ZManJDV3CexO66nRCkdiV'],"[""Nothin' Like You""]",['Break Up with Him'],0.00254000508001016,0.46511627906976744,46.95289206917114,1.8510452673079256,1,1
['spotify:track:0iA1unTbTbDOWUSlbwJ1pS'],['spotify:track:0BCy325UZyR9z0t0uxwn2N'],"[""It Don't Hurt Like It Used To""]",['H.O.L.Y.'],0.00254000508001016,0.46511627906976744,36.260649320746026,1.8455842563859037,1,1
['spotify:track:0iA1unTbTbDOWUSlbwJ1pS'],['spotify:track:1zWZvrk13cL8Sl3VLeG57F'],"[""It Don't Hurt Like It Used To""]",['T-Shirt'],0.00254000508001016,0.46511627906976744,44.12440459512469,1.8498580910205298,1,1
['spotify:track:0iA1unTbTbDOWUSlbwJ1pS'],['spotify:track:5CG9Ps5ynNjpKJHmwc95pa'],"[""It Don't Hurt Like It Used To""]",['Somewhere On A Beach'],0.00254000508001016,0.46511627906976744,48.188494492044065,1.8515201378228843,1,1
['spotify:track:0iA1unTbTbDOWUSlbwJ1pS'],['spotify:track:46ZfPS5VpSQVU5gb82hg3K'],"[""It Don't Hurt Like It Used To""]",['Anything Goes'],0.00254000508001016,0.46511627906976744,48.188494492044065,1.8515201378228843,1,1
['spotify:track:38gZVjeaeR3gcnCzziAxBm'],['spotify:track:5HJId22hZ2IvFnvNSy6ZbE'],['Middle of a Memory'],['Different For Girls'],0.00254000508001016,0.46511627906976744,77.9218208807521,1.8584057602897812,1,1
['spotify:track:38gZVjeaeR3gcnCzziAxBm'],['spotify:track:0O1x2tRm8ZpfDbcpOWZp7z'],['Middle of a Memory'],['American Country Love Song'],0.00254000508001016,0.46511627906976744,64.25132598939209,1.856031407714989,1,1
['spotify:track:38gZVjeaeR3gcnCzziAxBm'],['spotify:track:1TKlBK9cSrM5u4CiL4SETS'],['Middle of a Memory'],['Talladega'],0.00254000508001016,0.46511627906976744,42.585181179015684,1.8491457852480921,1,1
['spotify:track:38gZVjeaeR3gcnCzziAxBm'],['spotify:track:1zWZvrk13cL8Sl3VLeG57F'],['Middle of a Memory'],['T-Shirt'],0.00254000508001016,0.46511627906976744,44.12440459512469,1.8498580910205298,1,1
['spotify:track:7px4t7HGiuMUvFkEOpZEwp'],['spotify:track:6xHI9KjUjYT0FPtGO8Mxa1'],['Song for Another Time'],['Hurricane'],0.00254000508001016,0.46511627906976744,58.132152085640456,1.854606796170114,1,1
['spotify:track:7px4t7HGiuMUvFkEOpZEwp'],['spotify:track:4ly1QBXEwYoDmje9rmEgC4'],['Song for Another Time'],['Head Over Boots'],0.00254000508001016,0.46511627906976744,56.34347048300537,1.8541319256551554,1,1
['spotify:track:7px4t7HGiuMUvFkEOpZEwp'],['spotify:track:46ZfPS5VpSQVU5gb82hg3K'],['Song for Another Time'],['Anything Goes'],0.00254000508001016,0.46511627906976744,48.188494492044065,1.8515201378228843,1,1
['spotify:track:3MykNWa65IP2VN1Qa6B9yK'],['spotify:track:05ZACkzW8YbRq3eFgIfSNB'],['Give Me Back My Hometown'],['Springsteen'],0.00254000508001016,0.46511627906976744,29.775004726791455,1.8403606807213613,1,1
"['spotify:track:16qYlQ6koFxYVbiJbGHblz', 'spotify:track:62vpWI1CHwFy7tMIcSStl8']",['spotify:track:6Ius4TC0L3cN74HT7ENE6e'],"['G.O.M.D.', 'No Role Modelz']",['Wet Dreamz'],0.00254000508001016,0.45454545454545453,33.13973063973064,1.8081872830412329,2,1
"['spotify:track:2EEeOnHehOozLq4aS0n6SL', 'spotify:track:7yyRTcZmCiyzzJlNzGC9Ol']",['spotify:track:4Km5HrUvYTaSUfiSGPJeQR'],"['iSpy (feat. Lil Yachty)', 'Broccoli (feat. Lil Yachty)']",['Bad and Boujee (feat. Lil Uzi Vert)'],0.00254000508001016,0.45454545454545453,19.994921279837477,1.7916560833121669,2,1
['spotify:track:0ua0Go4NN4Td7l0Zre6Ce3'],['spotify:track:6C7RJEIUDqKkJRZVWdkfkH'],['Flashing Lights'],['Stronger'],0.00254000508001016,0.45454545454545453,25.935441370223977,1.801202269071205,1,1
['spotify:track:204U3zjm9kkzX25Pr4Rdld'],['spotify:track:0VgkVdmE4gld66l8iyGjgx'],['Kelly Price (feat. Travis Scott)'],['Mask Off'],0.00254000508001016,0.45454545454545453,27.32130464954892,1.8028321056642116,1,1
['spotify:track:204U3zjm9kkzX25Pr4Rdld'],['spotify:track:4Km5HrUvYTaSUfiSGPJeQR'],['Kelly Price (feat. Travis Scott)'],['Bad and Boujee (feat. Lil Uzi Vert)'],0.00254000508001016,0.45454545454545453,19.994921279837477,1.7916560833121669,1,1
['spotify:track:6GG2tkV9PRYGN5rniXPFXZ'],['spotify:track:7yyRTcZmCiyzzJlNzGC9Ol'],['Cash Machine'],['Broccoli (feat. Lil Yachty)'],0.00254000508001016,0.45454545454545453,16.049735018344883,1.7814113961561258,1,1
"['spotify:track:2d8JP84HNLKhmd6IYOoupQ', 'spotify:track:5NQbUaeTEOGdD6hHcre0dZ']",['spotify:track:1WoOzgvz6CgH4pX6a1RKGp'],"['Trap Queen', '679 (feat. Remy Boyz)']",['My Way (feat. Monty)'],0.00254000508001016,0.45454545454545453,40.21450459652707,1.8126111252222505,2,1
['spotify:track:64BbK9SFKH2jk86U3dGj2P'],['spotify:track:3d9DChrdc6BOeFsbrZ3Is0'],['Otherside'],['Under The Bridge'],0.00254000508001016,0.45454545454545453,39.33066933066933,1.8121454576242486,1,1
['spotify:track:2oENJa1T33GJ0w8dC167G4'],['spotify:track:0XUfyU2QviPAs6bxSpXYG4'],['Fire Burning'],['Yeah!'],0.00254000508001016,0.45454545454545453,21.053475935828878,1.793751587503175,1,1
['spotify:track:6W9W8dSswA8KNegvl3W97V'],['spotify:track:2N3F1EQCpnIeDOA3rLSAfE'],['Think of You'],['Break Up In A Small Town'],0.00254000508001016,0.45454545454545453,42.608225108225106,1.8137752942172551,1,1
['spotify:track:5y2pNuAvWcPKiORZ12e44S'],['spotify:track:6naYpFIKihKbGg6lGxpveI'],"[""Night's On Fire""]",['Backroad Song'],0.00254000508001016,0.45454545454545453,67.53001715265866,1.8209931419862841,1,1
['spotify:track:5y2pNuAvWcPKiORZ12e44S'],['spotify:track:3JtmRIkVK95rmf4kWKA3ON'],"[""Night's On Fire""]",['Stay A Little Longer'],0.00254000508001016,0.45454545454545453,55.92329545454546,1.8184319701972738,1,1
['spotify:track:5y2pNuAvWcPKiORZ12e44S'],['spotify:track:17Vry8h1fUTYg8NL6pHhem'],"[""Night's On Fire""]",['Fix'],0.00254000508001016,0.45454545454545453,73.04267161410019,1.821924477182288,1,1
['spotify:track:5y2pNuAvWcPKiORZ12e44S'],['spotify:track:7I5fYc4qKJddht8Ozhqqdx'],"[""Night's On Fire""]",['Snapback'],0.00254000508001016,0.45454545454545453,51.87088274044795,1.8172678012022692,1,1
['spotify:track:5y2pNuAvWcPKiORZ12e44S'],['spotify:track:5kNe7PE09d6Kvw5pAsx23n'],"[""Night's On Fire""]",['Die A Happy Man'],0.00254000508001016,0.45454545454545453,28.181818181818183,1.8037634408602152,1,1
['spotify:track:5y2pNuAvWcPKiORZ12e44S'],['spotify:track:2TR7A4ulH9R1PNwMyd8o8U'],"[""Night's On Fire""]",['This Is How We Roll'],0.00254000508001016,0.45454545454545453,35.79090909090909,1.8100499534332404,1,1
['spotify:track:2SiXAy7TuUkycRVbbWDEpo'],['spotify:track:4bHsxqR3GMrXTxEPLuK5ue'],['You Shook Me All Night Long'],"[""Don't Stop Believin'""]",0.00254000508001016,0.4444444444444445,24.644757433489833,1.76753873507747,1,1
"['spotify:track:0VgkVdmE4gld66l8iyGjgx', 'spotify:track:4Km5HrUvYTaSUfiSGPJeQR']",['spotify:track:4Q3N4Ct4zCuIHuZ65E3BD4'],"['Mask Off', 'Bad and Boujee (feat. Lil Uzi Vert)']",['Tunnel Vision'],0.00254000508001016,0.4444444444444445,32.7061266874351,1.7755397510795021,2,1
"['spotify:track:4Km5HrUvYTaSUfiSGPJeQR', 'spotify:track:6fwdbPMwP1zVStm8FybmkO']",['spotify:track:0SGkqnVQo9KPytSri1H6cF'],"['Bad and Boujee (feat. Lil Uzi Vert)', 'X (feat. Future)']",['Bounce Back'],0.00254000508001016,0.4444444444444445,21.338753387533878,1.76250952501905,2,1
"['spotify:track:3ts6xK5GzfMAAriT9AIBmP', 'spotify:track:4dGJf1SER1T6ooX46vwzRB']",['spotify:track:3b7CDTKB0SRTmQ6ytYi5vZ'],"['Barefoot Blue Jean Night', 'Chicken Fried']",['Drunk On You'],0.00254000508001016,0.4444444444444445,38.456654456654455,1.7791973583947167,2,1
"['spotify:track:5hTpBe8h35rJ67eAWHQsJx', 'spotify:track:5uDASfU19gDxSjW8cnCaBp']",['spotify:track:4Km5HrUvYTaSUfiSGPJeQR'],"['Caroline', 'Chill Bill']",['Bad and Boujee (feat. Lil Uzi Vert)'],0.00254000508001016,0.4444444444444445,19.550589695841094,1.7590805181610363,2,1
['spotify:track:5BoIP8Eha5hwmRVURkC2Us'],['spotify:track:67T6l4q3zVjC5nZZPXByU8'],['In My Head'],['Whatcha Say'],0.00254000508001016,0.4444444444444445,44.29817158931083,1.7819405638811276,1,1
"['spotify:track:3ts6xK5GzfMAAriT9AIBmP', 'spotify:track:4dGJf1SER1T6ooX46vwzRB']",['spotify:track:6eYYm2xwrvdav2yakF3cqg'],"['Barefoot Blue Jean Night', 'Chicken Fried']",['Leave The Night On'],0.00254000508001016,0.4444444444444445,35.709750566893426,1.7775971551943102,2,1
['spotify:track:7jRoWfRlLnGYEIEn4t4kbq'],['spotify:track:1D066zixBwqFYqBhKgdPzp'],['London Bridge'],['Fergalicious'],0.00254000508001016,0.4444444444444445,39.32084893882647,1.7796545593091186,1,1
"['spotify:track:6eYYm2xwrvdav2yakF3cqg', 'spotify:track:7vWGeYZJUzBXKGPro05UXS']",['spotify:track:46ZfPS5VpSQVU5gb82hg3K'],"['Leave The Night On', 'Take Your Time']",['Anything Goes'],0.00254000508001016,0.4444444444444445,46.046783625730995,1.7826263652527305,2,1
"['spotify:track:4Km5HrUvYTaSUfiSGPJeQR', 'spotify:track:6fwdbPMwP1zVStm8FybmkO']",['spotify:track:7KOlJ92bu51cltsD9KU5I7'],"['Bad and Boujee (feat. Lil Uzi Vert)', 'X (feat. Future)']",['T-Shirt'],0.00254000508001016,0.4444444444444445,32.40329218106996,1.7753111506223012,2,1
"['spotify:track:3ts6xK5GzfMAAriT9AIBmP', 'spotify:track:4dGJf1SER1T6ooX46vwzRB']",['spotify:track:5HGibWoxnkYSkl6mHmAlOE'],"['Barefoot Blue Jean Night', 'Chicken Fried']","[""That's My Kind Of Night""]",0.00254000508001016,0.4444444444444445,33.649572649572654,1.7762255524511048,2,1
['spotify:track:2yWtLaPCOUDyi7f1lOXCn5'],['spotify:track:4wFUdSCer8bdQsrp1M90sa'],['Anywhere With You'],"[""Highway Don't Care""]",0.00254000508001016,0.4444444444444445,47.93911719939118,1.7833121666243332,1,1
['spotify:track:2yWtLaPCOUDyi7f1lOXCn5'],['spotify:track:3b7CDTKB0SRTmQ6ytYi5vZ'],['Anywhere With You'],['Drunk On You'],0.00254000508001016,0.4444444444444445,38.456654456654455,1.7791973583947167,1,1
['spotify:track:2yWtLaPCOUDyi7f1lOXCn5'],['spotify:track:5kjyiH6but1t2UDXq15aeS'],['Anywhere With You'],['Toes'],0.00254000508001016,0.4444444444444445,37.22931442080378,1.778511557023114,1,1
['spotify:track:2yWtLaPCOUDyi7f1lOXCn5'],['spotify:track:4dGJf1SER1T6ooX46vwzRB'],['Anywhere With You'],['Chicken Fried'],0.00254000508001016,0.4444444444444445,27.99644444444445,1.7714249428498856,1,1
['spotify:track:2yWtLaPCOUDyi7f1lOXCn5'],['spotify:track:05ZACkzW8YbRq3eFgIfSNB'],['Anywhere With You'],['Springsteen'],0.00254000508001016,0.4444444444444445,28.451671183378505,1.7718821437642875,1,1
['spotify:track:3SqOC9IRDYGSq9cH6K2GQI'],['spotify:track:12qZHAeOyTf93YAWvGDTat'],['The Anthem'],['All The Small Things'],0.00254000508001016,0.4444444444444445,30.69785575048733,1.7739395478790958,1,1
"['spotify:track:2Fk0WwAqTBesLtKg97nojy', 'spotify:track:5kNe7PE09d6Kvw5pAsx23n']",['spotify:track:1zWZvrk13cL8Sl3VLeG57F'],"['Crash And Burn', 'Die A Happy Man']",['T-Shirt'],0.00254000508001016,0.4347826086956522,41.24672603457308,1.7505812703933101,2,1
"['spotify:track:2EEeOnHehOozLq4aS0n6SL', 'spotify:track:4Km5HrUvYTaSUfiSGPJeQR']",['spotify:track:7yyRTcZmCiyzzJlNzGC9Ol'],"['iSpy (feat. Lil Yachty)', 'Bad and Boujee (feat. Lil Uzi Vert)']",['Broccoli (feat. Lil Yachty)'],0.00254000508001016,0.4347826086956522,15.35192045232989,1.719124284402415,2,1
"['spotify:track:2Fk0WwAqTBesLtKg97nojy', 'spotify:track:5kNe7PE09d6Kvw5pAsx23n']",['spotify:track:0BCy325UZyR9z0t0uxwn2N'],"['Crash And Burn', 'Die A Happy Man']",['H.O.L.Y.'],0.00254000508001016,0.4347826086956522,33.8958243650452,1.7465368007659092,2,1
"['spotify:track:1WoOzgvz6CgH4pX6a1RKGp', 'spotify:track:5NQbUaeTEOGdD6hHcre0dZ']",['spotify:track:2d8JP84HNLKhmd6IYOoupQ'],"['My Way (feat. Monty)', '679 (feat. Remy Boyz)']",['Trap Queen'],0.00254000508001016,0.4347826086956522,22.52288329519451,1.7350774701549405,2,1
['spotify:track:20ORwCJusz4KS2PbTPVNKo'],['spotify:track:1HwpWwa6bnqqRhK8agG4RS'],"[""Leavin'""]",['Beautiful Soul'],0.00254000508001016,0.4347826086956522,46.896962477665284,1.7528281979640885,1,1
['spotify:track:0tKcYR2II1VCQWT79i5NrW'],['spotify:track:3DXncPQOG4VBw3QHh3S817'],['Thunder'],"[""I'm the One""]",0.00254000508001016,0.4347826086956522,26.133421838698972,1.7397960180535748,1,1
"['spotify:track:0VgkVdmE4gld66l8iyGjgx', 'spotify:track:4Q3N4Ct4zCuIHuZ65E3BD4']",['spotify:track:4Km5HrUvYTaSUfiSGPJeQR'],"['Mask Off', 'Tunnel Vision']",['Bad and Boujee (feat. Lil Uzi Vert)'],0.00254000508001016,0.425531914893617,18.718649708784024,1.7011684023368046,2,1
"['spotify:track:27GmP9AWRs744SzKcpJsTZ', 'spotify:track:5NQbUaeTEOGdD6hHcre0dZ']",['spotify:track:1wHZx0LgzFHyeIZkUydNXq'],"['Jumpman', '679 (feat. Remy Boyz)']",['Antidote'],0.00254000508001016,0.425531914893617,23.763392183491778,1.7095692339532826,2,1
"['spotify:track:4Km5HrUvYTaSUfiSGPJeQR', 'spotify:track:7KXjTSCq5nL1LoYtL7XAwS']",['spotify:track:7GX5flRQZVHRAGd6B4TmDO'],"['Bad and Boujee (feat. Lil Uzi Vert)', 'HUMBLE.']",['XO TOUR Llif3'],0.00254000508001016,0.425531914893617,25.38362346872985,1.7115589045992905,2,1
"['spotify:track:5hTpBe8h35rJ67eAWHQsJx', 'spotify:track:7KXjTSCq5nL1LoYtL7XAwS']",['spotify:track:7GX5flRQZVHRAGd6B4TmDO'],"['Caroline', 'HUMBLE.']",['XO TOUR Llif3'],0.00254000508001016,0.425531914893617,25.38362346872985,1.7115589045992905,2,1
"['spotify:track:0SGkqnVQo9KPytSri1H6cF', 'spotify:track:2EEeOnHehOozLq4aS0n6SL']",['spotify:track:0VgkVdmE4gld66l8iyGjgx'],"['Bounce Back', 'iSpy (feat. Lil Yachty)']",['Mask Off'],0.00254000508001016,0.425531914893617,25.577391586811757,1.7117799791155137,2,1
"['spotify:track:0SGkqnVQo9KPytSri1H6cF', 'spotify:track:2EEeOnHehOozLq4aS0n6SL']",['spotify:track:6mapJIPnQ23RTAevUoE0DL'],"['Bounce Back', 'iSpy (feat. Lil Yachty)']",['Swang'],0.00254000508001016,0.425531914893617,33.84483129163981,1.718854363634653,2,1
['spotify:track:1XazlqB4YAtvouCmJPWXlM'],['spotify:track:6xHI9KjUjYT0FPtGO8Mxa1'],['Wanna Be That Song'],['Hurricane'],0.00254000508001016,0.425531914893617,53.18473488686254,1.726813046218685,1,1
"['spotify:track:0VgkVdmE4gld66l8iyGjgx', 'spotify:track:4Q3N4Ct4zCuIHuZ65E3BD4']",['spotify:track:1f5cbQtDrykjarZVrShaDI'],"['Mask Off', 'Tunnel Vision']",['Drowning (feat. Kodak Black)'],0.00254000508001016,0.425531914893617,33.5063829787234,1.71863328911843,2,1
['spotify:track:1N7qGCKRRnvjoy8MGyHgpS'],['spotify:track:0O1x2tRm8ZpfDbcpOWZp7z'],['Came Here to Forget'],['American Country Love Song'],0.00254000508001016,0.425531914893617,58.783128032848076,1.7281394933160235,1,1
['spotify:track:1N7qGCKRRnvjoy8MGyHgpS'],['spotify:track:1jNNHFZmRGXZFHlil5uhei'],['Came Here to Forget'],['Drunk On Your Love'],0.00254000508001016,0.425531914893617,53.18473488686254,1.726813046218685,1,1
['spotify:track:1N7qGCKRRnvjoy8MGyHgpS'],['spotify:track:0p1HtkrNYxv0iDfEKwXSTp'],['Came Here to Forget'],['Sangria'],0.00254000508001016,0.425531914893617,44.08734602463606,1.7239390775077845,1,1
['spotify:track:1N7qGCKRRnvjoy8MGyHgpS'],['spotify:track:6naYpFIKihKbGg6lGxpveI'],['Came Here to Forget'],['Backroad Song'],0.00254000508001016,0.425531914893617,63.21959052589322,1.729023791380916,1,1
['spotify:track:1N7qGCKRRnvjoy8MGyHgpS'],['spotify:track:2Fk0WwAqTBesLtKg97nojy'],['Came Here to Forget'],['Crash And Burn'],0.00254000508001016,0.425531914893617,38.07543520309478,1.7212861833131072,1,1
['spotify:track:4f3ocvNFdJMmGP04kskM2J'],['spotify:track:46ZfPS5VpSQVU5gb82hg3K'],"[""Burnin' It Down""]",['Anything Goes'],0.00254000508001016,0.425531914893617,44.08734602463606,1.7239390775077845,1,1
['spotify:track:4f3ocvNFdJMmGP04kskM2J'],['spotify:track:5HGibWoxnkYSkl6mHmAlOE'],"[""Burnin' It Down""]","[""That's My Kind Of Night""]",0.00254000508001016,0.425531914893617,32.217675941080195,1.7177489910535375,1,1
['spotify:track:4f3ocvNFdJMmGP04kskM2J'],['spotify:track:7vWGeYZJUzBXKGPro05UXS'],"[""Burnin' It Down""]",['Take Your Time'],0.00254000508001016,0.425531914893617,34.542662864663306,1.7192965126670994,1,1
['spotify:track:5HJId22hZ2IvFnvNSy6ZbE'],['spotify:track:38gZVjeaeR3gcnCzziAxBm'],['Different For Girls'],['Middle of a Memory'],0.00254000508001016,0.425531914893617,77.92182088075211,1.731234536543147,1,1
"['spotify:track:0SGkqnVQo9KPytSri1H6cF', 'spotify:track:7yyRTcZmCiyzzJlNzGC9Ol']",['spotify:track:343YBumqHu19cGoGARUTsd'],"['Bounce Back', 'Broccoli (feat. Lil Yachty)']",['Fake Love'],0.00254000508001016,0.4166666666666667,20.897027600849256,1.6801045030661492,2,1
"['spotify:track:0BCy325UZyR9z0t0uxwn2N', 'spotify:track:5kNe7PE09d6Kvw5pAsx23n']",['spotify:track:03fT3OHB9KyMtGMt2zwqCT'],"['H.O.L.Y.', 'Die A Happy Man']",['Play It Again'],0.00254000508001016,0.4166666666666667,29.825757575757578,1.6903370949599044,2,1
"['spotify:track:2FviG1Ma0M0BSZbqaDvw0x', 'spotify:track:5kNe7PE09d6Kvw5pAsx23n']",['spotify:track:1zWZvrk13cL8Sl3VLeG57F'],"['House Party', 'Die A Happy Man']",['T-Shirt'],0.00254000508001016,0.4166666666666667,39.528112449799195,1.6962153924307852,2,1
"['spotify:track:6p8NuHm8uCGnn2Dtbtf7zE', 'spotify:track:7KOlJ92bu51cltsD9KU5I7']",['spotify:track:4Q3N4Ct4zCuIHuZ65E3BD4'],"['Slippery (feat. Gucci Mane)', 'T-Shirt']",['Tunnel Vision'],0.00254000508001016,0.4166666666666667,30.661993769470406,1.6909902391233356,2,1
"['spotify:track:1wHZx0LgzFHyeIZkUydNXq', 'spotify:track:27GmP9AWRs744SzKcpJsTZ']",['spotify:track:5NQbUaeTEOGdD6hHcre0dZ'],"['Antidote', 'Jumpman']",['679 (feat. Remy Boyz)'],0.00254000508001016,0.4166666666666667,20.634171907756812,1.6796690736238618,2,1
"['spotify:track:6p8NuHm8uCGnn2Dtbtf7zE', 'spotify:track:7KOlJ92bu51cltsD9KU5I7']",['spotify:track:6gBFPUFcJLzWGx4lenP6h2'],"['Slippery (feat. Gucci Mane)', 'T-Shirt']",['goosebumps'],0.00254000508001016,0.4166666666666667,21.44335511982571,1.6809753619507242,2,1
"['spotify:track:6p8NuHm8uCGnn2Dtbtf7zE', 'spotify:track:7KOlJ92bu51cltsD9KU5I7']",['spotify:track:3a1lNhkSLSkpJE4MSHpDu9'],"['Slippery (feat. Gucci Mane)', 'T-Shirt']",['Congratulations'],0.00254000508001016,0.4166666666666667,18.53578154425612,1.6757502086432745,2,1
['spotify:track:59J5nzL1KniFHnU120dQzt'],['spotify:track:6p8NuHm8uCGnn2Dtbtf7zE'],['wokeuplikethis*'],['Slippery (feat. Gucci Mane)'],0.00254000508001016,0.4166666666666667,30.378086419753085,1.6907725244021918,1,1
['spotify:track:59J5nzL1KniFHnU120dQzt'],['spotify:track:1yxgsra98r3qAtxqiGZPiX'],['wokeuplikethis*'],['Butterfly Effect'],0.00254000508001016,0.4166666666666667,46.20892018779343,1.6988279690845098,1,1
['spotify:track:4KTtYhxFtFL7mBwnjkKfLm'],['spotify:track:2gam98EZKrF9XuOkU13ApN'],['Glamorous'],['Promiscuous'],0.00254000508001016,0.4166666666666667,30.951257861635224,1.6912079538444793,1,1
"['spotify:track:0BCy325UZyR9z0t0uxwn2N', 'spotify:track:5kNe7PE09d6Kvw5pAsx23n']",['spotify:track:7vWGeYZJUzBXKGPro05UXS'],"['H.O.L.Y.', 'Die A Happy Man']",['Take Your Time'],0.00254000508001016,0.4166666666666667,33.82302405498282,1.693167386334773,2,1
"['spotify:track:0BCy325UZyR9z0t0uxwn2N', 'spotify:track:5kNe7PE09d6Kvw5pAsx23n']",['spotify:track:2Fk0WwAqTBesLtKg97nojy'],"['H.O.L.Y.', 'Die A Happy Man']",['Crash And Burn'],0.00254000508001016,0.4166666666666667,37.28219696969697,1.6951268188250663,2,1
"['spotify:track:2FviG1Ma0M0BSZbqaDvw0x', 'spotify:track:5kNe7PE09d6Kvw5pAsx23n']",['spotify:track:4iLPK8QnOvqm0Azbsk2GDn'],"['House Party', 'Die A Happy Man']","[""Don't It""]",0.00254000508001016,0.4166666666666667,44.94292237442922,1.6983925396422224,2,1
['spotify:track:75p6fgACKYIyIhsoG411SZ'],['spotify:track:05ZACkzW8YbRq3eFgIfSNB'],['Hey Pretty Girl'],['Springsteen'],0.00254000508001016,0.4166666666666667,26.673441734417345,1.687506803585036,1,1
['spotify:track:1nX9KhK3Fff27SnrIor2Yb'],['spotify:track:1yxgsra98r3qAtxqiGZPiX'],['4 AM'],['Butterfly Effect'],0.00254000508001016,0.4166666666666667,46.20892018779343,1.6988279690845098,1,1
['spotify:track:63OQWdXMq0Pe6pRpWY5gO0'],['spotify:track:3ts6xK5GzfMAAriT9AIBmP'],['Star Of The Show'],['Barefoot Blue Jean Night'],0.00254000508001016,0.4166666666666667,31.54647435897436,1.6916433832867668,1,1
['spotify:track:0dbzWSYpMcRtwjI1S7Pkql'],['spotify:track:1zWZvrk13cL8Sl3VLeG57F'],"[""Huntin', Fishin' And Lovin' Every Day""]",['T-Shirt'],0.00254000508001016,0.4166666666666667,39.528112449799195,1.6962153924307852,1,1
['spotify:track:0dbzWSYpMcRtwjI1S7Pkql'],['spotify:track:7I5fYc4qKJddht8Ozhqqdx'],"[""Huntin', Fishin' And Lovin' Every Day""]",['Snapback'],0.00254000508001016,0.4166666666666667,47.54830917874396,1.6992633985267973,1,1
['spotify:track:0dbzWSYpMcRtwjI1S7Pkql'],['spotify:track:3ts6xK5GzfMAAriT9AIBmP'],"[""Huntin', Fishin' And Lovin' Every Day""]",['Barefoot Blue Jean Night'],0.00254000508001016,0.4166666666666667,31.54647435897436,1.6916433832867668,1,1
"['spotify:track:0BCy325UZyR9z0t0uxwn2N', 'spotify:track:5kNe7PE09d6Kvw5pAsx23n']",['spotify:track:5CG9Ps5ynNjpKJHmwc95pa'],"['H.O.L.Y.', 'Die A Happy Man']",['Somewhere On A Beach'],0.00254000508001016,0.4166666666666667,43.16885964912281,1.6977393954787912,2,1
['spotify:track:0lQJBl9YEsoMtE8D4yTE9g'],['spotify:track:5ZManJDV3CexO66nRCkdiV'],['From the Ground Up'],['Break Up with Him'],0.00254000508001016,0.4166666666666667,42.06196581196582,1.6973039660365037,1,1
['spotify:track:0lQJBl9YEsoMtE8D4yTE9g'],['spotify:track:1jNNHFZmRGXZFHlil5uhei'],['From the Ground Up'],['Drunk On Your Love'],0.00254000508001016,0.4166666666666667,52.076719576719576,1.7005696868536597,1,1
['spotify:track:3OZVqx1YsqDDkxQ6TnmHtn'],['spotify:track:5kNe7PE09d6Kvw5pAsx23n'],"[""Ain't Worth The Whiskey""]",['Die A Happy Man'],0.00254000508001016,0.4166666666666667,25.833333333333336,1.686635944700461,1,1
"['spotify:track:0BCy325UZyR9z0t0uxwn2N', 'spotify:track:5kNe7PE09d6Kvw5pAsx23n']",['spotify:track:5S5rw0WLVCAux5B5bWCehK'],"['H.O.L.Y.', 'Die A Happy Man']",['I Like The Sound Of That'],0.00254000508001016,0.4166666666666667,54.68055555555556,1.7012228310170907,2,1
['spotify:track:1YhFtqwcN138S6ng3MT1nN'],['spotify:track:0i5el041vd6nxrGEU8QRxy'],['Rain Is a Good Thing'],['Cruise'],0.00254000508001016,0.4166666666666667,29.03392330383481,1.6896839507964732,1,1
"['spotify:track:4gmmRb6bZJffOOiww1JGTO', 'spotify:track:6fwdbPMwP1zVStm8FybmkO']",['spotify:track:6p8NuHm8uCGnn2Dtbtf7zE'],"['No Heart', 'X (feat. Future)']",['Slippery (feat. Gucci Mane)'],0.00254000508001016,0.40816326530612246,29.758125472411187,1.666479815718252,2,1
"['spotify:track:4Km5HrUvYTaSUfiSGPJeQR', 'spotify:track:5hTpBe8h35rJ67eAWHQsJx']",['spotify:track:5uDASfU19gDxSjW8cnCaBp'],"['Bad and Boujee (feat. Lil Uzi Vert)', 'Caroline']",['Chill Bill'],0.00254000508001016,0.40816326530612246,23.458960226426335,1.6602568032722274,2,1
"['spotify:track:2FviG1Ma0M0BSZbqaDvw0x', 'spotify:track:7vWGeYZJUzBXKGPro05UXS']",['spotify:track:1soxUgYIZb1qx1c7o1Lc7z'],"['House Party', 'Take Your Time']",['Drunk On A Plane'],0.00254000508001016,0.40816326530612246,32.79466888796335,1.6686256820789502,2,1
"['spotify:track:2FviG1Ma0M0BSZbqaDvw0x', 'spotify:track:7vWGeYZJUzBXKGPro05UXS']",['spotify:track:03fT3OHB9KyMtGMt2zwqCT'],"['House Party', 'Take Your Time']",['Play It Again'],0.00254000508001016,0.40816326530612246,29.217068645640076,1.6660506424461126,2,1
"['spotify:track:2FviG1Ma0M0BSZbqaDvw0x', 'spotify:track:7vWGeYZJUzBXKGPro05UXS']",['spotify:track:5ZManJDV3CexO66nRCkdiV'],"['House Party', 'Take Your Time']",['Break Up with Him'],0.00254000508001016,0.40816326530612246,41.20355834641549,1.6729174148003467,2,1
['spotify:track:66rVt7PbwyKlu6CK6rxyAi'],['spotify:track:05ZACkzW8YbRq3eFgIfSNB'],['Friday Night'],['Springsteen'],0.00254000508001016,0.40816326530612246,26.129085780653728,1.6632610161772048,1,1
['spotify:track:66rVt7PbwyKlu6CK6rxyAi'],['spotify:track:5HGibWoxnkYSkl6mHmAlOE'],['Friday Night'],"[""That's My Kind Of Night""]",0.00254000508001016,0.40816326530612246,30.90266875981162,1.6673381622625316,1,1
['spotify:track:17Vry8h1fUTYg8NL6pHhem'],['spotify:track:4ly1QBXEwYoDmje9rmEgC4'],['Fix'],['Head Over Boots'],0.00254000508001016,0.40816326530612246,49.44427001569859,1.6757070410692545,1,1
['spotify:track:17Vry8h1fUTYg8NL6pHhem'],['spotify:track:6eYYm2xwrvdav2yakF3cqg'],['Fix'],['Leave The Night On'],0.00254000508001016,0.40816326530612246,32.79466888796335,1.6686256820789502,1,1
['spotify:track:17Vry8h1fUTYg8NL6pHhem'],['spotify:track:46ZfPS5VpSQVU5gb82hg3K'],['Fix'],['Anything Goes'],0.00254000508001016,0.40816326530612246,42.287862513426425,1.6733465880724865,1,1
['spotify:track:4o8STNAL91xc7EvuvqSKk1'],['spotify:track:1yEwEiTpsaPhQi9lb5EVV4'],['Whatever It Is'],['Knee Deep (feat. Jimmy Buffett)'],0.00254000508001016,0.40816326530612246,32.79466888796335,1.6686256820789502,1,1
['spotify:track:17Vry8h1fUTYg8NL6pHhem'],['spotify:track:5y2pNuAvWcPKiORZ12e44S'],['Fix'],"[""Night's On Fire""]",0.00254000508001016,0.40816326530612246,73.04267161410019,1.6802133604267209,1,1
['spotify:track:6j0teRL3WdExzqmy334sh5'],['spotify:track:4uhvMW7ly7tJil31YYscAN'],['Seven Million (feat. Future)'],['Erase Your Social'],0.00254000508001016,0.4,44.3605633802817,1.6516383032766067,1,1
['spotify:track:4hEl2wrneFEJbJ6SDYWd2f'],['spotify:track:7w9bgPAmPTtrkt2v16QWvQ'],['Not Afraid'],['Lose Yourself - Soundtrack Version'],0.00254000508001016,0.4,30.578640776699032,1.6448649563965796,1,1
"['spotify:track:7GX5flRQZVHRAGd6B4TmDO', 'spotify:track:7KXjTSCq5nL1LoYtL7XAwS']",['spotify:track:4Km5HrUvYTaSUfiSGPJeQR'],"['XO TOUR Llif3', 'HUMBLE.']",['Bad and Boujee (feat. Lil Uzi Vert)'],0.00254000508001016,0.4,17.595530726256982,1.6287782575565153,2,1
"['spotify:track:7GX5flRQZVHRAGd6B4TmDO', 'spotify:track:7KXjTSCq5nL1LoYtL7XAwS']",['spotify:track:5hTpBe8h35rJ67eAWHQsJx'],"['XO TOUR Llif3', 'HUMBLE.']",['Caroline'],0.00254000508001016,0.4,17.40110497237569,1.6283549233765136,2,1
"['spotify:track:7GX5flRQZVHRAGd6B4TmDO', 'spotify:track:7KXjTSCq5nL1LoYtL7XAwS']",['spotify:track:1f5cbQtDrykjarZVrShaDI'],"['XO TOUR Llif3', 'HUMBLE.']",['Drowning (feat. Kodak Black)'],0.00254000508001016,0.4,31.496000000000002,1.645499957666582,2,1
"['spotify:track:2FviG1Ma0M0BSZbqaDvw0x', 'spotify:track:6eYYm2xwrvdav2yakF3cqg']",['spotify:track:4iLPK8QnOvqm0Azbsk2GDn'],"['House Party', 'Leave The Night On']","[""Don't It""]",0.00254000508001016,0.4,43.14520547945206,1.651214969096605,2,1
"['spotify:track:7GX5flRQZVHRAGd6B4TmDO', 'spotify:track:7KXjTSCq5nL1LoYtL7XAwS']",['spotify:track:6HZILIRieu8S0iqY8kIKhj'],"['XO TOUR Llif3', 'HUMBLE.']",['DNA.'],0.00254000508001016,0.4,30.284615384615385,1.6446532893065788,2,1
"['spotify:track:2FviG1Ma0M0BSZbqaDvw0x', 'spotify:track:6eYYm2xwrvdav2yakF3cqg']",['spotify:track:4O1CExxinEpKZi3861NlTK'],"['House Party', 'Leave The Night On']",['Get Me Some Of That'],0.00254000508001016,0.4,37.94698795180723,1.6490982981965965,2,1
