pid,name,num_tracks,num_samples,num_holdouts,actual_track_count
1000000,Party,75,5,70,5
1000001,Oldies,136,25,111,25
1000009,Study Music,129,25,104,25
1000016,school,78,5,73,5
1000020,Modern Music,68,5,63,5
1000023,lit 2.0,54,5,49,5
1000029,Music i like.,164,25,139,25
1000040,bbq,76,5,71,5
1000045,Disney,172,25,147,25
1000049,Classic Jams,65,5,60,5
1000052,dank,80,5,75,5
1000062,Rock,129,25,104,25
1000067,EVERYTHING,176,25,151,25
1000068,Dance,62,5,57,5
1000070,new new,138,25,113,25
1000072,ghetto,149,25,124,25
1000075,game day,112,25,87,25
1000082,Pop Playlist,54,5,49,5
1000083,new country,150,25,125,25
1000084,Oldies,53,5,48,5
1000085,Indie,194,25,169,25
1000086,Film Scores,117,25,92,25
1000088,Special,120,25,95,25
1000092,windows down,55,5,50,5
1000094,august 2017,62,5,57,5
1000095,clasic rock,58,5,53,5
1000098,peach,165,25,140,25
1000100,stubborn love,91,5,86,5
1000103,Prom 2k17,120,25,95,25
1000104,Kpop,61,5,56,5
1000105,Halloween,57,5,52,5
1000111,Romanticas,52,5,47,5
1000113,relax,55,5,50,5
1000115,New Songs!,55,5,50,5
1000116,its not a phase mom ,55,5,50,5
1000122,Mom,84,5,79,5
1000133,workout,174,25,149,25
1000134,Summer Playlist,60,5,55,5
1000135,Main,228,25,203,25
1000138,yay,99,5,94,5
1000140,mine,162,25,137,25
1000141,back then,93,5,88,5
1000149,get low,208,25,183,25
1000153,pop,123,25,98,25
1000154,Classic Jams,133,25,108,25
1000160,gym,57,5,52,5
1000162,Pool Party,53,5,48,5
1000163,En Espanol,121,25,96,25
1000170,turn tf up,85,5,80,5
1000172,Throw back,68,5,63,5
1000178,Chillwave,123,25,98,25
1000181,Throwback Jamz,145,25,120,25
1000189,throwback,93,5,88,5
1000190,Rock,107,25,82,25
1000191,trending ,163,25,138,25
1000193,Hip Hop,123,25,98,25
1000194,Everyone,59,5,54,5
1000198,oldies,69,5,64,5
1000202,aye,65,5,60,5
1000214,Cardio ,66,5,61,5
1000219,oldies,55,5,50,5
1000220,Upbeat,129,25,104,25
1000221,Chillin,187,25,162,25
1000224,White Girl Music,149,25,124,25
1000225,You know,114,25,89,25
1000228,Classic Rock,198,25,173,25
1000230,violet,95,5,90,5
1000231,Classic Rock,235,25,210,25
1000234,everyday jams,167,25,142,25
1000236,Freestyle,53,5,48,5
1000237,Albums,157,25,132,25
1000240,groovy,87,5,82,5
1000241,good stuff,192,25,167,25
1000244,NO LYRICS!,62,5,57,5
1000246,love it,132,25,107,25
1000248,random,58,5,53,5
1000249,Middle School Dance,73,5,68,5
1000251,camping,56,5,51,5
1000253,SUMMAAA,65,5,60,5
1000258,Cloud 9,182,25,157,25
1000262,WorkOut,51,5,46,5
1000264,work,108,25,83,25
1000265,Spoopy,107,25,82,25
1000273,Firefly,102,25,77,25
1000274,Camp,105,25,80,25
1000280,edgy,56,5,51,5
1000282,My favorites,146,25,121,25
1000292,Sleep,83,5,78,5
1000295,jam (:,193,25,168,25
1000297,Da best,126,25,101,25
1000298,Party,104,25,79,25
1000300,Alternative/Pop,193,25,168,25
1000304,Always Good,89,5,84,5
1000305,you know it ;) ,63,5,58,5
1000307,chillin,74,5,69,5
1000308,Classics,155,25,130,25
1000309,Lift ,68,5,63,5
1000312,Roadtrip,108,25,83,25
1000313, Cowboy,94,5,89,5
1000314,Alive,72,5,67,5
1000315,Oldies,103,25,78,25
1000320,yeah,55,5,50,5
1000323,2013/2014,199,25,174,25
1000328,the feels,91,5,86,5
1000335,road trip playlist,51,5,46,5
1000337,throwback,142,25,117,25
1000338,yes,161,25,136,25
1000342,rock,55,5,50,5
1000343,Party Playlist,88,5,83,5
1000344,New,177,25,152,25
1000350,my songs,65,5,60,5
1000355,trap,123,25,98,25
1000356,Blast from the Past,126,25,101,25
1000361,P*A*R*T*Y*,68,5,63,5
1000365,Electronic,196,25,171,25
1000367,throwback ,114,25,89,25
1000372,Grad Party,101,25,76,25
1000385,Party Music,99,5,94,5
1000386,spanish,58,5,53,5
1000388,EIGHTIES,85,5,80,5
1000389,young money,85,5,80,5
1000394,spring17,51,5,46,5
1000403,punk goes.,116,25,91,25
1000407,beach,75,5,70,5
1000410,dB^),64,5,59,5
1000419,Christmasssss,56,5,51,5
1000422,Skating,53,5,48,5
1000424,upbeat,151,25,126,25
1000430,Grad Party,72,5,67,5
1000431,Chill Vibes,203,25,178,25
1000433,rock,74,5,69,5
1000440,Ohana ,70,5,65,5
1000444,Background radiation,53,5,48,5
1000446,The Good Stuff,194,25,169,25
1000447,Christmas Songs,121,25,96,25
1000450,2014,54,5,49,5
1000451,oh yeah,93,5,88,5
1000452,Emo Music,164,25,139,25
1000453,morning tunes,73,5,68,5
1000454,faded,179,25,154,25
1000461,Adventure Of A Lifetime,82,5,77,5
1000464,Ema,54,5,49,5
1000465,rock,179,25,154,25
1000469,summer 16 ,148,25,123,25
1000472,RL,66,5,61,5
1000475,Wish You Were Here,110,25,85,25
1000476,Myself ,110,25,85,25
1000478,chillin,52,5,47,5
1000480,Summer 2k17,55,5,50,5
1000481,throwin' it back,153,25,128,25
1000484,Dancehall,57,5,52,5
1000485,Movies,92,5,87,5
1000486,work out,68,5,63,5
1000487,My songs,53,5,48,5
1000489,depp,96,5,91,5
1000493,End of the world,157,25,132,25
1000494,Chill out,56,5,51,5
1000495,tgif,53,5,48,5
1000499,throwback,105,25,80,25
1000500,rock,59,5,54,5
1000501,Cool music,66,5,61,5
1000514,Nashville,79,5,74,5
1000517,Sunday,75,5,70,5
1000519,Sunshine,103,25,78,25
1000521,Old School,85,5,80,5
1000523,Boom,184,25,159,25
1000524,Chill Out,104,25,79,25
1000532,old country,138,25,113,25
1000538,blast,64,5,59,5
1000540,Spring 2014,132,25,107,25
1000542,111,235,25,210,25
1000544,old rap,149,25,124,25
1000545,Ayyy,242,25,217,25
1000550,2016,153,25,128,25
1000551,Rap,167,25,142,25
1000553,Mellow Vibes,179,25,154,25
1000557,cool beans,207,25,182,25
1000558,throwback ,106,25,81,25
1000561,Popular,52,5,47,5
1000564,UNDERRATED,52,5,47,5
1000566,Christmas!,116,25,91,25
1000574,Aidan,130,25,105,25
1000576,90s,61,5,56,5
1000577,Christmas,65,5,60,5
1000578,tranquility,58,5,53,5
1000580,jams,76,5,71,5
1000581,espanol,91,5,86,5
1000582,litty,142,25,117,25
1000586,Rap Music,100,5,95,5
1000592,seattle,76,5,71,5
1000594,TBT,131,25,106,25
1000597,80s,80,5,75,5
1000600,Alyssa :),52,5,47,5
1000602,Happy,61,5,56,5
1000605,baller,152,25,127,25
1000606,Beachy,77,5,72,5
1000608,Birthday ,163,25,138,25
1000610,Throwback Hits,172,25,147,25
1000613,Worship ,105,25,80,25
1000617,rap,172,25,147,25
1000620,GOLDIES,62,5,57,5
1000621,halloween ((:,122,25,97,25
1000624,Work It Out,171,25,146,25
1000625,Rap,86,5,81,5
1000631,Workout,53,5,48,5
1000632,YES,172,25,147,25
1000635,fresh,53,5,48,5
1000637,Folk,103,25,78,25
1000639,Summer '16,100,5,95,5
1000640,SHOWER,84,5,79,5
1000641,lit,107,25,82,25
1000642,EPIC!!!,53,5,48,5
1000647,"70,80,90",132,25,107,25
1000649,JESUS,113,25,88,25
1000653,wedding,89,5,84,5
1000654,Coachella 2017,172,25,147,25
1000655,Throwback,82,5,77,5
1000660,BLACKOUT,67,5,62,5
1000663,seattle,78,5,73,5
1000668,Workout,151,25,126,25
1000671,yee haw,88,5,83,5
1000673,milk,51,5,46,5
1000678,JAM,58,5,53,5
1000680,Line dances,52,5,47,5
1000682,Temp,146,25,121,25
1000686,in my bag,72,5,67,5
1000688,<3,62,5,57,5
1000692,something different ,119,25,94,25
1000694,The good stuff,196,25,171,25
1000702,Throwback Rock,83,5,78,5
1000704,Lit ,160,25,135,25
1000707,jamz,215,25,190,25
1000712,summer,96,5,91,5
1000716,sleep,218,25,193,25
1000722,0.01,201,25,176,25
1000723,groovy baby,97,5,92,5
1000725,Mood,82,5,77,5
1000730,hype,148,25,123,25
1000733,Hip-Hop,74,5,69,5
1000734,Jams,120,25,95,25
1000740,Rainy Daze,62,5,57,5
1000743,low,63,5,58,5
1000744,Diva ,122,25,97,25
1000748,English,85,5,80,5
1000750,Game Day,73,5,68,5
1000751,Wedding ,87,5,82,5
1000756,Mix,87,5,82,5
1000757,Mushy,80,5,75,5
1000765,workout,54,5,49,5
1000771,Vacation,223,25,198,25
1000773,Chill time ,119,25,94,25
1000774,Alternative Jams ,105,25,80,25
1000775,heat,123,25,98,25
1000777,KB,166,25,141,25
1000780,Oldies!!,53,5,48,5
1000785,hippity hoppity.,118,25,93,25
1000787,running,59,5,54,5
1000788,Old School Love,76,5,71,5
1000789,spring,61,5,56,5
1000791,party,66,5,61,5
1000793,viejitas,68,5,63,5
1000795,sing along ,57,5,52,5
1000800,Worship,99,5,94,5
1000801,Rap,54,5,49,5
1000802,Rock,67,5,62,5
1000803,Hip Hop,69,5,64,5
1000814,southern,129,25,104,25
1000816,throwback,63,5,58,5
1000822,Christmasssss,174,25,149,25
1000823,BAM,53,5,48,5
1000826,Party Playlist,112,25,87,25
1000827,Wanderlust!,58,5,53,5
1000830,CC17,81,5,76,5
1000835,oLd sKoOL,194,25,169,25
1000840,Throwback,127,25,102,25
1000843,HALF MARATHON,62,5,57,5
1000844,Wedding Playlist ,94,5,89,5
1000846,savannah,92,5,87,5
1000849,Summer Drive,144,25,119,25
1000850,My Party,125,25,100,25
1000852,fetty wap,193,25,168,25
1000857,90s-2000s,80,5,75,5
1000859,Gym,71,5,66,5
1000862,Jams,83,5,78,5
1000863,Good Music,71,5,66,5
1000864,boolin,74,5,69,5
1000875,Guilty Pleasures,122,25,97,25
1000876,Summer Driving,195,25,170,25
1000877,lit,91,5,86,5
1000884,lit,72,5,67,5
1000886,Christmas,59,5,54,5
1000887,weeknd,153,25,128,25
1000889,throwback ,67,5,62,5
1000891,Vibes,189,25,164,25
1000900,4th of July,93,5,88,5
1000905,run^2,103,25,78,25
1000906,everything,201,25,176,25
1000911,Birthday,57,5,52,5
1000916,Classics,91,5,86,5
1000921,Country <3,76,5,71,5
1000922,Update,67,5,62,5
1000923,RASTAFARI,99,5,94,5
1000936,stuffs,68,5,63,5
1000938,HipHop,62,5,57,5
1000939,My jam,218,25,193,25
1000941,2016,66,5,61,5
1000946,Everything,154,25,129,25
1000949,Gym Playlist,134,25,109,25
1000950,Music,96,5,91,5
1000952,throwbacks,207,25,182,25
1000956,chillin,162,25,137,25
1000957,Pop Playlist,106,25,81,25
1000958,Happy,122,25,97,25
1000960,Songs 3,215,25,190,25
1000974,Fire,116,25,91,25
1000983,Favorite songs,97,5,92,5
1000987,80s,197,25,172,25
1000995,clasicos,96,5,91,5
1000997,Sigh...,100,5,95,5
1000999,dirt road,76,5,71,5
1001010,Favorite,76,5,71,5
1001020,idk,66,5,61,5
1001021,Aye ,80,5,75,5
1001023,Rap/hip hop,182,25,157,25
1001024,Classics,57,5,52,5
1001027,oldies,183,25,158,25
1001029,Old,109,25,84,25
1001036,Feels,59,5,54,5
1001037,Back at it,216,25,191,25
1001038,workout mix,74,5,69,5
1001039,Babe,72,5,67,5
1001042,EDM ,143,25,118,25
1001043,2015 Top Tracks,100,5,95,5
1001046,slow and steady,99,5,94,5
1001047,Chillin,65,5,60,5
1001049,Chill beats ,65,5,60,5
1001050,Favorite,78,5,73,5
1001052,feelings,107,25,82,25
1001053,Throwback,125,25,100,25
1001055,Best MIX,60,5,55,5
1001058,Exodus,138,25,113,25
1001064,Love songs,65,5,60,5
1001065,Windows Down,56,5,51,5
1001067,Hurt,66,5,61,5
1001068,Fire,69,5,64,5
1001069,Paul,192,25,167,25
1001070,jesus tunes,65,5,60,5
1001071,chillin,120,25,95,25
1001072,Rap,51,5,46,5
1001084,Misc.,124,25,99,25
1001093,Lindsey Stirling,54,5,49,5
1001105,Groovin,73,5,68,5
1001106,camp playlist,61,5,56,5
1001114,Calm,194,25,169,25
1001116,June 15,76,5,71,5
1001117,Punk Goes POP,107,25,82,25
1001118,New,233,25,208,25
1001120,Mmmm,67,5,62,5
1001122,faded postcards,102,25,77,25
1001125,Music,75,5,70,5
1001128,Oldies But Goodies,52,5,47,5
1001131,Good Stuff,57,5,52,5
1001132,TBT,61,5,56,5
1001133,caleb,176,25,151,25
1001139,Espanol,106,25,81,25
1001140,Chill Pop,91,5,86,5
1001144,Work it out,110,25,85,25
1001145,Disney,195,25,170,25
1001152,road tunes,97,5,92,5
1001155,AAA,186,25,161,25
1001156,Low effort,219,25,194,25
1001157,Abc,77,5,72,5
1001159,tim mcgraw,165,25,140,25
1001163,summer2k17,93,5,88,5
1001169,baseball ,121,25,96,25
1001170,Techno,105,25,80,25
1001171,Sleepyhead,71,5,66,5
1001173,this week,218,25,193,25
1001174,Christmas!!!,102,25,77,25
1001182,sometimes,69,5,64,5
1001184,FM,88,5,83,5
1001187,driving playlist,64,5,59,5
1001189,Simmer Down,83,5,78,5
1001193,xx,119,25,94,25
1001202,Driving,89,5,84,5
1001204,Vibin,113,25,88,25
1001209,hmmm,190,25,165,25
1001215,Slide,68,5,63,5
1001216,river ,70,5,65,5
1001217,oldies but goodies,123,25,98,25
1001220,Connor,86,5,81,5
1001221,My Songs,161,25,136,25
1001222,Lizzie,91,5,86,5
1001225,Hop Hip,175,25,150,25
1001237,grooves,78,5,73,5
1001239,FEBRUARY,111,25,86,25
1001240,My songs,150,25,125,25
1001243,obx,76,5,71,5
1001244,class,83,5,78,5
1001246,bangers,197,25,172,25
1001254,Random.,68,5,63,5
1001255,Cleaning,65,5,60,5
1001258,OG playlist,93,5,88,5
1001260,music 1,231,25,206,25
1001261,my country,85,5,80,5
1001262,Country jams,94,5,89,5
1001263,2016,215,25,190,25
1001264,Summer '13,107,25,82,25
1001265,70s,51,5,46,5
1001267,partybus,103,25,78,25
1001270,Coffee Shop,78,5,73,5
1001273,car,191,25,166,25
1001278,yeah!,116,25,91,25
1001279,I don't know,228,25,203,25
1001280,Back at it,126,25,101,25
1001282,bliss,62,5,57,5
1001289,classical,56,5,51,5
1001291,Hick hop,139,25,114,25
1001292,old,58,5,53,5
1001294,Chill Music,74,5,69,5
1001297,Haus,73,5,68,5
1001301,Memories...,71,5,66,5
1001302,La Fiesta,63,5,58,5
1001306,Rap,80,5,75,5
1001307,Musicals,89,5,84,5
1001309,80s Pop,231,25,206,25
1001314,never gets old,52,5,47,5
1001321,femme ,98,5,93,5
1001326,Sub-optimal,67,5,62,5
1001327,throwback,114,25,89,25
1001328,Christmas Jazz,63,5,58,5
1001331,kenzie ,87,5,82,5
1001333,Fly,104,25,79,25
1001334,TBT,65,5,60,5
1001338,Christian,103,25,78,25
1001341,Favorite Songs,63,5,58,5
1001344,Jammin,60,5,55,5
1001346,New likes,53,5,48,5
1001351,50's,114,25,89,25
1001354,Main,70,5,65,5
1001359,unwind,116,25,91,25
1001360,Ph,133,25,108,25
1001363,Rap,95,5,90,5
1001366,Party,78,5,73,5
1001368,cafe,135,25,110,25
1001376,good tunes ,104,25,79,25
1001383,Cam,65,5,60,5
1001384,Throwback!!,51,5,46,5
1001387,beth,92,5,87,5
1001388,Party jams,76,5,71,5
1001392,Coachella 2017,177,25,152,25
1001394,Hot jams,164,25,139,25
1001397,driving 2,79,5,74,5
1001398,summer,85,5,80,5
1001401,wedding Dinner,64,5,59,5
1001403,driving ,105,25,80,25
1001404,Dance,51,5,46,5
1001412,David,63,5,58,5
1001413,Classics,78,5,73,5
1001417,summer country,224,25,199,25
1001418,good jams,65,5,60,5
1001424,lolla 2015,71,5,66,5
1001431,yes,97,5,92,5
1001438,Oldies,150,25,125,25
1001448,Regueton,64,5,59,5
1001449,Throwback,75,5,70,5
1001452,rap,88,5,83,5
1001454,Throwbacks,59,5,54,5
1001462,Kareoke ,206,25,181,25
1001466,running,53,5,48,5
1001469,Bach party,91,5,86,5
1001473,Winter,105,25,80,25
1001476,Me,104,25,79,25
1001481,The Good Stuff,179,25,154,25
1001486,Techno,63,5,58,5
1001490,Bangerz Only,76,5,71,5
1001495,bumpin,51,5,46,5
1001496,Oldies,54,5,49,5
1001497,workout,74,5,69,5
1001502,summer17,184,25,159,25
1001503,Fiesta,82,5,77,5
1001507,going out,107,25,82,25
1001508,Boner Jamz,226,25,201,25
1001512,idk,58,5,53,5
1001516,Throwbacks,107,25,82,25
1001521,Stephanie,84,5,79,5
1001524,the art of overthinking,94,5,89,5
1001530,shooting stars,100,5,95,5
1001533,My Music,87,5,82,5
1001535,Alternative,104,25,79,25
1001542,ISsuEs,62,5,57,5
1001543,wedding,52,5,47,5
1001547,Calm,62,5,57,5
1001548,random,54,5,49,5
1001550,elevator music,88,5,83,5
1001554,sabor latino,114,25,89,25
1001556,right now,54,5,49,5
1001557,PARTY BUS,171,25,146,25
1001558,Broadway,95,5,90,5
1001560,My Jams,118,25,93,25
1001562,A1,72,5,67,5
1001568,throwbacks,189,25,164,25
1001569,MISC. ,121,25,96,25
1001571,Singing Songs :),70,5,65,5
1001576,Acoustic Covers,206,25,181,25
1001579,Work Out ,65,5,60,5
1001586,Bones,68,5,63,5
1001587,Party,53,5,48,5
1001589,legendary,62,5,57,5
1001593,boat,76,5,71,5
1001594,SUMMER,235,25,210,25
1001603,October '17,70,5,65,5
1001604,Country 2,72,5,67,5
1001605,Summer 2016,116,25,91,25
1001607,CtFO,64,5,59,5
1001608,cp,55,5,50,5
1001611,feel good music,84,5,79,5
1001612,soccer ,64,5,59,5
1001613,drawing music,56,5,51,5
1001618,flame,54,5,49,5
1001624,CHILDHOOD ,75,5,70,5
1001625,Wedding ,89,5,84,5
1001628,Zach,152,25,127,25
1001631,SUMMER,208,25,183,25
1001637,oldie but a goodie,182,25,157,25
1001638,Christmas,85,5,80,5
1001639,GOTT,66,5,61,5
1001640,Musica,225,25,200,25
1001647,Reggae,63,5,58,5
1001650,disney :),95,5,90,5
1001653,2000s,98,5,93,5
1001656,low key,51,5,46,5
1001662,lets chill ,161,25,136,25
1001663,Golden Years,116,25,91,25
1001670,Playlist,111,25,86,25
1001680,Main Playlist,149,25,124,25
1001681,oldies but goodies ,220,25,195,25
1001682,Beats,69,5,64,5
1001684,17,204,25,179,25
1001685,new,222,25,197,25
1001692,tb,51,5,46,5
1001697,running,83,5,78,5
1001698,music,55,5,50,5
1001700,rock,103,25,78,25
1001701,Rock On,119,25,94,25
1001703,2k17,67,5,62,5
1001709,Stuffs,52,5,47,5
1001722,Workout Music,62,5,57,5
1001723,workout,64,5,59,5
1001726,gym,75,5,70,5
1001728,worship,83,5,78,5
1001734,Mildly eventful,179,25,154,25
1001735,Indie,80,5,75,5
1001736,wedding,110,25,85,25
1001738,Rainy Day,81,5,76,5
1001745,good times,57,5,52,5
1001747,Shower ,51,5,46,5
1001748,Play,151,25,126,25
1001751,Pa' Bailar,77,5,72,5
1001753,00's,75,5,70,5
1001755,Coffee shop,56,5,51,5
1001757,party music,85,5,80,5
1001759,party,138,25,113,25
1001768,Owl City,55,5,50,5
1001771,Swag,180,25,155,25
1001777,EDM,93,5,88,5
1001779,xmas,162,25,137,25
1001780,Heat,137,25,112,25
1001781,water,69,5,64,5
1001782,Lakehouse,98,5,93,5
1001783,summer country,80,5,75,5
1001788,fall jams,147,25,122,25
1001789,Love,60,5,55,5
1001790,Summer Chill,66,5,61,5
1001801,new country,103,25,78,25
1001803,car,196,25,171,25
1001808,lit,96,5,91,5
1001813,Gospel,84,5,79,5
1001819,throwbacks,102,25,77,25
1001823,80s,95,5,90,5
1001828,elevated ,78,5,73,5
1001829,Jams,201,25,176,25
1001830,Country Rap,54,5,49,5
1001833,Diamonds,62,5,57,5
1001834,summer '16,106,25,81,25
1001838,Soul Music,166,25,141,25
1001839,issa bop,137,25,112,25
1001844,b2,215,25,190,25
1001845,Electrochill,52,5,47,5
1001846,Jukebox,169,25,144,25
1001847,Focus,64,5,59,5
1001848,Blaze,107,25,82,25
1001849,1/2 $,73,5,68,5
1001852,Hip Hop,67,5,62,5
1001855,NeoSoul,92,5,87,5
1001856,Throwbackz,122,25,97,25
1001857,Babies,191,25,166,25
1001859,summertime,207,25,182,25
1001860,HIP HOP,192,25,167,25
1001862,Cruisin',70,5,65,5
1001864,Oldies,221,25,196,25
1001865,90s alt. ,57,5,52,5
1001869,Pop,90,5,85,5
1001870,BO$$,227,25,202,25
1001873,TBT,65,5,60,5
1001874,Running,61,5,56,5
1001877,Road Trip,55,5,50,5
1001879,SUMMER 2K17,70,5,65,5
1001881,Music,152,25,127,25
1001883,jams,176,25,151,25
1001884,school jams,116,25,91,25
1001886,chill out,76,5,71,5
1001890,La Playa ,70,5,65,5
1001891,Pump It!,96,5,91,5
1001893,rap,129,25,104,25
1001894,Goodies,81,5,76,5
1001897,Fall,72,5,67,5
1001901,Rock,69,5,64,5
1001909,Dance,65,5,60,5
1001912,liti,136,25,111,25
1001913,Kaleidoscope,92,5,87,5
1001915,Work,173,25,148,25
1001921,jammin,66,5,61,5
1001923,Ma,63,5,58,5
1001926,Prime country,60,5,55,5
1001927,The Chillest,88,5,83,5
1001933,today,58,5,53,5
1001940,rocknroll,76,5,71,5
1001954,Alternative Mix,148,25,123,25
1001955,PARTYYYY,87,5,82,5
1001958,country favorites,106,25,81,25
1001971,2014 summer,74,5,69,5
1001972,country tunes ,79,5,74,5
1001973,50 Shades,73,5,68,5
1001974,EDM,87,5,82,5
1001975,Mix,143,25,118,25
1001979,ZZzzz,102,25,77,25
1001980,In my feelings,148,25,123,25
1001989,80's,123,25,98,25
1001993,Beach Day,61,5,56,5
1001995,WORK,147,25,122,25
1001998,Country Favs,219,25,194,25
1001999,Workout ,111,25,86,25
1002000,Old School Hip Hop,85,5,80,5
1002003,Pop/Chill,68,5,63,5
1002005,Country Hits,76,5,71,5
1002008,emily,139,25,114,25
1002011,Randomness,93,5,88,5
1002012,2014,150,25,125,25
1002013,Gym Time,55,5,50,5
1002014,OLDIES,67,5,62,5
1002017,Rap,126,25,101,25
1002018,car,95,5,90,5
1002021,Work Out Playlist,52,5,47,5
1002023,indie,223,25,198,25
1002024,happy,55,5,50,5
1002029,Classic rock,62,5,57,5
1002030,groovin',116,25,91,25
1002034,Old School Bangers,57,5,52,5
1002035,90s,70,5,65,5
1002036,Disney ,164,25,139,25
1002037,classics,52,5,47,5
1002038,Sweet,249,25,224,25
1002043,Oldies,72,5,67,5
1002049,summa 16,87,5,82,5
1002050,Slow jamz,58,5,53,5
1002051,dad music,104,25,79,25
1002052,Spring 2017,115,25,90,25
1002055,feel good ,52,5,47,5
1002060,ACL 2015,189,25,164,25
1002062,Playlist,60,5,55,5
1002063,Everything,90,5,85,5
1002067,Music I Like,186,25,161,25
1002070,good mood,76,5,71,5
1002073,Classic rock,77,5,72,5
1002077,feel,63,5,58,5
1002079,Nostalgia,64,5,59,5
1002088,HALLOWEEN 2K17,81,5,76,5
1002093,fall,75,5,70,5
1002094,Jamz,53,5,48,5
1002095,jamz,110,25,85,25
1002097,summer,101,25,76,25
1002107,my music,92,5,87,5
1002109,alternative,68,5,63,5
1002110,New,89,5,84,5
1002112,older music,54,5,49,5
1002116,Workout,52,5,47,5
1002117,<3,240,25,215,25
1002120,soft songs,56,5,51,5
1002122,dad playlist,89,5,84,5
1002128,school,113,25,88,25
1002133,Oldies,71,5,66,5
1002141,car music,89,5,84,5
1002150,throwbacks,90,5,85,5
1002151,tired,110,25,85,25
1002153,Low stakes,109,25,84,25
1002155,throwback jams,66,5,61,5
1002165,megan,75,5,70,5
1002167,new finds ,115,25,90,25
1002169,Country Girl ,92,5,87,5
1002173,Trap,65,5,60,5
1002175,Guilty Pleasures,94,5,89,5
1002176,hype,193,25,168,25
1002179,relaxing,150,25,125,25
1002185,oldies ,173,25,148,25
1002188,something special,148,25,123,25
1002190,CHILLLLL,83,5,78,5
1002192,80s classics,227,25,202,25
1002194,Rap,169,25,144,25
1002195,Love,53,5,48,5
1002196,kdrama,74,5,69,5
1002200,littt,53,5,48,5
1002203,Workout,71,5,66,5
1002207,Music Mix,156,25,131,25
1002208,Workout,73,5,68,5
1002211,country songs,183,25,158,25
1002212,Drive ,171,25,146,25
1002213,Summer 2016,83,5,78,5
1002215,Rotation,61,5,56,5
1002221,Country Mix ,150,25,125,25
1002223,dreaming,80,5,75,5
1002224,yee,152,25,127,25
1002225,Super Chill,125,25,100,25
1002227,Dance pop,99,5,94,5
1002240,work,58,5,53,5
1002241,Love Will Tear Us Apart,127,25,102,25
1002243,E.D.M. ,93,5,88,5
1002245,AL,85,5,80,5
1002248,Kevin Gates,149,25,124,25
1002249,RnB,155,25,130,25
1002251,Road Trip,81,5,76,5
1002252,1980's,148,25,123,25
1002255,Ski,128,25,103,25
1002257,Mom Music,58,5,53,5
1002260,Feeling,55,5,50,5
1002261,Five Finger Death Punch,51,5,46,5
1002262,2013,61,5,56,5
1002264,Vegas,169,25,144,25
1002266,Good Tunes,120,25,95,25
1002268,old mix ,99,5,94,5
1002278,Cool songs,60,5,55,5
1002287,reggae,72,5,67,5
1002288,Velvet,88,5,83,5
1002290,issa vibe,62,5,57,5
1002293,My songs,86,5,81,5
1002295,best,58,5,53,5
1002297,Mumford & Sons Wilder Mind (Deluxe),167,25,142,25
1002298,Rap,90,5,85,5
1002309,Summer 2017,54,5,49,5
1002316,vibin,69,5,64,5
1002318,Trippin,200,25,175,25
1002319,Middle School Jams,56,5,51,5
1002322,cesar,175,25,150,25
1002323,musicals,74,5,69,5
1002326,Country Music ,141,25,116,25
1002327,emo music,70,5,65,5
1002329,music,88,5,83,5
1002332,Disney,138,25,113,25
1002337,ISSA PLAYLIST,105,25,80,25
1002343,beachy,129,25,104,25
1002347,Trip Music,54,5,49,5
1002348,Into the Wild,95,5,90,5
1002349,Slow Songs,155,25,130,25
1002355,Pearl Jam,222,25,197,25
1002356,Daydream,181,25,156,25
1002357,Fall 2014,93,5,88,5
1002359,Funky..,172,25,147,25
1002360,Jammin,55,5,50,5
1002362,HABIBI,116,25,91,25
1002363,Study music ,64,5,59,5
1002371,sb,59,5,54,5
1002373,playlist,73,5,68,5
1002377,Disney,91,5,86,5
1002384,Cod,59,5,54,5
1002385,writing,54,5,49,5
1002386,PARTYYY,145,25,120,25
1002387,pregame playlist,134,25,109,25
1002388,Maria,94,5,89,5
1002391,Rap,60,5,55,5
1002395,HOOD RAT ,166,25,141,25
1002396,throwback ,60,5,55,5
1002400,Hot Jams,157,25,132,25
1002402,WORKOUT,96,5,91,5
1002406,littttt,51,5,46,5
1002412,New,123,25,98,25
1002415,Summer,235,25,210,25
1002417,Emma :),169,25,144,25
1002419,champagne,204,25,179,25
1002420,over it,53,5,48,5
1002425,Sway,98,5,93,5
1002429,Random,51,5,46,5
1002432,Electronic ,112,25,87,25
1002435,new,96,5,91,5
1002437,Beats,97,5,92,5
1002441,Road Trip,93,5,88,5
1002443,MAGIC,71,5,66,5
1002445,drive,59,5,54,5
1002447,Reggaeton,52,5,47,5
1002450,Izzy,155,25,130,25
1002452,Black Stone Cherry,169,25,144,25
1002462,CAR ,93,5,88,5
1002465,I like these,83,5,78,5
1002467,housewarming,176,25,151,25
1002470,recently,68,5,63,5
1002478,Worship,83,5,78,5
1002480,Vibe,113,25,88,25
1002483,As needed,189,25,164,25
1002489,starlight,127,25,102,25
1002494,oldies,70,5,65,5
1002499,Ally,69,5,64,5
1002504,camilla ,113,25,88,25
1002505,Best of 2012,112,25,87,25
1002506,Soundtrack of my Life,76,5,71,5
1002508,Summer '17,98,5,93,5
1002509,Casey,85,5,80,5
1002510,My,65,5,60,5
1002515,Summer â˜€ï¸,180,25,155,25
1002518,Unremarkable,67,5,62,5
1002520,1990,133,25,108,25
1002521,Nikki,228,25,203,25
1002526,in my head,61,5,56,5
1002529,Dance Partay,92,5,87,5
1002532,Anna,91,5,86,5
1002533,Wedding playlist,173,25,148,25
1002534,Lord Of The Rings,136,25,111,25
1002540,summer,54,5,49,5
1002542,pARTY,59,5,54,5
1002543,jesus,177,25,152,25
1002545,R&B,153,25,128,25
1002546,Dance Party!,51,5,46,5
1002554,Girly music,156,25,131,25
1002556,sleep,64,5,59,5
1002558,lively,140,25,115,25
1002563,Throwback,91,5,86,5
1002565,back then,136,25,111,25
1002566,Punta Cana,113,25,88,25
1002569,wo,81,5,76,5
1002571,tunez,175,25,150,25
1002573,dope,89,5,84,5
1002575,Oldies,78,5,73,5
1002577,Christmas,85,5,80,5
1002580,ROADTRIP,84,5,79,5
1002584,Alternative music,184,25,159,25
1002586,only the best ,58,5,53,5
1002587,Classic Rock,130,25,105,25
1002588,old gold,131,25,106,25
1002591,70s,153,25,128,25
1002595,Playlist,171,25,146,25
1002597,old school,54,5,49,5
1002602,home.,157,25,132,25
1002608,Indie Folk,92,5,87,5
1002609,Wedding,159,25,134,25
1002612,line dances,77,5,72,5
1002614,Hardcore Workout,63,5,58,5
1002615,UK,86,5,81,5
1002619,slow it down,183,25,158,25
1002620,Workout,139,25,114,25
1002621,SWEET 16,72,5,67,5
1002624,Goldies,94,5,89,5
1002629,rocks,20,5,15,5
1002630,Hiphop,201,25,176,25
1002631,Sunday music,48,5,43,5
1002632,Ride or Die,44,5,39,5
1002635,Car rides,77,5,72,5
1002636,chelsea,69,5,64,5
1002638,Happy Happy Joy Joy,80,5,75,5
1002640,musicals,223,25,198,25
1002641,Sleep,72,5,67,5
1002642,Kiddos,32,5,27,5
1002644,Sleepy,12,5,7,5
1002645,Modern Rock,137,25,112,25
1002649,CHRISTMAS,78,5,73,5
1002650,pop,30,5,25,5
1002651,josie,106,25,81,25
1002654,in between,71,5,66,5
1002656,Metal,29,5,24,5
1002657,Vegas,18,5,13,5
1002658,Pump Up Music,47,5,42,5
1002659,kids,14,5,9,5
1002661,rad,66,5,61,5
1002662,Senior SPRING,61,5,56,5
1002664,sup,31,5,26,5
1002666,Run,19,5,14,5
1002667,new new,106,25,81,25
1002668,Bang,18,5,13,5
1002670,soft songs,37,5,32,5
1002671,Christian,40,5,35,5
1002673,boat,36,5,31,5
1002674,here,11,5,6,5
1002675,Folk,56,5,51,5
1002677,The List,48,5,43,5
1002678,Dirt,12,5,7,5
1002679,chilling,44,5,39,5
1002681,autumn 16,114,25,89,25
1002682,Blake Shelton ,74,5,69,5
1002683,mine,36,5,31,5
1002685,Turn it up,105,25,80,25
1002687,christmas:DDD,67,5,62,5
1002688,Good stuff,27,5,22,5
1002689,Lollapalooza 2015,158,25,133,25
1002690,eric,27,5,22,5
1002691,new,27,5,22,5
1002692,MAY 15,26,5,21,5
1002693,darkside,60,5,55,5
1002694,Workout,42,5,37,5
1002695,party bus,154,25,129,25
1002697,Summer Jams,205,25,180,25
1002698,Friendsgiving,57,5,52,5
1002699,oldies,41,5,36,5
1002700,Musicals,140,25,115,25
1002701,Chillin,100,5,95,5
1002702,Bliss,65,5,60,5
1002705,oui,60,5,55,5
1002706,Pregame ,71,5,66,5
1002710,Summer Festival Playlist,40,5,35,5
1002711,Contemp ,96,5,91,5
1002715,big,93,5,88,5
1002716,Wedding ,14,5,9,5
1002718,ugh,19,5,14,5
1002719,17,18,5,13,5
1002720,running playlist,19,5,14,5
1002721,cAR,65,5,60,5
1002722,Worship,33,5,28,5
1002723,numbers,21,5,16,5
1002725,Pool,17,5,12,5
1002726,My Youth,69,5,64,5
1002728,white noise,22,5,17,5
1002729,SKRRT,11,5,6,5
1002730,Yeehaw,47,5,42,5
1002731,Classics,154,25,129,25
1002732,Graduation,129,25,104,25
1002735,Wedding,51,5,46,5
1002736,Christmas Mix,108,25,83,25
1002737,Skating,30,5,25,5
1002740,The Feel-Good Flavors Playlist,40,5,35,5
1002741,bay area !!,62,5,57,5
1002742,newish,24,5,19,5
1002743,LOVE. ,14,5,9,5
1002744,soundtracks,133,25,108,25
1002745,summer 16,71,5,66,5
1002746,my fav songs,198,25,173,25
1002747,Country 2,113,25,88,25
1002750,chill out,67,5,62,5
1002751,fun,18,5,13,5
1002752,starbucks,202,25,177,25
1002753,Pierce the veil ,80,5,75,5
1002755,Dope,13,5,8,5
1002756,rock,116,25,91,25
1002758,rap,47,5,42,5
1002759,My Favs,88,5,83,5
1002760,EDM,53,5,48,5
1002761, BO$$,229,25,204,25
1002762,ugh,22,5,17,5
1002763,car,68,5,63,5
1002766,90,97,5,92,5
1002767,Classic Rock,67,5,62,5
1002768,Mellow Vibes,27,5,22,5
1002769,Muzak,78,5,73,5
1002771,Electric Love,175,25,150,25
1002773,lalala ,95,5,90,5
1002774,rich,136,25,111,25
1002775,hip hop,25,5,20,5
1002776,Mood,31,5,26,5
1002777,Vibes,28,5,23,5
1002778,CAR,12,5,7,5
1002779,christmas songs,45,5,40,5
1002780,Hybrid,38,5,33,5
1002781,high vibes,37,5,32,5
1002782,90's Baby,22,5,17,5
1002783,Wave,37,5,32,5
1002784,Hipster,87,5,82,5
1002785,setlist,52,5,47,5
1002786,Electric Feel,59,5,54,5
1002788,Pre,17,5,12,5
1002789,Old People,54,5,49,5
1002790,f a l l,120,25,95,25
1002791,Morning,23,5,18,5
1002792,texas country,227,25,202,25
1002798,Michael's Playlist,15,5,10,5
1002799,wake up,20,5,15,5
1002801,Classics,70,5,65,5
1002802,mix1,60,5,55,5
1002803,feb 17,61,5,56,5
1002804,im sad,13,5,8,5
1002805,Traffic Jams,10,5,5,5
1002806,Nuevas,21,5,16,5
1002807,chill out,80,5,75,5
1002809,Hidden Gems,84,5,79,5
1002810,Allison,17,5,12,5
1002811,sunday worship,11,5,6,5
1002812,Sunrise,52,5,47,5
1002814,18,119,25,94,25
1002816,Nice,131,25,106,25
1002818,Jackie,47,5,42,5
1002819,FU,66,5,61,5
1002820,car,47,5,42,5
1002822,Twang,83,5,78,5
1002823,mood,41,5,36,5
1002824,42552,25,5,20,5
1002825,Music,25,5,20,5
1002826,GLEE ,207,25,182,25
1002827,xmas 2015,14,5,9,5
1002828,em,13,5,8,5
1002830,roadtrip,73,5,68,5
1002831,not country,77,5,72,5
1002838,Indi,47,5,42,5
1002843,Jammies,102,25,77,25
1002845,Sleepy,40,5,35,5
1002846,jams,12,5,7,5
1002847,Beachin',96,5,91,5
1002848,90s nostalgia,72,5,67,5
1002849,worship,68,5,63,5
1002850,rock,117,25,92,25
1002852,Fitness,37,5,32,5
1002853,bubbles,30,5,25,5
1002855,Gym,21,5,16,5
1002856,24K Magic,19,5,14,5
1002857,2017,89,5,84,5
1002859,My Favorite Songs,16,5,11,5
1002860,OLD SCHOOL ,18,5,13,5
1002862,Reggae,55,5,50,5
1002864,workin out,68,5,63,5
1002865,Gabby,28,5,23,5
1002866,Vitamin D,58,5,53,5
1002868,Summer 2017,46,5,41,5
1002870,classical,37,5,32,5
1002871,Ava,27,5,22,5
1002872,Eminem,119,25,94,25
1002877,Childish ,44,5,39,5
1002878,Ch,117,25,92,25
1002879,pool side,134,25,109,25
1002880,Baby makin music,30,5,25,5
1002881,Happy music,112,25,87,25
1002882,christmas,51,5,46,5
1002883,Oldies,23,5,18,5
1002884,46007,42,5,37,5
1002885,worship ,120,25,95,25
1002886,summer 17,61,5,56,5
1002887,Singing in the Shower,72,5,67,5
1002888,Happy,88,5,83,5
1002891,Covers,16,5,11,5
1002892,Drive,50,5,45,5
1002893,sick,75,5,70,5
1002896,Gerald,48,5,43,5
1002897,get fit,28,5,23,5
1002898,Good,101,25,76,25
1002899,Gym,48,5,43,5
1002900,sad.,30,5,25,5
1002901,Trap music ,33,5,28,5
1002902,idk yet,101,25,76,25
1002904,Rap,111,25,86,25
1002905,Yep. ,54,5,49,5
1002906,j chillin,129,25,104,25
1002907,lit,34,5,29,5
1002908,80s,30,5,25,5
1002910,summer 2016,61,5,56,5
1002911,mhmm,47,5,42,5
1002912,Daily grind,83,5,78,5
1002913,gang,60,5,55,5
1002916,Jams,58,5,53,5
1002917,Christmas Vibes,31,5,26,5
1002918,golden,17,5,12,5
1002919,42795,35,5,30,5
1002921,music,118,25,93,25
1002922,SUMMER JAMZ,53,5,48,5
1002924,Exercise,69,5,64,5
1002925,current,75,5,70,5
1002926,pnd,30,5,25,5
1002927,Workout,19,5,14,5
1002928,kat ,14,5,9,5
1002930,Waves,214,25,189,25
1002933,Hip Hop,51,5,46,5
1002934,POP,101,25,76,25
1002936,matthew,11,5,6,5
1002938,me,144,25,119,25
1002939,pop,71,5,66,5
1002942,Other,205,25,180,25
1002943,Restart,47,5,42,5
1002944,A PlayList,45,5,40,5
1002945,car,104,25,79,25
1002946,Clara,40,5,35,5
1002947,Depressing,30,5,25,5
1002948,cruisin',37,5,32,5
1002949,Top 15,15,5,10,5
1002952,Hood Rat,19,5,14,5
1002953,new day,154,25,129,25
1002954,Work!,181,25,156,25
1002957,Rock,144,25,119,25
1002960,Heartbroken,12,5,7,5
1002961,Roadtrip,57,5,52,5
1002962,About A Girl,44,5,39,5
1002963,Mom Playlist,95,5,90,5
1002965,Spring 17,117,25,92,25
1002966,Wedding Reception,95,5,90,5
1002967,Disney!,21,5,16,5
1002968,Backyard,68,5,63,5
1002969,Mix 2,212,25,187,25
1002970,Run the World,32,5,27,5
1002971,Car Rides,41,5,36,5
1002972,ALEX,18,5,13,5
1002973,groovin',30,5,25,5
1002974,the good stuff,210,25,185,25
1002975,Anthony,60,5,55,5
1002977,Rap,34,5,29,5
1002979,<3,15,5,10,5
1002980,Spring Break 2017,88,5,83,5
1002981,Alternative ,98,5,93,5
1002984,Fire,11,5,6,5
1002987,love songs,56,5,51,5
1002989,cabin fever,138,25,113,25
1002990,Woo,55,5,50,5
1002993,soccer,29,5,24,5
1002994,Disney,42,5,37,5
1002996,everything,27,5,22,5
1002999,hype ,17,5,12,5
1003000,Rap,178,25,153,25
1003001,Throwbacks,90,5,85,5
1003003,trash,98,5,93,5
1003004,Winter Playlist,80,5,75,5
1003007,Random mix,59,5,54,5
1003008,music,113,25,88,25
1003009,Turn up!,56,5,51,5
1003010,Background Music,33,5,28,5
1003011,other,131,25,106,25
1003012,42339,97,5,92,5
1003013,fun,40,5,35,5
1003014,throwback,59,5,54,5
1003015,pop,29,5,24,5
1003016,get it,61,5,56,5
1003017,workout,73,5,68,5
1003019,slow jams,18,5,13,5
1003021,Playlist,82,5,77,5
1003023,CAmp,12,5,7,5
1003024,lds,43,5,38,5
1003025,relax,82,5,77,5
1003026,shower music,127,25,102,25
1003027,plane,39,5,34,5
1003028,dope ,56,5,51,5
1003029,Work TIme,83,5,78,5
1003030,Tomorrow,16,5,11,5
1003031,Fnaf,43,5,38,5
1003032,xanax,117,25,92,25
1003033,LIFE,21,5,16,5
1003034,jingle ball,37,5,32,5
1003035,uplift,78,5,73,5
1003037,tRAP,217,25,192,25
1003038,Rock,26,5,21,5
1003039,grit,86,5,81,5
1003040,mom.,14,5,9,5
1003041,Hoops,28,5,23,5
1003042,Stuff and things,136,25,111,25
1003043,Valentines Day,24,5,19,5
1003044,Jams,132,25,107,25
1003045,Don't Let Me Down,15,5,10,5
1003046,Gym,34,5,29,5
1003048,Panty droppers,124,25,99,25
1003049,Hype,28,5,23,5
1003050,movies,133,25,108,25
1003053,mom,35,5,30,5
1003054,lili,95,5,90,5
1003055,fall '16,27,5,22,5
1003057,jam,50,5,45,5
1003058,Trip,131,25,106,25
1003059,Early 2000's,47,5,42,5
1003060,turnup,58,5,53,5
1003063,New Beginnings ,16,5,11,5
1003064,mhm,32,5,27,5
1003065,2k17,93,5,88,5
1003066,Alex,29,5,24,5
1003067,Gym,61,5,56,5
1003068,Future,78,5,73,5
1003070,Jack Johnson,116,25,91,25
1003072,throwbacks,42,5,37,5
1003073,Vale,20,5,15,5
1003075,Lalala,14,5,9,5
1003077,for ben. ,78,5,73,5
1003078,GYM,82,5,77,5
1003079,new,22,5,17,5
1003081,sleep,37,5,32,5
1003082,aesthetic,66,5,61,5
1003083,Weird,24,5,19,5
1003085,2014,142,25,117,25
1003086,Feel Good,94,5,89,5
1003087,hype,37,5,32,5
1003089,Beats,60,5,55,5
1003090,My own,103,25,78,25
1003092,zz,37,5,32,5
1003094,Step,12,5,7,5
1003095,grunge,24,5,19,5
1003098,Sundays,73,5,68,5
1003101,<3,33,5,28,5
1003102,drawing hearts on foggy windows,49,5,44,5
1003103,wake up happy,21,5,16,5
1003104,Pre Ceremony,42,5,37,5
1003106,camp,50,5,45,5
1003109,Memo,41,5,36,5
1003110,2017,33,5,28,5
1003111,simp,59,5,54,5
1003112,rock out ,54,5,49,5
1003113,rock stuff,135,25,110,25
1003114,oof,40,5,35,5
1003115,GOAT,208,25,183,25
1003116,Ceremony,14,5,9,5
1003117,September 2015,30,5,25,5
1003119,LuCa,66,5,61,5
1003120,Workout Playlist,47,5,42,5
1003121,Halloween,27,5,22,5
1003123,CLassical,46,5,41,5
1003124,Beachy,79,5,74,5
1003125,road trip,39,5,34,5
1003126,100,61,5,56,5
1003127,Wind,116,25,91,25
1003128,Ratchet,143,25,118,25
1003130,feels,11,5,6,5
1003131,Summer 2014,217,25,192,25
1003132,1975,49,5,44,5
1003133,boom,95,5,90,5
1003134,Fiesta,31,5,26,5
1003135,Party Tunes,222,25,197,25
1003136,feels,42,5,37,5
1003137,awesome,14,5,9,5
1003139,Boat Tunes,74,5,69,5
1003140,17,45,5,40,5
1003141,bday,38,5,33,5
1003142,Shower,11,5,6,5
1003143,Country Bumpkin,41,5,36,5
1003145,Sleep,21,5,16,5
1003146,Lit,24,5,19,5
1003147,Classics,125,25,100,25
1003148,Long Drives,40,5,35,5
1003150,Dangerous,18,5,13,5
1003151,CS,22,5,17,5
1003152,CARDIO,31,5,26,5
1003153,rafael,51,5,46,5
1003154,cherry wine stains on vintage lace,21,5,16,5
1003156,Oldies,42,5,37,5
1003158,I Love You :),19,5,14,5
1003160,lit,19,5,14,5
1003161,angst and algebra,105,25,80,25
1003162,Oldies ,11,5,6,5
1003163,Spanish,25,5,20,5
1003166,study,102,25,77,25
1003168,Worship,52,5,47,5
1003173,LOTR,119,25,94,25
1003174,2016,215,25,190,25
1003175,#Summer,45,5,40,5
1003177,jazz,39,5,34,5
1003178,My best songs,14,5,9,5
1003179,play that funky music,57,5,52,5
1003180,LOUD!,55,5,50,5
1003181,Chill Time,53,5,48,5
1003182,Matt,39,5,34,5
1003183,yes,89,5,84,5
1003184,sleepytime ,83,5,78,5
1003186,gang gang,27,5,22,5
1003188,Singing Songs,45,5,40,5
1003189,workout,34,5,29,5
1003190,D.A.N.C.E.,12,5,7,5
1003191,chilll,79,5,74,5
1003193,remix,62,5,57,5
1003194,chiller,48,5,43,5
1003195,throwback,100,5,95,5
1003196,2015,213,25,188,25
1003197,Everything,62,5,57,5
1003198,Beachin,80,5,75,5
1003201,Alternative,120,25,95,25
1003202,Claudia,40,5,35,5
1003203,Rap,181,25,156,25
1003205,Hyped.,82,5,77,5
1003206,Ppp,20,5,15,5
1003207,sin,19,5,14,5
1003208,New New,170,25,145,25
1003209,christmas ,41,5,36,5
1003210,car rides,16,5,11,5
1003214,current favs,220,25,195,25
1003215,music ,123,25,98,25
1003217,Fall 2015,131,25,106,25
1003218,Car Playlist,118,25,93,25
1003219,Country Rock,22,5,17,5
1003220,Chill Vibes,105,25,80,25
1003221,Summer!!,68,5,63,5
1003222,jams,206,25,181,25
1003223,Bubblegum,85,5,80,5
1003225,zzz,32,5,27,5
1003226,winter 2016,43,5,38,5
1003227,Jesus Music,56,5,51,5
1003228,2,189,25,164,25
1003229,LOL,70,5,65,5
1003230,pump up,17,5,12,5
1003232,My songs,37,5,32,5
1003233,summer 2016,46,5,41,5
1003234,Beach ,71,5,66,5
1003235,country :0 ,158,25,133,25
1003236,acoustic,28,5,23,5
1003237,Christmas time!,55,5,50,5
1003238,Study,31,5,26,5
1003239,party,47,5,42,5
1003240,feel good,44,5,39,5
1003241,Road Trip,59,5,54,5
1003243,What I Like,48,5,43,5
1003246,slow country,89,5,84,5
1003247,Feel Good,103,25,78,25
1003248,VIBES,53,5,48,5
1003249,Mellow tunes,80,5,75,5
1003250,Prayer,18,5,13,5
1003251,Throwback Jams,61,5,56,5
1003254,Sh,24,5,19,5
1003255,90's,65,5,60,5
1003256,Fiesta ,92,5,87,5
1003258,zero skips fr fr,74,5,69,5
1003259,PARTY JAMZ,35,5,30,5
1003260,Background,11,5,6,5
1003261,Hip Hop,73,5,68,5
1003262,sprang break ,59,5,54,5
1003263,road trip,105,25,80,25
1003265,old stuff,90,5,85,5
1003266,Those days ,23,5,18,5
1003268,Rap,39,5,34,5
1003269,90s baby,105,25,80,25
1003270,rolas,15,5,10,5
1003271,chilly,28,5,23,5
1003273,Michelle,39,5,34,5
1003274,reggueton,104,25,79,25
1003276,coast to coast,204,25,179,25
1003277,drive,62,5,57,5
1003278,Boat Music,115,25,90,25
1003279,Bump,71,5,66,5
1003281,Spanish,55,5,50,5
1003282,Chilling.,107,25,82,25
1003284,Kids Party,34,5,29,5
1003285,pain,80,5,75,5
1003286,road Trip!!!,212,25,187,25
1003287,spring17,69,5,64,5
1003289,80's rock,139,25,114,25
1003290,Hard Rock,39,5,34,5
1003291,DR,48,5,43,5
1003292,Thoughts,62,5,57,5
1003293,R&B,51,5,46,5
1003294,Work,94,5,89,5
1003295,Rock,64,5,59,5
1003298,disney,12,5,7,5
1003299,winter 2016,54,5,49,5
1003300,Modern Music ,33,5,28,5
1003301,March 2017,27,5,22,5
1003303,bb,20,5,15,5
1003304,ugh,27,5,22,5
1003306,reggae,19,5,14,5
1003307,Spencer,67,5,62,5
1003308,vibezzz,94,5,89,5
1003311,feelin,49,5,44,5
1003314,My Jams,49,5,44,5
1003318,The Chill,120,25,95,25
1003319,Windows down,153,25,128,25
1003320,Running,187,25,162,25
1003321,Summer Daze,98,5,93,5
1003322,punk rock,75,5,70,5
1003323,ryan,27,5,22,5
1003324,rap,161,25,136,25
1003325,STUDY STUDY STUDY;,20,5,15,5
1003326,Happy Daze,36,5,31,5
1003327,run,96,5,91,5
1003329,The Feels,81,5,76,5
1003330,Good Stuff,43,5,38,5
1003332,Alt,70,5,65,5
1003333,relaxing,37,5,32,5
1003334,On The Road,59,5,54,5
1003335,2016,24,5,19,5
1003336,Beachin,62,5,57,5
1003339,workout,17,5,12,5
1003340,Sad song ,15,5,10,5
1003341,Play it Forward,30,5,25,5
1003342,Random,24,5,19,5
1003343,God,20,5,15,5
1003344,car tunes,34,5,29,5
1003345,rap playlist ,84,5,79,5
1003348,car,40,5,35,5
1003349,Fall 17,25,5,20,5
1003351,Love,18,5,13,5
1003352,Winter 2015,38,5,33,5
1003353,Party,90,5,85,5
1003354,Down,34,5,29,5
1003355,rap and hip hop,24,5,19,5
1003356,Love Yourself,34,5,29,5
1003357,new chapter,105,25,80,25
1003359,rap,183,25,158,25
1003361,rap,118,25,93,25
1003362,oldies,40,5,35,5
1003363,beach,50,5,45,5
1003364,WOD,45,5,40,5
1003365,KMS,18,5,13,5
1003368,hike,20,5,15,5
1003369,RAGE,68,5,63,5
1003370,rock2,32,5,27,5
1003371,euphoria,39,5,34,5
1003372,420,62,5,57,5
1003373,INXS,17,5,12,5
1003374,jesus ,74,5,69,5
1003375,Rager,91,5,86,5
1003378,Cancer,33,5,28,5
1003379,Good Vibes,29,5,24,5
1003380,mood,63,5,58,5
1003381,Disney,38,5,33,5
1003382,EDM,19,5,14,5
1003383,Rawk,23,5,18,5
1003384,Summertime Sadness,149,25,124,25
1003385,Chance ,44,5,39,5
1003386,Take it easy,28,5,23,5
1003387,Chill EDM,157,25,132,25
1003389,2015 Top Tracks,100,5,95,5
1003390,vibin,25,5,20,5
1003391,for my love,29,5,24,5
1003392,Ed Sheeran (Deluxe),36,5,31,5
1003393,80's rock,96,5,91,5
1003394,My songs,219,25,194,25
1003395,Summer ,50,5,45,5
1003396,Sway,19,5,14,5
1003397,Car Jams,166,25,141,25
1003398,Gaming,44,5,39,5
1003399,sleep,26,5,21,5
1003400,Olive,44,5,39,5
1003402,oh,44,5,39,5
1003403,cry babY,17,5,12,5
1003404,Oldies But Goodies,24,5,19,5
1003406,Basics,35,5,30,5
1003407,Dance,48,5,43,5
1003408,Christian Jams,127,25,102,25
1003409,calle,89,5,84,5
1003412,tunes ,50,5,45,5
1003413,throwback music,11,5,6,5
1003414,Summer14,70,5,65,5
1003415,POP,149,25,124,25
1003416,hey,86,5,81,5
1003417,pump,27,5,22,5
1003418,Homework ,200,25,175,25
1003419,throwback,52,5,47,5
1003421,California,211,25,186,25
1003422,REMIX,33,5,28,5
1003423,The Feels,19,5,14,5
1003424,Iceland,25,5,20,5
1003426,Logic,38,5,33,5
1003427,Slow Down,29,5,24,5
1003428,Summer 2017,30,5,25,5
1003431,lit,22,5,17,5
1003432,rap ,73,5,68,5
1003433,fall 16,30,5,25,5
1003434,Acoustic,57,5,52,5
1003436,happy,36,5,31,5
1003437,Rainy Days,31,5,26,5
1003439,Summer 2016,40,5,35,5
1003440,Guilty Pleasures,128,25,103,25
1003441,dance,18,5,13,5
1003444,GOOD VIBES,61,5,56,5
1003445,glory days,64,5,59,5
1003446,Acoustic covers,14,5,9,5
1003447,sad,52,5,47,5
1003448,Life,12,5,7,5
1003449,Listen,43,5,38,5
1003450,Ariel,51,5,46,5
1003451,dance songs,122,25,97,25
1003452,Soft Rock,37,5,32,5
1003454,Bangers,34,5,29,5
1003455,throwbax,81,5,76,5
1003456,buzz,14,5,9,5
1003457,sleep,15,5,10,5
1003458,Crumpled Love Letters,125,25,100,25
1003461,classic hip hop,20,5,15,5
1003462,90s,87,5,82,5
1003463,Classic Rock,77,5,72,5
1003465,aux cord,210,25,185,25
1003466,cocktail party,63,5,58,5
1003467,throwback ,68,5,63,5
1003469,Destiny,25,5,20,5
1003471,slow ,32,5,27,5
1003472,Eminem,107,25,82,25
1003473,Rainy Days,120,25,95,25
1003476,Running Mix,94,5,89,5
1003478,Chill EDM,72,5,67,5
1003483,Chill hop,45,5,40,5
1003486,Mildly eventful,117,25,92,25
1003489,chill lounge,89,5,84,5
1003492,YUP!,139,25,114,25
1003495,Chill Music,78,5,73,5
1003496,sleepy,107,25,82,25
1003499,Chill Music,47,5,42,5
1003500,Mixtape,126,25,101,25
1003501,Young Money$$$$$,148,25,123,25
1003503,driving,140,25,115,25
1003505,Chill Music,99,5,94,5
1003506,Chill out,57,5,52,5
1003509,Chill Out,80,5,75,5
1003511,jamz.,161,25,136,25
1003512,chill out,65,5,60,5
1003514,pool playlist,111,25,86,25
1003519,chill out,40,5,35,5
1003520,chill out,46,5,41,5
1003521,Chill Out,48,5,43,5
1003522,Chill Out,99,5,94,5
1003524,chill out,70,5,65,5
1003527,chill out.,45,5,40,5
1003530,Chill Playlist,95,5,90,5
1003533,char,156,25,131,25
1003537,chill playlist,92,5,87,5
1003539,Chill Playlist,51,5,46,5
1003548,CHRISTmas!!!,109,25,84,25
1003550,Chill playlist,71,5,66,5
1003551,R&B,137,25,112,25
1003553,Chill Playlist,64,5,59,5
1003554,Rap,101,25,76,25
1003557,Chill Pop,52,5,47,5
1003559,chill rap,66,5,61,5
1003567,let it go,175,25,150,25
1003568,chill rap,40,5,35,5
1003569,Chill Rap,60,5,55,5
1003573,chill songs,54,5,49,5
1003575,Chill Time,90,5,85,5
1003576,Chill time ,58,5,53,5
1003582,with love,196,25,171,25
1003586,chill time.,42,5,37,5
1003587,car playlist,104,25,79,25
1003591,Cold,134,25,109,25
1003594,Chill Tunes,80,5,75,5
1003596,Stream,101,25,76,25
1003597,Chill Tunes,58,5,53,5
1003598,Chill Vibes,74,5,69,5
1003601,Stone,101,25,76,25
1003604,Chill Vibes,55,5,50,5
1003608,banger,112,25,87,25
1003609,chillstep,147,25,122,25
1003611,Chill Vibes,93,5,88,5
1003613,Chill Vibes,52,5,47,5
1003618,Christmas,140,25,115,25
1003622,chill vibes,100,5,95,5
1003626,Chill vibes,58,5,53,5
1003630,Get Hyped,148,25,123,25
1003632,chill vibes,42,5,37,5
1003635,Random,107,25,82,25
1003636,chill vibez,91,5,86,5
1003638,hhh,117,25,92,25
1003639,Chill/Work,71,5,66,5
1003641,texas country,118,25,93,25
1003643,Music,110,25,85,25
1003644,good times,193,25,168,25
1003646,chill?,41,5,36,5
1003647,Chillax,67,5,62,5
1003651,chillax,76,5,71,5
1003656,my favorites,131,25,106,25
1003658,Chillaxin,67,5,62,5
1003659,Fourth of July,150,25,125,25
1003662,Chillaxin,71,5,66,5
1003667,countryy,103,25,78,25
1003669,Hope,137,25,112,25
1003673,Sun-Kissed Skin,119,25,94,25
1003675,CHILLED,64,5,59,5
1003676,chiller,44,5,39,5
1003681,CHILLERS,45,5,40,5
1003688,jams!!,112,25,87,25
1003690,chillin,54,5,49,5
1003693,Chillin,67,5,62,5
1003694,The one and only,116,25,91,25
1003695,THROWBACK,110,25,85,25
1003696,chillin,77,5,72,5
1003697,chillin,48,5,43,5
1003700,Good Jams,146,25,121,25
1003702,Chillin,65,5,60,5
1003703,chillin,43,5,38,5
1003704,Lolla 2016,113,25,88,25
1003705,ded,114,25,89,25
1003706,hip hop,103,25,78,25
1003714,spanish rock,128,25,103,25
1003715,Love <3,121,25,96,25
1003716,Chillin,55,5,50,5
1003718,chillin,86,5,81,5
1003722,chillin,57,5,52,5
1003727,Chillin,54,5,49,5
1003729,chillin,75,5,70,5
1003732,Party,169,25,144,25
1003733,chillin,53,5,48,5
1003734,Chillin,93,5,88,5
1003736,chillin,51,5,46,5
1003737,chillin,49,5,44,5
1003738,chillin',49,5,44,5
1003740,chillin',57,5,52,5
1003742,Chillin',75,5,70,5
1003743,chilling,45,5,40,5
1003747,Good Tunes ,194,25,169,25
1003748,weekend ,114,25,89,25
1003749,wavy,133,25,108,25
1003751,fiesta:))),114,25,89,25
1003757,old,148,25,123,25
1003758,Chilling.,96,5,91,5
1003760,chilll,84,5,79,5
1003761,chilll,44,5,39,5
1003763,CHILLLLL,62,5,57,5
1003767,chilllll,80,5,75,5
1003771,THROWBACKS,109,25,84,25
1003773,HYPE,202,25,177,25
1003779,Nashville,191,25,166,25
1003783,Summer heat,120,25,95,25
1003784,chilllll,46,5,41,5
1003785,chilllllllll,40,5,35,5
1003789,Turn up,174,25,149,25
1003791,Songs that I like,169,25,144,25
1003793,party playlist,125,25,100,25
1003797,Chillout,53,5,48,5
1003799,CHILLOUT,40,5,35,5
1003800,chillout.,92,5,87,5
1003803,chillstep,74,5,69,5
1003809,2K,110,25,85,25
1003812,Chillstep,48,5,43,5
1003817,Chillwave,51,5,46,5
1003818,Chillz,47,5,42,5
1003821,chin up,72,5,67,5
1003823,chloe,86,5,81,5
1003824,chris,48,5,43,5
1003825,Christian,74,5,69,5
1003826,Christian,53,5,48,5
1003827,dopeness,230,25,205,25
1003828,Love,127,25,102,25
1003829,main character energy,233,25,208,25
1003830,Christian,47,5,42,5
1003831,Christian,47,5,42,5
1003832,Christian,62,5,57,5
1003841,Christian,93,5,88,5
1003843,TrapHouse ,145,25,120,25
1003846,good,164,25,139,25
1003848,Christian,52,5,47,5
1003861,Christian,40,5,35,5
1003862,Christian,45,5,40,5
1003867,:) Smiles,130,25,105,25
1003870,In between,186,25,161,25
1003871,Christian,85,5,80,5
1003874,Christian,89,5,84,5
1003875,road trip,209,25,184,25
1003881,Christian ,40,5,35,5
1003882,espanol,173,25,148,25
1003883,Christian Jams,50,5,45,5
1003884,90's Kid,181,25,156,25
1003887,christian music,45,5,40,5
1003889,Christian Playlist,70,5,65,5
1003891,Christian Rap,72,5,67,5
1003894,Old School,170,25,145,25
1003898,Christian Rock,43,5,38,5
1003902,My Jam,174,25,149,25
1003904,Playlist,129,25,104,25
1003907,colin ,106,25,81,25
1003910,In,130,25,105,25
1003911,grad party ,153,25,128,25
1003913,road trip,192,25,167,25
1003917,Christian Songs,61,5,56,5
1003918,lit lit lit,174,25,149,25
1003919,Christian songs,49,5,44,5
1003921,Christian/Worship,72,5,67,5
1003922,Christina,43,5,38,5
1003924,Christmas,40,5,35,5
1003927,Christmas,68,5,63,5
1003928,Christmas,64,5,59,5
1003930,CHRISTMAS,60,5,55,5
1003933,christmas,69,5,64,5
1003934,Christmas,55,5,50,5
1003936,Christmas,76,5,71,5
1003940,Christmas,69,5,64,5
1003942,Christmas,59,5,54,5
1003945,Christmas,80,5,75,5
1003947,Disney Songs,153,25,128,25
1003949,Andrew,145,25,120,25
1003952,Christmas,42,5,37,5
1003953,Christmas,65,5,60,5
1003955,christmas,44,5,39,5
1003958,Christmas,62,5,57,5
1003964,christmas,68,5,63,5
1003968,dig,162,25,137,25
1003970,Rock,175,25,150,25
1003972,Christmas,91,5,86,5
1003973,Classic,121,25,96,25
1003974,Summer 2017,157,25,132,25
1003975,Christmas,67,5,62,5
1003978,Christmas,59,5,54,5
1003979,Christmas,99,5,94,5
1003985,christmas,50,5,45,5
1003987,Rap,115,25,90,25
1003989,Christmas,60,5,55,5
1003991,Christmas,41,5,36,5
1003992,christmas ,62,5,57,5
1003993,CHRISTMAS ,91,5,86,5
1003994,love,141,25,116,25
1003995,90's,196,25,171,25
1003998,black people music,134,25,109,25
1003999,downtempo,186,25,161,25
1004001,Throwback,208,25,183,25
1004004,Christmas ,81,5,76,5
1004006,Christmas Jams,53,5,48,5
1004007,alter,119,25,94,25
1004008,Christmas jams,57,5,52,5
1004009,Christmas Jams,40,5,35,5
1004012,Christmas Jazz,82,5,77,5
1004019,Christmas Mix,47,5,42,5
1004020,Christmas music,66,5,61,5
1004021,Christmas Songs,84,5,79,5
1004022,christmas songs,79,5,74,5
1004028,Christmas Songs,63,5,58,5
1004031,Gym Flow,102,25,77,25
1004032,Summer 2016,107,25,82,25
1004034,Jesus!,243,25,218,25
1004037,christmas time,80,5,75,5
1004038,Best of the best,131,25,106,25
1004039,Christmas time!,48,5,43,5
1004040,Christmas Vibes,42,5,37,5
1004046,Christmas!,53,5,48,5
1004048,CHRISTMAS!,64,5,59,5
1004049,Good Music ,238,25,213,25
1004050,Rock,135,25,110,25
1004055,Throwback Rap,143,25,118,25
1004057,Christmas!,49,5,44,5
1004060,Christmas!!!,74,5,69,5
1004062,CHRISTmas!!!,40,5,35,5
1004063,christmas;)))),82,5,77,5
1004066,Moms ,118,25,93,25
1004067,Covers,132,25,107,25
1004073,Christmasssss,54,5,49,5
1004078,Boda,193,25,168,25
1004082,Christmas,40,5,35,5
1004083,christmas:DDD,49,5,44,5
1004084,Panda,132,25,107,25
1004085,christmas=)),56,5,51,5
1004086,Manny,134,25,109,25
1004089,Boy Bands,136,25,111,25
1004090,Christmasssss,84,5,79,5
1004093,chuck,83,5,78,5
1004094,Church,40,5,35,5
1004096,D&B,91,5,86,5
1004097,D&D,60,5,55,5
1004100,reggueton,144,25,119,25
1004102,D.A.N.C.E.,77,5,72,5
1004103,Da best,44,5,39,5
1004108,Dad,46,5,41,5
1004109,Bump,211,25,186,25
1004111,dad music,41,5,36,5
1004112,Lust,133,25,108,25
1004114,Dad Music,41,5,36,5
1004115,Dad Music,55,5,50,5
1004116,dad playlist,41,5,36,5
1004119,Photoshoot,102,25,77,25
1004122,daddy,88,5,83,5
1004123,daddy,45,5,40,5
1004124,Dads music,76,5,71,5
1004127,dads music,52,5,47,5
1004129,Dad's music,49,5,44,5
1004132,90's,114,25,89,25
1004135,Coachella 2017,222,25,197,25
1004136,daily,76,5,71,5
1004138,DAILY,100,5,95,5
1004140,Colorado,114,25,89,25
1004143,work hard,107,25,82,25
1004145,Daily grind,52,5,47,5
1004147,Breezy,250,25,225,25
1004150,Daily Mix 2,94,5,89,5
1004151,Daily Music,44,5,39,5
1004156,Dance,51,5,46,5
1004158,Dance,61,5,56,5
1004159,Dance,51,5,46,5
1004160,Dance,51,5,46,5
1004161,+++,120,25,95,25
1004163,throwback,152,25,127,25
1004165,dance,73,5,68,5
1004168,Dance,64,5,59,5
1004169,good music,120,25,95,25
1004174,currently,103,25,78,25
1004176,singles,184,25,159,25
1004177,mojo,143,25,118,25
1004179,Dance,45,5,40,5
1004180,Catchy Songs,130,25,105,25
1004190,Shower,104,25,79,25
1004192,poop,120,25,95,25
1004197,Dance,93,5,88,5
1004198,Spring break,155,25,130,25
1004199,dance,67,5,62,5
1004201,dance,68,5,63,5
1004202,Dance,67,5,62,5
1004203,Prom,123,25,98,25
1004204,yea,178,25,153,25
1004205,Dance,42,5,37,5
1004209,dance,94,5,89,5
1004210,Never Gets Old,151,25,126,25
1004211,DANCE,40,5,35,5
1004213,road trip,238,25,213,25
1004219,country mix ,203,25,178,25
1004220,Dance,54,5,49,5
1004221,Jas,127,25,102,25
1004223,College,118,25,93,25
1004225,DANCE,69,5,64,5
1004226,dance,48,5,43,5
1004229,Dance,46,5,41,5
1004230,slow it down,132,25,107,25
1004233,DANCE ,74,5,69,5
1004234,Dance Dance,41,5,36,5
1004236,Rock,107,25,82,25
1004238,Road trip,127,25,102,25
1004240,Dance Jams,65,5,60,5
1004243,Dance Jams,95,5,90,5
1004244,Dance Partay,79,5,74,5
1004246,My music,204,25,179,25
1004247,DANCE PARTY,63,5,58,5
1004249,Dance Party!,75,5,70,5
1004251,Dance pop,56,5,51,5
1004255,dance songs,88,5,83,5
1004256,Its lit,111,25,86,25
1004259,Dancehall,74,5,69,5
1004260,Pregame,138,25,113,25
1004261,Dancehall,45,5,40,5
1004262,Dancing,45,5,40,5
1004263,Daniel,74,5,69,5
1004264,Daniela (:,68,5,63,5
1004265,dank,64,5,59,5
1004266,Boat,140,25,115,25
1004270,Calm,125,25,100,25
1004272,Dank,84,5,79,5
1004276,dank,70,5,65,5
1004280,dank,90,5,85,5
1004281,Dangerous,68,5,63,5
1004282,darkside,80,5,75,5
1004283,Darty,73,5,68,5
1004287,Darty,53,5,48,5
1004288,darty,40,5,35,5
1004290,Darty ,53,5,48,5
1004291,Karen,117,25,92,25
1004294,dat new new,80,5,75,5
1004295,dat new new,71,5,66,5
1004300,Love,184,25,159,25
1004301, jamz,122,25,97,25
1004304,Date,40,5,35,5
1004305,David,61,5,56,5
1004306,david,43,5,38,5
1004308,Crying,175,25,150,25
1004309,JACKS PLAYLIST!,195,25,170,25
1004312,Random,213,25,188,25
1004314,I don't know,103,25,78,25
1004315,2005,224,25,199,25
1004316,David's Playlist,41,5,36,5
1004319,Daydream,54,5,49,5
1004321,pregame,133,25,108,25
1004322,daydream,62,5,57,5
1004325,Slow jamz,144,25,119,25
1004327,daydream,51,5,46,5
1004328,Days,64,5,59,5
1004335,ayy,106,25,81,25
1004336,Good Vibes,108,25,83,25
1004341,dB^),48,5,43,5
1004347,Country Music,232,25,207,25
1004351,Jan,42,5,37,5
1004353,Chill Beats,143,25,118,25
1004356,january,80,5,75,5
1004358,ded,77,5,72,5
1004360,folk/indie,121,25,96,25
1004365,90,168,25,143,25
1004372,Dee,59,5,54,5
1004375,Music,133,25,108,25
1004377,deep,55,5,50,5
1004379,Deep Focus,62,5,57,5
1004381,deep.,40,5,35,5
1004390,rock,164,25,139,25
1004391,THROWBACK!! ,210,25,185,25
1004393,Deez Nuts,49,5,44,5
1004397,Denver,83,5,78,5
1004398,deporte,80,5,75,5
1004399,depp,86,5,81,5
1004400,Depressing,48,5,43,5
1004402,Depression,40,5,35,5
1004403,Desert Island,41,5,36,5
1004404,Destiny,45,5,40,5
1004405,blah,124,25,99,25
1004406,RUNNER,104,25,79,25
1004408,Diamonds,94,5,89,5
1004411,Banda,219,25,194,25
1004418,Jam Out,111,25,86,25
1004419,Diana. ,53,5,48,5
1004421,28,147,25,122,25
1004423,Just cause,228,25,203,25
1004427,dig,68,5,63,5
1004428,'16,127,25,102,25
1004429,Sleep,206,25,181,25
1004436,wedding,203,25,178,25
1004437,Rap/Hip Hop,107,25,82,25
1004443,dig,80,5,75,5
1004444,Throw it Back,110,25,85,25
1004446,Fall 2015,200,25,175,25
1004447,Dinner,61,5,56,5
1004449,Dirt,47,5,42,5
1004455,Dirt,44,5,39,5
1004458,dirt road,49,5,44,5
1004462,Dirt Road,40,5,35,5
1004466,Discover,83,5,78,5
1004467,Discover,44,5,39,5
1004468,Discovered,70,5,65,5
1004472,Discovered Weekly,43,5,38,5
1004474,Disney,53,5,48,5
1004479,Disney,47,5,42,5
1004480,2012,135,25,110,25
1004481,Disney,94,5,89,5
1004482,Childhood,216,25,191,25
1004483,wee,208,25,183,25
1004484,Disney,86,5,81,5
1004486,Disney,74,5,69,5
1004488,disney,51,5,46,5
1004489,study,141,25,116,25
1004490,Disney,54,5,49,5
1004491,Disney,52,5,47,5
1004493,Jams,125,25,100,25
1004495,disney,90,5,85,5
1004496,Disney,72,5,67,5
1004497,80's,181,25,156,25
1004501,Disney,59,5,54,5
1004504,Disney,59,5,54,5
1004505,disney,49,5,44,5
1004509,Disney,52,5,47,5
1004510,Disney,44,5,39,5
1004511,Disney,94,5,89,5
1004512,Disney,45,5,40,5
1004514,Disney,53,5,48,5
1004521,disney,40,5,35,5
1004523,memorial day ,105,25,80,25
1004524,Disney,47,5,42,5
1004525,Disney ,45,5,40,5
1004526,15,102,25,77,25
1004527,Disney ,59,5,54,5
1004528,Bruh,126,25,101,25
1004530,disney ,67,5,62,5
1004533,disney :),90,5,85,5
1004537,Disney Favorites ,79,5,74,5
1004540,EDM,120,25,95,25
1004541,iconic,153,25,128,25
1004543,Disney Jams,85,5,80,5
1004549,Disney movies,50,5,45,5
1004552,Lit,151,25,126,25
1004555,Disney Songs,80,5,75,5
1004556,Disney songs,65,5,60,5
1004560,Disney!,79,5,74,5
1004561,Road trip,135,25,110,25
1004571,Disney!,79,5,74,5
1004574,DISNEYLAND,64,5,59,5
1004580,Workout,217,25,192,25
1004582,classic rock,158,25,133,25
1004583,throwback,107,25,82,25
1004589,Diva,63,5,58,5
1004590,Awesome Playlist,233,25,208,25
1004591,Diva ,64,5,59,5
1004592,nick,129,25,104,25
1004593,Dizzy,69,5,64,5
1004596,DJ,72,5,67,5
1004602,DJ SET,50,5,45,5
1004605,Jesus Jamz,107,25,82,25
1004606,17,127,25,102,25
1004610,dmb,40,5,35,5
1004614,DNA,45,5,40,5
1004619,Do I Wanna Know?,54,5,49,5
1004621,do it ,58,5,53,5
1004624,It's Lit,129,25,104,25
1004626,Hippity Hoppity,209,25,184,25
1004630,Johan ,110,25,85,25
1004631,do work,97,5,92,5
1004637,dog days,47,5,42,5
1004640,driving,243,25,218,25
1004642,dom,47,5,42,5
1004643,Dom,66,5,61,5
1004647,LEGGO,117,25,92,25
1004648,Me,109,25,84,25
1004649,lit,113,25,88,25
1004650,Don't Let Me Down,91,5,86,5
1004651,Don't Let Me Down,69,5,64,5
1004659,DOOM,48,5,43,5
1004661,dope,94,5,89,5
1004662,This one,108,25,83,25
1004667,Oldies,243,25,218,25
1004668,Dope,46,5,41,5
1004669,dope,56,5,51,5
1004670,dope,96,5,91,5
1004671,Black,138,25,113,25
1004674,uh huh honey,191,25,166,25
1004676,Good Songs,173,25,148,25
1004677,Dope,41,5,36,5
1004679,Dope,90,5,85,5
1004681,dope,91,5,86,5
1004682,Work,211,25,186,25
1004684,Dope,72,5,67,5
1004685,Love Songs,109,25,84,25
1004686,DOPE,42,5,37,5
1004689,2014,111,25,86,25
1004690,Dope,84,5,79,5
1004694,Dope,70,5,65,5
1004696,mine,248,25,223,25
1004699,dope ,57,5,52,5
1004703,dope music,83,5,78,5
1004705,dopeness,50,5,45,5
1004706,Down,43,5,38,5
1004707,downtempo,73,5,68,5
1004709,DR,60,5,55,5
1004712,roadtrip,143,25,118,25
1004716,Drake,63,5,58,5
1004720,drake,83,5,78,5
1004723,Drake,48,5,43,5
1004724,PD,152,25,127,25
1004725,Hip Hop,223,25,198,25
1004728,drake ,47,5,42,5
1004730,drawing music,42,5,37,5
1004737,dreaming,44,5,39,5
1004738,Drinkin,40,5,35,5
1004751,One Hit Wonders,139,25,114,25
1004752,drive,57,5,52,5
1004753,Drive,83,5,78,5
1004755,drive,49,5,44,5
1004756,drive,53,5,48,5
1004758,Drive,59,5,54,5
1004762,drive,95,5,90,5
1004764,tb,161,25,136,25
1004769,90s baby,159,25,134,25
1004776,Dance,102,25,77,25
1004777,drive,79,5,74,5
1004785,Peaceful,221,25,196,25
1004786,old school rap,155,25,130,25
1004787,drive,54,5,49,5
1004788,Drive,81,5,76,5
1004789,drive,90,5,85,5
1004790,the one,131,25,106,25
1004792,Coachella 2013,211,25,186,25
1004794,Work it!!,102,25,77,25
1004796,Drive,59,5,54,5
1004797,January 2016,111,25,86,25
1004798,S16,156,25,131,25
1004799,throwbackk,131,25,106,25
1004800,drive,66,5,61,5
1004801,Drive ,75,5,70,5
1004804,Drive ,47,5,42,5
1004806,Back at it,233,25,208,25
1004810,drive ,83,5,78,5
1004814,Drive by,58,5,53,5
1004819,Drive Time,89,5,84,5
1004820,Driving,65,5,60,5
1004821,alternative,101,25,76,25
1004825,driving,43,5,38,5
1004827,driving,53,5,48,5
1004829,BM,139,25,114,25
1004831,Driving,82,5,77,5
1004832,driving,40,5,35,5
1004833,Driving,60,5,55,5
1004834,Driving,67,5,62,5
1004836,Driving,49,5,44,5
1004837,driving,83,5,78,5
1004838,KPOP,118,25,93,25
1004840,driving ,40,5,35,5
1004841,driving ,72,5,67,5
1004842,driving ,53,5,48,5
1004846,driving 3,86,5,81,5
1004847,Driving Music,50,5,45,5
1004848,classics,200,25,175,25
1004850,driving playlist,73,5,68,5
1004852,reggae,139,25,114,25
1004853,driving songs,78,5,73,5
1004855,Drop The Game,85,5,80,5
1004857,Discovered Weekly,114,25,89,25
1004858,Drops of Jupiter,43,5,38,5
1004861,r&b,246,25,221,25
1004864,Drunk,57,5,52,5
1004869,DUBSTEP,59,5,54,5
1004871,<3 ,111,25,86,25
1004882,90/00,124,25,99,25
1004890,Dubstep,40,5,35,5
1004892,As needed,89,5,84,5
1004894,New country,128,25,103,25
1004895,Low stakes,44,5,39,5
1004899,Barely awake,44,5,39,5
1004902,Mellow Drama,75,5,70,5
1004905,Unremarkable,77,5,72,5
1004907,Mildly eventful,75,5,70,5
1004909,Unurgent,77,5,72,5
1004911,Background radiation,70,5,65,5
1004912,Low effort,100,5,95,5
1004914,Sub-optimal,83,5,78,5
1004920,pew pew,111,25,86,25
1004929,Low stakes,83,5,78,5
1004935,fire ,107,25,82,25
1004936,Barely awake,56,5,51,5
1004938,Vibin',224,25,199,25
1004939,Random,136,25,111,25
1004940,Mellow Drama,51,5,46,5
1004943,Unremarkable,51,5,46,5
1004944,Mildly eventful,86,5,81,5
1004945,Family,202,25,177,25
1004951,Unurgent,49,5,44,5
1004952,That good good ,167,25,142,25
1004954,Road Trip,206,25,181,25
1004955,Everything else,207,25,182,25
1004956,Jade,175,25,150,25
1004959,Older,195,25,170,25
1004960,Background radiation,77,5,72,5
1004963,SoundHound,205,25,180,25
1004964,Broadway/Musicals,108,25,83,25
1004966,Shop,136,25,111,25
1004969,Random ,163,25,138,25
1004974,Low effort,94,5,89,5
1004975,hailey,154,25,129,25
1004976,Sub-optimal,52,5,47,5
1004982,Low stakes,47,5,42,5
1004983,Barely awake,91,5,86,5
1004984,Mellow Drama,45,5,40,5
1004988,Spanish music,116,25,91,25
1004991,Unremarkable,69,5,64,5
1004992,Mildly eventful,66,5,61,5
1004995,Unurgent,54,5,49,5
1005004,Background radiation,43,5,38,5
1005005,Low effort,53,5,48,5
1005007,classic rock,103,25,78,25
1005010,good tunes,144,25,119,25
1005020,Sub-optimal,75,5,70,5
1005021,the art of overthinking,67,5,62,5
1005022,party list ,108,25,83,25
1005023,main character energy,43,5,38,5
1005028,PartyXDD,131,25,106,25
1005029,Rock,210,25,185,25
1005030,Wave,190,25,165,25
1005031,smudged eyeliner manifesto,81,5,76,5
1005032,Happy,164,25,139,25
1005034,character development soundtrack,57,5,52,5
1005036,angel hours,60,5,55,5
1005040,r&b ,105,25,80,25
1005041,Crumpled Love Letters,75,5,70,5
1005042,cherry wine stains on vintage lace,72,5,67,5
1005043,Turn Up,119,25,94,25
1005049,Echoes of Yesterday,88,5,83,5
1005054,drawing hearts on foggy windows,48,5,43,5
1005056,the art of overthinking,90,5,85,5
1005059,main character energy,70,5,65,5
1005061,smudged eyeliner manifesto,86,5,81,5
1005063,character development soundtrack,40,5,35,5
1005064,good vibes,120,25,95,25
1005066,Yacht Week!,117,25,92,25
1005068,angel hours,67,5,62,5
1005069,Crumpled Love Letters,57,5,52,5
1005070,Polaroid Kisses,70,5,65,5
1005072,Whispers in the Dark,52,5,47,5
1005073,throwbacks,204,25,179,25
1005075,R&B,133,25,108,25
1005079,throwback,120,25,95,25
1005080,jamz,124,25,99,25
1005081,zero skips fr fr,53,5,48,5
1005082,Golden Hour Grit,56,5,51,5
1005083,the art of avoiding small talk,83,5,78,5
1005084,slow jam,111,25,86,25
1005085,Dylan,44,5,39,5
1005087,Dylan,98,5,93,5
1005091,my brain at 3am,47,5,42,5
1005092,my brain at 3am,94,5,89,5
1005094,fire emoji,118,25,93,25
1005097,angst and algebra,77,5,72,5
1005098,Date,136,25,111,25
1005099,faded postcards,63,5,58,5
1005100,My Love,122,25,97,25
1005103,aesthetic but make it tragic,50,5,45,5
1005109,faded postcards,41,5,36,5
1005113,Cruzin,175,25,150,25
1005117,aesthetic but make it tragic,47,5,42,5
1005121,Sun-Kissed Skin,80,5,75,5
1005122,Sun-Kissed Skin,65,5,60,5
1005124,E.D.M. ,79,5,74,5
1005125,early,51,5,46,5
1005130,Early 2000s,63,5,58,5
1005133,Early 2000s,43,5,38,5
1005136,sad songs,114,25,89,25
1005137,Early 2000's,54,5,49,5
1005142,EASY,54,5,49,5
1005143,Easy Like Sunday Morning,72,5,67,5
1005145,Easy Listening,43,5,38,5
1005147,EASY LISTENING,79,5,74,5
1005149,Sup,105,25,80,25
1005151,Easy Listening,85,5,80,5
1005152,EASY LISTENING,85,5,80,5
1005154,Easy Listening,60,5,55,5
1005155,Party Playlist,116,25,91,25
1005156,Eclipse,50,5,45,5
1005157,Jenna,101,25,76,25
1005158,ECLIPSE,75,5,70,5
1005166,Ed Sheeran (Deluxe),58,5,53,5
1005168,eddy,40,5,35,5
1005169,Edgar,41,5,36,5
1005170,edgy,45,5,40,5
1005171,EDM,46,5,41,5
1005172,EDM,67,5,62,5
1005175,EDM,45,5,40,5
1005178,feel something,171,25,146,25
1005181,Bobby,101,25,76,25
1005184,EDM,48,5,43,5
1005187,EDM,73,5,68,5
1005189,edm,45,5,40,5
1005190,English,194,25,169,25
1005193,<3 ,146,25,121,25
1005194,oldies!!!,119,25,94,25
1005195,EDM,62,5,57,5
1005197,edm,56,5,51,5
1005200,EDM,42,5,37,5
1005201,POP,103,25,78,25
1005202,EDM,49,5,44,5
1005203,EDM,62,5,57,5
1005207,EDM,57,5,52,5
1005209,jams ,162,25,137,25
1005212,camping,183,25,158,25
1005213,EDM,78,5,73,5
1005215,EDM,59,5,54,5
1005218,EDM,93,5,88,5
1005220,#TB,217,25,192,25
1005223,summer 2015,113,25,88,25
1005224,love,131,25,106,25
1005225,Edm,86,5,81,5
1005227,Dance,111,25,86,25
1005231,EDM,72,5,67,5
1005235,EDM,60,5,55,5
1005236,Worship,227,25,202,25
1005240,edm,84,5,79,5
1005244,edm,77,5,72,5
1005245,rock,168,25,143,25
1005252,My Kind of Country ,102,25,77,25
1005255,EDM,56,5,51,5
1005256,EDM ,71,5,66,5
1005258,EDM ,57,5,52,5
1005260,Edm 4032,45,5,40,5
1005261,Oldies but Goodies,105,25,80,25
1005264,Edm 6047,49,5,44,5
1005269,EDM Playlist,56,5,51,5
1005270,party ,157,25,132,25
1005271,Eduardo,40,5,35,5
1005273,Monica,167,25,142,25
1005276,Heartbeat,135,25,110,25
1005283,eels,42,5,37,5
1005284,Christmas,235,25,210,25
1005291,70s,186,25,161,25
1005296,ego,88,5,83,5
1005298,eh ,53,5,48,5
1005303,workout,143,25,118,25
1005306,ROCK OUT,110,25,85,25
1005307,Crumpled Love Letters,203,25,178,25
1005308,EIGHTIES,64,5,59,5
1005312,Throwback ,165,25,140,25
1005313,Eighties,92,5,87,5
1005315,Road Trip,200,25,175,25
1005316,Music,149,25,124,25
1005321,Electric Feel,76,5,71,5
1005325,Electric Feel.,78,5,73,5
1005326,Electric Love,45,5,40,5
1005327,Electro,76,5,71,5
1005335,Electrochill,62,5,57,5
1005337,<3,145,25,120,25
1005339,Electronic,65,5,60,5
1005341,electronic,50,5,45,5
1005343,Electronic ,99,5,94,5
1005346,Eletronic,49,5,44,5
1005347,90s Hits,129,25,104,25
1005349,elevated,64,5,59,5
1005351,elevated ,88,5,83,5
1005353,elevated ,41,5,36,5
1005355,elevator music,69,5,64,5
1005358,Elizabeth,41,5,36,5
1005360,elle,56,5,51,5
1005361,My fav,125,25,100,25
1005363,hmm,121,25,96,25
1005364,Elle,67,5,62,5
1005365,em,80,5,75,5
1005366,Throwback ,182,25,157,25
1005370,drive,136,25,111,25
1005372,Ema,44,5,39,5
1005373,emily,81,5,76,5
1005374,emily,80,5,75,5
1005376,Eminem,57,5,52,5
1005378,Eminem,50,5,45,5
1005379,EMINEM,81,5,76,5
1005380,Eminem,56,5,51,5
1005382,eminem,66,5,61,5
1005383,Background Music,137,25,112,25
1005384,Emma :),54,5,49,5
1005386,Panty Droppers,154,25,129,25
1005388,Emo,95,5,90,5
1005389,Emo Music,42,5,37,5
1005391,emo music,86,5,81,5
1005393,2017,104,25,79,25
1005394,En Espanol,100,5,95,5
1005397,chris,107,25,82,25
1005400,new,186,25,161,25
1005404,End of the world,77,5,72,5
1005407,Energetic,55,5,50,5
1005410,Quiet,184,25,159,25
1005411,Energy,48,5,43,5
1005413,rap,214,25,189,25
1005415,English,41,5,36,5
1005416,English,65,5,60,5
1005417,Carride,213,25,188,25
1005418,#basic,238,25,213,25
1005419,Epic,41,5,36,5
1005423,EPIC!!!,51,5,46,5
1005424,wiz,154,25,129,25
1005426,eric,40,5,35,5
1005429,escape,40,5,35,5
1005430,Tba,119,25,94,25
1005432,hiphop,217,25,192,25
1005433,Espanol,80,5,75,5
1005434,espanol,45,5,40,5
1005435,espanol,60,5,55,5
1005438,Espanol,87,5,82,5
1005439,espanish,46,5,41,5
1005441,Espanol,69,5,64,5
1005443,FUNK,118,25,93,25
1005445,Halloween,167,25,142,25
1005447,essentials,87,5,82,5
1005448,ET,74,5,69,5
1005450,Car,201,25,176,25
1005451,Beach,196,25,171,25
1005452,Drive ,223,25,198,25
1005453,euphoria,54,5,49,5
1005459,Euphoria,42,5,37,5
1005463,Euphoric,74,5,69,5
1005469,Everyday,89,5,84,5
1005470,Oldies but goodies,163,25,138,25
1005474,everyday jams,72,5,67,5
1005475,angst,134,25,109,25
1005477,Everyday Songs,62,5,57,5
1005478,Everyone,63,5,58,5
1005479,EVERYTHING,46,5,41,5
1005480,everything,40,5,35,5
1005482,Everything,44,5,39,5
1005484,Everything,46,5,41,5
1005489,everything,59,5,54,5
1005490,Everything,73,5,68,5
1005492,rock,131,25,106,25
1005497,Rock ,188,25,163,25
1005498,Everything,41,5,36,5
1005500,everything,71,5,66,5
1005501,everything,59,5,54,5
1005502,EVERYTHING,44,5,39,5
1005503,Fav Songs,133,25,108,25
1005506,everything,79,5,74,5
1005508,17,134,25,109,25
1005512,everything,75,5,70,5
1005521,everything,83,5,78,5
1005522,Everything,61,5,56,5
1005524,rap,175,25,150,25
1005525,Everything,88,5,83,5
1005526,Everything ,96,5,91,5
1005527,Everything ,41,5,36,5
1005529,Everything else,81,5,76,5
1005530,everything else,56,5,51,5
1005532,everything!,56,5,51,5
1005533,Exercise,99,5,94,5
1005537,Disney Jams,180,25,155,25
1005539,Exercise,56,5,51,5
1005542,Drive,187,25,162,25
1005543,Vibe,190,25,165,25
1005544,exercise,88,5,83,5
1005546,for chris.,115,25,90,25
1005547,exhale,54,5,49,5
1005549,cristianas,109,25,84,25
1005550,Exodus,96,5,91,5
1005552,Explicit,88,5,83,5
1005553,ey,68,5,63,5
1005554,Eyy,72,5,67,5
1005557,f a l l,44,5,39,5
1005563,faded,46,5,41,5
1005566,Faded,44,5,39,5
1005568,Faded,85,5,80,5
1005569,Fall,69,5,64,5
1005572,fall,48,5,43,5
1005574,fall 17,75,5,70,5
1005575,fall '17,88,5,83,5
1005576,Fall 17,50,5,45,5
1005582,Fall 2014,52,5,47,5
1005583,fall 2014,87,5,82,5
1005585,Fall 2015,95,5,90,5
1005587,Fall 2015,61,5,56,5
1005588,fall 2015,67,5,62,5
1005590,Fall 2017,62,5,57,5
1005596,fall 2017 :),97,5,92,5
1005599,fall 2k18,52,5,47,5
1005603,fall in love,58,5,53,5
1005608,fall jams,67,5,62,5
1005612,Fall Out Boy,46,5,41,5
1005619,fall playlist,56,5,51,5
1005620,My Love,112,25,87,25
1005622,ACL 2015,143,25,118,25
1005623,Fall Playlist,62,5,57,5
1005627,FALL WINTER 2017,42,5,37,5
1005628,Fall/Winter,42,5,37,5
1005630,Fall17,45,5,40,5
1005634,falling in love,48,5,43,5
1005637,90s Country,138,25,113,25
1005639,Bonfire,117,25,92,25
1005642,Family,43,5,38,5
1005643,My Hits,117,25,92,25
1005644,family,73,5,68,5
1005646,Famous,46,5,41,5
1005651,Throwbacks,131,25,106,25
1005653,Fast,43,5,38,5
1005654,Rap,178,25,153,25
1005657,Fav Country,72,5,67,5
1005662,Fav Songs,71,5,66,5
1005663,california,115,25,90,25
1005667,Fav Songs,41,5,36,5
1005670,Sexy,167,25,142,25
1005672,fav. Songs,40,5,35,5
1005673,Fave songs,56,5,51,5
1005675,Favorite,69,5,64,5
1005676,Favorite,89,5,84,5
1005684,FAVORITE,45,5,40,5
1005685,Favorite,42,5,37,5
1005686,Favorite,67,5,62,5
1005694,Favorite,53,5,48,5
1005696,Favorite ,44,5,39,5
1005698,Favorite Country,65,5,60,5
1005699,Amanda,115,25,90,25
1005700,Favorite Country,50,5,45,5
1005706,My favs,101,25,76,25
1005708,favorite country,70,5,65,5
1005709,My Disney,133,25,108,25
1005710,Favorite music,43,5,38,5
1005713,favorite rap,86,5,81,5
1005714,Favorite songs,62,5,57,5
1005715,Favorite Songs,73,5,68,5
1005716,Favorite songs,92,5,87,5
1005717,Favorite Songs,71,5,66,5
1005724,reggie,149,25,124,25
1005725,Favorite Songs,67,5,62,5
1005728,favorite songs ,43,5,38,5
1005729,favvs,73,5,68,5
1005734,favZ,81,5,76,5
1005735,HS,215,25,190,25
1005736,mar,43,5,38,5
1005740,Fun,145,25,120,25
1005741,FEB '18,90,5,85,5
1005743,MARCH,76,5,71,5
1005747,feel,72,5,67,5
1005749,Feel Better,55,5,50,5
1005751,Feel Good,75,5,70,5
1005753,feel good,52,5,47,5
1005756,Feel Good,73,5,68,5
1005757,Feel Good,52,5,47,5
1005760,Feel Good,79,5,74,5
1005761,Turn UP,169,25,144,25
1005764,corridos,131,25,106,25
1005767,Drake,101,25,76,25
1005768,Feel good,79,5,74,5
1005769,Feel good,57,5,52,5
1005770,feel good,50,5,45,5
1005774,Feel Good,84,5,79,5
1005777,tom,164,25,139,25
1005778,Favorite Country,102,25,77,25
1005780,feel good,94,5,89,5
1005792,Feel Good,52,5,47,5
1005793,feel good,40,5,35,5
1005799,feel good,57,5,52,5
1005802,throwback playlist,221,25,196,25
1005803,feel good ,77,5,72,5
1005805,Feel Good ,42,5,37,5
1005808,feel good jams,47,5,42,5
1005814,alternative,176,25,151,25
1005819,feel good music,58,5,53,5
1005820,Feel good music,44,5,39,5
1005821,Feel Good Oldies,66,5,61,5
1005823,twerk out,164,25,139,25
1005827,feel something,52,5,47,5
1005830,tbt,157,25,132,25
1005831,feelin,64,5,59,5
1005834,feelin,81,5,76,5
1005837,Feelin Good,78,5,73,5
1005839,EDM ,107,25,82,25
1005840,feelin good,49,5,44,5
1005842,feelin' good,55,5,50,5
1005843,Rap,157,25,132,25
1005848,feelin good ,48,5,43,5
1005851,Classic Rock,101,25,76,25
1005855,feelin it,40,5,35,5
1005857,Feelin' Myself,62,5,57,5
1005860,Feelin' Myself,77,5,72,5
1005862,Feeling,59,5,54,5
1005864,Feeling Good,60,5,55,5
1005865,feelings,48,5,43,5
1005871,Feels,55,5,50,5
1005872,feels,47,5,42,5
1005873,feels,61,5,56,5
1005875,Feels,52,5,47,5
1005876,Rude Awakening,105,25,80,25
1005877,Feels,52,5,47,5
1005878,Feels,59,5,54,5
1005880,Feels,56,5,51,5
1005885,Feels,58,5,53,5
1005890,feels,43,5,38,5
1005892,feels,49,5,44,5
1005896,lit,150,25,125,25
1005901,feels,47,5,42,5
1005905,Nostalgia,110,25,85,25
1005907,feels,42,5,37,5
1005908,Christian,111,25,86,25
1005910,Feels,93,5,88,5
1005913,feels,42,5,37,5
1005915,Feels,91,5,86,5
1005917,Rewind,118,25,93,25
1005920,feels,42,5,37,5
1005921,feels like summer,58,5,53,5
1005922,femme ,97,5,92,5
1005924,Femme Fatale,55,5,50,5
1005927,fetty wap,45,5,40,5
1005928,Fetty Wap,66,5,61,5
1005929,Fetty Wap,62,5,57,5
1005938,Fiesta,55,5,50,5
1005939,Fiesta,87,5,82,5
1005941,Fiesta ,53,5,48,5
1005945,fiesta:))),52,5,47,5
1005946,FIFA,47,5,42,5
1005948,Ben,145,25,120,25
1005951,Film Scores,55,5,50,5
1005955,study,101,25,76,25
1005957,Fire,43,5,38,5
1005960,Calm Down,102,25,77,25
1005961,Fire,46,5,41,5
1005963,Fire,42,5,37,5
1005969,Fire,94,5,89,5
1005971,Christmas,150,25,125,25
1005973,FIRE,48,5,43,5
1005976,Fire,95,5,90,5
1005982,fire,46,5,41,5
1005987,tbt,243,25,218,25
1005989,fire ,90,5,85,5
1005991,Fire ,48,5,43,5
1005993,fire,80,5,75,5
1005994,42125,113,25,88,25
1005996,summer 17,191,25,166,25
1006001,Smooth R&B,116,25,91,25
1006003,fire emoji,57,5,52,5
1006011,FIRE,62,5,57,5
1006012,Party Rock,108,25,83,25
1006014,Mellow Drama,217,25,192,25
1006015,fire,63,5,58,5
1006017,Firefly,93,5,88,5
1006019,Firefly 2016,51,5,46,5
1006020,Firefly 2016,96,5,91,5
1006021,first,92,5,87,5
1006023,Old but Gold,189,25,164,25
1006024,Beach Music,128,25,103,25
1006025,Fitness,54,5,49,5
1006030,0,218,25,193,25
1006037,Fitness,59,5,54,5
1006039,hi,128,25,103,25
1006040,summer workout ,125,25,100,25
1006043,driving ,161,25,136,25
1006048,Five Finger Death Punch,59,5,54,5
1006049,The best,184,25,159,25
1006051,throwbacks,172,25,147,25
1006053,Fix You,72,5,67,5
1006054,Run,174,25,149,25
1006056,Favorite songs,211,25,186,25
1006059,flame,42,5,37,5
1006060,flames,66,5,61,5
1006062,flight ,67,5,62,5
1006068,Fly,46,5,41,5
1006071,fly,48,5,43,5
1006074,Throwback,197,25,172,25
1006076,FM,73,5,68,5
1006077,Spring 2016,106,25,81,25
1006078,Jams,189,25,164,25
1006082,Summer,193,25,168,25
1006087,fml,69,5,64,5
1006088,Fnaf,90,5,85,5
1006090,FOB ,52,5,47,5
1006091,2017,111,25,86,25
1006092,my music,167,25,142,25
1006093,Focus,63,5,58,5
1006094,Folk,50,5,45,5
1006095,Folk,78,5,73,5
1006097,Folk,52,5,47,5
1006099,Folk Music ,63,5,58,5
1006101,Folk Rock,49,5,44,5
1006102,folk/indie,50,5,45,5
1006103,football,89,5,84,5
1006104,for abby,60,5,55,5
1006106,for ben. ,66,5,61,5
1006113,Country jams,179,25,154,25
1006114,2016,114,25,89,25
1006115,for chris.,50,5,45,5
1006116,Alyssa,138,25,113,25
1006120,for dan!,73,5,68,5
1006123,for fun.,94,5,89,5
1006125,christian music,136,25,111,25
1006128,for laura,72,5,67,5
1006130,For Mom,65,5,60,5
1006131,for my love,72,5,67,5
1006132,for sarah,65,5,60,5
1006134,For Us,41,5,36,5
1006136,For you..,57,5,52,5
1006138,forever ,49,5,44,5
1006139,Fourth of July,41,5,36,5
1006141,fragile ,63,5,58,5
1006142,franz.,76,5,71,5
1006144,freak,68,5,63,5
1006146,free fallin',56,5,51,5
1006151,Classics,105,25,80,25
1006153,Freestyle,95,5,90,5
1006155,Harry potter,134,25,109,25
1006158,fresh,76,5,71,5
1006161,fresh,56,5,51,5
1006162,Christmas,176,25,151,25
1006164,Fresh.,80,5,75,5
1006167,RAP CITY,140,25,115,25
1006168,Freshman Year,49,5,44,5
1006169,Music,184,25,159,25
1006171,Saturday,74,5,69,5
1006176,Friendsgiving,48,5,43,5
1006177,FU,83,5,78,5
1006180,fun,92,5,87,5
1006186,car ,106,25,81,25
1006188,fun,77,5,72,5
1006189,Summer 17,112,25,87,25
1006191,Fun,40,5,35,5
1006192,Fun,40,5,35,5
1006195,fun,71,5,66,5
1006197,fun,100,5,95,5
1006202,fun,58,5,53,5
1006203,Fun Country,73,5,68,5
1006208,fun fun fun,48,5,43,5
1006209,fun music,41,5,36,5
1006210,Mixx,119,25,94,25
1006216,Meh,114,25,89,25
1006220,January,109,25,84,25
1006221,Fun Songs,78,5,73,5
1006223,22,202,25,177,25
1006226,Spring Break,111,25,86,25
1006227,fun stuff,54,5,49,5
1006228,Fun times,62,5,57,5
1006229,neil young,177,25,152,25
1006231,FUNK,49,5,44,5
1006232,summer jAms,108,25,83,25
1006239,FUNK,62,5,57,5
1006240,Funk ,86,5,81,5
1006242,Funky..,64,5,59,5
1006244,GET OVER IT,138,25,113,25
1006245,4AM,105,25,80,25
1006246,Fusion,94,5,89,5
1006248,Rock,183,25,158,25
1006249,Future,41,5,36,5
1006253,hype,120,25,95,25
1006261,Gabby,64,5,59,5
1006264,Gabby,73,5,68,5
1006269,game,75,5,70,5
1006271,game day,74,5,69,5
1006272,Game Day,75,5,70,5
1006275,Game Day,66,5,61,5
1006277,new new,115,25,90,25
1006278,prahm,174,25,149,25
1006283,Gaming,84,5,79,5
1006287,Gaming,72,5,67,5
1006290,Gaming,77,5,72,5
1006296,#SWAG,179,25,154,25
1006298,Gaming,46,5,41,5
1006299,daydream,137,25,112,25
1006303,ganja ,61,5,56,5
1006306,gang,90,5,85,5
1006307,Gang,57,5,52,5
1006308,Broadway,145,25,120,25
1006312,tbt,112,25,87,25
1006313,gang gang,55,5,50,5
1006314,Classic Hip Hop,188,25,163,25
1006317,Riding,145,25,120,25
1006320,gang gang ,64,5,59,5
1006321,jams ,164,25,139,25
1006324,Throw Back ,132,25,107,25
1006325,Gangsta,52,5,47,5
1006328,angel hours,219,25,194,25
1006334,Wedding songs,111,25,86,25
1006339,Gavin DeGraw ,76,5,71,5
1006346,GC,59,5,54,5
1006347,general,89,5,84,5
1006348,Roadtrippin',193,25,168,25
1006350,get hype,186,25,161,25
1006351,Rude Awakening,147,25,122,25
1006352,general,52,5,47,5
1006353,Genius,42,5,37,5
1006355,Gerald,57,5,52,5
1006357,old but gold,112,25,87,25
1006359,country gold,126,25,101,25
1006360,gerard,47,5,42,5
1006361,Study,127,25,102,25
1006365,Geronimo,41,5,36,5
1006367,GET DOWN,54,5,49,5
1006370,get fit,79,5,74,5
1006372,Boys,114,25,89,25
1006376,Rap,104,25,79,25
1006379,get going,72,5,67,5
1006383,get hype,62,5,57,5
1006384,GET HYPE,70,5,65,5
1006389,Get Hyped,76,5,71,5
1006392,get it,54,5,49,5
1006393,GET LIT,66,5,61,5
1006396,Get lit,85,5,80,5
1006404,Get lit,61,5,56,5
1006408,get lit!,48,5,43,5
1006411,get low,48,5,43,5
1006412,GET OVER IT,57,5,52,5
1006413,get psyched,42,5,37,5
1006416,.:80s:.,208,25,183,25
1006418,80's,169,25,144,25
1006427,get pumped,91,5,86,5
1006431,SUMMER JAMZ,111,25,86,25
1006436,Get pumped,52,5,47,5
1006438,Wake Up!,112,25,87,25
1006439,Get Pumped,69,5,64,5
1006440,Get Ready,74,5,69,5
1006445,Get Ready,47,5,42,5
1006448,Get Schwifty,60,5,55,5
1006450,Aye,247,25,222,25
1006453,get turnt,91,5,86,5
1006455,Getaway,79,5,74,5
1006456,Getting Ready,64,5,59,5
1006458,getting ready,49,5,44,5
1006462,THROWBACKS ,179,25,154,25
1006465,throwback,149,25,124,25
1006466,Gezellig,46,5,41,5
1006475,Spring 2017,150,25,125,25
1006476,Mood,176,25,151,25
1006477,GG,40,5,35,5
1006478,2016,169,25,144,25
1006480,ghetto,59,5,54,5
1006482,swim,173,25,148,25
1006485,party ,218,25,193,25
1006487,GLEE ,84,5,79,5
1006488,glory days,61,5,56,5
1006490,go to,45,5,40,5
1006492,GOAT,53,5,48,5
1006493,God,50,5,45,5
1006494,going away party,94,5,89,5
1006504,elevated ,150,25,125,25
1006505,going out,66,5,61,5
1006506,Going Out,55,5,50,5
1006511,Dirt,194,25,169,25
1006513,going out,84,5,79,5
1006516,golden,50,5,45,5
1006517,golden age,78,5,73,5
1006518,Golden hour,82,5,77,5
1006519,golden hour,64,5,59,5
1006521,Golden Years,52,5,47,5
1006522,Feeling Good,123,25,98,25
1006524,my heart.,123,25,98,25
1006525,Goldie Oldies,41,5,36,5
1006526,GOLDIES,84,5,79,5
1006527,idk,127,25,102,25
1006528,Goldies,86,5,81,5
1006531,Rap/Hip Hop,105,25,80,25
1006533,Goldies.,71,5,66,5
1006539,Golf,41,5,36,5
1006541,Good,51,5,46,5
1006542,good,63,5,58,5
1006543,good,79,5,74,5
1006544,good,54,5,49,5
1006546,Good,44,5,39,5
1006549,good,41,5,36,5
1006550,Good Country,52,5,47,5
1006551,Good Country,47,5,42,5
1006552,Good Country,67,5,62,5
1006553,Good Feels,95,5,90,5
1006555,Good Good,51,5,46,5
1006557,good good,69,5,64,5
1006559,good good,57,5,52,5
1006560,Good Mix,190,25,165,25
1006565,good jams,47,5,42,5
1006567,Good Jams,69,5,64,5
1006570,Classic Rock,123,25,98,25
1006571,Carpool Karaoke,129,25,104,25
1006572,Good Mix,67,5,62,5
1006573,good mood,91,5,86,5
1006575,Good Music,45,5,40,5
1006577,good music,56,5,51,5
1006578,Cheer up,115,25,90,25
1006579,Running Tunes,103,25,78,25
1006583,Good Music,41,5,36,5
1006588,Good Music,95,5,90,5
1006592,good music,82,5,77,5
1006609,Good Music,63,5,58,5
1006618,Good Music ,90,5,85,5
1006621,good music ,51,5,46,5
1006624,Disney movies,182,25,157,25
1006626,good ole country,55,5,50,5
1006628,Good Playlist,55,5,50,5
1006629,Good Playlist,75,5,70,5
1006630,Good playlist,61,5,56,5
1006631,Good Songs,75,5,70,5
1006634,Good Songs,42,5,37,5
1006636,good songs,70,5,65,5
1006642,Good songs,87,5,82,5
1006643,crowd pleasers,162,25,137,25
1006647,Good Songs,77,5,72,5
1006648,good stuff,51,5,46,5
1006649,BBQ,129,25,104,25
1006654,Good Stuff,42,5,37,5
1006655,Cruisin',190,25,165,25
1006658,Good stuff,71,5,66,5
1006659,Good Stuff,52,5,47,5
1006662,Good stuff,70,5,65,5
1006663,Good Stuff,41,5,36,5
1006664,Good Stuff,52,5,47,5
1006667,good stuff,45,5,40,5
1006669,nasheed,217,25,192,25
1006671,good stuff,42,5,37,5
1006672,good time,80,5,75,5
1006673,Good Time,48,5,43,5
1006675,good times,49,5,44,5
1006679,good times,40,5,35,5
1006683,good times,73,5,68,5
1006687,Good Times,49,5,44,5
1006692,party,123,25,98,25
1006693,good times,85,5,80,5
1006701,Good Tunes,45,5,40,5
1006704,Seven,193,25,168,25
1006709,good tunes,42,5,37,5
1006716,good tunes,60,5,55,5
1006717,good tunes ,59,5,54,5
1006719,Good Tunes ,50,5,45,5
1006721,Good Things ,80,5,75,5
1006725,Good Vibes,75,5,70,5
1006726,GOOD VIBES,70,5,65,5
1006727,fall 2017 :),144,25,119,25
1006728,Good Vibes,79,5,74,5
1006729,good vibes,61,5,56,5
1006733,Classic Rock,154,25,129,25
1006734,Bops :),155,25,130,25
1006736,Good Vibes,41,5,36,5
1006737,Good Vibes,55,5,50,5
1006738,Good Vibes,53,5,48,5
1006745,Road trip tunes,103,25,78,25
1006748,mix songs,150,25,125,25
1006749,pop *******,173,25,148,25
1006750,Good Vibes,69,5,64,5
1006753,Good vibes,46,5,41,5
1006754,Loading...,238,25,213,25
1006761,Drinkin,141,25,116,25
1006762,pump up,141,25,116,25
1006763,rap/workout,126,25,101,25
1006764,good vibes,48,5,43,5
1006766,good vibes,44,5,39,5
1006770,for abby,130,25,105,25
1006772,Good vibes,90,5,85,5
1006777,Good Vibes,47,5,42,5
1006780,Good Vibes ,43,5,38,5
1006781,Cha Cha,120,25,95,25
1006783,Lift,134,25,109,25
1006785,Good Vibes ,77,5,72,5
1006787,That Good Good,222,25,197,25
1006789,good vibes only,88,5,83,5
1006790,VEGA,135,25,110,25
1006793,good vibes.,83,5,78,5
1006794,good vibez,78,5,73,5
1006796,GOOD VIBRATIONS,46,5,41,5
1006797,happy,175,25,150,25
1006800,Goodbye,76,5,71,5
1006801,Goodies,64,5,59,5
1006802,goodies,42,5,37,5
1006803,goods,41,5,36,5
1006804,Gooey,79,5,74,5
1006806,work,111,25,86,25
1006810,Gospel,87,5,82,5
1006813,Muse,120,25,95,25
1006817,GOSPEL,97,5,92,5
1006818,Gospel,62,5,57,5
1006819,Work,232,25,207,25
1006829,Gospel,41,5,36,5
1006830,GOTT,65,5,60,5
1006831,drake ,135,25,110,25
1006832,gr,46,5,41,5
1006833,grad,79,5,74,5
1006836,Grad Party,56,5,51,5
1006841,Grad Party,53,5,48,5
1006848,grad party,63,5,58,5
1006854,Grad Party,48,5,43,5
1006855,Grad Party,79,5,74,5
1006858,TBT,106,25,81,25
1006859,grad party ,66,5,61,5
1006862,Graduation,46,5,41,5
1006864,mood,131,25,106,25
1006866,car,132,25,107,25
1006870,jamz,119,25,94,25
1006873,graduation ,74,5,69,5
1006875,Coffee Shop,110,25,85,25
1006876,good,141,25,116,25
1006878,Graduation Party,69,5,64,5
1006879,Graduation Party,65,5,60,5
1006880,Graduation playlist ,67,5,62,5
1006881,Graham!,46,5,41,5
1006885,Great.,67,5,62,5
1006889,Greys Anatomy,86,5,81,5
1006890,grind,68,5,63,5
1006891,Grindin,68,5,63,5
1006894,grit,99,5,94,5
1006898,oldies,110,25,85,25
1006900,Groove,48,5,43,5
1006902,Make Love,173,25,148,25
1006903,RnB,185,25,160,25
1006904,grooves,51,5,46,5
1006905,Groovin,74,5,69,5
1006906,Groovin,47,5,42,5
1006908,groovin',88,5,83,5
1006909,groovin',90,5,85,5
1006910,groovy,48,5,43,5
1006915,happy,113,25,88,25
1006921,Groovy,46,5,41,5
1006922,Car,148,25,123,25
1006924,groovy baby,57,5,52,5
1006925,Marathon,104,25,79,25
1006926,grunge,45,5,40,5
1006927,16,165,25,140,25
1006928,Gruperas ,49,5,44,5
1006929,guilty,67,5,62,5
1006933,guilty pleasure,53,5,48,5
1006935,Guilty Pleasures,64,5,59,5
1006936,Rock,178,25,153,25
1006939,Guilty Pleasures,54,5,49,5
1006940,Guilty Pleasures,79,5,74,5
1006946,Guilty Pleasures,79,5,74,5
1006947,Daniel,136,25,111,25
1006949,Guilty Pleasures,48,5,43,5
1006951,guilty pleasures,44,5,39,5
1006953,Guilty Pleasures,46,5,41,5
1006956,Guitar Hero,44,5,39,5
1006959,gurl,72,5,67,5
1006962,tunes,194,25,169,25
1006964,vibes ,232,25,207,25
1006965,driving ,108,25,83,25
1006968,gym,45,5,40,5
1006974,L$D,108,25,83,25
1006977,Happy Music,118,25,93,25
1006978,Gym,84,5,79,5
1006979,gym,70,5,65,5
1006980,good vibez,155,25,130,25
1006982,Gym,92,5,87,5
1006984,Gym,65,5,60,5
1006986,Gym,98,5,93,5
1006993,Gym,69,5,64,5
1006997,GYM,79,5,74,5
1006998,Gym,42,5,37,5
1006999,Gym,68,5,63,5
1007000,Southern Gothic,113,25,88,25
1007001,Gym,44,5,39,5
1007002,GET LIT,111,25,86,25
1007007,OLDIES,119,25,94,25
1007011,Gym,40,5,35,5
1007012,Gym,54,5,49,5
1007013,GYM,53,5,48,5
1007017,Gym,57,5,52,5
1007018,PUMP UP!!!!!,245,25,220,25
1007019,Gym,42,5,37,5
1007021,Gym,69,5,64,5
1007022,Gym,65,5,60,5
1007025,Gym,60,5,55,5
1007026,GYM,78,5,73,5
1007028,Driving,120,25,95,25
1007030,Backyard,219,25,194,25
1007032,dat new new,113,25,88,25
1007036,Relax,177,25,152,25
1007041,Gym,89,5,84,5
1007042,Good stuff,167,25,142,25
1007045,GYM,40,5,35,5
1007048,Trail Mix,171,25,146,25
1007049,gym beats,93,5,88,5
1007052,gym beats,58,5,53,5
1007054,Gym Flow,85,5,80,5
1007055,Gym Flow,58,5,53,5
1007058,Mix tape,158,25,133,25
1007059,Gym Jams,90,5,85,5
1007062,Gym Jams,91,5,86,5
1007064,By Your Side,122,25,97,25
1007067,Gym Mix,71,5,66,5
1007068,Chill Music,135,25,110,25
1007070,BEAST,106,25,81,25
1007072,Gym Playlist,62,5,57,5
1007075,Looney Tunes,148,25,123,25
1007081,Gym Rap,90,5,85,5
1007082,Gym Songs,69,5,64,5
1007083,happy times,184,25,159,25
1007084,Gym Time,73,5,68,5
1007085,Gigi,75,5,70,5
1007087,girl power,41,5,36,5
1007091,summer 17,140,25,115,25
1007092,Girl Power,69,5,64,5
1007094,Girl Power,97,5,92,5
1007095,girl songs,68,5,63,5
1007098,girls,89,5,84,5
1007099,Girls,76,5,71,5
1007100,girls girls girls,48,5,43,5
1007103,Girly music,71,5,66,5
1007105,Give Me Jesus,78,5,73,5
1007111,PARTY,122,25,97,25
1007113,90's Jams,184,25,159,25
1007114,workout,105,25,80,25
1007119,country <3,202,25,177,25
1007122,ha,75,5,70,5
1007125,ha,55,5,50,5
1007126,Speechless,128,25,103,25
1007128,HABIBI,50,5,45,5
1007129,Songs I Like,124,25,99,25
1007130,haha,42,5,37,5
1007131,Trap,127,25,102,25
1007133,Fix You,53,10,43,10
1007138,Relax,83,10,73,10
1007139,cool music,53,10,43,10
1007144,hype,193,25,168,25
1007146,Wedding,46,10,36,10
1007147,Oldies,131,25,106,25
1007150,Favorite Country,60,10,50,10
1007154,beep beep,199,25,174,25
1007155,Ballin,50,10,40,10
1007157,Worship,68,10,58,10
1007158,Vibesss,156,25,131,25
1007160,Classic Rock,48,10,38,10
1007161,Party mix,62,10,52,10
1007162,SUMMER '16,78,10,68,10
1007166,Sad,90,10,80,10
1007168,Sunday Morning,68,10,58,10
1007169,Feels,71,10,61,10
1007174,CABO,42,10,32,10
1007177,Fun,70,10,60,10
1007180,Introspective,44,10,34,10
1007182,Classics,86,10,76,10
1007186,It's Lit ,141,25,116,25
1007188,TBT,66,10,56,10
1007190,Prom 2k17,103,25,78,25
1007191,christmas;)))),72,10,62,10
1007192,grad party,48,10,38,10
1007194,slow jam,84,10,74,10
1007196,Throwback,40,10,30,10
1007201,Rap God,94,10,84,10
1007202,workout,42,10,32,10
1007203,Running,182,25,157,25
1007204,Tight,40,10,30,10
1007205,Workout,144,25,119,25
1007207,thinking about you,73,10,63,10
1007211,Cruisin,118,25,93,25
1007212,L.O.V.E,58,10,48,10
1007215,Liked,107,25,82,25
1007217,the feels,55,10,45,10
1007218,Pregame,44,10,34,10
1007219,Old Skool,83,10,73,10
1007223,Dizzy,94,10,84,10
1007227,iLike,210,25,185,25
1007228,Throwbacks,163,25,138,25
1007229,Into You,41,10,31,10
1007231,Mindless ,53,10,43,10
1007232,New Music,211,25,186,25
1007239,rock,116,25,91,25
1007240,20's ,49,10,39,10
1007242,summer,47,10,37,10
1007243,oldies ,48,10,38,10
1007244,80s,134,25,109,25
1007254,Indie Trash,45,10,35,10
1007255,PoP,74,10,64,10
1007258,Jose,119,25,94,25
1007259,August ,134,25,109,25
1007266,get pumped,62,10,52,10
1007267,OBG,77,10,67,10
1007269,League,60,10,50,10
1007270,Alternative,84,10,74,10
1007273,Campfire Songs,144,25,119,25
1007275,2000's,103,25,78,25
1007276,Mountain Music,70,10,60,10
1007283,Sandra,44,10,34,10
1007284,90's,171,25,146,25
1007288,wild world,40,10,30,10
1007292,Party,101,25,76,25
1007296,Mix,75,10,65,10
1007297,4U,167,25,142,25
1007302,The Weekend,61,10,51,10
1007303,wiz,140,25,115,25
1007310,goods,53,10,43,10
1007317,Music,213,25,188,25
1007324,Gym,60,10,50,10
1007326,80s,59,10,49,10
1007329,elle,41,10,31,10
1007332,Party Playlist,63,10,53,10
1007333,Rap,41,10,31,10
1007334,Prelude,51,10,41,10
1007337,my jams,71,10,61,10
1007340,90s Jams,72,10,62,10
1007341,playlist one,191,25,166,25
1007342,Random,93,10,83,10
1007349,Indie,43,10,33,10
1007350,WORKOUT :),45,10,35,10
1007352,Beats,48,10,38,10
1007353,yeehaw,203,25,178,25
1007361,Kings of Leon ,49,10,39,10
1007365,LDS,40,10,30,10
1007368,ski,80,10,70,10
1007369,oldies ,167,25,142,25
1007373,17,142,25,117,25
1007377,Rave,131,25,106,25
1007381,New 2017,55,10,45,10
1007386,90's music,170,25,145,25
1007388,jewel,49,10,39,10
1007392,relaxing,67,10,57,10
1007393,Party,206,25,181,25
1007395,better,43,10,33,10
1007396,Pop,169,25,144,25
1007397,Rap,157,25,132,25
1007400,rap,77,10,67,10
1007403,New Years 2016,50,10,40,10
1007406,Trance,44,10,34,10
1007424,Pop Mix,197,25,172,25
1007427,rap/hip hop,192,25,167,25
1007429,Liti,65,10,55,10
1007431,run fast,54,10,44,10
1007432,Sweet,138,25,113,25
1007433,ADAM,113,25,88,25
1007435,The Playlist,203,25,178,25
1007437,Subway,125,25,100,25
1007438,chuck,184,25,159,25
1007441,Feel Good,50,10,40,10
1007444,Sing along!!!,190,25,165,25
1007445,Beep beep,126,25,101,25
1007448,Baby Shower,59,10,49,10
1007449,Ballin,161,25,136,25
1007450,Sleep songs,161,25,136,25
1007452,Hot country,102,25,77,25
1007459,smooth,106,25,81,25
1007462,Dance,239,25,214,25
1007463,YES ,99,10,89,10
1007464,classics,45,10,35,10
1007466,DNA,47,10,37,10
1007469,annie,49,10,39,10
1007471,TB!!,87,10,77,10
1007473,aux,174,25,149,25
1007474,Squad,88,10,78,10
1007476,Jules,64,10,54,10
1007478,gang gang ,64,10,54,10
1007480,Sweat It Out,63,10,53,10
1007481,elevated,62,10,52,10
1007482,SEX,53,10,43,10
1007485,2016-17,41,10,31,10
1007491,Pre game,59,10,49,10
1007492,JAY Z,82,10,72,10
1007497,For Mom,55,10,45,10
1007498,Throwback,88,10,78,10
1007499,Gym,75,10,65,10
1007500,Gruperas ,49,10,39,10
1007501,Classic ,85,10,75,10
1007502,BOI,89,10,79,10
1007504,Bus Music,229,25,204,25
1007505,ha,42,10,32,10
1007507,Rock,40,10,30,10
1007508,Wedding Music,43,10,33,10
1007509,alt,84,10,74,10
1007510,Rock ,59,10,49,10
1007512,Snoop Dogg,95,10,85,10
1007514,larissa,42,10,32,10
1007518,Rap,70,10,60,10
1007523,good tunes,106,25,81,25
1007525,r&b,86,10,76,10
1007533,Feels,66,10,56,10
1007535,Christian Songs,150,25,125,25
1007536,My top songs ,54,10,44,10
1007542,good,45,10,35,10
1007543,Pumped up,130,25,105,25
1007544,work,165,25,140,25
1007549,The Feel-Good Flavors Playlist,40,10,30,10
1007550,turn up,98,10,88,10
1007551,rap,126,25,101,25
1007555,Everything,59,10,49,10
1007559,Disney,73,10,63,10
1007560,Bachata,125,25,100,25
1007563,fall 2014,86,10,76,10
1007564,hw,84,10,74,10
1007566,Packing,62,10,52,10
1007567,All The Feels :(,89,10,79,10
1007571,edm,94,10,84,10
1007575,Drive by,64,10,54,10
1007576,KPOP,56,10,46,10
1007577,Classic Rock,183,25,158,25
1007579,Songs I Like ,190,25,165,25
1007581,Accoustic,120,25,95,25
1007582,Dylan,40,10,30,10
1007583,ET,57,10,47,10
1007585,old stuff,47,10,37,10
1007586,summer'16,244,25,219,25
1007588,Middle School Dance,65,10,55,10
1007593,EMINEM,241,25,216,25
1007594,Christian Playlist,63,10,53,10
1007603,80s,188,25,163,25
1007604,Jacks,42,10,32,10
1007605,Road Trippin',113,25,88,25
1007606,2k16,94,10,84,10
1007611,Classics,193,25,168,25
1007612,Pop,73,10,63,10
1007615,Motivation,56,10,46,10
1007616,dig,160,25,135,25
1007619,my favorite songs,75,10,65,10
1007621,mymusic,75,10,65,10
1007623,Gym,94,10,84,10
1007626,hype,81,10,71,10
1007627,savasana,40,10,30,10
1007632,vibin,86,10,76,10
1007633,2017,46,10,36,10
1007638,Fun times,42,10,32,10
1007640,running,138,25,113,25
1007644,CHILLED,41,10,31,10
1007649, (2k16),66,10,56,10
1007651,newnew,155,25,130,25
1007653,happy happy,40,10,30,10
1007657,FIRE,163,25,138,25
1007659,Lit Music,62,10,52,10
1007660,Mellow Drama,48,10,38,10
1007661,summer '16,60,10,50,10
1007663,Playa,48,10,38,10
1007664,Cycle,59,10,49,10
1007665,shower,67,10,57,10
1007666,Prom,245,25,220,25
1007669,nostalgic,144,25,119,25
1007672,random,78,10,68,10
1007674,Summer Country,59,10,49,10
1007677,meg,76,10,66,10
1007678,New,49,10,39,10
1007680,Country music,64,10,54,10
1007682,Rock and Metal,76,10,66,10
1007684,90's Jams,74,10,64,10
1007685,Slow it down,81,10,71,10
1007688,HITS,44,10,34,10
1007692,Edgar,194,25,169,25
1007694,old favs,89,10,79,10
1007698,BedTime,78,10,68,10
1007700,Slow jams,193,25,168,25
1007701,Started from the Bottom,42,10,32,10
1007702,Stoner music ,149,25,124,25
1007703,Fire,94,10,84,10
1007704,Sing-a-long,50,10,40,10
1007709,Summer 16,45,10,35,10
1007710,70's 80's 90's,66,10,56,10
1007719,r&b,44,10,34,10
1007720,club,62,10,52,10
1007728,my music ,99,10,89,10
1007730,StUff,45,10,35,10
1007731,happy,228,25,203,25
1007733,Weeknd,40,10,30,10
1007734,Rap Crap,220,25,195,25
1007736,mixed,217,25,192,25
1007737,LEGIT,139,25,114,25
1007739,SUMMA TIME,208,25,183,25
1007742,Margaritaville,82,10,72,10
1007744,eddy,64,10,54,10
1007750,Throwbacks,48,10,38,10
1007751,Chill Vibes,60,10,50,10
1007752,teenagers,55,10,45,10
1007755,football,72,10,62,10
1007756,Country Mood,167,25,142,25
1007762,restless,40,10,30,10
1007765,bb,117,25,92,25
1007766,Rock & Roll,146,25,121,25
1007767,slow down,177,25,152,25
1007768,Try this:,63,10,53,10
1007776,yeee,48,10,38,10
1007778,Vibes,135,25,110,25
1007779,universe ;),112,25,87,25
1007780,90s Nostalgia,155,25,130,25
1007782,oldies,45,10,35,10
1007783,Road Trip Playlist,46,10,36,10
1007784,Halloween PARTY,55,10,45,10
1007785,Heidi,101,25,76,25
1007787,Lift Me Up :),159,25,134,25
1007789,Working out,58,10,48,10
1007795,Alternative,55,10,45,10
1007796,all the feels,184,25,159,25
1007797,metal,80,10,70,10
1007798,2012,92,10,82,10
1007800,Gym,50,10,40,10
1007802,study 2,78,10,68,10
1007808,Summer 2014,54,10,44,10
1007813,christmas=)),56,10,46,10
1007814,Classics,44,10,34,10
1007816,reflections,77,10,67,10
1007817,Hip Hop 2017,74,10,64,10
1007820,Pop,84,10,74,10
1007822,DANCE ,47,10,37,10
1007827,Back to school,91,10,81,10
1007828,bruh,112,25,87,25
1007829,car jams,44,10,34,10
1007833,Guitar Hero,153,25,128,25
1007834,Chillz,159,25,134,25
1007836,PUMP UP,50,10,40,10
1007837,may,47,10,37,10
1007839,throwback,61,10,51,10
1007841,SP,102,25,77,25
1007844,WINDOWS DOWN!,78,10,68,10
1007845,Bluegrass,103,25,78,25
1007846,Mellow Drama,115,25,90,25
1007847,Gym,57,10,47,10
1007848,Old Music,56,10,46,10
1007851,turnt,63,10,53,10
1007852,Gaming,85,10,75,10
1007857,Fall 2017,70,10,60,10
1007858,Birthday,146,25,121,25
1007861,workout mix,54,10,44,10
1007863,black,77,10,67,10
1007865,Rap,239,25,214,25
1007867,saucy,60,10,50,10
1007870,home,62,10,52,10
1007872,Echoes of Yesterday,48,10,38,10
1007876,Mellow,55,10,45,10
1007879,Jams,174,25,149,25
1007881,party,163,25,138,25
1007882,Jamz,207,25,182,25
1007884,Rnb,89,10,79,10
1007886,Folk Music ,104,25,79,25
1007890,party,55,10,45,10
1007892,Laidback,80,10,70,10
1007894,my songs ,68,10,58,10
1007899,Hype,152,25,127,25
1007900,Feel Better,83,10,73,10
1007902,dance,52,10,42,10
1007903,New Age,172,25,147,25
1007904,Running Music,198,25,173,25
1007906,YASSSS,95,10,85,10
1007911,Baseball,89,10,79,10
1007912,xo,55,10,45,10
1007915,Fresh.,107,25,82,25
1007917,workout,110,25,85,25
1007919,mellow tunes,90,10,80,10
1007921,Dee,134,25,109,25
1007925,disney,45,10,35,10
1007927,trap,60,10,50,10
1007928,Slow Jams,65,10,55,10
1007932,Wedding!,201,25,176,25
1007935,Just Because,135,25,110,25
1007937,daddy,58,10,48,10
1007941,Swerve,45,10,35,10
1007942,Pop,72,10,62,10
1007944,Rap,58,10,48,10
1007947,It's Lit.,76,10,66,10
1007948,chillin,228,25,203,25
1007951,Road Trip,129,25,104,25
1007953,Car ride,172,25,147,25
1007954,general,83,10,73,10
1007956,you got this,68,10,58,10
1007959,<3,140,25,115,25
1007961,Hanging Out,70,10,60,10
1007965,MAY '16,40,10,30,10
1007972,Euphoric,78,10,68,10
1007973,Wrap,73,10,63,10
1007976, sleepy ,65,10,55,10
1007980,peace.,98,10,88,10
1007984,road trippin',64,10,54,10
1007986,Indie Alternative,88,10,78,10
1007990,Alternative,86,10,76,10
1007992,chill lounge,244,25,219,25
1007994,Firefly 2016,153,25,128,25
1007996,jane,51,10,41,10
1007998,Gangsta,99,10,89,10
1008004,Wedding ,84,10,74,10
1008006,90's Party,107,25,82,25
1008009,christmas time,71,10,61,10
1008011,Groove,72,10,62,10
1008012,game,42,10,32,10
1008015,Mildly eventful,195,25,170,25
1008017,Worship Favorites,109,25,84,25
1008020,Classic Rock ,224,25,199,25
1008023,My mix,106,25,81,25
1008026,....what,45,10,35,10
1008027,Run,42,10,32,10
1008029,Easy Listening,53,10,43,10
1008030,Get lit,125,25,100,25
1008032,champagne,43,10,33,10
1008035,Vibin,44,10,34,10
1008037,EDM,106,25,81,25
1008039,Roadtrippin',200,25,175,25
1008040,John Legend,77,10,67,10
1008042,dope,42,10,32,10
1008044,Rap,117,25,92,25
1008045,Pop,46,10,36,10
1008050,I'm Yours,48,10,38,10
1008053,FAVORITE,40,10,30,10
1008056,Trap,78,10,68,10
1008060,Workout,68,10,58,10
1008063,Today,73,10,63,10
1008064,songs i like,66,10,56,10
1008066,plane,64,10,54,10
1008067,sleep,50,10,40,10
1008069,Guilty Pleasures,100,10,90,10
1008073,haha,44,10,34,10
1008081,Diva,218,25,193,25
1008082,Beast mode,44,10,34,10
1008084,Loud,42,10,32,10
1008085,playlist2 ,205,25,180,25
1008088,Nashville,135,25,110,25
1008091,My Songs,156,25,131,25
1008092,Country <3,55,10,45,10
1008105,43009,55,10,45,10
1008106,Vibing,138,25,113,25
1008110,#12,123,25,98,25
1008112,not rap,71,10,61,10
1008114,Tunes,88,10,78,10
1008115,back then,112,25,87,25
1008116,Rude,96,10,86,10
1008117,Pregame,157,25,132,25
1008118,Wedding ,84,10,74,10
1008120,GET DOWN,74,10,64,10
1008121,country favorites,88,10,78,10
1008123,Old Country,51,10,41,10
1008125,Need,45,10,35,10
1008130,throwback songs,78,10,68,10
1008135,Oldies,147,25,122,25
1008138,Workout 2,44,10,34,10
1008139,Angry Music,82,10,72,10
1008143,Car,84,10,74,10
1008144,42430,81,10,71,10
1008146,Car,187,25,162,25
1008148,shower,47,10,37,10
1008153,Latino!,63,10,53,10
1008155,Mix,80,10,70,10
1008156,Soft,84,10,74,10
1008164,feelin,53,10,43,10
1008165,summer sixteen ,85,10,75,10
1008166,Worship,80,10,70,10
1008167,Hip,44,10,34,10
1008170,~vibe~,44,10,34,10
1008171,HELLO,51,10,41,10
1008175,2014,146,25,121,25
1008176,Collective,65,10,55,10
1008182,chill rap,59,10,49,10
1008185,Fav Songs,52,10,42,10
1008186,good times,42,10,32,10
1008190,sleep playlist,40,10,30,10
1008195,party,135,25,110,25
1008198,Rap/Old School,51,10,41,10
1008199,GYM,46,10,36,10
1008200,Spanish Rock,140,25,115,25
1008201,Rock,179,25,154,25
1008202,Roadtrip Music,130,25,105,25
1008204,Texas Country,99,10,89,10
1008205,cruisin,90,10,80,10
1008206,study ,41,10,31,10
1008207,trolley,65,10,55,10
1008208,House Party,86,10,76,10
1008209,happy,77,10,67,10
1008210,workout,104,25,79,25
1008212,Alt/Indie,95,10,85,10
1008215,girl power,143,25,118,25
1008218,hoco,58,10,48,10
1008219,Remember,44,10,34,10
1008226,July 2016,63,10,53,10
1008228,Mixed,87,10,77,10
1008234,oldies,69,10,59,10
1008239,summa,87,10,77,10
1008240,Running,205,25,180,25
1008244,1D ,82,10,72,10
1008249,Work it out,93,10,83,10
1008251,pool party ,129,25,104,25
1008256,2017,106,25,81,25
1008258,2000's,42,10,32,10
1008261,sexxx,41,10,31,10
1008262,Everything ,138,25,113,25
1008263,EASY LISTENING,47,10,37,10
1008264,my music,88,10,78,10
1008266,Mex,57,10,47,10
1008270,collection,111,25,86,25
1008273,Favorite Songs,48,10,38,10
1008278,summer 2017,55,10,45,10
1008280,Christmas Songs,162,25,137,25
1008282,Now,127,25,102,25
1008283,On The Road,119,25,94,25
1008284,wowza,56,10,46,10
1008286,FEB '17,88,10,78,10
1008287,party party,68,10,58,10
1008288,way back when,130,25,105,25
1008289,FOB ,55,10,45,10
1008296,driving,116,25,91,25
1008299,LOVE,75,10,65,10
1008300,Unremarkable,51,10,41,10
1008301,Carpool ,60,10,50,10
1008302,Worship favorites,48,10,38,10
1008305,throwin it back,118,25,93,25
1008306,throwback,93,10,83,10
1008309,Oldies ,71,10,61,10
1008310,Work out music,45,10,35,10
1008311,Sammy,45,10,35,10
1008313,The Feel-Good Flavors Playlist,40,10,30,10
1008317,Annie,221,25,196,25
1008318,SUMMA,107,25,82,25
1008319,fly,166,25,141,25
1008320,Warm weather,75,10,65,10
1008322,Tempo,63,10,53,10
1008323,Eclipse,46,10,36,10
1008325,123,82,10,72,10
1008326,yee,127,25,102,25
1008328,old skool,72,10,62,10
1008332,rock en espaÃ±ol,84,10,74,10
1008334,litty,80,10,70,10
1008335,Feel Good,162,25,137,25
1008337,Dancehall,51,10,41,10
1008341,Yoga mix,58,10,48,10
1008342,chill time.,81,10,71,10
1008346,Party,218,25,193,25
1008349,90s/2000s ,130,25,105,25
1008351,Lit songs,115,25,90,25
1008352,16,110,25,85,25
1008354,Vibe,95,10,85,10
1008355,OG,55,10,45,10
1008356,lit playlist,47,10,37,10
1008360,J Chillin,59,10,49,10
1008361,Let It Go,52,10,42,10
1008362,Bachelor party,46,10,36,10
1008363,Maria,155,25,130,25
1008368,Rap/Hip Hop,64,10,54,10
1008369,Party!,44,10,34,10
1008372,Feels,57,10,47,10
1008373,Jen,63,10,53,10
1008374,Hip Hop,84,10,74,10
1008376,party,227,25,202,25
1008377,Wedding,82,10,72,10
1008378,deep.,100,10,90,10
1008379,happy,87,10,77,10
1008383,Unremarkable,45,10,35,10
1008390,Disney,78,10,68,10
1008391,Christmas Jams,54,10,44,10
1008392,chilllll,88,10,78,10
1008395,faded postcards,77,10,67,10
1008396,MEMES,107,25,82,25
1008398,80's,59,10,49,10
1008402,yup,68,10,58,10
1008404,20,40,10,30,10
1008405,that good good,40,10,30,10
1008408,running,83,10,73,10
1008414,The feels,41,10,31,10
1008416,Mood,216,25,191,25
1008417,JB,190,25,165,25
1008419,Absolute Favorites,74,10,64,10
1008420,workout,106,25,81,25
1008424,clean.,111,25,86,25
1008425,Feels,40,10,30,10
1008426,Zen,194,25,169,25
1008427,Icy,80,10,70,10
1008433,Up,108,25,83,25
1008436,Classics ,152,25,127,25
1008439,Easy Like Sunday Morning,80,10,70,10
1008440,rock,73,10,63,10
1008443,Run 2016,46,10,36,10
1008444,True Detective,43,10,33,10
1008447,*liz,111,25,86,25
1008448,Stream,62,10,52,10
1008449,My jams,112,25,87,25
1008451,Rock En EspaÃ±ol,55,10,45,10
1008452,Grindin,141,25,116,25
1008454,best,105,25,80,25
1008457,tbt,55,10,45,10
1008459,Work It.,59,10,49,10
1008460,rap,98,10,88,10
1008463,Musical ,79,10,69,10
1008464,new mix,76,10,66,10
1008469,Slow Rap,54,10,44,10
1008472,80s,41,10,31,10
1008473,Coffee,48,10,38,10
1008474,Just chill..,40,10,30,10
1008477,2017!!!,144,25,119,25
1008487,oldies but goodies,235,25,210,25
1008488,Summer 2015,82,10,72,10
1008489,Shleep,74,10,64,10
1008490,Taylor,53,10,43,10
1008491,Dads music,62,10,52,10
1008495,Margaritaville,119,25,94,25
1008497,good time,45,10,35,10
1008498,cute.,57,10,47,10
1008500,Good Music,214,25,189,25
1008501,Vintage,42,10,32,10
1008503,Fitness,69,10,59,10
1008507,Calm,42,10,32,10
1008509,rock classics,92,10,82,10
1008512,Reggaeton,46,10,36,10
1008515,It's lit,57,10,47,10
1008519,2007,74,10,64,10
1008521,rock,157,25,132,25
1008524,Good Vibes,67,10,57,10
1008530,Jams.,40,10,30,10
1008531,Throwbacks,65,10,55,10
1008532,Slow,168,25,143,25
1008534,rap,235,25,210,25
1008536,happy,104,25,79,25
1008537,Workout,76,10,66,10
1008545,vibes,101,25,76,25
1008546,Mix,132,25,107,25
1008548,Something New,122,25,97,25
1008553,Guilty Pleasures,95,10,85,10
1008554,Spanish ,40,10,30,10
1008559,Real country ,121,25,96,25
1008560,guilty,125,25,100,25
1008562,Old Songs,43,10,33,10
1008564,2k,88,10,78,10
1008567,Hard Times,63,10,53,10
1008569,Unurgent,123,25,98,25
1008571,roma,42,10,32,10
1008577,freak,56,10,46,10
1008578,Other,154,25,129,25
1008579,Country Girl,238,25,213,25
1008580,Reggae,62,10,52,10
1008586,Gooey,72,10,62,10
1008589,Country 3,56,10,46,10
1008590,killin it,50,10,40,10
1008593,Pool Time,85,10,75,10
1008597,80's Favorites,172,25,147,25
1008600,morning playlist,142,25,117,25
1008604,Popular,90,10,80,10
1008609,edm,177,25,152,25
1008610,summer 17 ,141,25,116,25
1008611,BUS MUSIC,136,25,111,25
1008612,trip,92,10,82,10
1008615,Sleep,198,25,173,25
1008617,cool,58,10,48,10
1008620,simp,43,10,33,10
1008622,TUNES,116,25,91,25
1008624,In my head,127,25,102,25
1008628,breezy,71,10,61,10
1008633,Reception,86,10,76,10
1008634,Rap,170,25,145,25
1008636,dance,45,10,35,10
1008637,2015 playlist,42,10,32,10
1008639,90s,84,10,74,10
1008642,michelle ,204,25,179,25
1008647,Serenity,47,10,37,10
1008650,Anxiety,94,10,84,10
1008651,litty ,41,10,31,10
1008654,Daily Mix 1,165,25,140,25
1008657,Rockin Out,63,10,53,10
1008658,Zzz,40,10,30,10
1008668,BBS,42,10,32,10
1008670,Beach,210,25,185,25
1008672,Depression,79,10,69,10
1008675,CHRISTMAS!,58,10,48,10
1008678,Jogging,89,10,79,10
1008686,best,117,25,92,25
1008687,Screamo,133,25,108,25
1008691,Random,235,25,210,25
1008693,going away party,70,10,60,10
1008694,Space Jam,66,10,56,10
1008696,Oldies But Goodies,86,10,76,10
1008697,Kaitlyn ,127,25,102,25
1008698,Work Music,62,10,52,10
1008699,cameron,48,10,38,10
1008700,All,209,25,184,25
1008705,2015,52,10,42,10
1008706,Slow Down,41,10,31,10
1008714,soccer,68,10,58,10
1008716,workout,44,10,34,10
1008724,Cocktail,89,10,79,10
1008725,Exercise,97,10,87,10
1008728,high,100,10,90,10
1008730,Gym,143,25,118,25
1008731,Youtube,42,10,32,10
1008733,Trend,51,10,41,10
1008739,summer '16,83,10,73,10
1008740,A Thousand Years,47,10,37,10
1008741,Undramatic,55,10,45,10
1008743,i dunno ,42,10,32,10
1008744,Road Trippin,68,10,58,10
1008745,Ultimate Playlist,104,25,79,25
1008749,Beach,184,25,159,25
1008755,The feels.,162,25,137,25
1008756,throwback ,40,10,30,10
1008758,JAMS,57,10,47,10
1008759,Disney Favorites ,153,25,128,25
1008761,speed ,57,10,47,10
1008767,BIRTHDAY PARTY,54,10,44,10
1008769,Feelin' Myself,50,10,40,10
1008772,Hip-hop,75,10,65,10
1008780,Good Things ,113,25,88,25
1008784,Taylor,128,25,103,25
1008786,Chill Playlist,64,10,54,10
1008787,mine,51,10,41,10
1008788,throwback jams,71,10,61,10
1008791,Funk ,53,10,43,10
1008792,Slow,156,25,131,25
1008795,CLASSICS,52,10,42,10
1008797,Sailing,81,10,71,10
1008804,Shawty,60,10,50,10
1008806,80s/90s,93,10,83,10
1008809,Hype,96,10,86,10
1008811,Summer Country ,89,10,79,10
1008815,Happy Holidays!,135,25,110,25
1008818,Vibes,59,10,49,10
1008821,oldies,53,10,43,10
1008822,PreGame,64,10,54,10
1008823,Life Is Beautiful,131,25,106,25
1008824,Feel good,65,10,55,10
1008825,throwback,85,10,75,10
1008829,Paige,69,10,59,10
1008830,On the Road Again,61,10,51,10
1008833,Easy Listening,44,10,34,10
1008834,Rap/Pop,150,25,125,25
1008837,Spring 2015,71,10,61,10
1008839,Groovin,118,25,93,25
1008841,JAMS,125,25,100,25
1008842,Christmas,96,10,86,10
1008843,PG,183,25,158,25
1008845,WWE,87,10,77,10
1008847,Baby Shower,74,10,64,10
1008849,Cigarette Daydreams,60,10,50,10
1008850,Current Favorites :),82,10,72,10
1008852,Litty,56,10,46,10
1008862,March,45,10,35,10
1008864,on repeat,184,25,159,25
1008865,Workout,51,10,41,10
1008866,Favorite ,43,10,33,10
1008867,Worship..,155,25,130,25
1008869,80s Jams,117,25,92,25
1008872,No Apologies,130,25,105,25
1008873,Shower Songs,65,10,55,10
1008877,2006,51,10,41,10
1008878,Metal,77,10,67,10
1008879,classic rock,43,10,33,10
1008881,90s,134,25,109,25
1008882,mmm,44,10,34,10
1008889,oldies but goodies,113,25,88,25
1008890,Wub Wub,173,25,148,25
1008891,Hippity Hop,112,25,87,25
1008900,Oldies but Goodies ,41,10,31,10
1008901,WEDDING,81,10,71,10
1008903,Chillaxin,47,10,37,10
1008904,Rap,54,10,44,10
1008907,Random Songs,233,25,208,25
1008909,homework,187,25,162,25
1008912,Discover,40,10,30,10
1008913,singing,168,25,143,25
1008917,pump it,91,10,81,10
1008919,D&D,44,10,34,10
1008920,LISTEN!,220,25,195,25
1008921,Rain,61,10,51,10
1008922,morning jams,56,10,46,10
1008923,pop,55,10,45,10
1008924,breakfast,45,10,35,10
1008926,Maui,156,25,131,25
1008928,mellow songs,111,25,86,25
1008930,rap and stuff,145,25,120,25
1008931,Drops of Jupiter,143,25,118,25
1008932,oldies,55,10,45,10
1008933,vibes,50,10,40,10
1008935,chilllllllll,51,10,41,10
1008937,Litty,181,25,156,25
1008938,Jams,48,10,38,10
1008939,Summer Tunes,54,10,44,10
1008940,workout,40,10,30,10
1008943,TFIOS,81,10,71,10
1008950,rock-ish,42,10,32,10
1008953,mixtape,73,10,63,10
1008958,Country Mix,43,10,33,10
1008959,nostalgia,65,10,55,10
1008960,other,131,25,106,25
1008961,Sick,45,10,35,10
1008963,Country Love,53,10,43,10
1008971,Love songs,42,10,32,10
1008973,windows down,240,25,215,25
1008974,90's,90,10,80,10
1008981,Hailey,56,10,46,10
1008983,Car,46,10,36,10
1008989,Rock,57,10,47,10
1008990,Dylan,94,10,84,10
1008991,no chill,74,10,64,10
1008993,Latino,55,10,45,10
1008995,Acoustic,47,10,37,10
1008997,Playlist,114,25,89,25
1008998,Gavin DeGraw ,182,25,157,25
1009002,mine,70,10,60,10
1009003,jimmy,72,10,62,10
1009004,girls girls girls,71,10,61,10
1009005,Classics ,161,25,136,25
1009007,Rock,48,10,38,10
1009008,Rap/Hiphop,160,25,135,25
1009009,dope,68,10,58,10
1009011,Get Ready,49,10,39,10
1009013,KPOP!!,60,10,50,10
1009018,Feel good,228,25,203,25
1009020,Dance,157,25,132,25
1009022,1970's,57,10,47,10
1009027,Soul Food,78,10,68,10
1009029,Welcome Home,87,10,77,10
1009034,POWER,56,10,46,10
1009044,Epic,42,10,32,10
1009045,Eduardo,54,10,44,10
1009046,2015 Top Tracks,100,10,90,10
1009048,Eighties,128,25,103,25
1009049,feel good,46,10,36,10
1009052,sad music ,42,10,32,10
1009056,summer jamz,40,10,30,10
1009061,Toni ,146,25,121,25
1009063,Good Vibes,60,10,50,10
1009065,Spin Class,103,25,78,25
1009066,90s,188,25,163,25
1009069,Piano man,208,25,183,25
1009074,Katie,147,25,122,25
1009075,lalaland,147,25,122,25
1009076,slowjamz,71,10,61,10
1009077,$uicideBoy$,87,10,77,10
1009078,partylist,74,10,64,10
1009079,Just Listen,142,25,117,25
1009081,camping,66,10,56,10
1009083,Next,133,25,108,25
1009088,corridos,50,10,40,10
1009091,Wedding Playlist,71,10,61,10
1009098,21st BIRTHDAY ,47,10,37,10
1009101,road trip,139,25,114,25
1009102,blah,78,10,68,10
1009103,Current Music,119,25,94,25
1009105,Deep Focus,75,10,65,10
1009106,Camp,73,10,63,10
1009107,80's,53,10,43,10
1009109,my songs,46,10,36,10
1009110,In This Moment,57,10,47,10
1009112,Dance,99,10,89,10
1009113,Dope,195,25,170,25
1009114,trap,72,10,62,10
1009115,bed time,132,25,107,25
1009118,throwbax,100,10,90,10
1009119,sex,64,10,54,10
1009120,R&B/Soul,238,25,213,25
1009121,old school,171,25,146,25
1009130,It's a vibe,62,10,52,10
1009137,Boom Boom,52,10,42,10
1009139,Summer Playlist ,60,10,50,10
1009140,Feels,140,25,115,25
1009143,randoms ,186,25,161,25
1009145,Jpop,42,10,32,10
1009154,Discovered,101,25,76,25
1009155,Pop,138,25,113,25
1009156,Rock and Roll,95,10,85,10
1009160,90s,122,25,97,25
1009161,old country,97,10,87,10
1009171,miles,59,10,49,10
1009173,par,105,25,80,25
1009174,2016,43,10,33,10
1009175,Gym,82,10,72,10
1009176,Run,56,10,46,10
1009177,EDM,169,25,144,25
1009180,Oldies,46,10,36,10
1009183,The Golden Age ,51,10,41,10
1009184,Workout,119,25,94,25
1009185,West Coast,114,25,89,25
1009187,Pump up ,116,25,91,25
1009189,Pool,91,10,81,10
1009195,Party Playlist,88,10,78,10
1009197,Hip Hop,49,10,39,10
1009199,Rock,192,25,167,25
1009200,Ben Howard,214,25,189,25
1009202,Oldies,65,10,55,10
1009205,Clean,49,10,39,10
1009207,Poperas,117,25,92,25
1009208,tbt,43,10,33,10
1009209,prom!!!,96,10,86,10
1009216,fragile ,61,10,51,10
1009217,sing ,41,10,31,10
1009218,car music,98,10,88,10
1009220,Dancing,42,10,32,10
1009227,Study,59,10,49,10
1009229,merry christmas,42,10,32,10
1009234,summer 2017,42,10,32,10
1009239,jammin,100,10,90,10
1009243,Virginia,62,10,52,10
1009244,high,48,10,38,10
1009251,tbt,83,10,73,10
1009256,EDM,48,10,38,10
1009258,CLASSIC ROCK,150,25,125,25
1009259,THROWBACK,68,10,58,10
1009261,January '17,45,10,35,10
1009263,party,54,10,44,10
1009264,Hymns,48,10,38,10
1009265,Give Me Jesus,45,10,35,10
1009268,Smoke Break,51,10,41,10
1009269,rainy day,88,10,78,10
1009271,Oldies,183,25,158,25
1009272,Dope,96,10,86,10
1009275,90s alt,76,10,66,10
1009278,bluegrass,113,25,88,25
1009284,Playlist1,155,25,130,25
1009285,Musicals,94,10,84,10
1009294,spring break 2k17,209,25,184,25
1009296,yas,106,25,81,25
1009299,Country Favorites,44,10,34,10
1009300,neww,239,25,214,25
1009301,Broadway,148,25,123,25
1009302,ish,92,10,82,10
1009303,Feel Good,132,25,107,25
1009307,Music,59,10,49,10
1009314,for laura,102,25,77,25
1009319,80s,72,10,62,10
1009320,Low effort,110,25,85,25
1009321,Hotline Bling,41,10,31,10
1009325,ACL,100,10,90,10
1009328,FIFA,248,25,223,25
1009329,Childhood ,84,10,74,10
1009332,SAD.,133,25,108,25
1009335,Country Songs,79,10,69,10
1009338,Yas,99,10,89,10
1009339,way back,238,25,213,25
1009340,Work In Progress...,56,10,46,10
1009345,hw,56,10,46,10
1009347,Fire ,63,10,53,10
1009349,Marathon Training,73,10,63,10
1009350,Margaritaville,129,25,104,25
1009357,gr,45,10,35,10
1009358,camping,113,25,88,25
1009359,ayeee,204,25,179,25
1009366,Best of the 90s,63,10,53,10
1009368,best mix ,144,25,119,25
1009369,Shower,43,10,33,10
1009370,lit,188,25,163,25
1009371,My mix,42,10,32,10
1009373,im sad,49,10,39,10
1009374,Wedding,40,10,30,10
1009375,snowboarding,186,25,161,25
1009378,Alternative Music,142,25,117,25
1009379,bed,47,10,37,10
1009382,studying ,48,10,38,10
1009384,13.1,100,10,90,10
1009389,feels,144,25,119,25
1009390,Just Chill,46,10,36,10
1009395,Gabby,62,10,52,10
1009397,Pop punk,226,25,201,25
1009400,Working out,57,10,47,10
1009405,Christmas,87,10,77,10
1009406,80s,87,10,77,10
1009407,Some Kind Of Drug,61,10,51,10
1009410,me ,160,25,135,25
1009412,KINGS,107,25,82,25
1009414,70's Rock,164,25,139,25
1009416,Classic Rock,80,10,70,10
1009417,RAP,182,25,157,25
1009418,Sundays,49,10,39,10
1009420,EDM,87,10,77,10
1009421,Vietnam,63,10,53,10
1009423,Pumped,135,25,110,25
1009427,ROCKIN,90,10,80,10
1009429,Days,84,10,74,10
1009430,car,94,10,84,10
1009432,KANYE,151,25,126,25
1009433,Alternative,136,25,111,25
1009434,Childhood,58,10,48,10
1009436,old jams ,40,10,30,10
1009437,Coachella 2015,169,25,144,25
1009440,work,117,25,92,25
1009443,RnB,48,10,38,10
1009445,my love,48,10,38,10
1009446,Country af,166,25,141,25
1009448,sweat,41,10,31,10
1009449,wedding songs,167,25,142,25
1009450,...life sucks...,69,10,59,10
1009451,the best playlist ,60,10,50,10
1009461,Run,50,10,40,10
1009464,My girls,172,25,147,25
1009467,thinking out loud,102,25,77,25
1009469,Gym Flow,56,10,46,10
1009471,Good Stuff,58,10,48,10
1009474,Coachella 2016,100,10,90,10
1009477,jams,64,10,54,10
1009478,90's,77,10,67,10
1009484,90's Alternative,65,10,55,10
1009486,D&B,147,25,122,25
1009490,Summer 2k16 ,66,10,56,10
1009491,mellow,44,10,34,10
1009495,A Good Playlist,168,25,143,25
1009497,Aurora,42,10,32,10
1009499,Blood,218,25,193,25
1009500,throwbackss,64,10,54,10
1009506,Popular,111,25,86,25
1009508,summer '17,42,10,32,10
1009509,Bonita,46,10,36,10
1009510,2015,168,25,143,25
1009513,study ,58,10,48,10
1009517,sprung,48,10,38,10
1009519,Mix,139,25,114,25
1009520,november,60,10,50,10
1009521,<3,42,10,32,10
1009522,typical,77,10,67,10
1009526,So good.,69,10,59,10
1009527,2016,44,10,34,10
1009532,THROWBACK!!,95,10,85,10
1009533,comida,107,25,82,25
1009534,november 2016,112,25,87,25
1009536,dance,48,10,38,10
1009538,Workout,72,10,62,10
1009543,Wedding Dance,50,10,40,10
1009545,Work out,41,10,31,10
1009549,Chillstep,73,10,63,10
1009550,happy:),48,10,38,10
1009553,love it,164,25,139,25
1009555,Oldies,67,10,57,10
1009560,Roadtrippin,55,10,45,10
1009562,VIBIN,208,25,183,25
1009564,running,79,10,69,10
1009566,Yikes ,44,10,34,10
1009567,Shower,158,25,133,25
1009572,oldies,74,10,64,10
1009573,Party,50,10,40,10
1009575,AC,49,10,39,10
1009576,Pop,40,10,30,10
1009579,car ride,115,25,90,25
1009580,ab,50,10,40,10
1009583,halloween 2016,136,25,111,25
1009586,sad,50,10,40,10
1009589,Country Favorites,62,10,52,10
1009592,Chillaxin,56,10,46,10
1009594,new,50,10,40,10
1009595,FALL WINTER 2016,116,25,91,25
1009598,road trip,129,25,104,25
1009601,musicals,72,10,62,10
1009603,Party,74,10,64,10
1009604,alternative,71,10,61,10
1009606,cardio,55,10,45,10
1009609,favorite rap,50,10,40,10
1009612,study,53,10,43,10
1009613,White People,95,10,85,10
1009615,i like ,119,25,94,25
1009616,13.1,76,10,66,10
1009619,Bach party,198,25,173,25
1009621,Roadtrip Playlist,136,25,111,25
1009622,Summertime,52,10,42,10
1009625,Classic Country,173,25,148,25
1009626,I'm on a boat,117,25,92,25
1009631,EDM,81,10,71,10
1009632,80's Hits,167,25,142,25
1009634,kayla,85,10,75,10
1009636,Rap,58,10,48,10
1009645,Oldies ,60,10,50,10
1009646,Chill Vibes,60,10,50,10
1009650,newnew,67,10,57,10
1009654,Work,196,25,171,25
1009658,first,97,10,87,10
1009662,Work It,132,25,107,25
1009666,idk,96,10,86,10
1009669,Church,139,25,114,25
1009671,lit,215,25,190,25
1009674,randomz,195,25,170,25
1009680,senior year ,207,25,182,25
1009681,BANGERS,161,25,136,25
1009682,summer 2016,68,10,58,10
1009684,Running Playlist,246,25,221,25
1009685,Transfer,145,25,120,25
1009686,Working Title,186,25,161,25
1009687,Newest,85,10,75,10
1009688,Christmas!,50,10,40,10
1009689,playlist #1,70,10,60,10
1009690,Lovey Dovey,230,25,205,25
1009701,Hip Hop,91,10,81,10
1009703,Rock,209,25,184,25
1009705,Oldies,58,10,48,10
1009707,rock,48,10,38,10
1009709,ey,112,25,87,25
1009711,running,61,10,51,10
1009712,Alt Nation,111,25,86,25
1009713,sad country,149,25,124,25
1009714,Jock Jams,85,10,75,10
1009717,Party Playlist,230,25,205,25
1009719,worship,180,25,155,25
1009720,COACHELLA,175,25,150,25
1009722,road trip,49,10,39,10
1009725,Christmas,69,10,59,10
1009727,yeet ,170,25,145,25
1009728,workout jams,127,25,102,25
1009732,partyyyy,63,10,53,10
1009733,party playlist,108,25,83,25
1009735,Hip Hop,50,10,40,10
1009736,Don't Let Me Down,94,10,84,10
1009737,stuff,145,25,120,25
1009739,real,94,10,84,10
1009742,Thug Lyfe,70,10,60,10
1009743,white girl,80,10,70,10
1009745,anything,132,25,107,25
1009751,Old School,47,10,37,10
1009755,Mix,102,25,77,25
1009756,chill vibez,161,25,136,25
1009758,GET HYPE,51,10,41,10
1009762,Oldies,133,25,108,25
1009763,Elle,140,25,115,25
1009764,march 2016,51,10,41,10
1009766,Worship,60,10,50,10
1009768,summer seventeen,65,10,55,10
1009770,not rap ,170,25,145,25
1009771,Beastmode,223,25,198,25
1009773,Car ride,159,25,134,25
1009774,Lakehouse,62,10,52,10
1009784,Take your Time,192,25,167,25
1009786,Indie/Alt ,176,25,151,25
1009788,Throwbacks,57,10,47,10
1009789,90's/00's,126,25,101,25
1009790,4AM,50,10,40,10
1009791,Cardio,90,10,80,10
1009792,43009,62,10,52,10
1009794,party,98,10,88,10
1009797,road jams,71,10,61,10
1009801,falling in love,43,10,33,10
1009802,classics,46,10,36,10
1009806,90s/2000s,92,10,82,10
1009808,relax,56,10,46,10
1009811,throwback,104,25,79,25
1009813,chicken nuggets !!,90,10,80,10
1009815,Hip hop ,215,25,190,25
1009816,my country,43,10,33,10
1009817,Pool Party,71,10,61,10
1009820,TRAP,84,10,74,10
1009824,Oldies,48,10,38,10
1009826,Espanol,48,10,38,10
1009828,Chillout,93,10,83,10
1009831,Musica Latina ,101,25,76,25
1009832,bit of everything,123,25,98,25
1009838,Classics,79,10,69,10
1009840,Dank,77,10,67,10
1009841,Patty,55,10,45,10
1009843,Jesus Music,94,10,84,10
1009846,Reggueton,56,10,46,10
1009850,party,63,10,53,10
1009853,the art of overthinking,57,10,47,10
1009854,EDM,55,10,45,10
1009856,cave,119,25,94,25
1009859,Carpool Karaoke,166,25,141,25
1009861,childhood jams,89,10,79,10
1009862,december,52,10,42,10
1009863,Baby makin music,71,10,61,10
1009865,listen,129,25,104,25
1009867,hanging out,74,10,64,10
1009868,fun music,164,25,139,25
1009869,80s,85,10,75,10
1009873,ACL 2017,110,25,85,25
1009877,90's,63,10,53,10
1009878,Counrty,65,10,55,10
1009879,spring '17,53,10,43,10
1009880,party,99,10,89,10
1009882,My Top 100 Songs,100,10,90,10
1009884,CAR,116,25,91,25
1009886,daydream,44,10,34,10
1009890,spring 16,55,10,45,10
1009891,Wedding Playlist,70,10,60,10
1009893,Country Love Songs,82,10,72,10
1009894,spanish,73,10,63,10
1009896,wedding,47,10,37,10
1009897,Rap,48,10,38,10
1009899,newnew,75,10,65,10
1009900,Stressed Out,135,25,110,25
1009902,some songs.,56,10,46,10
1009903,rec,83,10,73,10
1009904,litty,107,25,82,25
1009914,workout,133,25,108,25
1009915,Throwback,58,10,48,10
1009918,rock ,59,10,49,10
1009924,woah ,54,10,44,10
1009926,Rock,78,10,68,10
1009929,dope,67,10,57,10
1009930,party,205,25,180,25
1009932,Oldies but goodies ,117,25,92,25
1009934,rap,108,25,83,25
1009935,Your mom,44,10,34,10
1009945,Random Rock,93,10,83,10
1009950,Fall Out Boy,67,10,57,10
1009953,Wake Me Up,103,25,78,25
1009954,Bang,59,10,49,10
1009959,Workout,86,10,76,10
1009960,Geronimo,46,10,36,10
1009963,69,69,10,59,10
1009966,Throwbacks,114,25,89,25
1009967,Oldies but Goodies,230,25,205,25
1009968,EASY,152,25,127,25
1009969,Party Playlist,44,10,34,10
1009974,sleepless,58,10,48,10
1009976,2016,95,10,85,10
1009977,mood booster.,132,25,107,25
1009983,Running,133,25,108,25
1009988,christmas,96,10,86,10
1009993,90s,69,10,59,10
1009994,motivational,44,10,34,10
1009995,oldies,119,25,94,25
1009999,wedding bells,150,25,125,25
1010000,Fetty Wap,51,10,41,10
1010002,Oldies,181,25,156,25
1010005,driving songs,87,10,77,10
1010009,others ,123,25,98,25
1010010,It Was A Good Day,57,10,47,10
1010011,DISNEYLAND,113,25,88,25
1010013,hype,205,25,180,25
1010018,ayeee,65,10,55,10
1010019,Me,141,25,116,25
1010020,tunes,70,10,60,10
1010023,Jesus music,54,10,44,10
1010024,rap songs,76,10,66,10
1010027,broadway,62,10,52,10
1010029,XMAS,75,10,65,10
1010032,OSL,90,10,80,10
1010036,JUSTIN,91,10,81,10
1010039,David's Playlist,60,10,50,10
1010043,fun,94,10,84,10
1010045,Refresh,92,10,82,10
1010046,bangerz,86,10,76,10
1010048,One of THOSE days...,170,25,145,25
1010050,ya,64,10,54,10
1010058,volleyball,46,10,36,10
1010060,All Good,43,10,33,10
1010063,1983,83,10,73,10
1010066,sad songs ,68,10,58,10
1010068,Worship Favorites,111,25,86,25
1010071,happy,45,10,35,10
1010072,Homework,132,25,107,25
1010074,music,77,10,67,10
1010077,SUMMERRRR,190,25,165,25
1010079,Jack,66,10,56,10
1010080,vibin,67,10,57,10
1010081,Random songs,45,10,35,10
1010083,Good Music,139,25,114,25
1010084,What They Want,68,10,58,10
1010085,oldies but goodies,67,10,57,10
1010087,idk,112,25,87,25
1010089,Banda,193,25,168,25
1010093,Classic Rock,174,25,149,25
1010094,trappy,236,25,211,25
1010096,SAVAGE,164,25,139,25
1010097,Gym Songs,86,10,76,10
1010098,rap,201,25,176,25
1010099,Electric Feel.,40,10,30,10
1010100,August,42,10,32,10
1010104,workout,98,10,88,10
1010105,Espanol,130,25,105,25
1010106,Lindsay,98,10,88,10
1010107,Disney ,55,10,45,10
1010109,Deez Nuts,83,10,73,10
1010110,Richard,140,25,115,25
1010111,My world,105,25,80,25
1010117,Classic ,73,10,63,10
1010120,Early 2000s,118,25,93,25
1010125,The Classics,164,25,139,25
1010127,Tears.,47,10,37,10
1010128,feels,65,10,55,10
1010132,baby shower,213,25,188,25
1010133,Salsa,48,10,38,10
1010135,Salty,65,10,55,10
1010139,Vibey,79,10,69,10
1010146,Classic Rock,45,10,35,10
1010147,21,56,10,46,10
1010149,chillout.,104,25,79,25
1010152,sleep,120,25,95,25
1010153,sing it,74,10,64,10
1010155,My music,206,25,181,25
1010156,Pre Game,78,10,68,10
1010160,Classics,104,25,79,25
1010161,Lit,42,10,32,10
1010168,november,68,10,58,10
1010176,Love,86,10,76,10
1010177,Lauren,136,25,111,25
1010186,Dance Dance,42,10,32,10
1010189,Summer Hits,150,25,125,25
1010193,poop,98,10,88,10
1010194,Workout,92,10,82,10
1010197,memories,64,10,54,10
1010199,Solstice ,86,10,76,10
1010201,work,58,10,48,10
1010203,2017,65,10,55,10
1010207,80's,168,25,143,25
1010208,Back at it,138,25,113,25
1010209,My favs,47,10,37,10
1010210,MMXVII,56,10,46,10
1010211,Christian Rock,53,10,43,10
1010215,tribute,66,10,56,10
1010218,Yeah...,68,10,58,10
1010222,Reggaeton,40,10,30,10
1010225,Christian,157,25,132,25
1010228,oldies,94,10,84,10
1010229,songs to dance to ,63,10,53,10
1010231,Diana. ,66,10,56,10
1010232,lit ,99,10,89,10
1010233,workout,107,25,82,25
1010234,classic rock,52,10,42,10
1010238,Good Vibes,120,25,95,25
1010242,girl songs,73,10,63,10
1010245,saturn,48,10,38,10
1010248,Happy playlist,87,10,77,10
1010249,jams,146,25,121,25
1010250,Old Soul,53,10,43,10
1010252,Workout,162,25,137,25
1010256,Oldies,164,25,139,25
1010258,90s,46,10,36,10
1010261,Disney songs,119,25,94,25
1010262,1999,109,25,84,25
1010263,Tropical,138,25,113,25
1010264,nicole,62,10,52,10
1010273,roadtrip,74,10,64,10
1010274,good music ,108,25,83,25
1010277,PLAYLIST,63,10,53,10
1010282,boys suck,148,25,123,25
1010283,TB,50,10,40,10
1010284,august,57,10,47,10
1010286,On the road,71,10,61,10
1010288,running,108,25,83,25
1010289,chilllll,52,10,42,10
1010290,Music,125,25,100,25
1010291,rock,50,10,40,10
1010292,Old Music,171,25,146,25
1010296,Summer Vibes,89,10,79,10
1010297,rando.,98,10,88,10
1010299,Feel Good Oldies,95,10,85,10
1010302,Old School,227,25,202,25
1010303,fall playlist,72,10,62,10
1010304,AlexandrA,54,10,44,10
1010307,current,66,10,56,10
1010308,Jams,47,10,37,10
1010309,Oldie's,77,10,67,10
1010313,Movies,88,10,78,10
1010315,mmmm,44,10,34,10
1010316,RF,80,10,70,10
1010318,2015 Top Tracks,100,10,90,10
1010319,Feelin Good,127,25,102,25
1010323,Memory Lane,41,10,31,10
1010324,Christian songs,47,10,37,10
1010328,party 1,237,25,212,25
1010329,Christmas,117,25,92,25
1010332,Turnip,102,25,77,25
1010334,Worship,131,25,106,25
1010335,LITTTT!!!!!,68,10,58,10
1010336,2014,195,25,170,25
1010337,2k,72,10,62,10
1010341,Pregame,41,10,31,10
1010343,My Jam.,184,25,159,25
1010345,Back to school,58,10,48,10
1010348,Laura,93,10,83,10
1010349,Cream,146,25,121,25
1010351,K-POP,172,25,147,25
1010353,happy happy happy,157,25,132,25
1010355,V I B E ,87,10,77,10
1010357,banda,229,25,204,25
1010363,ECLIPSE,86,10,76,10
1010366,caviar,153,25,128,25
1010367,reggaeton,62,10,52,10
1010368,Relax,53,10,43,10
1010369,partytime,47,10,37,10
1010375,IT'S LIT ,222,25,197,25
1010376,golden age,45,10,35,10
1010377,rap,44,10,34,10
1010381,jam!,142,25,117,25
1010382,April,163,100,63,100
1010386,throwback,64,10,54,10
1010393,jams,40,10,30,10
1010396,Loading...,78,10,68,10
1010400,Summer,118,25,93,25
1010401,Connie ,61,10,51,10
1010403,wedding,47,10,37,10
1010404,Baby Girl,58,10,48,10
1010405,The Man,115,25,90,25
1010408,Some Stuff,102,25,77,25
1010409,april,41,10,31,10
1010410,POP,71,10,61,10
1010411,rock,59,10,49,10
1010412,Banda,90,10,80,10
1010415,Christian,117,25,92,25
1010416,Soft Rap,60,10,50,10
1010417,Cumbia,49,10,39,10
1010418,Low stakes,65,10,55,10
1010419,Graduation Party,69,10,59,10
1010420,indie,171,25,146,25
1010424,A$AP MOB,68,10,58,10
1010428,Indie/Alt,197,25,172,25
1010434,MA JAMS,45,10,35,10
1010437,1.5,89,10,79,10
1010438,deporte,76,10,66,10
1010444,layback.,43,10,33,10
1010446,Play This At My Funeral,106,25,81,25
1010448,Summer16,164,25,139,25
1010449,Disney,50,10,40,10
1010451,Fusion,70,10,60,10
1010453,Drunk,82,10,72,10
1010454,Road Trippin',43,10,33,10
1010456,Oldies,138,25,113,25
1010457,fun fun fun,50,10,40,10
1010460,Work,234,25,209,25
1010461,throwbacks,105,25,80,25
1010462,GOSPEL,98,10,88,10
1010463,CHILLOUT,40,10,30,10
1010464,randoms,242,25,217,25
1010469,Running playlist,44,10,34,10
1010470,Gym,57,10,47,10
1010473,Disney,45,10,35,10
1010474,Christian,45,10,35,10
1010475,jazz,52,10,42,10
1010478,Bowie,54,10,44,10
1010480,EASY LISTENING,57,10,47,10
1010482,Car songs,50,10,40,10
1010484,Relax,40,10,30,10
1010488,Circles,57,10,47,10
1010489,BIG,68,10,58,10
1010494,old country,65,10,55,10
1010496,badass,50,10,40,10
1010498,Good Stuff,52,10,42,10
1010508,Indie Vibes,93,10,83,10
1010510,New Jack Swing,87,10,77,10
1010511,The Story,43,10,33,10
1010513,Panda,132,25,107,25
1010514,new new new,51,10,41,10
1010516,Hip hop,99,10,89,10
1010517,Get pumped,73,10,63,10
1010519,lit,98,10,88,10
1010520,YMCMB,60,10,50,10
1010522,Summer Playlist,152,25,127,25
1010523,Lifting ,49,10,39,10
1010529,Summer 2014,53,10,43,10
1010531,party ,49,10,39,10
1010533,FIRE,157,25,132,25
1010534,Dance Jams,145,25,120,25
1010535,cruisin,103,25,78,25
1010537,Broadway Musicals,52,10,42,10
1010539,Party Bus,54,10,44,10
1010545,essentials,64,10,54,10
1010549,Throwback,51,10,41,10
1010551,70's,78,10,68,10
1010553,christmas,79,10,69,10
1010554,beach,40,10,30,10
1010557,Jake's playlist. ,48,10,38,10
1010559,Favorite,42,10,32,10
1010563,my songs,64,10,54,10
1010564,Wanderlust,63,10,53,10
1010567,SPRING BREAK,239,25,214,25
1010568,Pregame,229,25,204,25
1010570,lowkey,154,25,129,25
1010576,Gospel,66,10,56,10
1010577,cabo,52,10,42,10
1010578,bt,52,10,42,10
1010579,Kids,133,25,108,25
1010580,relax,148,25,123,25
1010583,60s/70s,80,10,70,10
1010585,deep,58,10,48,10
1010587,spanish,136,25,111,25
1010593,Get Pumped,123,25,98,25
1010599,Christian,64,10,54,10
1010602,Hangin,110,25,85,25
1010604,random,107,25,82,25
1010607,Love,41,10,31,10
1010608,SOUNDS.,105,25,80,25
1010609,Pop,45,10,35,10
1010612,90s,159,25,134,25
1010615,toons,110,25,85,25
1010617,mountains,56,10,46,10
1010619,Bonfire,222,25,197,25
1010620,oldies,59,10,49,10
1010624,Spotify & Chill,90,10,80,10
1010626,Kristen,106,25,81,25
1010629,21,60,10,50,10
1010630, THROWBACK ,172,25,147,25
1010631,WorkIt!,77,10,67,10
1010633,March ,43,10,33,10
1010634,run 2017,51,10,41,10
1010637,lexi,167,25,142,25
1010638,may ,52,10,42,10
1010640,Classic,192,25,167,25
1010643,Roadtrip,200,25,175,25
1010644,Creep,50,10,40,10
1010646,run,72,10,62,10
1010649,Classics,247,25,222,25
1010650,vibes,57,10,47,10
1010658,Eletronic,78,10,68,10
1010659,new wave.,228,25,203,25
1010663,80's Music,95,10,85,10
1010665,girls,43,10,33,10
1010666,Happiness,227,25,202,25
1010667,'16,44,10,34,10
1010668,Classics,172,25,147,25
1010672,feelin good,130,25,105,25
1010674,summer16,48,10,38,10
1010677,2015,186,25,161,25
1010679,wedding,61,10,51,10
1010681,Favorite,41,10,31,10
1010682,Tech,56,10,46,10
1010683,Bath,65,10,55,10
1010684,Rap,102,25,77,25
1010685,classic jams,108,25,83,25
1010693,Regueton viejo,50,10,40,10
1010694,car ride,42,10,32,10
1010695,Background radiation,68,10,58,10
1010696,random,73,10,63,10
1010697,New new ,88,10,78,10
1010699,mood,104,25,79,25
1010700,beep beep,65,10,55,10
1010702,Let's Go,46,10,36,10
1010704,gym beats,84,10,74,10
1010706,Cardio,83,10,73,10
1010709,aesthetic but make it tragic,61,10,51,10
1010718,pump up,99,10,89,10
1010719,---,166,25,141,25
1010720,hip,40,10,30,10
1010722,Jams,141,25,116,25
1010725,Sweet Dreams,84,10,74,10
1010729,2k17,49,10,39,10
1010730,STREAM ,52,10,42,10
1010732,Summer 17,53,10,43,10
1010735,Feelin' Myself,56,10,46,10
1010736,good music,216,25,191,25
1010737,Praise and Worship,123,25,98,25
1010739,Canada!,84,10,74,10
1010740,Goldie Oldies,91,10,81,10
1010741,Cabin,77,10,67,10
1010746,Camp Playlist,82,10,72,10
1010749,Zach,57,10,47,10
1010750,guilty pleasures,45,10,35,10
1010752,do work,52,10,42,10
1010757,old favorites,65,10,55,10
1010759,nice stuff,129,25,104,25
1010760,fav. Songs,136,25,111,25
1010761,Classic Rock,93,10,83,10
1010764,hailey,57,10,47,10
1010765,throwbacks ,126,25,101,25
1010767,worship music,105,25,80,25
1010770,My Style,176,25,151,25
1010773,Hailey,87,10,77,10
1010774,HALF MARATHON,88,10,78,10
1010775,Halloween,98,10,88,10
1010780,Halloween,41,10,31,10
1010781,September '16,104,25,79,25
1010782,Halloween,64,10,54,10
1010786,halloween ((:,47,10,37,10
1010791,halloween 2017,48,10,38,10
1010795,Good Feels,134,25,109,25
1010796,HALLOWEEN 2K18,40,10,30,10
1010797,bump,127,25,102,25
1010798,Relax,199,25,174,25
1010799,Halloween PARTY,92,10,82,10
1010800,Hamilton,65,10,55,10
1010802,Hip hop,152,25,127,25
1010803,HAN,57,10,47,10
1010806,han ,65,10,55,10
1010807,Hangin,43,10,33,10
1010808,#fun,108,25,83,25
1010809,hanging,42,10,32,10
1010812,HoodRat,114,25,89,25
1010813,Hanging Out,57,10,47,10
1010815,car ride,167,25,142,25
1010818,vibes,156,25,131,25
1010819,hanging out,86,10,76,10
1010820,Hanging Out,76,10,66,10
1010822,October,230,25,205,25
1010827,Happiness,43,10,33,10
1010828,Happy,54,10,44,10
1010830,Happy,57,10,47,10
1010836,happy,43,10,33,10
1010837,Happy,76,10,66,10
1010838,happy,51,10,41,10
1010840,Happy,57,10,47,10
1010843,happy,64,10,54,10
1010845,happy,68,10,58,10
1010848,Public,182,25,157,25
1010849,happy,44,10,34,10
1010851,alt,148,25,123,25
1010855,Golden Hour Grit,152,25,127,25
1010856,happy,98,10,88,10
1010862,happy,80,10,70,10
1010863,happy,56,10,46,10
1010865,Take it Easy,106,25,81,25
1010868,Rock/Punk,110,25,85,25
1010869,happy,83,10,73,10
1010870,Happy,94,10,84,10
1010873,Shut up and Dance,102,25,77,25
1010874,jam sesh,157,25,132,25
1010875,Spanish ,148,25,123,25
1010876,Throwbacks,126,25,101,25
1010877,happy,55,10,45,10
1010881,Happy,73,10,63,10
1010882,Alternative,105,25,80,25
1010883,Happy,44,10,34,10
1010884,Happy Beats,67,10,57,10
1010886,Happy Daze,70,10,60,10
1010889,happy happy,42,10,32,10
1010893,BPM,164,25,139,25
1010897,happy happy happy,42,10,32,10
1010898,Happy Happy Joy Joy,44,10,34,10
1010906,summer 2017,198,25,173,25
1010907,Happy Holidays!,100,10,90,10
1010910,Happy music,67,10,57,10
1010911,Happy Music,76,10,66,10
1010912,Happy Music,43,10,33,10
1010914,Josh,183,25,158,25
1010917,Happy playlist,54,10,44,10
1010919,happy songs,52,10,42,10
1010923,happy times,85,10,75,10
1010928,happy:),69,10,59,10
1010930,Hard Rock,79,10,69,10
1010932,Hard Rock,76,10,66,10
1010935,Hard Rock,58,10,48,10
1010936,ski trip,196,25,171,25
1010940,Hard Rock ,100,10,90,10
1010942,Hard Times,40,10,30,10
1010946,Hardcore Workout,83,10,73,10
1010947,Spring :),127,25,102,25
1010951,Harrison,100,10,90,10
1010953,Harry potter,88,10,78,10
1010957,hashtag ,48,10,38,10
1010960,Feel Good ,107,25,82,25
1010961,Haus,60,10,50,10
1010962,Otherside,112,25,87,25
1010963,heal,87,10,77,10
1010965,Heartbeat,58,10,48,10
1010971,Heartbroken,91,10,81,10
1010972,Heartstrings,56,10,46,10
1010975,throwback,106,25,81,25
1010976,Quality,124,25,99,25
1010977,heat,96,10,86,10
1010978,Jay,114,25,89,25
1010980,Heat,89,10,79,10
1010981,heat,60,10,50,10
1010983,heat,43,10,33,10
1010985,Heatwave,97,10,87,10
1010987,Heavy,70,10,60,10
1010988,Heavy Rock,41,10,31,10
1010991,Classic Rock,105,25,80,25
1010994,Hehe,70,10,60,10
1010996,Heidi,69,10,59,10
1010998,HELLO,64,10,54,10
1011002,Henry,41,10,31,10
1011003,here,51,10,41,10
1011007,angel hours,158,25,133,25
1011009,rn,102,25,77,25
1011011,here we go again,59,10,49,10
1011012,Spanish Playlist,225,25,200,25
1011018,hey,57,10,47,10
1011024,fall 2k17,201,25,176,25
1011028,hhh,67,10,57,10
1011029,Oldies,112,25,87,25
1011035,Slow,222,25,197,25
1011036,hi,52,10,42,10
1011038,chill?,192,25,167,25
1011041,yeehaw,202,25,177,25
1011042,hi,56,10,46,10
1011043,Musicals,216,25,191,25
1011044,hi,49,10,39,10
1011049,Hick hop,89,10,79,10
1011051,Hidden Gems,54,10,44,10
1011052,high,44,10,34,10
1011055,high,54,10,44,10
1011056,Calm,111,25,86,25
1011057,High School,51,10,41,10
1011059,high vibes,53,10,43,10
1011060,HighSchool,41,10,31,10
1011068,hike,58,10,48,10
1011069,hike,53,10,43,10
1011072,Indie Rock,112,25,87,25
1011073,Party,140,25,115,25
1011074,hiking,48,10,38,10
1011075,new,111,25,86,25
1011077,HIM,99,10,89,10
1011080,Oldies,165,25,140,25
1011081,Hip,40,10,30,10
1011082,hip,56,10,46,10
1011085,sleepy,150,25,125,25
1011087,Beach,137,25,112,25
1011088,Hip Hop,43,10,33,10
1011089,Listen.,191,25,166,25
1011090,Mine,117,25,92,25
1011091,Hip Hop,64,10,54,10
1011099,Hip Hop,86,10,76,10
1011102,2k16,137,25,112,25
1011103,chillin,183,25,158,25
1011104,HIP HOP,46,10,36,10
1011105,hip hop,60,10,50,10
1011111,Zach ,220,25,195,25
1011112,Summer 2015 ,238,25,213,25
1011116,Hip Hop,49,10,39,10
1011117,rock II,217,25,192,25
1011122,Hip Hop,56,10,46,10
1011124,hip hop,88,10,78,10
1011125,Hip Hop,44,10,34,10
1011126,Hip Hop,56,10,46,10
1011128,Hip Hop,56,10,46,10
1011131,young,143,25,118,25
1011132,Hip Hop,48,10,38,10
1011133,Hip Hop,50,10,40,10
1011137,Hip hop,68,10,58,10
1011142,Hip hop,66,10,56,10
1011144,hip hop,74,10,64,10
1011146,hip hop,48,10,38,10
1011147,Run,193,25,168,25
1011150,Hip hop,96,10,86,10
1011152,Hip Hop,46,10,36,10
1011155,Hip Hop,76,10,66,10
1011159,Hip Hop,64,10,54,10
1011160,Hip hop ,51,10,41,10
1011163,My Country ,145,25,120,25
1011165,hip hop ,45,10,35,10
1011167,songs to sing to,128,25,103,25
1011168,Hip Hop 2018,42,10,32,10
1011170,hip hop mix,80,10,70,10
1011174,hip/hop,99,10,89,10
1011175,Summer!,124,25,99,25
1011177,classics,119,25,94,25
1011179,HipHop,50,10,40,10
1011180,random crap ,109,25,84,25
1011181,Tasty ,161,25,136,25
1011183,banda,206,25,181,25
1011184,HipHop,53,10,43,10
1011185,Hip-Hop,94,10,84,10
1011188,Hip-hop,47,10,37,10
1011189,Hip-Hop,59,10,49,10
1011192,Hip-hop,61,10,51,10
1011193,HipHop/Rap,52,10,42,10
1011194,Hip-Hop/Rap,43,10,33,10
1011198,Anthem,128,25,103,25
1011200,Hippity Hop,75,10,65,10
1011208,Hippity Hoppity,89,10,79,10
1011210,hippity hoppity.,83,10,73,10
1011212,Hipster,75,10,65,10
1011215,Hiphop,66,10,56,10
1011216,jamz,108,25,83,25
1011219,Throwback Rock,187,25,162,25
1011220,hiphop,91,10,81,10
1011229,hiphop,90,10,80,10
1011233,Throw backs,176,25,151,25
1011234,Hit List,51,10,41,10
1011235,Rock MIX,165,25,140,25
1011236,HITS,50,10,40,10
1011242,throwbacks,179,25,154,25
1011243,Hits,81,10,71,10
1011246,HITS,68,10,58,10
1011248,Hits,76,10,66,10
1011250,Chill hop,135,25,110,25
1011252,hmm,86,10,76,10
1011253,hmmm,45,10,35,10
1011260,hoco,51,10,41,10
1011261,Throwback,106,25,81,25
1011262,hoes ,64,10,54,10
1011269,holiday,54,10,44,10
1011270,Reggeton,129,25,104,25
1011273,Holidays,98,10,88,10
1011274,holidaze,73,10,63,10
1011278,home,99,10,89,10
1011279,home.,84,10,74,10
1011286,homework,98,10,88,10
1011287,Chicas,108,25,83,25
1011290,Homework,56,10,46,10
1011295,Homework,58,10,48,10
1011296,Lit af,137,25,112,25
1011299,Homework ,61,10,51,10
1011304,reggaeton ,197,25,172,25
1011306,Christmas,119,25,94,25
1011311,My EDM,174,25,149,25
1011313,hood jams,75,10,65,10
1011314,New Rock!,197,25,172,25
1011317,sunny day,138,25,113,25
1011318,hood jams,59,10,49,10
1011319,Hood Rat,49,10,39,10
1011320,HOOD RAT ,58,10,48,10
1011321,HoodRat,54,10,44,10
1011322,Hoop,46,10,36,10
1011325,Bike,161,25,136,25
1011327,Hooping,55,10,45,10
1011330,chill bill,102,25,77,25
1011332,Hoops,77,10,67,10
1011335,Hop Hip,79,10,69,10
1011336,Alternative music,148,25,123,25
1011340,Jams,114,25,89,25
1011342,Hope,72,10,62,10
1011347,Hot country,51,10,41,10
1011348,70s and 80s,124,25,99,25
1011349,Hot jams,50,10,40,10
1011350,Hot Jams,59,10,49,10
1011351,Hotline Bling,66,10,56,10
1011354,House music,41,10,31,10
1011356,House Music ,82,10,72,10
1011358,House Party,70,10,60,10
1011359,HOUSE PARTY,88,10,78,10
1011360,Worship songs,178,25,153,25
1011362,house party,43,10,33,10
1011370,housewarming,95,10,85,10
1011372,HS,49,10,39,10
1011376,huh,71,10,61,10
1011379,good stuff,146,25,121,25
1011380,Hurt,68,10,58,10
1011383,hw,46,10,36,10
1011384,hw,57,10,47,10
1011387,Hybrid,62,10,52,10
1011388,Hymns,45,10,35,10
1011389,hype,91,10,81,10
1011390,My Jams,102,25,77,25
1011392,hype,58,10,48,10
1011393,Hype,66,10,56,10
1011399,hype,66,10,56,10
1011401,HYPE,42,10,32,10
1011402,hype,94,10,84,10
1011404,hype,58,10,48,10
1011405,hype,52,10,42,10
1011406,Hype,84,10,74,10
1011407,Hype,61,10,51,10
1011416,hype,46,10,36,10
1011417,hype,45,10,35,10
1011420,Music <3,157,25,132,25
1011421,HYPE,56,10,46,10
1011423,Hype,83,10,73,10
1011425,Party List,206,25,181,25
1011426,Dirt Road,124,25,99,25
1011428,HYPE,75,10,65,10
1011435,hype,53,10,43,10
1011436,hype,46,10,36,10
1011437,hype ,100,10,90,10
1011438,Hype Rap,55,10,45,10
1011441,Oldies but Goodies ,220,25,195,25
1011447,melo,124,25,99,25
1011449,Country Girl,153,25,128,25
1011453,hype.,51,10,41,10
1011454,Yours,103,25,78,25
1011455,raw,168,25,143,25
1011460,Hyped.,50,10,40,10
1011462,I don't know,48,10,38,10
1011464,I don't know,56,10,46,10
1011465,i dunno ,83,10,73,10
1011467,Classic country,185,25,160,25
1011472,i like ,57,10,47,10
1011473,I like these,73,10,63,10
1011476,I Love You :),56,10,46,10
1011478,I Want You,46,10,36,10
1011480,I workout! ,96,10,86,10
1011483,disney ,122,25,97,25
1011484,2014,103,25,78,25
1011487,Road Trip,176,25,151,25
1011488,For Us,176,25,151,25
1011489,?????,41,10,31,10
1011492,Iceland,56,10,46,10
1011496,Vegas baby!!,132,25,107,25
1011497,iconic,40,10,30,10
1011500,Icy,43,10,33,10
1011501,t h r o w b a c k,103,25,78,25
1011503,beloved,161,25,136,25
1011505,idk,86,10,76,10
1011512,24/7,115,25,90,25
1011513,idk,42,10,32,10
1011514,Praise and worship,213,25,188,25
1011516,idk,72,10,62,10
1011517,90s hits,156,25,131,25
1011518,idk,81,10,71,10
1011521,idk,47,10,37,10
1011522,idk,59,10,49,10
1011523,idk,43,10,33,10
1011525,IDK,86,10,76,10
1011528,idk man,80,10,70,10
1011529,Litty Titty,247,25,222,25
1011530,shower,169,25,144,25
1011534,idk yet,58,10,48,10
1011536,ii,42,10,32,10
1011539,iLike,41,10,31,10
1011543,ILL,60,10,50,10
1011544,I'm on a boat,46,10,36,10
1011545,im sad,61,10,51,10
1011550,im sad,84,10,74,10
1011553,stuff,174,25,149,25
1011559,I'm Yours,84,10,74,10
1011562,In,92,10,82,10
1011565,in between,72,10,62,10
1011566,In between,81,10,71,10
1011567,in my bag,91,10,81,10
1011569,in my bag,94,10,84,10
1011573,car,182,25,157,25
1011574,In my feelings,55,10,45,10
1011575,in my head,50,10,40,10
1011577,In my head,69,10,59,10
1011580,in the car,45,10,35,10
1011582,in the feels,47,10,37,10
1011583,In This Moment,42,10,32,10
1011585,boat,194,25,169,25
1011588,Indi,64,10,54,10
1011589,Indie,50,10,40,10
1011593,Indie,87,10,77,10
1011594,indie,63,10,53,10
1011595,THROW IT BACK ,226,25,201,25
1011599,Holidays,119,25,94,25
1011600,Indie,63,10,53,10
1011605,indie,50,10,40,10
1011610,indie,52,10,42,10
1011612,Indie,57,10,47,10
1011614,INDIE,93,10,83,10
1011615,Hip-Hop,137,25,112,25
1011616,Indie,79,10,69,10
1011617,Indie Alternative,78,10,68,10
1011620,swag,213,25,188,25
1011621,Indie Folk,56,10,46,10
1011623,Indie Rock,47,10,37,10
1011625,Indie Trash,79,10,69,10
1011626,Indie Vibes,48,10,38,10
1011627,Indie/Alt,86,10,76,10
1011629,Indie/Alt ,60,10,50,10
1011630,Indie/Alternative,86,10,76,10
1011633,IndiePop,66,10,56,10
1011640,Inspiration ,46,10,36,10
1011645,Into the Wild,63,10,53,10
1011649,litty,102,25,77,25
1011652,Into You,71,10,61,10
1011653,Introspective,70,10,60,10
1011654,BDAY,101,25,76,25
1011656,INXS,54,10,44,10
1011657,Number One,133,25,108,25
1011666,Ingles,50,10,40,10
1011672,isaiah,79,10,69,10
1011673,ish,64,10,54,10
1011674,issa bop,52,10,42,10
1011675,Oldies,182,25,157,25
1011677,ISSA PLAYLIST,94,10,84,10
1011679,Classics,114,25,89,25
1011682,issa vibe,49,10,39,10
1011683,Straight Fire,211,25,186,25
1011684,King,204,25,179,25
1011686,ISsuEs,49,10,39,10
1011687,It Was A Good Day,52,10,42,10
1011689,italy,67,10,57,10
1011694,It's a vibe,55,10,45,10
1011696,Connor,130,25,105,25
1011698,It's Christmas!,57,10,47,10
1011699,Its lit,68,10,58,10
1011701,It's Lit,67,10,57,10
1011703,It's lit,96,10,86,10
1011704,Music,113,25,88,25
1011706,It's Lit ,68,10,58,10
1011710,IT'S LIT ,79,10,69,10
1011720,Music,185,25,160,25
1011722,Hype Rap,179,25,154,25
1011730,It's Lit.,50,10,40,10
1011731,oldies but goodies,148,25,123,25
1011732,It's Not A Phase Mom,68,10,58,10
1011734,its not a phase mom ,45,10,35,10
1011745,iTunes,40,10,30,10
1011749,Izzy,45,10,35,10
1011750,Jam,154,25,129,25
1011753,j chillin,64,10,54,10
1011756,#12,149,25,124,25
1011758,J Chillin,42,10,32,10
1011761,j chillin,53,10,43,10
1011764,Jack,50,10,40,10
1011766,Jack Johnson,51,10,41,10
1011769,Jackie,51,10,41,10
1011772,Red Hot Chili Peppers,194,25,169,25
1011774,you & me.,153,25,128,25
1011775,Jacks,78,10,68,10
1011776,JACKS PLAYLIST!,100,10,90,10
1011780,jada,83,10,73,10
1011782,Jade,58,10,48,10
1011787,Jake's playlist. ,54,10,44,10
1011788,JAM,56,10,46,10
1011791,jam,41,10,31,10
1011795,meow,208,25,183,25
1011796,vibes ,217,25,192,25
1011800,Hard Rock,208,25,183,25
1011801,Older Country,109,25,84,25
1011805,Jam,87,10,77,10
1011810,Jam,57,10,47,10
1011811,heal,209,25,184,25
1011812,jam,44,10,34,10
1011822,jam (:,55,10,45,10
1011823,Jam Out,49,10,39,10
1011824,Jam out,50,10,40,10
1011828,jam sesh,59,10,49,10
1011830,jam session,56,10,46,10
1011834,Gym,225,25,200,25
1011837,turnt,154,25,129,25
1011843,jam!,40,10,30,10
1011845,Jammies,83,10,73,10
1011846,Edm 2,129,25,104,25
1011847,Jammin,48,10,38,10
1011852,jammin,41,10,31,10
1011859,Lake,131,25,106,25
1011863,Matthew,232,25,207,25
1011866,swish,155,25,130,25
1011867,Jammin,86,10,76,10
1011868,jammin,91,10,81,10
1011869,jammin,49,10,39,10
1011870,Madrid,175,25,150,25
1011871,jammin,57,10,47,10
1011875,Road trip,141,25,116,25
1011879,drive,196,25,171,25
1011880,jams,54,10,44,10
1011883,Jams,55,10,45,10
1011890,Jams,55,10,45,10
1011891,baby shower,105,25,80,25
1011893,alternative,213,25,188,25
1011894,Jams,55,10,45,10
1011895,jams,43,10,33,10
1011899,SN,117,25,92,25
1011900,jams,59,10,49,10
1011905,Jams,41,10,31,10
1011906,Cruise Control,128,25,103,25
1011907,Jams,59,10,49,10
1011908,LOVE.,175,25,150,25
1011909,jams,82,10,72,10
1011910,Psych,112,25,87,25
1011911,Jams,94,10,84,10
1011916,Jams,45,10,35,10
1011917,Jams,46,10,36,10
1011923,JAMS,65,10,55,10
1011925,JAMS,94,10,84,10
1011926,Jams,41,10,31,10
1011927,HOUSE PARTY,146,25,121,25
1011928,jams,59,10,49,10
1011929,jams,42,10,32,10
1011930,Jams,43,10,33,10
1011934,jams,53,10,43,10
1011936,Jams,73,10,63,10
1011937,Jams,58,10,48,10
1011938,JAMS,49,10,39,10
1011939,Party,148,25,123,25
1011941,throwback,121,25,96,25
1011945,Jams,85,10,75,10
1011948,awsome,138,25,113,25
1011950,LITi,104,25,79,25
1011955,jams,42,10,32,10
1011957,Jams,60,10,50,10
1011960,Jams,98,10,88,10
1011961,jams,40,10,30,10
1011964,creative,175,25,150,25
1011966,Gym,128,25,103,25
1011967,jams,79,10,69,10
1011969,Jams,79,10,69,10
1011971,oldies.,113,25,88,25
1011975,jams,58,10,48,10
1011976,Jams,96,10,86,10
1011978,jams,98,10,88,10
1011979,Jams,90,10,80,10
1011980,jams,78,10,68,10
1011981,Jams,43,10,33,10
1011983,Jams,93,10,83,10
1011992,jams,74,10,64,10
1011993,jams ,46,10,36,10
1011994,jams ,54,10,44,10
1011997,jams ,57,10,47,10
1011998,jams!!,91,10,81,10
1011999,jams!!!,53,10,43,10
1012002,Jams.,61,10,51,10
1012003,jamz,76,10,66,10
1012004,Jamz,50,10,40,10
1012006,jamz,99,10,89,10
1012011,dope music,156,25,131,25
1012012,jamz,40,10,30,10
1012014,throwback,145,25,120,25
1012016,jamz,47,10,37,10
1012018,The Feels,131,25,106,25
1012019,Jamz,70,10,60,10
1012020,jamz,95,10,85,10
1012021,JAMZ,46,10,36,10
1012023,Jamz,76,10,66,10
1012024,jamz,84,10,74,10
1012026,jamz,53,10,43,10
1012028,ha,126,25,101,25
1012029,fun stuff,140,25,115,25
1012030,Jamz,45,10,35,10
1012032,Jamz,47,10,37,10
1012036,korean,220,25,195,25
1012041,Jamz,73,10,63,10
1012044,Jamz,61,10,51,10
1012045,jamz,70,10,60,10
1012046,jamz,63,10,53,10
1012047,jamz.,74,10,64,10
1012048,jamzz,56,10,46,10
1012050,jane,48,10,38,10
1012051,feels,170,25,145,25
1012060,Slow jams,117,25,92,25
1012064,January,44,10,34,10
1012067,Uplifting,115,25,90,25
1012069,January,68,10,58,10
1012073,Wedding Band,148,25,123,25
1012076,Summer,146,25,121,25
1012077,January '18,55,10,45,10
1012080,Ond,76,10,66,10
1012081,pt2,125,25,100,25
1012084,Jay,93,10,83,10
1012089,jay ,59,10,49,10
1012093,Slow Jams,157,25,132,25
1012094,JAY Z,51,10,41,10
1012095,jazz,50,10,40,10
1012098,Throwbacks,182,25,157,25
1012099,jazz,50,10,40,10
1012106,JB,66,10,56,10
1012109,Jeep,74,10,64,10
1012111,Jen,70,10,60,10
1012112,JAMS,114,25,89,25
1012113,Jenna,51,10,41,10
1012115,oldies,109,25,84,25
1012116,Graduation playlist ,113,25,88,25
1012117,Electro,106,25,81,25
1012119,tbt,238,25,213,25
1012120,Working,175,25,150,25
1012121,jeremy,61,10,51,10
1012124,JESUS,42,10,32,10
1012126,jesus,56,10,46,10
1012129,hype,127,25,102,25
1012132,Throwbacks,127,25,102,25
1012136,Life,107,25,82,25
1012137,Jesus,42,10,32,10
1012140,for dan!,120,25,95,25
1012147,oh,118,25,93,25
1012148,Crowd Pleasers,112,25,87,25
1012149,Jesus,93,10,83,10
1012151,rap,129,25,104,25
1012152,Jesus,84,10,74,10
1012156,tuna ,113,25,88,25
1012158,italy,190,25,165,25
1012159,jesus ,43,10,33,10
1012160,Rock,204,25,179,25
1012161,Good Vibes,173,25,148,25
1012166,Jesus Jams,86,10,76,10
1012168,Throwbacks,132,25,107,25
1012170,Jesus Jamz,54,10,44,10
1012171,Jesus Music,46,10,36,10
1012172,Jesus Music,50,10,40,10
1012178,Jesus music,77,10,67,10
1012185,rock,153,25,128,25
1012186,Collaborative,184,25,159,25
1012187,Jesus Music ,93,10,83,10
1012188,jesus tunes,60,10,50,10
1012190,summer 2017,112,25,87,25
1012191,Jesus!,79,10,69,10
1012193,Beach trip,117,25,92,25
1012194,jewel,40,10,30,10
1012196,pop,112,25,87,25
1012198,jimmy,47,10,37,10
1012203,jingle ball,89,10,79,10
1012205,Jingle Bells,42,10,32,10
1012206,jj,43,10,33,10
1012207,Fetty Wap,169,25,144,25
1012213,jo,68,10,58,10
1012216,Jock Jams,56,10,46,10
1012218,joey,65,10,55,10
1012227,Joey,97,10,87,10
1012228,Jogging,95,10,85,10
1012229,Johan ,65,10,55,10
1012230,John Legend,81,10,71,10
1012231,John's playlist,42,10,32,10
1012235,jonathan,90,10,80,10
1012236,K-POP,199,25,174,25
1012241,Jose,70,10,60,10
1012247,11,104,25,79,25
1012252,Winter 2016/2017,123,25,98,25
1012253,CooL,159,25,134,25
1012258,Rock n Roll,155,25,130,25
1012261,Josh,88,10,78,10
1012262,DANCE,112,25,87,25
1012265,josie,48,10,38,10
1012268,miguel,171,25,146,25
1012269,Journey,43,10,33,10
1012273,Jpop,50,10,40,10
1012275,throwback,147,25,122,25
1012276,good ole country,160,25,135,25
1012281,Jukebox,51,10,41,10
1012283,Jules,84,10,74,10
1012284,august,66,10,56,10
1012285,Kt,119,25,94,25
1012286,NYE,111,25,86,25
1012287,YO YO YO,152,25,127,25
1012288,Junior,57,10,47,10
1012292,wrap,119,25,94,25
1012293,Rap,201,25,176,25
1012294,Summer 2017,108,25,83,25
1012300,just,45,10,35,10
1012301,Just Because,83,10,73,10
1012303,Just Breathe,51,10,41,10
1012304,country playlist,105,25,80,25
1012306,luke,125,25,100,25
1012307,Just cause,50,10,40,10
1012310,Just Chill,58,10,48,10
1012313,Just chill..,47,10,37,10
1012318,CHRISTMAS ,104,25,79,25
1012320,PREGAME ,137,25,112,25
1012323,Just Chillin,78,10,68,10
1012324,Just Listen,43,10,33,10
1012327,classic rock,144,25,119,25
1012328,Just Listen ;),57,10,47,10
1012330,JUSTIN,89,10,79,10
1012332,Justin,58,10,48,10
1012334,Music,102,25,77,25
1012337,Kaitlyn ,81,10,71,10
1012338,123,171,25,146,25
1012340,stuff,129,25,104,25
1012343,Kaleidoscope,50,10,40,10
1012345,KANYE,54,10,44,10
1012347,KANYE WEST,95,10,85,10
1012348,Karen,74,10,64,10
1012349,Kareoke ,58,10,48,10
1012350,kat ,78,10,68,10
1012352,Katie,47,10,37,10
1012353,vibes,168,25,143,25
1012357,Twenty One Pilots,237,25,212,25
1012359,kayla,67,10,57,10
1012360,KB,67,10,57,10
1012362,kdrama,45,10,35,10
1012369,Keith Urban,44,10,34,10
1012372,kenzie ,84,10,74,10
1012374,Kevin Gates,40,10,30,10
1012376,80's Baby,143,25,118,25
1012378,kickin' it,63,10,53,10
1012383,Kiddos,94,10,84,10
1012385,kids,79,10,69,10
1012393,Kids,70,10,60,10
1012394,Kids Party,48,10,38,10
1012397,kiki,64,10,54,10
1012403,killin it,50,10,40,10
1012405,King,42,10,32,10
1012406,KINGS,70,10,60,10
1012408,Kings of Leon ,55,10,45,10
1012411,throwback jams,169,25,144,25
1012414,The boys ,103,25,78,25
1012416,KK,65,10,55,10
1012417,KMS,65,10,55,10
1012419,korean,69,10,59,10
1012420,KP,47,10,37,10
1012421,Kpop,50,10,40,10
1012422,KPOP,62,10,52,10
1012424,KPOP,53,10,43,10
1012427,Kpop,45,10,35,10
1012428,kpop,67,10,57,10
1012432,Kpop,43,10,33,10
1012433,KPOP,54,10,44,10
1012434,tuesday,123,25,98,25
1012437,Rap,177,25,152,25
1012438,K-POP,52,10,42,10
1012442,fall 2015,104,25,79,25
1012443,K-POP,76,10,66,10
1012444,K-pop,52,10,42,10
1012445,k-pop,69,10,59,10
1012452,L O V E ,104,25,79,25
1012453,K-Pop,41,10,31,10
1012457,kpop!,83,10,73,10
1012458,KPOP!!,56,10,46,10
1012459,Kristen,73,10,63,10
1012463,Kt,81,10,71,10
1012467,kt,71,10,61,10
1012470,KY,46,10,36,10
1012471,L O V E ,41,10,31,10
1012479,L$D,40,10,30,10
1012481,New Country,120,25,95,25
1012483,L.O.V.E,55,10,45,10
1012484,Soothing,104,25,79,25
1012485,disney,223,25,198,25
1012487,La Fiesta,64,10,54,10
1012488,11/10,143,25,118,25
1012493,la la la.,75,10,65,10
1012494,La Playa ,53,10,43,10
1012496,Labor Day,46,10,36,10
1012497,Reminisce,123,25,98,25
1012502,Sun-Kissed Skin,165,25,140,25
1012503,me gusta,113,25,88,25
1012510,ladies,40,10,30,10
1012513,Laidback,75,10,65,10
1012514,Lake,62,10,52,10
1012519,LAKE,60,10,50,10
1012521,LAKE,56,10,46,10
1012525,Lake Music,78,10,68,10
1012526,Lakehouse,44,10,34,10
1012530,All The Time,124,25,99,25
1012531,Workout,134,25,109,25
1012533,Lakehouse,96,10,86,10
1012536,Lalala,40,10,30,10
1012537,feels,106,25,81,25
1012539,lalala ,65,10,55,10
1012540,lalaland,64,10,54,10
1012541,larissa,79,10,69,10
1012542,Latino,60,10,50,10
1012545,Barely awake,131,25,106,25
1012549,Coffee,189,25,164,25
1012551,throwback,119,25,94,25
1012552,Latino,54,10,44,10
1012553,Latino!,80,10,70,10
1012555,rapish,114,25,89,25
1012557,Laura,85,10,75,10
1012560,Lauren,59,10,49,10
1012563,2017,114,25,89,25
1012564,Work,177,25,152,25
1012566,OH CANADA!,153,25,128,25
1012567,Bops,119,25,94,25
1012569,lax,40,10,30,10
1012570,layback.,64,10,54,10
1012574,lds,70,10,60,10
1012576,LDS,84,10,74,10
1012577,League,82,10,72,10
1012578,legendary,40,10,30,10
1012582,LEGGO,46,10,36,10
1012584,LEGIT,86,10,76,10
1012586,Love songs,130,25,105,25
1012587,Fall/Winter,110,25,85,25
1012589,Lent,51,10,41,10
1012590,let it go,79,10,69,10
1012592,Let It Go,61,10,51,10
1012597,Lit,208,25,183,25
1012604,the art of avoiding small talk,159,25,134,25
1012607,Let It Go,58,10,48,10
1012608,lets chill ,48,10,38,10
1012610,LETS GO,62,10,52,10
1012611,country jams,116,25,91,25
1012615,Work Out,107,25,82,25
1012621,Let's Go,100,10,90,10
1012622,lexi,82,10,72,10
1012625,90's ,220,25,195,25
1012626,Golden hour,141,25,116,25
1012631,jams ,166,25,141,25
1012632,lexi,71,10,61,10
1012633,Liam,73,10,63,10
1012635,LIFE,66,10,56,10
1012636,remixes,160,25,135,25
1012642,Life,100,10,90,10
1012644,Life,80,10,70,10
1012655,Life,50,10,40,10
1012656,life,86,10,76,10
1012658,Life Is Beautiful,79,10,69,10
1012659,R&b mix,175,25,150,25
1012662,Lift,52,10,42,10
1012663,Lift ,43,10,33,10
1012666,Lift Me Up :),77,10,67,10
1012667,Lifting ,75,10,65,10
1012670,Liked,66,10,56,10
1012672,liked,79,10,69,10
1012674,Jam,106,25,81,25
1012675,Liked Songs,99,10,89,10
1012676,Summa summa,131,25,106,25
1012677,Liked Songs,78,10,68,10
1012678,Likes,71,10,61,10
1012679,Lil,92,10,82,10
1012681,lili,73,10,63,10
1012682,Wedding Playlist,112,25,87,25
1012683,Throw Back,151,25,126,25
1012685,lily,63,10,53,10
1012690,Lindsay,90,10,80,10
1012691,Road Trip,101,25,76,25
1012692,Lindsey Stirling,61,10,51,10
1012694,Line dances,91,10,81,10
1012696,line dances,100,10,90,10
1012698,Liked Songs,217,25,192,25
1012700,Jams,204,25,179,25
1012701,Listen,42,10,32,10
1012702,listen,89,10,79,10
1012703,RANDOM,135,25,110,25
1012705,spring,125,25,100,25
1012707,Listen,76,10,66,10
1012708,lit,126,25,101,25
1012710,Listen Up,46,10,36,10
1012714,LISTEN!,90,10,80,10
1012715,Listen.,60,10,50,10
1012716,lit,44,10,34,10
1012721,lit,52,10,42,10
1012723,camp,229,25,204,25
1012724,Lake Music,183,25,158,25
1012725,lit,71,10,61,10
1012726,lit,53,10,43,10
1012729,lit,64,10,54,10
1012730,nice,105,25,80,25
1012734,Lit,52,10,42,10
1012737,lit,58,10,48,10
1012739,lit,70,10,60,10
1012743,Lit,63,10,53,10
1012746,country favorites ,110,25,85,25
1012747,lit,80,10,70,10
1012748,DeC,130,25,105,25
1012750,Vegas,135,25,110,25
1012752,lit,70,10,60,10
1012753,lit,51,10,41,10
1012756,lit,48,10,38,10
1012758,Lit,76,10,66,10
1012763,lit,74,10,64,10
1012766,We Can't Stop..,116,25,91,25
1012768,Lit,43,10,33,10
1012770,lit,92,10,82,10
1012771,LIT,95,10,85,10
1012773,LIT,93,10,83,10
1012775,idk,145,25,120,25
1012778,lit,91,10,81,10
1012780,Lit,40,10,30,10
1012782,lit,60,10,50,10
1012784,lit,67,10,57,10
1012785,lit,60,10,50,10
1012786,lit,40,10,30,10
1012787,Lit,75,10,65,10
1012788,Lit ,89,10,79,10
1012789,lit ,43,10,33,10
1012790,Art,166,25,141,25
1012791,lit 2.1,59,10,49,10
1012792,Lit af,48,10,38,10
1012796,lit af,91,10,81,10
1012797,rock,129,25,104,25
1012798,lit fam,61,10,51,10
1012800,lit list,48,10,38,10
1012802,lit lit lit,47,10,37,10
1012803,<3,131,25,106,25
1012807,LIT LIT LIT,53,10,43,10
1012810,Lit Music,61,10,51,10
1012813,Bachelorette Party,141,25,116,25
1012814,oldies,174,25,149,25
1012821,lit playlist,70,10,60,10
1012824,Lit songs,53,10,43,10
1012826,17,144,25,119,25
1012827,liti,43,10,33,10
1012836,Liti,63,10,53,10
1012837,LITi,87,10,77,10
1012840,litmas,45,10,35,10
1012841,litness,67,10,57,10
1012844,littt,75,10,65,10
1012845,LITTTT!!!!!,87,10,77,10
1012848,littttt,87,10,77,10
1012852,litty,70,10,60,10
1012853,~My Faves~,156,25,131,25
1012855,Litty,60,10,50,10
1012857,Litty,96,10,86,10
1012858,litty,40,10,30,10
1012860,litty,66,10,56,10
1012866,litty ,43,10,33,10
1012867,go to,188,25,163,25
1012868,Playlist,207,25,182,25
1012869,Litty Titty,49,10,39,10
1012870,litty,76,10,66,10
1012871,lively,44,10,34,10
1012872,Lizzie,100,10,90,10
1012876,Chillin,140,25,115,25
1012877,lmao,56,10,46,10
1012880,lmao,92,10,82,10
1012881,Loading...,76,10,66,10
1012882,alt,184,25,159,25
1012884,Pump it UP,192,25,167,25
1012885,Loading...,82,10,72,10
1012889,Location,54,10,44,10
1012890,Logic,56,10,46,10
1012891,LOL,55,10,45,10
1012892,lolla 2015,100,10,90,10
1012893,lolla 2015,81,10,71,10
1012895,Lolla 2015,52,10,42,10
1012896,Lolla 2016,62,10,52,10
1012901,Now,101,25,76,25
1012902,Slaps,115,25,90,25
1012903,Lolla! ,41,10,31,10
1012904,Lollapalooza 2016,56,10,46,10
1012905,Nostalgia.,215,25,190,25
1012906,London,40,10,30,10
1012908,Chill Out,103,25,78,25
1012911,long ,58,10,48,10
1012912,Long Drives,61,10,51,10
1012913,Looney Tunes,62,10,52,10
1012915,Lord Of The Rings,89,10,79,10
1012921,Lost In My Mind,91,10,81,10
1012923,LOTR,69,10,59,10
1012928,Loud,76,10,66,10
1012931,LOUD!,75,10,65,10
1012940,Love,53,10,43,10
1012941,Love,72,10,62,10
1012943,Love,89,10,79,10
1012947,Love,44,10,34,10
1012948,love,46,10,36,10
1012949,Love,94,10,84,10
1012950,LOVE,71,10,61,10
1012954,feelin good ,106,25,81,25
1012956,Love,82,10,72,10
1012958,Love,54,10,44,10
1012964,LOVE,87,10,77,10
1012969,tunes,122,25,97,25
1012970,love,58,10,48,10
1012974,Love,47,10,37,10
1012976,Love,71,10,61,10
1012979,Getting Ready,131,25,106,25
1012980,Love <4,42,10,32,10
1012981,ME ,114,25,89,25
1012984,love it,82,10,72,10
1012985,love it,82,10,72,10
1012986,Cool Music,122,25,97,25
1012989,Femme Fatale,126,25,101,25
1012991,love love,48,10,38,10
1012998,Love songs,44,10,34,10
1013000,love songs,99,10,89,10
1013002,Love Songs,67,10,57,10
1013005,Love songs,96,10,86,10
1013007,Love songs,51,10,41,10
1013009,Just Chillin,215,25,190,25
1013010,chill ,101,25,76,25
1013019,love songs,58,10,48,10
1013024,Love Will Tear Us Apart,55,10,45,10
1013028,rap,109,25,84,25
1013029,Love Yourself,53,10,43,10
1013035,LOVE.,82,10,72,10
1013037,LOVE. ,65,10,55,10
1013039,love,60,10,50,10
1013040,lovers,41,10,31,10
1013041,Lovey Dovey,87,10,77,10
1013042,road trip,161,25,136,25
1013043,low,51,10,41,10
1013044,Tbt,230,25,205,25
1013045,low key,79,10,69,10
1013047,lowkey,45,10,35,10
1013051,Luau,55,10,45,10
1013057,LuCa,47,10,37,10
1013058,2000s ,228,25,203,25
1013062,4th of July,112,25,87,25
1013064,Lucifer,57,10,47,10
1013065,luke,56,10,46,10
1013068,luke,84,10,74,10
1013069,Rap,111,25,86,25
1013070,Luna,73,10,63,10
1013075,LUSH,52,10,42,10
1013079,Workout,158,25,133,25
1013082,new music,144,25,119,25
1013085,lush life,83,10,73,10
1013088,Tunez,106,25,81,25
1013090,Lust,75,10,65,10
1013091,Ma,44,10,34,10
1013092,songs that remind me of you,114,25,89,25
1013094,MA JAMS,69,10,59,10
1013096,Madison,49,10,39,10
1013097,GC,157,25,132,25
1013098,It's Not A Phase Mom,143,25,118,25
1013099,Madre ,78,10,68,10
1013101,liked,177,25,152,25
1013102,Madrid,83,10,73,10
1013103,MAGIC,42,10,32,10
1013104,Main,69,10,59,10
1013106,Listen Up,180,25,155,25
1013107,Clean,119,25,94,25
1013108,Main,83,10,73,10
1013120,Main,62,10,52,10
1013122,Bangers,156,25,131,25
1013124,Main,59,10,49,10
1013130,Main,56,10,46,10
1013134,Main Playlist,80,10,70,10
1013135,road trip ,154,25,129,25
1013138,Make Love,56,10,46,10
1013139,Manny,73,10,63,10
1013140,Marathon,60,10,50,10
1013144,marathon,54,10,44,10
1013145,car,112,25,87,25
1013146,Marathon Training,58,10,48,10
1013153,Twenty One Pilots,106,25,81,25
1013154,teenage angst,116,25,91,25
1013162,*workout*,153,25,128,25
1013163,Alternative ,196,25,171,25
1013166,March,74,10,64,10
1013168,March,50,10,40,10
1013170,march madness,79,10,69,10
1013171,simp,114,25,89,25
1013174,am,160,25,135,25
1013175,jj,149,25,124,25
1013176,Margaritaville,48,10,38,10
1013180,Margaritaville,85,10,75,10
1013182,?????,164,25,139,25
1013183,90s R&B,140,25,115,25
1013185,Margaritaville,73,10,63,10
1013186,Rock me,203,25,178,25
1013188,Maria,67,10,57,10
1013190,2000s,211,25,186,25
1013192,Maria,44,10,34,10
1013196,mash,68,10,58,10
1013197,Matt,44,10,34,10
1013198,Matt's Playlist,53,10,43,10
1013200,School,139,25,114,25
1013202,matthew,59,10,49,10
1013204,Matthew,51,10,41,10
1013208,favvs,106,25,81,25
1013212,Maui,71,10,61,10
1013213,may,80,10,70,10
1013216,may,41,10,31,10
1013217,may,92,10,82,10
1013218,wow,106,25,81,25
1013220,MAY '18,43,10,33,10
1013222,MAY '19,45,10,35,10
1013224,Me,58,10,48,10
1013225,me,50,10,40,10
1013229,boating,175,25,150,25
1013230,Country,151,25,126,25
1013232,hip hop,174,25,149,25
1013234,Me,75,10,65,10
1013238,Me,41,10,31,10
1013240,me,44,10,34,10
1013242,LIT,141,25,116,25
1013243,Me,50,10,40,10
1013249,Country,142,25,117,25
1013251,/Rap/,112,25,87,25
1013254,me ,55,10,45,10
1013256,All,149,25,124,25
1013259,ME ,46,10,36,10
1013261,chill,151,25,126,25
1013263,sap,104,25,79,25
1013265,me gusta,59,10,49,10
1013267,meg,49,10,39,10
1013269,Apple,115,25,90,25
1013270,megan,42,10,32,10
1013273,Meh,59,10,49,10
1013275,melancholy,83,10,73,10
1013276,mello,42,10,32,10
1013277,Mellow,70,10,60,10
1013279,mellow,86,10,76,10
1013281,Mellow,98,10,88,10
1013282,Workout playlist,126,25,101,25
1013284,Mellow,64,10,54,10
1013286,mellow songs,89,10,79,10
1013287,Winter 2014,125,25,100,25
1013288,Bangers,157,25,132,25
1013289,Mellow tunes,78,10,68,10
1013290,Coachella 2014,131,25,106,25
1013293,mellow tunes,49,10,39,10
1013295,Early 2000s,145,25,120,25
1013297,Roadtrip,101,25,76,25
1013300,mellow tunes ,51,10,41,10
1013306,Mellow Vibes,69,10,59,10
1013310,Mellow Vibes,56,10,46,10
1013312,melo,42,10,32,10
1013313,MEMES,40,10,30,10
1013315,Memo,66,10,56,10
1013317,memorial day ,72,10,62,10
1013323,memories,95,10,85,10
1013326,Memories...,73,10,63,10
1013331,Memory Lane,95,10,85,10
1013332,Country,175,25,150,25
1013334,my oldies,160,25,135,25
1013338,Memory Lane,53,10,43,10
1013340,meow,56,10,46,10
1013343,Merica,78,10,68,10
1013345,merry christmas,93,10,83,10
1013347,Kpop,215,25,190,25
1013351,Throwback Thursday,117,25,92,25
1013352,MERRY CHRISTMAS,61,10,51,10
1013354,rap,156,25,131,25
1013356,Merry Christmas,84,10,74,10
1013361,Metal,94,10,84,10
1013365,80's,159,25,134,25
1013367,metal,41,10,31,10
1013369,Metal,40,10,30,10
1013370,Rap,135,25,110,25
1013371,party,136,25,111,25
1013373,Gospel,148,25,123,25
1013374,Dad Music,126,25,101,25
1013375,Metal,72,10,62,10
1013378,Metric,45,10,35,10
1013381,Mex,77,10,67,10
1013383,mhm,82,10,72,10
1013393,mhmm,71,10,61,10
1013394,mi vida,65,10,55,10
1013396,MIAMI,48,10,38,10
1013400,Cali :),190,25,165,25
1013404,Other stuff,135,25,110,25
1013406,Michael's Playlist,52,10,42,10
1013407,Michelle,81,10,71,10
1013408,Christmas jams,101,25,76,25
1013413,Nathan,177,25,152,25
1013416,Rap/Hip-Hop,233,25,208,25
1013417,Eminem,176,25,151,25
1013418,Listen,211,25,186,25
1013419,Boat,146,25,121,25
1013420,michelle ,54,10,44,10
1013422,Middle School ,59,10,49,10
1013424,Throwback,238,25,213,25
1013425,rap,234,25,209,25
1013428,Party,139,25,114,25
1013437,Middle School Dance,61,10,51,10
1013441,Middle School Dance,74,10,64,10
1013442,middle school dance,45,10,35,10
1013443,Middle School Dance ,72,10,62,10
1013444,Middle School Jams,46,10,36,10
1013445,Middle School Jamz,47,10,37,10
1013448,miguel,55,10,45,10
1013449,mike,57,10,47,10
1013451,Work it out ,223,25,198,25
1013454,Going Out,145,25,120,25
1013460,miles,84,10,74,10
1013464,milk,76,10,66,10
1013470,Mindless ,99,10,89,10
1013472,mine,87,10,77,10
1013477,mine,61,10,51,10
1013479,throwbacks,128,25,103,25
1013480,mine,66,10,56,10
1013485,lexi,129,25,104,25
1013486,mine,45,10,35,10
1013493,mine,48,10,38,10
1013494,Alternative,176,25,151,25
1013496,Mine,57,10,47,10
1013497,Mine,76,10,66,10
1013499,Mine,80,10,70,10
1013504,can't help falling in love,121,25,96,25
1013505,RAP,183,25,158,25
1013506,LIT,102,25,77,25
1013507,playlist,170,25,145,25
1013508,Rock ,233,25,208,25
1013512,Rap,175,25,150,25
1013516,country ,247,25,222,25
1013518,worship favorites,134,25,109,25
1013519,Christmas,133,25,108,25
1013522,Country,160,25,135,25
1013523,mine,43,10,33,10
1013524,Mine,67,10,57,10
1013526,Minnesota,69,10,59,10
1013527,mint,55,10,45,10
1013529,Hanging Out,111,25,86,25
1013531,She Will Be Loved,182,25,157,25
1013533,Misc.,50,10,40,10
1013534,MISC. ,40,10,30,10
1013537,Good,120,25,95,25
1013538,Mix,58,10,48,10
1013543,Mix,99,10,89,10
1013544,Mix,50,10,40,10
1013545,stay strong,185,25,160,25
1013546,Mix,55,10,45,10
1013550,Mix,70,10,60,10
1013553,Mix,65,10,55,10
1013555,Mix,49,10,39,10
1013556,Mix,74,10,64,10
1013557,2017,191,25,166,25
1013562,get going,117,25,92,25
1013565,Mix,87,10,77,10
1013566,swag,114,25,89,25
1013570,Fun Songs,119,25,94,25
1013578,mix,75,10,65,10
1013579,Mix 3,86,10,76,10
1013580,mix songs,52,10,42,10
1013581,party,161,25,136,25
1013584,Mix tape,66,10,56,10
1013587,mix2,72,10,62,10
1013588,drake,159,25,134,25
1013592,going out,161,25,136,25
1013594,mixed,51,10,41,10
1013595,Mixed,77,10,67,10
1013596,mixed emotions,100,10,90,10
1013597,Good Times,152,25,127,25
1013600,MIXER ,60,10,50,10
1013603,hood jams,245,25,220,25
1013608,booze cruise,142,25,117,25
1013610,Mixtape,50,10,40,10
1013612,mixtape,76,10,66,10
1013614,daddy,131,25,106,25
1013615,Mixx,45,10,35,10
1013617,SKA,159,25,134,25
1013620,Soundtrack,177,25,152,25
1013621,Rock,133,25,108,25
1013624,MM,46,10,36,10
1013626,mmm,100,10,90,10
1013627,Worship,128,25,103,25
1013628,Mmmm,64,10,54,10
1013629,mmmm,97,10,87,10
1013630,mmmm,49,10,39,10
1013636,mmmmm,40,10,30,10
1013641,MMXVII,67,10,57,10
1013642,Modern Music,46,10,36,10
1013643,throwback,172,25,147,25
1013644,Modern Music ,56,10,46,10
1013645,Modern Rock,88,10,78,10
1013646,Modern Rock,40,10,30,10
1013648,mojo,49,10,39,10
1013649,Mom,40,10,30,10
1013651,mom,76,10,66,10
1013652,Mom,71,10,61,10
1013653,90s country,144,25,119,25
1013655,70s,134,25,109,25
1013656,Mom,93,10,83,10
1013657,Mom Music,99,10,89,10
1013661,Mom Playlist,44,10,34,10
1013663,mom.,45,10,35,10
1013666,Moms ,44,10,34,10
1013667,Mom's Music,65,10,55,10
1013668,Tuesday,63,10,53,10
1013669,vibes,201,25,176,25
1013670,Monica,65,10,55,10
1013678,Mood,74,10,64,10
1013679,Mood,61,10,51,10
1013680,mood,41,10,31,10
1013681,mood,62,10,52,10
1013689,throwbacks,183,25,158,25
1013690,Mood,72,10,62,10
1013692,mood,42,10,32,10
1013698,Ratchet,101,25,76,25
1013700,Mood,61,10,51,10
1013702,mood,43,10,33,10
1013703,mood,86,10,76,10
1013707,mood,42,10,32,10
1013708,mood 2,41,10,31,10
1013712,ultimate,139,25,114,25
1013713,Relaxing,103,25,78,25
1013714,mood booster.,40,10,30,10
1013716,Summer,109,25,84,25
1013717,Moves,123,25,98,25
1013719,moods,71,10,61,10
1013721,Moody,52,10,42,10
1013723,Morning,85,10,75,10
1013725,morning jams,91,10,81,10
1013727,One,127,25,102,25
1013729,yee haw,106,25,81,25
1013735,Ratchet,158,25,133,25
1013737,Morning Mix,50,10,40,10
1013738,morning playlist,74,10,64,10
1013739,morning tunes,60,10,50,10
1013745,Motivation,60,10,50,10
1013746,september,136,25,111,25
1013747,motivational,40,10,30,10
1013751,Rap,184,25,159,25
1013752,Pop,154,25,129,25
1013754,jams,116,25,91,25
1013755,mountain,56,10,46,10
1013761,playlist,122,25,97,25
1013765,Mountain Music,86,10,76,10
1013768,mountains,46,10,36,10
1013769,Hip-Hop/Rap,127,25,102,25
1013770,move,86,10,76,10
1013771,Moves,73,10,63,10
1013774,favorite songs ,187,25,162,25
1013776,Travel ,124,25,99,25
1013777,Movies,46,10,36,10
1013780,movies,49,10,39,10
1013781,classics,124,25,99,25
1013782,Dope,145,25,120,25
1013783,Movies,81,10,71,10
1013784,Mozart,59,10,49,10
1013786,Mr. Brightside,58,10,48,10
1013787,Mumford & Sons Wilder Mind (Deluxe),66,10,56,10
1013788,Muse,62,10,52,10
1013789,penis,149,25,124,25
1013792,Mushy,55,10,45,10
1013800,Hehe,117,25,92,25
1013801,Hip-hop,123,25,98,25
1013802,Music,47,10,37,10
1013807,Music,74,10,64,10
1013809,music,50,10,40,10
1013813,Music,45,10,35,10
1013814,september 2017,112,25,87,25
1013815,music,49,10,39,10
1013817,Music,75,10,65,10
1013820,Road Trip,132,25,107,25
1013821,music,50,10,40,10
1013822,reception music,111,25,86,25
1013824,Rock,106,25,81,25
1013825,music,42,10,32,10
1013826,Music,71,10,61,10
1013827,Music,85,10,75,10
1013830,Music,48,10,38,10
1013834,Music,61,10,51,10
1013835,Music,51,10,41,10
1013843,Music,91,10,81,10
1013848,becky,104,25,79,25
1013850,partyyyy,171,25,146,25
1013851,music,74,10,64,10
1013854,Music,66,10,56,10
1013855,Music,49,10,39,10
1013858,Music,83,10,73,10
1013862,Music,79,10,69,10
1013867,music,44,10,34,10
1013868,music,54,10,44,10
1013869,music,47,10,37,10
1013870,Music,90,10,80,10
1013871,ARUBA,107,25,82,25
1013872,music,78,10,68,10
1013875,MUSIC,55,10,45,10
1013877,Music,60,10,50,10
1013881,MERRY CHRISTMAS,235,25,210,25
1013883,Music,63,10,53,10
1013894,TURN UP,200,25,175,25
1013895,Rich,177,25,152,25
1013896,sing,133,25,108,25
1013901,Music,40,10,30,10
1013903,Music,88,10,78,10
1013904,Workout,115,25,90,25
1013905,music ,81,10,71,10
1013907,Music <4,67,10,57,10
1013908,music 2,52,10,42,10
1013910,Real Life,202,25,177,25
1013911,Music I Like,42,10,32,10
1013915,chillin',111,25,86,25
1013917,Music i like.,64,10,54,10
1013918,Music Mix,63,10,53,10
1013919,Music to my ears,77,10,67,10
1013920,Musica,47,10,37,10
1013921,Musica Chida,43,10,33,10
1013922,Musica Latina ,54,10,44,10
1013924,musical,41,10,31,10
1013925,Musical ,48,10,38,10
1013926,Musicals,90,10,80,10
1013927,musicals,43,10,33,10
1013929,musicals,54,10,44,10
1013930,Road Trippin,125,25,100,25
1013932,Musicals,76,10,66,10
1013934,Musicals,52,10,42,10
1013937,musicals,66,10,56,10
1013938,Musicals,40,10,30,10
1013939,musicals,54,10,44,10
1013942,Throwback Songs,192,25,167,25
1013946,Driving,167,25,142,25
1013947,Musicals,75,10,65,10
1013951,musicals,51,10,41,10
1013953,Musik,95,10,85,10
1013954,Must listen,78,10,68,10
1013956,Happy,103,25,78,25
1013957,Muzak,50,10,40,10
1013959,MUZIC,74,10,64,10
1013961,My,55,10,45,10
1013964,My 80's,41,10,31,10
1013966,RUN,163,25,138,25
1013967,My best songs,50,10,40,10
1013971,my country,60,10,50,10
1013973,FUNK,118,25,93,25
1013976,my country,43,10,33,10
1013978,beatz ,131,25,106,25
1013979,My Country ,81,10,71,10
1013983,My Country!,45,10,35,10
1013984,HipHop/Rap,174,25,149,25
1013985,My Disney,53,10,43,10
1013986,My EDM,86,10,76,10
1013987,black,106,25,81,25
1013989,My fav,63,10,53,10
1013990,my fav songs,62,10,52,10
1013993,my fav songs,70,10,60,10
1013994,my fav songs,67,10,57,10
1013995,My Favorite Songs,40,10,30,10
1013996,Jams,122,25,97,25
1013997,my favorite songs,49,10,39,10
1013998,My favorites,73,10,63,10
1014004,London,103,25,78,25
1014006,my favorites,56,10,46,10
1014009,My Favs,41,10,31,10
1014010,My favs,58,10,48,10
1014013,My favs,55,10,45,10
1014015,old playlist,186,25,161,25
1014016,my favs ,82,10,72,10
1014017,Country,235,25,210,25
1014018,My girls,80,10,70,10
1014019,back then,195,25,170,25
1014020,my happy place,74,10,64,10
1014021,my heart.,55,10,45,10
1014023,My Hits,47,10,37,10
1014030,My Hits,86,10,76,10
1014037,My jam,53,10,43,10
1014040,country ,244,25,219,25
1014041,My Jam,61,10,51,10
1014050,my jam,88,10,78,10
1014054,my jam,61,10,51,10
1014058,feel good,127,25,102,25
1014061,my jam,48,10,38,10
1014062,My Jam.,85,10,75,10
1014063,My Jams,53,10,43,10
1014067,My Jams,44,10,34,10
1014069,my jams,51,10,41,10
1014071,My jams,42,10,32,10
1014072,My Jams,67,10,57,10
1014073,My Jams,62,10,52,10
1014075,My jams!,90,10,80,10
1014080,MY JAMZ,53,10,43,10
1014082,My Kind of Country ,54,10,44,10
1014084,my kinda country,62,10,52,10
1014085,My Life,92,10,82,10
1014087,My Love,40,10,30,10
1014088,My Love,83,10,73,10
1014089,my love,65,10,55,10
1014091,Rap,101,25,76,25
1014092,My mix,87,10,77,10
1014095,My mix,79,10,69,10
1014097,lit,133,25,108,25
1014099,Babies,153,25,128,25
1014100,My Music,59,10,49,10
1014103,my music,45,10,35,10
1014104,My music,40,10,30,10
1014106,my music,44,10,34,10
1014107,my music,86,10,76,10
1014108,OSL,145,25,120,25
1014111,playlist ,105,25,80,25
1014114,My music,62,10,52,10
1014116,My Music,84,10,74,10
1014117,My music,66,10,56,10
1014119,My Music,44,10,34,10
1014121,My music,69,10,59,10
1014122,My music,72,10,62,10
1014124,My music,57,10,47,10
1014125,my music ,51,10,41,10
1014126,Chanel,143,25,118,25
1014129,Awesomeness,107,25,82,25
1014131,my music ,59,10,49,10
1014132,My music ,83,10,73,10
1014133,my oldies,79,10,69,10
1014138,My own,63,10,53,10
1014140,My Party,51,10,41,10
1014144,Summer Music,166,25,141,25
1014145,My rap,48,10,38,10
1014147,roadtrip,101,25,76,25
1014151,My rock ,60,10,50,10
1014153,my songs,53,10,43,10
1014154,HYPE,159,25,134,25
1014159,My songs,98,10,88,10
1014160,Childhood,103,25,78,25
1014164,My Songs,71,10,61,10
1014165,My songs,62,10,52,10
1014169,My songs,65,10,55,10
1014171,My songs,99,10,89,10
1014175,My songs,71,10,61,10
1014179,Heavy Rock,193,25,168,25
1014180,My Songs,77,10,67,10
1014183,co,125,25,100,25
1014184,my songs,60,10,50,10
1014186,my songs,58,10,48,10
1014187,My Songs,66,10,56,10
1014201,Workout,106,25,81,25
1014202,Jams,229,25,204,25
1014224,Oldies,130,25,105,25
1014227,CAR,143,25,118,25
1014238,march madness,119,25,94,25
1014240,Country,212,25,187,25
1014246,Ratchet,126,25,101,25
1014249,throwback!pop,118,25,93,25
1014280,Vibes,135,25,110,25
1014282,WORKOUT,175,25,150,25
1014285,90s,161,25,136,25
1014291,Christmas,172,25,147,25
1014294,kpop,118,25,93,25
1014300,jams!!!,103,25,78,25
1014302,LOVE,154,25,129,25
1014303,sam,222,25,197,25
1014304,Oldies,187,25,162,25
1014305,alt.,126,25,101,25
1014307,The Zone,174,25,149,25
1014310,Rock,250,25,225,25
1014319,yeah,186,25,161,25
1014321,Study Hall,177,25,152,25
1014322,Christian,101,25,76,25
1014328,Post-Hardcore,148,25,123,25
1014364,CP,223,25,198,25
1014365,90's Alt,138,25,113,25
1014373,yeet,136,25,111,25
1014381,sxsw,242,25,217,25
1014388,gerard,151,25,126,25
1014392,partay,132,25,107,25
1014403,Other,173,100,73,100
1014426,Classic,183,100,83,100
1014427,2016,161,100,61,100
1014441,Party songs ,200,100,100,100
1014466,Country Hits,204,100,104,100
1014471,jay ,153,100,53,100
1014481,rap,163,100,63,100
1014486,Rap,180,100,80,100
1014498,party playlist,152,100,52,100
1014522,Oldies,200,100,100,100
1014532,*Good Rap*,153,100,53,100
1014580,rap/hiphop,197,100,97,100
1014584,For you..,208,100,108,100
1014590,SPRING BREAK,190,100,90,100
1014609,new,191,100,91,100
1014618,playlist,227,100,127,100
1014628,Jesus,221,100,121,100
1014662,Noah,227,100,127,100
1014693, Rock,181,100,81,100
1014699,All songs,185,100,85,100
1014739,USA,188,100,88,100
1014779,good times,238,100,138,100
1014793,my stuff,227,100,127,100
1014796,2012,247,100,147,100
1014806,Best Country ,197,100,97,100
1014834,Mix,181,100,81,100
1014835,classics,183,100,83,100
1014868,swag,159,100,59,100
1014967,Throwback ,198,100,98,100
1014982,Middle School Dance ,190,100,90,100
1014985,Throwbacks,218,100,118,100
1015002,90s/00s,165,100,65,100
1015010,Hype,165,100,65,100
1015012,PROM 2017,153,100,53,100
1015020,Sing Along Songs,161,100,61,100
1015029,Work mix,211,100,111,100
1015040,summer 17,204,100,104,100
1015042,Hamilton,228,100,128,100
1015048,pop chill,224,100,124,100
1015064,Feel Good,172,100,72,100
1015074,Writing Music,174,100,74,100
1015094,Alternative,176,100,76,100
1015112,Good Good,203,100,103,100
1015146,Country,228,100,128,100
1015147,Sub-optimal,230,100,130,100
1015159,good vibes only,164,100,64,100
1015190,smooth,220,100,120,100
1015199,happy songs,174,100,74,100
1015202,hoes ,150,100,50,100
1015221,Middle School Jamz,154,100,54,100
1015246,Country,172,100,72,100
1015268,Country 1,161,100,61,100
1015276,PARTY JAMS,160,100,60,100
1015323,oldies,229,100,129,100
1015330,Country roots,193,100,93,100
1015355,Country,227,100,127,100
1015357,Metric,180,100,80,100
1015393,New Stuff,152,100,52,100
1015407,smudged eyeliner manifesto,156,100,56,100
1015408,90210,218,100,118,100
1015414,Matt's Playlist,208,100,108,100
1015445,Country,229,100,129,100
1015447,90s,206,100,106,100
1015462,Netflix and CHILL,176,100,76,100
1015475,Mine,187,100,87,100
1015478,country :0 ,166,100,66,100
1015499,'17,167,100,67,100
1015500,Spanish,154,100,54,100
1015578,Favorite,206,100,106,100
1015601,Feels,188,100,88,100
1015606,country,166,100,66,100
1015610,EDM,168,100,68,100
1015620,New Country,179,100,79,100
1015631,drive,200,100,100,100
1015650,Lit,218,100,118,100
1015654,Country music ,159,100,59,100
1015655,Bar,250,100,150,100
1015660,Old Times,239,100,139,100
1015673,EDM,240,100,140,100
1015678,Throwbacks,162,100,62,100
1015686,fresh,193,100,93,100
1015729,ClEaNiNg MuSiC,225,100,125,100
1015735,18,231,100,131,100
1015746,peachy,162,100,62,100
1015751,old,233,100,133,100
1015767,sober,212,100,112,100
1015768,Premium ,192,100,92,100
1015807,Edm,222,100,122,100
1015821,Background,171,100,71,100
1015827,1,193,100,93,100
1015835,Good Country,220,100,120,100
1015869,Summer 15 ,248,100,148,100
1015891,Wedding,194,100,94,100
1015905,Classic Rock,195,100,95,100
1015913,PCH,245,100,145,100
1015914,offline ,155,100,55,100
1015957,Get lit,184,100,84,100
1015960,xx,154,100,54,100
1015989,Summer 2015,166,100,66,100
1016024,WORSHIP,219,100,119,100
1016031,Slow songs,177,100,77,100
1016044,lit list,164,100,64,100
1016056,Run the World,185,100,85,100
1016065,Today,213,100,113,100
1016095,top 50,159,100,59,100
1016115,Roadtrippin,169,100,69,100
1016137,Country,199,100,99,100
1016217,hype.,183,100,83,100
1016252,Scores,185,100,85,100
1016255,Gezellig,157,100,57,100
1016271,Country,154,100,54,100
1016280,Mix,182,100,82,100
1016298,chillin,236,100,136,100
1016311,Polaroid Kisses,173,100,73,100
1016318,Ratchet,173,100,73,100
1016352,vibes,161,100,61,100
1016353,Girl Power,162,100,62,100
1016360,Slow Jams,184,100,84,100
1016373,take it easy,202,100,102,100
1016405,country,173,100,73,100
1016462,Classic Rock,167,100,67,100
1016464,Luau,168,100,68,100
1016470,ART,158,100,58,100
1016489,vibes,214,100,114,100
1016534,rock,234,100,134,100
1016553,workout,217,100,117,100
1016568,Oldies ,189,100,89,100
1016587,cardio,212,100,112,100
1016589,Nathan,206,100,106,100
1016600,Slow Down,235,100,135,100
1016675,Good vibes,165,100,65,100
1016694,90s Music,198,100,98,100
1016697,music,164,100,64,100
1016704,Chill Tunes,189,100,89,100
1016711,Vibe,157,100,57,100
1016740,oldies,246,100,146,100
1016756,franz.,236,100,136,100
1016811,Crank,179,100,79,100
1016823,Country,168,100,68,100
1016871,jams,187,100,87,100
1016899,fml,152,100,52,100
1016921,#TBT,238,100,138,100
1016941,Running,175,100,75,100
1016942,New New,161,100,61,100
1016960,RoadTrip,201,100,101,100
1016985,country,195,100,95,100
1016999,Folk Rock,188,100,88,100
1017077,PARTY,181,100,81,100
1017104,Country,206,100,106,100
1017111,throwback,178,100,78,100
1017114,Broadway,181,100,81,100
1017116,Country Mix,165,100,65,100
1017141,Throwback,158,100,58,100
1017187,Way Back When,171,100,71,100
1017231,Country,152,100,52,100
1017237,new chill,225,100,125,100
1017238,Background,161,100,61,100
1017249,country,212,100,112,100
1017256,Oldies,232,100,132,100
1017295,indie,162,100,62,100
1017308,idk man,189,100,89,100
1017328,bed time,224,100,124,100
1017349,general,160,100,60,100
1017371,Spanish,172,100,72,100
1017381,Rap,163,100,63,100
1017388,country,155,100,55,100
1017394,Pop/punk,161,100,61,100
1017422,sweet 16,177,100,77,100
1017429,vibes,221,100,121,100
1017430,Country,210,100,110,100
1017469,january,162,100,62,100
1017485,throwback,232,100,132,100
1017510,Disney,207,100,107,100
1017514,Girl Power,202,100,102,100
1017592,DJ SET,244,100,144,100
1017631,chloe,228,100,128,100
1017641,in the feels,174,100,74,100
1017643,ganja ,184,100,84,100
1017695,BRUH,188,100,88,100
1017704,Writing,246,100,146,100
1017756,Country,233,100,133,100
1017791,Moody,193,100,93,100
1017818,old school,151,100,51,100
1017822,Old School ,204,100,104,100
1017872,Roadtrip,238,100,138,100
1017882,Summer '17,202,100,102,100
1017885,Groovy,153,100,53,100
1017891,drive,170,100,70,100
1017908,something else,192,100,92,100
1017917,Relax ,182,100,82,100
1017920,SUMMER17.,154,100,54,100
1017951,wedding playlist,156,100,56,100
1018032,R&B Hits ,173,100,73,100
1018045,Country,246,100,146,100
1018047,Turnt,190,100,90,100
1018072,SICK,155,100,55,100
1018078,Goodbye,151,100,51,100
1018105,Bangers ,250,100,150,100
1018109,Country,181,100,81,100
1018120,All,199,100,99,100
1018136,Alternative,232,100,132,100
1018140,ACL,169,100,69,100
1018217,lit,182,100,82,100
1018237,Vibes,158,100,58,100
1018249,Vibes,159,100,59,100
1018270,Run Run Run,214,100,114,100
1018272,jo,214,100,114,100
1018275,country,165,100,65,100
1018280,Rock,171,100,71,100
1018302,Country,187,100,87,100
1018308,Country,190,100,90,100
1018320,Random,150,100,50,100
1018329,Country,239,100,139,100
1018330,Alternative,157,100,57,100
1018334,Bangers,169,100,69,100
1018345,jams,239,100,139,100
1018346,RUN,198,100,98,100
1018365,Country,150,100,50,100
1018426,shower,151,100,51,100
1018504,Workout,210,100,110,100
1018529,Country,194,100,94,100
1018559,Jams,206,100,106,100
1018569,bangerz,157,100,57,100
1018590,Throwbackk,204,100,104,100
1018593,Country2,223,100,123,100
1018602,EDM,168,100,68,100
1018618,Country favs,150,100,50,100
1018623,Smooth,165,100,65,100
1018633,Relax,160,100,60,100
1018639,My Music,155,100,55,100
1018647,I Want You,150,100,50,100
1018654,Party,160,100,60,100
1018662,dank,215,100,115,100
1018708,Hooping,172,100,72,100
1018727,BEST SONGS EVER,176,100,76,100
1018736,RAP,207,100,107,100
1018738,MIXER ,189,100,89,100
1018739,Overflow,158,100,58,100
1018754,feelin' good,155,100,55,100
1018798,new ,168,100,68,100
1018854,Rap,159,100,59,100
1018874,Country Jams,207,100,107,100
1018903,New,198,100,98,100
1018905,Good Country,221,100,121,100
1018917,country songs,189,100,89,100
1018921,My music,198,100,98,100
1018936,2017,219,100,119,100
1018960,Country,227,100,127,100
1018997,Rock,214,100,114,100
1019003,slow jams,215,100,115,100
1019006,workout,160,100,60,100
1019039,Relaxing ,158,100,58,100
1019050,Country,211,100,111,100
1019056,Country Vibes,159,100,59,100
1019072,Rock classics,193,100,93,100
1019083,Baby Girl,198,100,98,100
1019093,get lit!,170,100,70,100
1019095,chill,232,100,132,100
1019125,OSL,191,100,91,100
1019164,ay,204,100,104,100
1019195,childhood.,170,100,70,100
1019260,country,157,100,57,100
1019267,throwbacks,208,100,108,100
1019283,80s mix,212,100,112,100
1019330,Background Music,229,100,129,100
1019351,Throwbacks,199,100,99,100
1019359,country,172,100,72,100
1019369,sleep tight,155,100,55,100
1019376,Nostalgia,190,100,90,100
1019383,Throwback,176,100,76,100
1019497,partypartyparty,185,100,85,100
1019505,Grad Party,216,100,116,100
1019506,Whispers in the Dark,160,100,60,100
1019508,wut,223,100,123,100
1019520,The List,158,100,58,100
1019547,old rock,150,100,50,100
1019565,j chillin,246,100,146,100
1019604,holiday,209,100,109,100
1019629,chin up,185,100,85,100
1019638,Skrt ,164,100,64,100
1019675,TB,191,100,91,100
1019678,Dad's music,165,100,65,100
1019701,chill,173,100,73,100
1019702,School songs,165,100,65,100
1019720,Rap,172,100,72,100
1019755,#ThrowbackThursday,223,100,123,100
1019795,pregame,151,100,51,100
1019803,Freshman Year,182,100,82,100
1019826,Energetic,157,100,57,100
1019886,Chill ,208,100,108,100
1019893,Good Playlist,186,100,86,100
1019957,EDM,153,100,53,100
1019963,everything,150,100,50,100
1019978,John's playlist,238,100,138,100
1019982,Rap,165,100,65,100
1020003,nc,150,100,50,100
1020013,middle school dance,154,100,54,100
1020020,grad,162,100,62,100
1020024,DOOM,205,100,105,100
1020039,Oldies,177,100,77,100
1020064,HAN,182,100,82,100
1020095,Jingle Bells,232,100,132,100
1020103,Oldies,213,100,113,100
1020104,Oldies but Goodies,212,100,112,100
1020117,throwback,180,100,80,100
1020162,Alternative/Chill,247,100,147,100
1020175,Classic Rock,186,100,86,100
1020191,Road Trip Jams,157,100,57,100
1020214,Favorite music,197,100,97,100
1020215,Vibin,178,100,78,100
1020223,New Country,206,100,106,100
1020225,ALTERNATIVE ,158,100,58,100
1020228,Mom,154,100,54,100
1020250,favZ,165,100,65,100
1020263,rando,161,100,61,100
1020272,College,221,100,121,100
1020300,golden hour,156,100,56,100
1020331,hip hop ,183,100,83,100
1020332,chill vibes,192,100,92,100
1020334,chillin',167,100,67,100
1020337,alternative,220,100,120,100
1020355,Indie/Alternative,197,100,97,100
1020359,Summer 15,212,100,112,100
1020360,sammy,225,100,125,100
1020383,90s Hip Hop,155,100,55,100
1020402,Vibesss,175,100,75,100
1020413,hip hop,160,100,60,100
1020415,southern,192,100,92,100
1020417,rap,216,100,116,100
1020421,get turnt,221,100,121,100
1020466,Pop,174,100,74,100
1020467,New,170,100,70,100
1020498,Summer 16,164,100,64,100
1020507,Yaas,204,100,104,100
1020518,SING,163,100,63,100
1020547,Homework,153,100,53,100
1020567,busted,214,100,114,100
1020589,Summer 2017,237,100,137,100
1020609,Fire,169,100,69,100
1020613,waves,212,100,112,100
1020624,yessir,189,100,89,100
1020673,Banda,199,100,99,100
1020826,90s Alternative ,158,100,58,100
1020852,KP,221,100,121,100
1020855,Junior,198,100,98,100
1020863,anthems,209,100,109,100
1020910,Cruise,154,100,54,100
1020917,feels,182,100,82,100
1020918,26.2,183,100,83,100
1020921,Work,157,100,57,100
1020932,jams,157,100,57,100
1020978,hashtag ,174,100,74,100
1021020,Bad Ass,164,100,64,100
1021021,classic rock,165,100,65,100
1021059,Vegas,175,100,75,100
1021126,old tunes,224,100,124,100
1021131,NAPTIME,163,100,63,100
1021157,this ,212,100,112,100
1021211,mixed emotions,153,100,53,100
1021213,Beach,189,100,89,100
1021217,On The Road,151,100,51,100
1021277,ALT,203,100,103,100
1021283,Pump,153,100,53,100
1021287,Road Trip!,170,100,70,100
1021327,Snowboarding,183,100,83,100
1021385,The Good Stuff,218,100,118,100
1021463,san fran,160,100,60,100
1021465,love,151,100,51,100
1021475,summer,163,100,63,100
1021480,house party,171,100,71,100
1021492,Now,216,100,116,100
1021493,<3,153,100,53,100
1021505,Throwbacks,245,100,145,100
1021510,rap/hip hop,243,100,143,100
1021524,Country,172,100,72,100
1021536,Nostalgia,150,100,50,100
1021543,TBT,153,100,53,100
1021558,Great.,176,100,76,100
1021593,COUNTRY,163,100,63,100
1021606,Summer 16,157,100,57,100
1021607,Boner Jams,153,100,53,100
1021625,Broadway,152,100,52,100
1021634,my jam,169,100,69,100
1021654,Study,175,100,75,100
1021673,80s,196,100,96,100
1021703,david,175,100,75,100
1021707,Kpop,165,100,65,100
1021718,new,220,100,120,100
1021722,chill playlist,207,100,107,100
1021734,party,164,100,64,100
1021758,Boom,221,100,121,100
1021786,nati,216,100,116,100
1021791,ATL,230,100,130,100
1021798,Feels,184,100,84,100
1021846,no name,203,100,103,100
1021861,RAP,241,100,141,100
1021868,Saved songs,247,100,147,100
1021903,Country,220,100,120,100
1021910,Old School Hip Hop,153,100,53,100
1021939,My Music,200,100,100,100
1021950,Classic Rock,214,100,114,100
1021979,80s ,151,100,51,100
1021993,country,167,100,67,100
1021997,My Jams,246,100,146,100
1022010,My Songs,186,100,86,100
1022015,Sing along songs,197,100,97,100
1022028,Writing Music,177,100,77,100
1022030,pregame,176,100,76,100
1022036,edm,156,100,56,100
1022047,MIAMI,192,100,92,100
1022051,Dance,204,100,104,100
1022054,rockish,240,100,140,100
1022067,sunflower,166,100,66,100
1022071,Memory Lane,219,100,119,100
1022072,feels like summer,209,100,109,100
1022096,country,197,100,97,100
1022108,fun,185,100,85,100
1022133,Love,186,100,86,100
1022143,rock,244,100,144,100
1022150,Drive,212,100,112,100
1022155,Hip hop,158,100,58,100
1022160,Folk,164,100,64,100
1022206,cookout,167,100,67,100
1022225,ROAD TRIP,155,100,55,100
1022236,rap,151,100,51,100
1022254,Merry Christmas,178,100,78,100
1022259,Grad Party,181,100,81,100
1022271,take me back,181,100,81,100
1022282,New,159,100,59,100
1022284,Party,204,100,104,100
1022292,my jam,234,100,134,100
1022295,Vibes ,169,100,69,100
1022359,rock,152,100,52,100
1022398,Raggae,163,100,63,100
1022409,Mellow,174,100,74,100
1022410,Favorite Songs,162,100,62,100
1022414,throwback,151,100,51,100
1022418,Genius,169,100,69,100
1022441,lit fam,163,100,63,100
1022446,car jams,154,100,54,100
1022503,fun,187,100,87,100
1022511,escape,174,100,74,100
1022531,chill,159,100,59,100
1022542,marathon,170,100,70,100
1022551,chill,155,100,55,100
1022566,Country,193,100,93,100
1022567,Amy,202,100,102,100
1022569,My Stuff,224,100,124,100
1022592,Hit List,168,100,68,100
1022662,my fav songs,165,100,65,100
1022674,worship,183,100,83,100
1022696,Daily Music,159,100,59,100
1022718,new,191,100,91,100
1022728,Classic Rock,199,100,99,100
1022739,exhale,194,100,94,100
1022753,TU!!!,205,100,105,100
1022771,Alternative,173,100,73,100
1022798,lit,157,100,57,100
1022850,Pop,238,100,138,100
1022857,Throwbacks,155,100,55,100
1022863,jada,244,100,144,100
1022875,everything!,180,100,80,100
1022897,Backyard,174,100,74,100
1022903,Main,176,100,76,100
1022929,Sleep time,154,100,54,100
1022934,LIT LIT LIT,167,100,67,100
1022936,<>,208,100,108,100
1022949,tanning,244,100,144,100
1022982,now,225,100,125,100
1022998,Sweet Disposition,169,100,69,100
1023034,musicals,246,100,146,100
1023035,Bonfire,159,100,59,100
1023042,chill out.,167,100,67,100
1023088,23,205,100,105,100
1023102,Rap,236,100,136,100
1023148,JAMZ,222,100,122,100
1023153,mmmmm,208,100,108,100
1023194,alt,165,100,65,100
1023196,throwbacks,169,100,69,100
1023197,ego,205,100,105,100
1023232,Alternative,197,100,97,100
1023234,good vibes,215,100,115,100
1023235,HYPE,191,100,91,100
1023239,country,152,100,52,100
1023279,Top 20,165,100,65,100
1023330,oldies,203,100,103,100
1023384,pop country,224,100,124,100
1023387,happy,201,100,101,100
1023403,country,186,100,86,100
1023428,Work,224,100,124,100
1023440,Jesus Music ,223,100,123,100
1023447,Christina,218,100,118,100
1023474,smooth af,165,100,65,100
1023475,ALT JAMS,172,100,72,100
1023487,HipHop,173,100,73,100
1023570,party bus,154,100,54,100
1023583,Oldies but Goodies,226,100,126,100
1023594,Country,228,100,128,100
1023595,road trips,163,100,63,100
1023609,ILL,183,100,83,100
1023627,Throw it Back,174,100,74,100
1023640,Party,191,100,91,100
1023660,Monday,221,100,121,100
1023677,Summer_17 ,199,100,99,100
1023697,throwbacks,191,100,91,100
1023698,Metal,167,100,67,100
1023705,may '17,154,100,54,100
1023724,character development soundtrack,197,100,97,100
1023736,good good,153,100,53,100
1023743,Classic,174,100,74,100
1023758,getting ready,210,100,110,100
1023759,Henry,224,100,124,100
1023773,Current Favorites,220,100,120,100
1023791,country jams,216,100,116,100
1023794,Rap,193,100,93,100
1023802,Car,227,100,127,100
1023809,Country,182,100,82,100
1023830,turn up,215,100,115,100
1023893,drive,159,100,59,100
1023950,han ,156,100,56,100
1023965,Jam out,155,100,55,100
1023998,Workout,193,100,93,100
1024008,Hits,223,100,123,100
1024027,Madison,204,100,104,100
1024032,salon,184,100,84,100
1024041,Country,195,100,95,100
1024088,80s Dance,184,100,84,100
1024119,Old Songs,239,100,139,100
1024121,Studying,166,100,66,100
1024168,throwbacks,154,100,54,100
1024183,Study,164,100,64,100
1024199,Car,161,100,61,100
1024215,rap,233,100,133,100
1024221,alternative,223,100,123,100
1024244,Indie,223,100,123,100
1024269,GYM,184,100,84,100
1024280,classics,165,100,65,100
1024287,country,206,100,106,100
1024309,TOP,222,100,122,100
1024327,Unurgent,154,100,54,100
1024338,country ,166,100,66,100
1024343,Country,218,100,118,100
1024351,Random,194,100,94,100
1024355,Spanish,179,100,79,100
1024405,ACL,161,100,61,100
1024428,Throwbacks,216,100,116,100
1024443,With You,178,100,78,100
1024467,My rock ,247,100,147,100
1024485,Tailgate,170,100,70,100
1024635,Country,177,100,77,100
1024650,my fav songs,193,100,93,100
1024656,<3 ,177,100,77,100
1024682,litness,167,100,67,100
1024684,Lent,230,100,130,100
1024694,Disney!,178,100,78,100
1024712,Classic Country,182,100,82,100
1024720,Mine,220,100,120,100
1024737,throwback,152,100,52,100
1024775,Elizabeth,243,100,143,100
1024790,Jamz,191,100,91,100
1024810,Closer,197,100,97,100
1024817,Rock/Pop,168,100,68,100
1024832,Nice Music,200,100,100,100
1024847,OG,175,100,75,100
1024858,only the best,217,100,117,100
1024863,Christmas,184,100,84,100
1024869,New Playlist 5,168,100,68,100
1024881,Classics,194,100,94,100
1024895,2016,151,100,51,100
1024901,Country,214,100,114,100
1024918,Dad,237,100,137,100
1024960,country,206,100,106,100
1024965,lovers,180,100,80,100
1024974,You KNOW,185,100,85,100
1024979,Bruh ,197,100,97,100
1025009,Country,177,100,77,100
1025010,DUBSTEP,208,100,108,100
1025022,Work,176,100,76,100
1025029,party,177,100,77,100
1025040,Country Mix,247,100,147,100
1025098,Soundtracks,226,100,126,100
1025142,Random Music ,225,100,125,100
1025148,Likes,151,100,51,100
1025157,workout,150,100,50,100
1025219,car rides,152,100,52,100
1025225,Oldies but Goodies,172,100,72,100
1025227,basketball playlist,181,100,81,100
1025248,ladies,157,100,57,100
1025273,Do I Wanna Know?,200,100,100,100
1025283,Sub-optimal,237,100,137,100
1025296,Old School,236,100,136,100
1025304,throwback,182,100,82,100
1025308,me,194,100,94,100
1025356,throwbacks,186,100,86,100
1025365,country,152,100,52,100
1025368,Chill,155,100,55,100
1025394,country ,162,100,62,100
1025396,Bangers,198,100,98,100
1025417,The Jam.,188,100,88,100
1025422,70s and 80s,228,100,128,100
1025437,chillin,151,100,51,100
1025472,10/10,153,100,53,100
1025479,Country,177,100,77,100
1025487,throwbacks ,235,100,135,100
1025497,Soft Rock,168,100,68,100
1025499,Alternative Rock,246,100,146,100
1025532,Rock,215,100,115,100
1025624,mine,170,100,70,100
1025625,chi,176,100,76,100
1025682,Classic,223,100,123,100
1025708,Happy,181,100,81,100
1025759,My music,183,100,83,100
1025768,mint,172,100,72,100
1025787,country,151,100,51,100
1025790,2017,168,100,68,100
1025805,Christian/Worship,249,100,149,100
1025806,Party Songs,222,100,122,100
1025819,Not Sorry,156,100,56,100
1025827,litmas,187,100,87,100
1025828,CW,206,100,106,100
1025830,blah,152,100,52,100
1025847,Andrew,172,100,72,100
1025865,mix,184,100,84,100
1025892,chill,191,100,91,100
1025893,House music,212,100,112,100
1025900,Backyard,170,100,70,100
1025930,soul food,168,100,68,100
1025998,pop,224,100,124,100
1026001,After Party,162,100,62,100
1026024,Rap,214,100,114,100
1026029,Unurgent,222,100,122,100
1026042,country jams,173,100,73,100
1026062,Alaska,150,100,50,100
1026066,Jams,151,100,51,100
1026072,party people,157,100,57,100
1026073,Country 1 ,226,100,126,100
1026104,Throwbackkkk,153,100,53,100
1026118,Country,166,100,66,100
1026121,oldies,206,100,106,100
1026138,Allison,206,100,106,100
1026145,Trappin,221,100,121,100
1026169,Something Just Like This,226,100,126,100
1026223,tbt,207,100,107,100
1026254,country,227,100,127,100
1026297,Gym Jams,173,100,73,100
1026298,new rap,172,100,72,100
1026305,skrt,162,100,62,100
1026314,Country,180,100,80,100
1026401,LAKE,161,100,61,100
1026437,Winter 2017,164,100,64,100
1026451,Study Sesh,162,100,62,100
1026477,Classics,186,100,86,100
1026479,Graduation Party,208,100,108,100
1026482,Country,151,100,51,100
1026490,other,201,100,101,100
1026491,EDM 2017,169,100,69,100
1026499,bops,175,100,75,100
1026500,Best of the Best,156,100,56,100
1026503,new country,189,100,89,100
1026505,Summer,198,100,98,100
1026515,sing your heart out,181,100,81,100
1026560,ok,178,100,78,100
1026573,Country,235,100,135,100
1026590,DANCE,151,100,51,100
1026594,cruisin,221,100,121,100
1026622,Classic,203,100,103,100
1026635,old songs,156,100,56,100
1026658,Timeless,197,100,97,100
1026706,KANYE WEST,179,100,79,100
1026718,Basketball,165,100,65,100
1026762,Summer Country,161,100,61,100
1026777,Rock,239,100,139,100
1026842,BEN,166,100,66,100
1026844,Alternative,203,100,103,100
1026854,Praise and Worship,178,100,78,100
1026858,Classic rock,188,100,88,100
1026866,LETS GO,200,100,100,100
1026883,melancholy,167,100,67,100
1026896,Old Playlist,176,100,76,100
1026900,Rap,196,100,96,100
1026913,The best,212,100,112,100
1026934,My Hits,153,100,53,100
1026940,KY,205,100,105,100
1026971,Famous,225,100,125,100
1026975,Spencer,215,100,115,100
1026986,Trap,153,100,53,100
1026996,hood jams,197,100,97,100
1027019,Happy Beats,156,100,56,100
1027021,pop songs,179,100,79,100
1027028,Country,188,100,88,100
1027047,Friday.,194,100,94,100
1027062,Vibes,157,100,57,100
1027069,country,203,100,103,100
1027071,lit af,201,100,101,100
1027072,ReMiX,235,100,135,100
1027076,Yams,164,100,64,100
1027158,old country ,194,100,94,100
1027160,old country ,224,100,124,100
1027165,TBT!!,212,100,112,100
1027177,Stuff,150,100,50,100
1027194,Best of,175,100,75,100
1027210,country ,235,100,135,100
1027213,wrap,166,100,66,100
1027233,Old Hip Hop,240,100,140,100
1027257,Rap,156,100,56,100
1027266,Hip Hop,167,100,67,100
1027284,Soundtracks,218,100,118,100
1027285,Tops,173,100,73,100
1027287,new,200,100,100,100
1027301,chill,176,100,76,100
1027303,365,190,100,90,100
1027304,everything,218,100,118,100
1027326,dat new new,151,100,51,100
1027328,Country ,201,100,101,100
1027360,Disney,160,100,60,100
1027365,ALL SONGS,204,100,104,100
1027366,Relax,168,100,68,100
1027395,Swole,193,100,93,100
1027427,Old Skool,231,100,131,100
1027465,OLD is GOLD,178,100,78,100
1027478,Christmas Jams,187,100,87,100
1027486,new,192,100,92,100
1027488,Mom's Music,195,100,95,100
1027490,workout,232,100,132,100
1027492,dom,205,100,105,100
1027509,Chill,184,100,84,100
1027520,Drive,154,100,54,100
1027536,good vibes.,162,100,62,100
1027563,summer country,203,100,103,100
1027595,Liked Songs,172,100,72,100
1027624,daily,185,100,85,100
1027634,Journey,231,100,131,100
1027657,grind,161,100,61,100
1027680,drive ,163,100,63,100
1027685,old school hip hop,172,100,72,100
1027725,my jam,178,100,78,100
1027727,Rock Mix,231,100,131,100
1027747,EDM Playlist,173,100,73,100
1027758,Road trip,187,100,87,100
1027763,kickin' it,159,100,59,100
1027780,Christmas music,153,100,53,100
1027784,The Ultimate,219,100,119,100
1027792,jamz,156,100,56,100
1027796,Turn Up,153,100,53,100
1027799,Workout,236,100,136,100
1027817,Car Rides ,155,100,55,100
1027849,Party,222,100,122,100
1027867,YeeHaw!,171,100,71,100
1027889,best ever,170,100,70,100
1027896,10.15,167,100,67,100
1027897,90's Alternative,216,100,116,100
1027906,songs to listen to,226,100,126,100
1027909,Oldies,241,100,141,100
1027914,#Bumps,223,100,123,100
1027924,tb,152,100,52,100
1027933,Beats,240,100,140,100
1027958,Labor Day,163,100,63,100
1027967,R&b,178,100,78,100
1027969,Throwbacks,232,100,132,100
1027975,Country Jam,207,100,107,100
1027986,country,223,100,123,100
1028002,My jams!,203,100,103,100
1028006,MM,244,100,144,100
1028008,hi,177,100,77,100
1028009,Country Lovin',203,100,103,100
1028016,Good Songs,207,100,107,100
1028053,All,195,100,95,100
1028090,Aye,151,100,51,100
1028091,3 doors down,205,100,105,100
1028115,K-pop,183,100,83,100
1028121,lit,196,100,96,100
1028140,All Time Favorites,160,100,60,100
1028150,Study,152,100,52,100
1028152,party,214,100,114,100
1028159,JUNE 2016,158,100,58,100
1028166,coachella 2015,218,100,118,100
1028172,Country,164,100,64,100
1028193,rock,233,100,133,100
1028194,car vibes,174,100,74,100
1028195,Banana Pancakes,224,100,124,100
1028212,Punk Goes,161,100,61,100
1028222,Broadway,158,100,58,100
1028261,Spanish,154,100,54,100
1028262,twerk,209,100,109,100
1028266,EVERYTHING,162,100,62,100
1028288,country,209,100,109,100
1028296,the best songs ever,179,100,79,100
1028317,Bass,207,100,107,100
1028320,Country,230,100,130,100
1028346,Banda,197,100,97,100
1028350,mountain,157,100,57,100
1028357,huh,150,100,50,100
1028365,80s Playlist,153,100,53,100
1028407,Sweet,242,100,142,100
1028414,Boston Calling,176,100,76,100
1028415,Bday,159,100,59,100
1028418,cute songs,244,100,144,100
1028430,New Music,173,100,73,100
1028459,Bachata,153,100,53,100
1028471,Spring '17,153,100,53,100
1028496,80s 90s,155,100,55,100
1028526,GG,163,100,63,100
1028528,Country FAVS,233,100,133,100
1028542,Oldies,155,100,55,100
1028549,Easy Listening,160,100,60,100
1028550,Hard Rock ,198,100,98,100
1028578,throwbacks,162,100,62,100
1028586,Get Schwifty,197,100,97,100
1028638,Summer Lovin,185,100,85,100
1028647,Country,197,100,97,100
1028669,Country,235,100,135,100
1028683,nothing,246,100,146,100
1028684,Throwbacks,199,100,99,100
1028712,Old School!,179,100,79,100
1028729,New RAP,245,100,145,100
1028751,90s Party,232,100,132,100
1028765,Workout,176,100,76,100
1028769,Sunny Days,204,100,104,100
1028783,boat,173,100,73,100
1028791,Latino,231,100,131,100
1028810,Ai,172,100,72,100
1028812,Top Hits,163,100,63,100
1028813,long ,228,100,128,100
1028816,country,189,100,89,100
1028851,Calm,249,100,149,100
1028887,Soothing,201,100,101,100
1028896,Car Jams,206,100,106,100
1028933,Background Music,236,100,136,100
1028934,Rap,190,100,90,100
1028935,Stuff,154,100,54,100
1028943,Work,150,100,50,100
1028953,art class,201,100,101,100
1028979,Fav Country,243,100,143,100
1029026,jammin,241,100,141,100
1029046,Roadtrip,195,100,95,100
1029048,Worship,188,100,88,100
1029066,Pump up,158,100,58,100
1029082,worship,172,100,72,100
1029096,best,185,100,85,100
1029112,wedding,166,100,66,100
1029127,Car Rides,164,100,64,100
1029145,nostalgia,209,100,109,100
1029178,on the road,182,100,82,100
1029190,throwback ,210,100,110,100
1029191,Cruisin',224,100,124,100
1029235,rock ,190,100,90,100
1029242,ROAD TRIP!!!!,203,100,103,100
1029262,Disney,239,100,139,100
1029265,Jesus,189,100,89,100
1029277,Turnt,201,100,101,100
1029281,wiz khalifa,202,100,102,100
1029310,INDIE,172,100,72,100
1029358,Chill ,235,100,135,100
1029366,Lolla! ,237,100,137,100
1029378,summer,229,100,129,100
1029415,Classics,229,100,129,100
1029424,Classic Rock,248,100,148,100
1029428,Brad Paisley,150,100,50,100
1029456,Blaze,233,100,133,100
1029457,Workout,212,100,112,100
1029463,butterflies,187,100,87,100
1029469,PAINTING,245,100,145,100
1029471,Country,201,100,101,100
1029486,Pura Banda,232,100,132,100
1029532,Eyy,219,100,119,100
1029555,Country,225,100,125,100
1029572,emily,249,100,149,100
1029585,Calm,243,100,143,100
1029592,Calm,168,100,68,100
1029593,Rap 2.0,168,100,68,100
1029609,KPOP,205,100,105,100
1029615,BBQ,224,100,124,100
1029640,Chill,150,100,50,100
1029657,2000s hip hop,193,100,93,100
1029659,Country ,155,100,55,100
1029666,Throwback ,175,100,75,100
1029674,lmao,150,100,50,100
1029690,Party,211,100,111,100
1029720,Oregon,170,100,70,100
1029729,Rock,239,100,139,100
1029748,Country,155,100,55,100
1029766,Gigi,240,100,140,100
1029772,60's,175,100,75,100
1029796,Banda,180,100,80,100
1029804,R&B,166,100,66,100
1029827,Country,217,100,117,100
1029833,Amber,176,100,76,100
1029844,good good,170,100,70,100
1029847,Rain,222,100,122,100
1029857,nostalgia,155,100,55,100
1029864,worship,160,100,60,100
1029911,This is my jam,235,100,135,100
1029915,Good Vibes ,198,100,98,100
1029945,80s,227,100,127,100
1029976,Work Playlist,216,100,116,100
1030033,summa,160,100,60,100
1030037,Weights,229,100,129,100
1030048,chill,198,100,98,100
1030050,Reggeton,201,100,101,100
1030079,Oldies,173,100,73,100
1030086,Paradise,162,100,62,100
1030101,top,209,100,109,100
1030105,good,172,100,72,100
1030120,Sass,188,100,88,100
1030123,Tbt,158,100,58,100
1030138,bloop,202,100,102,100
1030149,roadtrip,237,100,137,100
1030154,Rap,205,100,105,100
1030160,80s,226,100,126,100
1030171,Nostalgia,194,100,94,100
1030208,Vibe,196,100,96,100
1030209,Work jams,192,100,92,100
1030216,chill,155,100,55,100
1030224,jams,151,100,51,100
1030251,dank,200,100,100,100
1030252,country,179,100,79,100
1030286,rap,222,100,122,100
1030293,hi,203,100,103,100
1030304,OC,205,100,105,100
1030313,Beach,188,100,88,100
1030321,//17,216,100,116,100
1030348,<3,216,100,116,100
1030363,DAILY,229,100,129,100
1030455,tunes,158,100,58,100
1030478,2017,222,100,122,100
1030491,THE PLAYLIST,169,100,69,100
1030506,tbt,226,100,126,100
1030516,Let It Go,222,100,122,100
1030548,country ,165,100,65,100
1030583,chill songs,228,100,128,100
1030602,Rap ,153,100,53,100
1030607,Everything ,150,100,50,100
1030618,mello,245,100,145,100
1030652,feb,178,100,78,100
1030664,Red Bull Editions Coachella Playlist,164,100,64,100
1030665,Playlist,216,100,116,100
1030676,Cruisin',207,100,107,100
1030687,Rock,199,100,99,100
1030718,summer,165,100,65,100
1030724,Driving,199,100,99,100
1030733,Timeless,200,100,100,100
1030753,winter,151,100,51,100
1030757,Ben Folds,201,100,101,100
1030779,Roots,217,100,117,100
1030810,work,215,100,115,100
1030841,Country jams,197,100,97,100
1030845,Summer 2015,167,100,67,100
1030850,random goodness,161,100,61,100
1030867,Summer,152,100,52,100
1030912,Country,164,100,64,100
1030913,favorite country,150,100,50,100
1030917,Rock,153,100,53,100
1030923,my brain at 3am,189,100,89,100
1030939,Alternative,178,100,78,100
1030977,All songs,165,100,65,100
1030996,RAD,172,100,72,100
1031004,isaiah,190,100,90,100
1031028,Country,207,100,107,100
1031066,TB,176,100,76,100
1031098,YEAH,162,100,62,100
1031126,Rap/ hip hop,179,100,79,100
1031151,Worship,198,100,98,100
1031158,Countryy,174,100,74,100
1031170,New Country,176,100,76,100
1031173,Oldies,171,100,71,100
1031211,New Favorites,185,100,85,100
1031216,Car Jams,217,100,117,100
1031254,main character energy,190,100,90,100
1031264,gym beats,166,100,66,100
1031274,Rap,214,100,114,100
1031280,peaceful,179,100,79,100
1031294,chill,190,100,90,100
1031308,Way Back,154,100,54,100
1031385,workout,155,100,55,100
1031396,90s,150,100,50,100
1031416,Chill Music,153,100,53,100
1031430,rock,157,100,57,100
1031443,time ,187,100,87,100
1031447,Summer Road Trip,181,100,81,100
1031452,Country,234,100,134,100
1031460,yah,215,100,115,100
1031469,tbt,215,100,115,100
1031506,Beachin',244,100,144,100
1031516,Country,188,100,88,100
1031574,OG,172,100,72,100
1031601,The Way,233,100,133,100
1031613,car rides,179,100,79,100
1031620,country,218,100,118,100
1031637,Christian Rap,216,100,116,100
1031676,Christian,197,100,97,100
1031684,Smoothie,232,100,132,100
1031696,workout,165,100,65,100
1031790,Country Faves,153,100,53,100
1031797,COUNTRY,189,100,89,100
1031836,country,185,100,85,100
1031841,country,176,100,76,100
1031842,work,164,100,64,100
1031858,Butter,161,100,61,100
1031895,Old Hip Hop,197,100,97,100
1031896,Workout,164,100,64,100
1031933,Classic Rock,231,100,131,100
1031942,saved,181,100,81,100
1031965,HIM,176,100,76,100
1031992,everything,187,100,87,100
1032006,lolla 2015,167,100,67,100
1032023,christmas,159,100,59,100
1032044,00's,160,100,60,100
1032049,I workout! ,195,100,95,100
1032057,childhood,236,100,136,100
1032080,HighSchool,172,100,72,100
1032090,Wwe,186,100,86,100
1032100,Darty,186,100,86,100
1032115,Country,208,100,108,100
1032117,The tunes,167,100,67,100
1032146,Rap/Hip Hop,223,100,123,100
1032155,pregame,156,100,56,100
1032198,car,154,100,54,100
1032224,feel good,200,100,100,100
1032231,No Apologies,163,100,63,100
1032233,Salsa clasica,238,100,138,100
1032286,dmb,176,100,76,100
1032303,c o u n t r y,211,100,111,100
1032307,ambient,199,100,99,100
1032310,Camp,151,100,51,100
1032318,weezy,164,100,64,100
1032354,hiphop,174,100,74,100
1032380,dads music,199,100,99,100
1032412,Christian,150,100,50,100
1032433,Alternate,155,100,55,100
1032436,fall in love,166,100,66,100
1032453,Road Tripping,179,100,79,100
1032456,old rock,224,100,124,100
1032463,Driving,180,100,80,100
1032542,Country Tunes,177,100,77,100
1032547,Chill/Work,189,100,89,100
1032578,musical,202,100,102,100
1032587,Sheets,207,100,107,100
1032594,Christmas ,160,100,60,100
1032604,blue,156,100,56,100
1032607,Musicals,179,100,79,100
1032632,Work2,156,100,56,100
1032645,fire,176,100,76,100
1032646,throwback,188,100,88,100
1032681,work out music,166,100,66,100
1032684,Car Rides,191,100,91,100
1032692,Background,223,100,123,100
1032711,not country,165,100,65,100
1032718,Rap,166,100,66,100
1032730,here we go again,175,100,75,100
1032774,Chill,200,100,100,100
1032787,throwbacks,187,100,87,100
1032809,Vibes,194,100,94,100
1032815,music,243,100,143,100
1032833,R & B,163,100,63,100
1032846,jamz,223,100,123,100
1032877,Country,188,100,88,100
1032884,workout 1,185,100,85,100
1032912,Christian,206,100,106,100
1032935,work work work,173,100,73,100
1032954,Just Breathe,165,100,65,100
1032969,mood 1,153,100,53,100
1032977,Classic,176,100,76,100
1032987,everything,203,100,103,100
1033017,Party,189,100,89,100
1033021,Jeep,164,100,64,100
1033029,Beach Week,184,100,84,100
1033038,:. Motivation .:,175,100,75,100
1033039,rock n roll,222,100,122,100
1033059,Swag,166,100,66,100
1033065,kiki,171,100,71,100
1033100,Patience.,198,100,98,100
1033121,Party country ,171,100,71,100
1033137,mi vida,212,100,112,100
1033145,country,189,100,89,100
1033148,Good Playlist,173,100,73,100
1033174,Disney,190,100,90,100
1033214,luke,185,100,85,100
1033238,Party,196,100,96,100
1033266,Car,188,100,88,100
1033274,abc,201,100,101,100
1033305,2017,225,100,125,100
1033307,Goldies.,167,100,67,100
1033320,Denver,157,100,57,100
1033348,everything else,242,100,142,100
1033349,fire,182,100,82,100
1033370,love love,166,100,66,100
1033375,Classic,164,100,64,100
1033376,Country!,195,100,95,100
1033397,Jesus Jams,187,100,87,100
1033482,Classic Country,185,100,85,100
1033531,Will's playlist,150,100,50,100
1033539,Country,179,100,79,100
1033554,Country Time,177,100,77,100
1033562,Pie,180,100,80,100
1033566,yay area,232,100,132,100
1033595,regg,154,100,54,100
1033614,Country ,160,100,60,100
1033620,Classic Rock,202,100,102,100
1033628,lily,228,100,128,100
1033630,Workout Mix,170,100,70,100
1033653,snap,244,100,144,100
1033675,good vibes,198,100,98,100
1033703,music,158,100,58,100
1033710,Rock,217,100,117,100
1033723,Jamz,154,100,54,100
1033726,Other songs,160,100,60,100
1033751,GOOD VIBRATIONS,199,100,99,100
1033790,Throwback,180,100,80,100
1033801,Rude,221,100,121,100
1033824,Oldie but a Goodie ,243,100,143,100
1033834,slaps,155,100,55,100
1033839,ANDY,157,100,57,100
1033874,Summer vibes,171,100,71,100
1033891,Gaming,187,100,87,100
1033920,Life,197,100,97,100
1033940,My Country!,197,100,97,100
1033967,80's,157,100,57,100
1033975,serenity,208,100,108,100
1033992,country,195,100,95,100
1034019,Throwbacks,161,100,61,100
1034047,Disney,245,100,145,100
1034061,Baladas,238,100,138,100
1034087,Best of the 80s,244,100,144,100
1034089,#tbt,188,100,88,100
1034118,Throw backs,217,100,117,100
1034160,All,184,100,84,100
1034207,Pump Up,160,100,60,100
1034216,Winter 2017,168,100,68,100
1034240,Discover,200,100,100,100
1034248,Party,242,100,142,100
1034265,life,214,100,114,100
1034274,Greys Anatomy,191,100,91,100
1034278,Justin,150,100,50,100
1034287,Rap,170,100,70,100
1034335,country,239,100,139,100
1034343,CASA,174,100,74,100
1034356,Post-Hardcore,222,100,122,100
1034359,Rock,189,100,89,100
1034389,Country ,222,100,122,100
1034413,Jams,184,100,84,100
1034418,oldie but goldie,170,100,70,100
1034474,Chill,168,100,68,100
1034509,Good Vibes ,180,100,80,100
1034538,windows down,190,100,90,100
1034555,good songs,214,100,114,100
1034559,Norm,248,100,148,100
1034623,workout,191,100,91,100
1034632,Gym,161,100,61,100
1034644,nuevas,189,100,89,100
1034648,Party,200,100,100,100
1034659,Country,166,100,66,100
1034681,NU,193,100,93,100
1034787,Workout ,150,100,50,100
1034798,smash,198,100,98,100
1034831,heat,190,100,90,100
1034835,JANUARY 17,206,100,106,100
1034847,coolin,151,100,51,100
1034857,Country,222,100,122,100
1034872,My 80's,152,100,52,100
1034874,Pop,193,100,93,100
1034890,Lost In My Mind,230,100,130,100
1034892,dance,169,100,69,100
1034902,Car,215,100,115,100
1034905,Good Country,157,100,57,100
1034913,exercise,202,100,102,100
1034933,Randoms,195,100,95,100
1034936,eels,155,100,55,100
1034962,Country,225,100,125,100
1034993,Emo,226,100,126,100
1034997,My rap,200,100,100,100
1035010,Top Picks,156,100,56,100
1035014,Barely awake,177,100,77,100
1035021,Country,182,100,82,100
1035042,summer jams,180,100,80,100
1035043,Boot Camp,151,100,51,100
1035047,idk,165,100,65,100
1035061,mood,169,100,69,100
1035084,country ,175,100,75,100
1035085,roadtrip,180,100,80,100
1035110,Country ,200,100,100,100
1035143,Childhood Memories,150,100,50,100
1035160,Country,187,100,87,100
1035176,TBT,232,100,132,100
1035215,Paper Planes,155,100,55,100
1035229, Christmas,198,100,98,100
1035234,country favorites,156,100,56,100
1035241,Country,181,100,81,100
1035254,best,175,100,75,100
1035262,Chill vibes,182,100,82,100
1035307,chi,151,100,51,100
1035363,Bop,177,100,77,100
1035367,RaP,199,100,99,100
1035407,IndiePop,186,100,86,100
1035408,Tears,212,100,112,100
1035425,Breathe Me,166,100,66,100
1035436,Throwbacks,220,100,120,100
1035442,Vibes,150,100,50,100
1035456,Red,217,100,117,100
1035489,carter,206,100,106,100
1035504,Country,164,100,64,100
1035534,Road TRIPPIN' ,164,100,64,100
1035567,Summer 2k17,183,100,83,100
1035570,Fall16,181,100,81,100
1035573,iTunes,203,100,103,100
1035596,Dubstep,218,100,118,100
1035612,edm,161,100,61,100
1035625,country,219,100,119,100
1035717,Throwback,155,100,55,100
1035730,Chill,161,100,61,100
1035745,Chill Out,160,100,60,100
1035756,Regular,214,100,114,100
1035804,Above & Beyond,240,100,140,100
1035812,twenty sixteen,178,100,78,100
1035821,holidaze,181,100,81,100
1035831,Jamz,237,100,137,100
1035833,nerd,187,100,87,100
1035864,Outside Lands 2014,165,100,65,100
1035893,basic,232,100,132,100
1035896,family,181,100,81,100
1035908,Casual,193,100,93,100
1035914,Classic Rock,220,100,120,100
1035921,lax,156,100,56,100
1035947,SUMMER,157,100,57,100
1035956,2k16,186,100,86,100
1035980,Golf,181,100,81,100
1035997,Work Out,154,100,54,100
1036033,Nostalgia,169,100,69,100
1036040,Workout Jamz,217,100,117,100
1036043,Faded,220,100,120,100
1036075,Recent,175,100,75,100
1036076,mmmm,192,100,92,100
1036133,Classic Rock,171,100,71,100
1036155,feel good,179,100,79,100
1036169,Country ,236,100,136,100
1036195,espanish,209,100,109,100
1036221,Road Trip,227,100,127,100
1036226,Cool,153,100,53,100
1036237,partyyy,191,100,91,100
1036241,Slow jamz,151,100,51,100
1036242,Trap,177,100,77,100
1036252,Prahm,242,100,142,100
1036255,country,159,100,59,100
1036263,old hits,170,100,70,100
1036269,ROAD TRIP,195,100,95,100
1036274,country,152,100,52,100
1036278,Getaway,179,100,79,100
1036283,BLACKOUT,170,100,70,100
1036320,Rap mix,179,100,79,100
1036338,sex,177,100,77,100
1036344,kt,237,100,137,100
1036350,Rock,158,100,58,100
1036353,Road Trip,193,100,93,100
1036361,country,204,100,104,100
1036362,Workout,213,100,113,100
1036401,Car Tunes,173,100,73,100
1036407,sophia,154,100,54,100
1036410,Music,231,100,131,100
1036442,Workout,250,100,150,100
1036481,Back to school,167,100,67,100
1036529,Chill,206,100,106,100
1036563,2016,168,100,68,100
1036577,buzz,183,100,83,100
1036578,Country,217,100,117,100
1036585,mellow tunes ,205,100,105,100
1036586,2000's r&b,204,100,104,100
1036588,throwbacks ,193,100,93,100
1036611,Rap,153,100,53,100
1036612,2017,189,100,89,100
1036622,90's Rock,173,100,73,100
1036627,2000,193,100,93,100
1036680,rap,172,100,72,100
1036702,Broadway!,198,100,98,100
1036703,It's Christmas!,175,100,75,100
1036716,Dad Music,227,100,127,100
1036747,Banda ,169,100,69,100
1036774,Alternitive,235,100,135,100
1036799,playlist,168,100,68,100
1036824,Party,208,100,108,100
1036834,dog days,152,100,52,100
1036836,Rock'n'Roll,220,100,120,100
1036847,Crowd Pleasers ,161,100,61,100
1036859,Yes!,190,100,90,100
1036863,Country,190,100,90,100
1036900,country,151,100,51,100
1036925,Fave songs,250,100,150,100
1036931,Country,178,100,78,100
1036944,Vegas,160,100,60,100
1036962,vibes,179,100,79,100
1036965,eh ,158,100,58,100
1036970,old music,164,100,64,100
1036990,Soothing,169,100,69,100
1037017,Dance Jams,228,100,128,100
1037022,*XMAS*,214,100,114,100
1037086,hip/hop,236,100,136,100
1037114,Gym Mix,183,100,83,100
1037115,Graham!,199,100,99,100
1037128,BUB,235,100,135,100
1037133,Premium,232,100,132,100
1037138,Hip Hop,202,100,102,100
1037152,summer16,238,100,138,100
1037163,ay,198,100,98,100
1037176,Country,151,100,51,100
1037191,TBT,162,100,62,100
1037196,SUMMER,161,100,61,100
1037218,Ingles,213,100,113,100
1037222,Country,207,100,107,100
1037307,summer 2016,218,100,118,100
1037330,jeremy,185,100,85,100
1037381,road trip,202,100,102,100
1037419,Bike,162,100,62,100
1037420,Workout,210,100,110,100
1037452,College ,185,100,85,100
1037457,2015,176,100,76,100
1037463,jams,158,100,58,100
1037468,Charlie,242,100,142,100
1037469,Skinny Love,162,100,62,100
1037473,trip,237,100,137,100
1037474,My music,192,100,92,100
1037502,party,214,100,114,100
1037512,Throwbacks,220,100,120,100
1037525,throwbacks,166,100,66,100
1037531,hip hop mix,171,100,71,100
1037550,bangers,174,100,74,100
1037553,My Life,214,100,114,100
1037575,CLEAN.,174,100,74,100
1037576,country,182,100,82,100
1037597,Random,163,100,63,100
1037601,Workout,216,100,116,100
1037633,DOPE,169,100,69,100
1037645,Rock/Metal,245,100,145,100
1037653,jammin,238,100,138,100
1037661,PARTY,208,100,108,100
1037664,Good Music,221,100,121,100
1037671,mash,230,100,130,100
1037699,IDK,160,100,60,100
1037708,Road trip,187,100,87,100
1037709,October 15,157,100,57,100
1037733,Desert Island,159,100,59,100
1037757,country,160,100,60,100
1037759,music,177,100,77,100
1037818,electronic,237,100,137,100
1037883,2000's,165,100,65,100
1037898,PV,235,100,135,100
1037931,Chill,182,100,82,100
1037956,throw it back,188,100,88,100
1037958,2,178,100,78,100
1037991,sleep,152,100,52,100
1038034,graduation ,182,100,82,100
1038056,lit,165,100,65,100
1038073,All Music.,174,100,74,100
1038108,kpop!,227,100,127,100
1038118,Liam,167,100,67,100
1038134,2016 Summer,165,100,65,100
1038142,Christian ,153,100,53,100
1038143,Country,156,100,56,100
1038148,Jamz,221,100,121,100
1038161,Country ,236,100,136,100
1038172,Oh yes.,221,100,121,100
1038186,Fun Country,242,100,142,100
1038200,chill,190,100,90,100
1038210,Bump,218,100,118,100
1038218,NYE 2016,165,100,65,100
1038225,Ava ,195,100,95,100
1038240,BEACH WEEK,170,100,70,100
1038247,Location,176,100,76,100
1038274,Pop ,189,100,89,100
1038292,Music to my ears,152,100,52,100
1038313,Darty,186,100,86,100
1038314,bump,199,100,99,100
1038318,Mellow,176,100,76,100
1038320,Lil,151,100,51,100
1038326,22,179,100,79,100
1038329,EDM,217,100,117,100
1038333,Something,150,100,50,100
1038369,Throwback Rap,168,100,68,100
1038384,Pre-game,154,100,54,100
1038385,all,209,100,109,100
1038393,country,229,100,129,100
1038400,Happy Music,214,100,114,100
1038427,WORK,161,100,61,100
1038446,HITS,198,100,98,100
1038482,Texas Country,191,100,91,100
1038489,yeah boi,153,100,53,100
1038506,countryyy,187,100,87,100
1038538,Classic rock,190,100,90,100
1038544,Car Jams,247,100,147,100
1038552,for fun.,162,100,62,100
1038566,Bach party,237,100,137,100
1038582,workout,171,100,71,100
1038625,throwback jamz,175,100,75,100
1038652,Rust,160,100,60,100
1038665,DANCE PARTY,214,100,114,100
1038680,MY JAMZ,224,100,124,100
1038722,early,179,100,79,100
1038739,RN,163,100,63,100
1038788,country,182,100,82,100
1038813,Lit,226,100,126,100
1038819,country,179,100,79,100
1038866,NZ,166,100,66,100
1038917,Road Trip,154,100,54,100
1038934,Singles,182,100,82,100
1038936,Classics,237,100,137,100
1038939,party,221,100,121,100
1038997,//everything,193,100,93,100
1039006,throwbacks,175,100,75,100
1039025,character development soundtrack,172,100,72,100
1039040,Tunes,174,100,74,100
1039055,chill,162,100,62,100
1039056,Childhood,156,100,56,100
1039066,party ,176,100,76,100
1039122,Country,203,100,103,100
1039130,classics,211,100,111,100
1039190,calm,231,100,131,100
1039204,Rock,230,100,130,100
1039210,Trappin,237,100,137,100
1039215,Jesus,224,100,124,100
1039283,Rocking Out,161,100,61,100
1039320,jonathan,212,100,112,100
1039325,Slow jamz,199,100,99,100
1039358,stay woke,196,100,96,100
1039360,hype,150,100,50,100
1039373,Trip,210,100,110,100
1039386,vibe ,196,100,96,100
1039397,Bangers,162,100,62,100
1039400,Keith Urban,200,100,100,100
1039414,Country,213,100,113,100
1039453,summer country ,224,100,124,100
1039475,country :),155,100,55,100
1039478,Chillin,161,100,61,100
1039492,peachy,153,100,53,100
1039513,neww,193,100,93,100
1039514,Oldies,180,100,80,100
1039518,Darty ,170,100,70,100
1039560,all,154,100,54,100
1039607,joey,174,100,74,100
1039635,july ,204,100,104,100
1039638,Country =w=,170,100,70,100
1039640,jam session,225,100,125,100
1039653,chill,239,100,139,100
1039658,Rap It Up,179,100,79,100
1039690,feelin it,217,100,117,100
1039698,Good Time,179,100,79,100
1039702,Good songs,190,100,90,100
1039711,RB,163,100,63,100
1039724,Throwback,203,100,103,100
1039732,throwbacks,180,100,80,100
1039739,Country,190,100,90,100
1039759,yasss ,167,100,67,100
1039779,Worship,156,100,56,100
1039784,stream,187,100,87,100
1039802,Bump,187,100,87,100
1039812,70's Rock,233,100,133,100
1039822,carlos,154,100,54,100
1039848,Party 1,154,100,54,100
1039857,everything,153,100,53,100
1039873,Drive Time,217,100,117,100
1039893,Rock,191,100,91,100
1039909,bubblegum,194,100,94,100
1039917,Road Tripping ,204,100,104,100
1039949,Cruise,236,100,136,100
1039963,All,157,100,57,100
1039983,mood,180,100,80,100
1039987,guilty pleasure,167,100,67,100
1040002,true,205,100,105,100
1040019,Super ,186,100,86,100
1040027,Rap game,229,100,129,100
1040057,2000s r&b,217,100,117,100
1040080,eminem,218,100,118,100
1040082,Brianna,162,100,62,100
1040109,Trappin,231,100,131,100
1040116,throwbacks,208,100,108,100
1040131,90's Country,242,100,142,100
1040132,co,160,100,60,100
1040153,in my bag,190,100,90,100
1040163,PUMP UP,228,100,128,100
1040177,21,165,100,65,100
1040188,swag,195,100,95,100
1040224,Background radiation,166,100,66,100
1040237,Rock,244,100,144,100
1040241,New Country,162,100,62,100
1040256,regg,183,100,83,100
1040258,Me,156,100,56,100
1040270,Country ,169,100,69,100
1040291,Country,156,100,56,100
1040316,That good good,155,100,55,100
1040368,Today,167,100,67,100
1040432,Jamz,222,100,122,100
1040442,Hip Hop,164,100,64,100
1040445,country,227,100,127,100
1040454,good stuff,168,100,68,100
1040476,W O R K O U T ,243,100,143,100
1040479,SF,200,100,100,100
1040508,Country,187,100,87,100
1040516,Bruh,176,100,76,100
1040517,Get Ready,177,100,77,100
1040602,MUSIC,150,100,50,100
1040614,Worship,201,100,101,100
1040620,PARTY,191,100,91,100
1040647,Good vibes,181,100,81,100
1040649,throwback rap ,176,100,76,100
1040693,New Music,152,100,52,100
1040701,Relaxing,188,100,88,100
1040704,LAKE,219,100,119,100
1040705,slow,187,100,87,100
1040706,chill vibes,167,100,67,100
1040716,Counting Crows,190,100,90,100
1040750,country,168,100,68,100
1040765,Amanda,163,100,63,100
1040805,Boat Playlist,212,100,112,100
1040821,Rap,205,100,105,100
1040824,Fast,196,100,96,100
1040839,Low stakes,228,100,128,100
1040853,Throwback,219,100,119,100
1040868,CAr,227,100,127,100
1040871,Random,167,100,67,100
1040887,country,200,100,100,100
1040917,Country,237,100,137,100
1040921,forever ,189,100,89,100
1040930,Dom,208,100,108,100
1040938,Chill Tunes,225,100,125,100
1040960,country,176,100,76,100
1040965,work,164,100,64,100
1040997,Hoop,241,100,141,100
1041016,Lucifer,243,100,143,100
1041039,Country,202,100,102,100
1041065,Merica,206,100,106,100
1041069,throwbacks ,163,100,63,100
1041073,Bangers ,155,100,55,100
1041086,RANDOM,192,100,92,100
1041100,Anniversary!!,151,100,51,100
1041106,la la la.,192,100,92,100
1041108,KK,206,100,106,100
1041118,country,212,100,112,100
1041142,vibes,161,100,61,100
1041149,Everything,227,100,127,100
1041150,oldies,205,100,105,100
1041173,Country,180,100,80,100
1041205,Raw,166,100,66,100
1041246,Bachata,207,100,107,100
1041264,Back to school,235,100,135,100
1041268,hike,167,100,67,100
1041271,Stoner music,229,100,129,100
1041284,Rap god,228,100,128,100
1041297,Hard Rock,208,100,108,100
1041303,Spring/Summer 2017,155,100,55,100
1041307,Country,214,100,114,100
1041324,Minnesota,161,100,61,100
1041365,hype,210,100,110,100
1041373,oldies,155,100,55,100
1041410,Mine,158,100,58,100
1041411,in the car,153,100,53,100
1041419,SUMMER 2016,153,100,53,100
1041423,throwback,180,100,80,100
1041453,unknown ,232,100,132,100
1041478,High School,179,100,79,100
1041497,VIBE,199,100,99,100
1041525,Throwbacks,190,100,90,100
1041584,k-pop,174,100,74,100
1041589,mike,167,100,67,100
1041590,Rock,170,100,70,100
1041614,Banda,218,100,118,100
1041673,DJ,159,100,59,100
1041683,ROADTRIP,197,100,97,100
1041690,true,156,100,56,100
1041692,Girls,191,100,91,100
1041701,San Francisco,150,100,50,100
1041703,Thursday,187,100,87,100
1041709,work,237,100,137,100
1041798,Classic Rock ,181,100,81,100
1041807,Brendan,154,100,54,100
1041833,flight ,167,100,67,100
1041835,90s rock,156,100,56,100
1041839,xx,166,100,66,100
1041860,LUSH,197,100,97,100
1041864,Bangerz,207,100,107,100
1041867,pump it up,231,100,131,100
1041879,yo,231,100,131,100
1041880,My tracks,190,100,90,100
1041892,SUMMER 17,197,100,97,100
1041899,House Music ,163,100,63,100
1041914,badlands,190,100,90,100
1041947,Alt,166,100,66,100
1041951,throwback_rap,197,100,97,100
1041972,Pool Party,174,100,74,100
1042026,Other,168,100,68,100
1042038,lush life,154,100,54,100
1042047,Workout,201,100,101,100
1042048,country,155,100,55,100
1042057,Good playlist,156,100,56,100
1042062,Classics,162,100,62,100
1042080,country,199,100,99,100
1042081,Music,156,100,56,100
1042089,new,184,100,84,100
1042098,chill,188,100,88,100
1042115,jamz,202,100,102,100
1042120,summer songs,221,100,121,100
1042127,oldies,190,100,90,100
1042129,Good Songs,178,100,78,100
1042167,y'all,174,100,74,100
1042170,chillin,158,100,58,100
1042204,party bus,181,100,81,100
1042211,ROAD TRIP,191,100,91,100
1042216,country love,185,100,85,100
1042279,road trip ,203,100,103,100
1042280,texas,150,100,50,100
1042294,Faded,203,100,103,100
1042295,tbt,166,100,66,100
1042316,the good old days,211,100,111,100
1042322,chill,151,100,51,100
1042358,Rap,193,100,93,100
1042367,Inspiration ,228,100,128,100
1042370,Cruisin,155,100,55,100
1042386,aesthetic but make it tragic,159,100,59,100
1042391,Musik,181,100,81,100
1042401,Rock/Metal,182,100,82,100
1042403,CHILLERS,160,100,60,100
1042411,Country,217,100,117,100
1042426,Country,198,100,98,100
1042437,Ali,200,100,100,100
1042439,Oldy~,175,100,75,100
1042448,Old Skool,160,100,60,100
1042450,Country 2,236,100,136,100
1042452,Modern Rock,203,100,103,100
1042455,R&B,156,100,56,100
1042474,TODO,179,100,79,100
1042477,OS,205,100,105,100
1042486,Alternative/Rock,170,100,70,100
1042487,New Playlist 3,211,100,111,100
1042495,Daniela (:,152,100,52,100
1042519,Christmas,201,100,101,100
1042530,flames,178,100,78,100
1042553,Smile,160,100,60,100
1042576,Throwbacks,156,100,56,100
1042623,Worship ,208,100,108,100
1042631,Chill Beat,198,100,98,100
1042664,Punk Goes...,159,100,59,100
1042668,Everyday,161,100,61,100
1042672,september '16,156,100,56,100
1042677,Oldies but Goodies ,249,100,149,100
1042688,Middle School ,165,100,65,100
1042697,ii,245,100,145,100
1042700,Chill Playlist,182,100,82,100
1042709,Throwbacks,157,100,57,100
1042710,Oldies,150,100,50,100
1042711,Throwback R&B,155,100,55,100
1042728,80s,165,100,65,100
1042820,90s Pop,220,100,120,100
1042822,TBT,231,100,131,100
1042853,summer 2016,226,100,126,100
1042866,$ Gym $,175,100,75,100
1042902,for sarah,164,100,64,100
1042944,BOPS ,227,100,127,100
1042951,Drake,171,100,71,100
1042953,soft,152,100,52,100
1042960,Country,185,100,85,100
1042969,Control,168,100,68,100
1042979,Sound Tracks,173,100,73,100
1043002,Road Trip,175,100,75,100
1043038,country jams,216,100,116,100
1043039,throwback,189,100,89,100
1043074,Old stuff,194,100,94,100
1043096,Bangers,236,100,136,100
1043128,Country,217,100,117,100
1043143,80s baby,228,100,128,100
1043144,Rap,231,100,131,100
1043150,summer rap,151,100,51,100
1043167,Mom,211,100,111,100
1043195,part,155,100,55,100
1043202,Club,154,100,54,100
1043209,throwbacks,234,100,134,100
1043230,boat,185,100,85,100
1043250,Acid,205,100,105,100
1043276,workout,199,100,99,100
1043287,Beach Day,219,100,119,100
1043306,moods,168,100,68,100
1043323,Rap Music,170,100,70,100
1043332,do it ,191,100,91,100
1043349,cruisin,160,100,60,100
1043366,Chill playlist,191,100,91,100
1043377,2000s,153,100,53,100
1043425,Swag,238,100,138,100
1043446,PTL,160,100,60,100
1043463,THROWBACK,247,100,147,100
1043515,Beatz!,211,100,111,100
1043524,relax,164,100,64,100
1043545,Surprise,202,100,102,100
1043550,Party ,176,100,76,100
1043558,Ty,178,100,78,100
1043596,jam,157,100,57,100
1043615,Car playlist,154,100,54,100
1043632,Cruise,154,100,54,100
1043636,Gang,207,100,107,100
1043638,Rock,201,100,101,100
1043664,drive,225,100,125,100
1043707,Rap Workout,161,100,61,100
1043733,Dope,166,100,66,100
1043789,chill rap,223,100,123,100
1043793,hiking,159,100,59,100
1043799,Work Out,169,100,69,100
1043820,Other stuff,158,100,58,100
1043902,Heartstrings,163,100,63,100
1043918,Boat Tunes,188,100,88,100
1043939,feels,151,100,51,100
1043966,soft,217,100,117,100
1043996,REMIX,167,100,67,100
1044005,Rock & Roll,158,100,58,100
1044081,always good,156,100,56,100
1044175,Seniors,172,100,72,100
1044181,Feel good music,161,100,61,100
1044241,Joey,217,100,117,100
1044299,4U,166,100,66,100
1044308,Thing,166,100,66,100
1044312,70-80,153,100,53,100
1044315,weekend,167,100,67,100
1044340,Country,222,100,122,100
1044342,Sufjan Stevens,175,100,75,100
1044395,80s Music,159,100,59,100
1044414,Oldies but Goodies,212,100,112,100
1044417,Work Out,156,100,56,100
1044429,Everything,167,100,67,100
1044433,Classic Rock,167,100,67,100
1044447,Mr. Brightside,188,100,88,100
1044449,you,185,100,85,100
1044480,songs i like,162,100,62,100
1044517,heat,177,100,77,100
1044520,Country,193,100,93,100
1044545,RaLLy,215,100,115,100
1044584,throwback,202,100,102,100
1044605,Music,240,100,140,100
1044653,2016,153,100,53,100
1044659,Luna,172,100,72,100
1044668,Slow Jams,179,100,79,100
1044688,C H I L L,150,100,50,100
1044711,Chillax,152,100,52,100
1044715,Classics,163,100,63,100
1044730,Work Playlist,194,100,94,100
1044802,Currently Listening to...,198,100,98,100
1044818,Pump up,233,100,133,100
1044839,The Ultimate Playlist,150,100,50,100
1044853,summer songs,188,100,88,100
1044884,vibin,174,100,74,100
1044917,Jams,238,100,138,100
1044959,.christmas.,156,100,56,100
1044972,~jams~,194,100,94,100
1044987,Rock,170,100,70,100
1044999,R E L A X ,162,100,62,100
1045001,Summer 17,220,100,120,100
1045078,Soul,167,100,67,100
1045086,Babe,151,100,51,100
1045113,May,171,100,71,100
1045121,Rap,200,100,100,100
1045130,trap,194,100,94,100
1045204,R&B,231,100,131,100
1045229,bump,152,100,52,100
1045245,cruise,159,100,59,100
1045252,Workout,184,100,84,100
1045253,ayyyy,222,100,122,100
1045274,Throwback Thursday,160,100,60,100
1045317,Jams,189,100,89,100
1045318,random songs,162,100,62,100
1045343,throwback,197,100,97,100
1045353,COUNTRYYY,184,100,84,100
1045354,All Country,174,100,74,100
1045357,Childish,208,100,108,100
1045366,Heavy,150,100,50,100
1045371,Coachella 2013,245,100,145,100
1045377,car ,161,100,61,100
1045391,Car ride,222,100,122,100
1045394,Heatwave,224,100,124,100
1045409,Drop The Game,245,100,145,100
1045424,Ski ,214,100,114,100
1045426,Trap Mix,161,100,61,100
1045429,School of Rock,155,100,55,100
1045440,Summer ðŸŒž,215,100,115,100
1045450,love songs,176,100,76,100
1045493,Classic,167,100,67,100
1045533,Right In The FEELS,159,100,59,100
1045536,shower ,172,100,72,100
1045557,The best,203,100,103,100
1045600,alt/indie,235,100,135,100
1045607,Happy,215,100,115,100
1045644,country,222,100,122,100
1045648,To the moon and back,167,100,67,100
1045695,sleep songs,201,100,101,100
1045728,chill,232,100,132,100
1045761,tbt,151,100,51,100
1045800,Country,151,100,51,100
1045803,Chill Playlist,151,100,51,100
1045841,chillin,214,100,114,100
1045843,Trap,152,100,52,100
1045857,Gym Jams,150,100,50,100
1045859,Gym Rap,165,100,65,100
1045862,Summer Vibes,150,100,50,100
1045874,Alternative Rock,182,100,82,100
1045881,my brain at 3am,170,100,70,100
1045884,Country,180,100,80,100
1045917,RAP,197,100,97,100
1045937,bangerz,187,100,87,100
1045956,Country,182,100,82,100
1045995,Music,203,100,103,100
1046001,Randos,171,100,71,100
1046013,Rock,193,100,93,100
1046019,party.,209,100,109,100
1046022,All,190,100,90,100
1046056,Music,211,100,111,100
1046057,The 80's,208,100,108,100
1046066,AUX ,239,100,139,100
1046115,Must listen,212,100,112,100
1046144,blah,173,100,73,100
1046202,Sss,247,100,147,100
1046219,Country Songs,176,100,76,100
1046271,ACL,154,100,54,100
1046272,Throwback,247,100,147,100
1046307,Chill,207,100,107,100
1046336,SB2K17,212,100,112,100
1046337,college,151,100,51,100
1046355,MUZIC,175,100,75,100
1046389,Vibes,155,100,55,100
1046401,just,238,100,138,100
1046415,alternative,197,100,97,100
1046422,vibez,151,100,51,100
1046446,get psyched,157,100,57,100
1046452,SUMMER 17,182,100,82,100
1046468,Classics,201,100,101,100
1046472,Throwbacks,220,100,120,100
1046483,musicals,165,100,65,100
1046529,snowboarding ,161,100,61,100
1046532,Workout,193,100,93,100
1046551,my kinda country,182,100,82,100
1046572,Road Trippin',232,100,132,100
1046639,80's,184,100,84,100
1046641,jamzz,176,100,76,100
1046653,country,202,100,102,100
1046659,smOOth,169,100,69,100
1046660,rap,207,100,107,100
1046663,Oldies,190,100,90,100
1046674,Guilty Pleasures,167,100,67,100
1046692,Bangers,214,100,114,100
1046703,move,231,100,131,100
1046713,Euphoria,163,100,63,100
1046725,Lolla 2015,156,100,56,100
1046794,country,150,100,50,100
1046805,GYM,168,100,68,100
1046809,Random,161,100,61,100
1046812,Butter,184,100,84,100
1046813,party mix,163,100,63,100
1046818,three,186,100,86,100
1046834,Cleaning Playlist,221,100,121,100
1046868,Energy,220,100,120,100
1046899,country,194,100,94,100
1046941,country,218,100,118,100
1046964,Country Music,223,100,123,100
1047050,Morning Mix,166,100,66,100
1047114,Rock,158,100,58,100
1047120,partypartyparty,190,100,90,100
1047130,my music ,177,100,77,100
1047162,Everyday Songs,227,100,127,100
1047178,Dance,174,100,74,100
1047199,new country,168,100,68,100
1047207,Main,203,100,103,100
1047223,Nocturnal,246,100,146,100
1047228,bbb,162,100,62,100
1047249,K-Pop,246,100,146,100
1047261,Cruisin',152,100,52,100
1047303,Power Ballads,164,100,64,100
1047329,rap,186,100,86,100
1047340,throwbacks,157,100,57,100
1047351,c h i l l,189,100,89,100
1047366,disney,198,100,98,100
1047372,my happy place,199,100,99,100
1047375,thomas,224,100,124,100
1047411,b2,188,100,88,100
1047437,My music,212,100,112,100
1047444,New Years,181,100,81,100
1047447,jamz,159,100,59,100
1047459,Blend,210,100,110,100
1047481,Country,196,100,96,100
1047564,courtney,243,100,143,100
1047567,Yes,213,100,113,100
1047568,Rock,238,100,138,100
1047569,darty,175,100,75,100
1047588,Madre ,187,100,87,100
1047590,Country ,152,100,52,100
1047603,Country,174,100,74,100
1047609,Current obsessions,182,100,82,100
1047611,Christmas,187,100,87,100
1047612,hanging,184,100,84,100
1047618,OR,205,100,105,100
1047628,rap,197,100,97,100
1047642,Party music,183,100,83,100
1047682,My music ,225,100,125,100
1047688,The Hills,162,100,62,100
1047699,free fallin',184,100,84,100
1047725,cruisin ,156,100,56,100
1047742,Chill,196,100,96,100
1047745,THROWBACKS,166,100,66,100
1047759,Hits,211,100,111,100
1047778,chillax,166,100,66,100
1047802,Summer ,200,100,100,100
1047811,Oldies,167,100,67,100
1047813,bass,220,100,120,100
1047815,Gaming,205,100,105,100
1047829,POP,193,100,93,100
1047847,Turnt,160,100,60,100
1047865,Just Listen ;),155,100,55,100
1047867,TBT,155,100,55,100
1047874,tropical house ,159,100,59,100
1047881,chill,191,100,91,100
1047894,TBT,207,100,107,100
1047899,Wedding,191,100,91,100
1047905,Harrison,215,100,115,100
1047906,Dope,152,100,52,100
1047912,NP,163,100,63,100
1047946,Tres,195,100,95,100
1047955,Study,223,100,123,100
1047967,Classics,159,100,59,100
1047981,driving,172,100,72,100
1047988,country,180,100,80,100
1047993,popular,183,100,83,100
1047998,Country,244,100,144,100
1048033,Love,189,100,89,100
1048060,safe,213,100,113,100
1048087,16,250,100,150,100
1048123,boat playlist,200,100,100,100
1048127,country jams,153,100,53,100
1048158,lmao,193,100,93,100
1048159,Random,156,100,56,100
1048184,All,238,100,138,100
1048196,Colorado,242,100,142,100
1048197,OG,164,100,64,100
1048217,On Fleek,184,100,84,100
1048232,feel good jams,250,100,150,100
1048233,Old School Hip Hop,162,100,62,100
1048244,gurl,150,100,50,100
1048264,Nostalgia,203,100,103,100
1048269,chilll,189,100,89,100
1048315,Explicit,151,100,51,100
1048333,Pop,181,100,81,100
1048335,NASHVILLE,179,100,79,100
1048347,Country ,168,100,68,100
1048362,my favs ,213,100,113,100
1048371,jams,163,100,63,100
1048382,90s jams,154,100,54,100
1048404,123456789,163,100,63,100
1048425,Mozart,161,100,61,100
1048435,Bruce,151,100,51,100
1048476,2015,184,100,84,100
1048512,country,186,100,86,100
1048535,sad girl,195,100,95,100
1048541,workout,206,100,106,100
1048552,Rock music,160,100,60,100
1048561,Not Sorry,152,100,52,100
1048588,Chill,152,100,52,100
1048602,CLASSICS,213,100,113,100
1048611,chill out,227,100,127,100
1048632,chill,165,100,65,100
1048644,birthday,198,100,98,100
1048679,My songs,188,100,88,100
1048687,smudged eyeliner manifesto,247,100,147,100
1048698,Selfish,167,100,67,100
1048744,country,151,100,51,100
1048748,Classic Rock,197,100,97,100
1048764,Throwback,180,100,80,100
1048766,Country,197,100,97,100
1048780,Rock,155,100,55,100
1048785,Game Day,191,100,91,100
1048804,goodies,185,100,85,100
1048829,The worst,197,100,97,100
1048842,Barely awake,161,100,61,100
1048848,Alt,167,100,67,100
1048873,sloww,202,100,102,100
1048879,2015,150,100,50,100
1048880,Disney,193,100,93,100
1048929,Chillin',167,100,67,100
1048936,Musica Chida,150,100,50,100
1048972,Dinner,241,100,141,100
1048975,Firefly 2016,195,100,95,100
1048991,Top,150,100,50,100
1048994,Good Vibes,152,100,52,100
1049012,Rap/Hip-Hop,220,100,120,100
1049028,Fall Playlist,160,100,60,100
1049036,fire,167,100,67,100
1049040,Chill Rap,182,100,82,100
1049051,Driving Music,157,100,57,100
1049070,that's a rap,228,100,128,100
1049124,OLD SKEWL,177,100,77,100
1049171,ROAD TRIP!!!!,169,100,69,100
1049178,RUN,185,100,85,100
1049185,saftb,222,100,122,100
1049193,Country,171,100,71,100
1049196,My songs,219,100,119,100
1049207,throw it back,237,100,137,100
1049210,August 2017,164,100,64,100
1049224,80,150,100,50,100
1049269,Indie,183,100,83,100
1049300,The Collection,196,100,96,100
1049316,Main,211,100,111,100
1049352,Low effort,170,100,70,100
1049360,Bean,169,100,69,100
