antecedents,consequents,antecedent_names,consequent_names,support,confidence,lift,conviction,antecedent_len,consequent_len
['spotify:artist:5K4W6rqBFWDnAN6FQUkS6x'],['spotify:artist:3TVXtAsR1Inumwj472S9r4'],['Kanye West'],['Drake'],0.07125179106421779,0.5739769150052465,3.109682975649455,1.914034050914028,1,1
['spotify:artist:2YZyLoL8N0Wb9xBt1NhZWg'],['spotify:artist:3TVXtAsR1Inumwj472S9r4'],['Kendrick Lamar'],['Drake'],0.06460857105640223,0.6702702702702702,3.631379580003433,2.4730032436680136,1,1
['spotify:artist:0c173mlxpT3dSFRgMO8XPh'],['spotify:artist:3TVXtAsR1Inumwj472S9r4'],['Big Sean'],['Drake'],0.057314054969389086,0.7142857142857143,3.869845750579696,2.8539794190438976,1,1
['spotify:artist:1RyvyyTE3xzB2ZywiAwp0i'],['spotify:artist:3TVXtAsR1Inumwj472S9r4'],['Future'],['Drake'],0.056923277321870525,0.7470085470085471,4.047130991802835,3.2231234751750595,1,1
['spotify:artist:6l3HvQ5sa6mXTsMTB19rO5'],['spotify:artist:3TVXtAsR1Inumwj472S9r4'],['J. Cole'],['Drake'],0.05536016673179627,0.7264957264957265,3.9359969599913143,2.9813892145369283,1,1
['spotify:artist:1Xyo4u8uXC1ZmMpatF05PJ'],['spotify:artist:3TVXtAsR1Inumwj472S9r4'],['The Weeknd'],['Drake'],0.05001953888237593,0.5462304409672831,2.9593585711403194,1.7969973413236544,1,1
['spotify:artist:7iZtZyCzp3LItcw1wtPI3D'],['spotify:artist:3TVXtAsR1Inumwj472S9r4'],['Rae Sremmurd'],['Drake'],0.04910772437149928,0.7292069632495164,3.9506858552339716,3.0112395094810096,1,1
['spotify:artist:55Aa2cqylxrFIXC767Z865'],['spotify:artist:3TVXtAsR1Inumwj472S9r4'],['Lil Wayne'],['Drake'],0.04884720593982024,0.6944444444444444,3.7623500352858152,2.6686560801449426,1,1
['spotify:artist:7bXgB6jMjp9ATFy66eO08Z'],['spotify:artist:3TVXtAsR1Inumwj472S9r4'],['Chris Brown'],['Drake'],0.04533020711215319,0.5412130637636081,2.9321755049493436,1.7773450522471923,1,1
['spotify:artist:3nFkdlSjzX9mRTtwJOzDYB'],['spotify:artist:5K4W6rqBFWDnAN6FQUkS6x'],['JAY Z'],['Kanye West'],0.04233424514784421,0.5974264705882353,4.812636951422752,2.175659608282583,1,1
['spotify:artist:6oMuImdp5ZcFhWP0ESe6mG'],['spotify:artist:3TVXtAsR1Inumwj472S9r4'],['Migos'],['Drake'],0.04194346750032565,0.7203579418344519,3.902743768146145,2.9159515435717074,1,1
['spotify:artist:246dkjvS1zLTtiykXe5h60'],['spotify:artist:3TVXtAsR1Inumwj472S9r4'],['Post Malone'],['Drake'],0.04194346750032565,0.6598360655737705,3.5748493122158336,2.3971462246014146,1,1
['spotify:artist:0QHgL1lAIqAw0HtD7YldmP'],['spotify:artist:3TVXtAsR1Inumwj472S9r4'],['DJ Khaled'],['Drake'],0.04064087534193044,0.6540880503144654,3.543707806820149,2.3573128707946993,1,1
['spotify:artist:3nFkdlSjzX9mRTtwJOzDYB'],['spotify:artist:3TVXtAsR1Inumwj472S9r4'],['JAY Z'],['Drake'],0.0403803569102514,0.5698529411764706,3.0873401760139485,1.8956835213185348,1,1
['spotify:artist:0Y5tJX1MQlPlqiwlOH1tJY'],['spotify:artist:3TVXtAsR1Inumwj472S9r4'],['Travis Scott'],['Drake'],0.03933828318353524,0.7383863080684597,4.000417563190942,3.116896081145405,1,1
['spotify:artist:6PXS4YHDkKvl1wkIl4V8DL'],['spotify:artist:3TVXtAsR1Inumwj472S9r4'],['Fetty Wap'],['Drake'],0.03933828318353524,0.7105882352941177,3.849813607870813,2.817517428788982,1,1
['spotify:artist:6l3HvQ5sa6mXTsMTB19rO5'],['spotify:artist:2YZyLoL8N0Wb9xBt1NhZWg'],['J. Cole'],['Kendrick Lamar'],0.03933828318353524,0.5162393162393163,5.355634095634096,1.8678826341451293,1,1
['spotify:artist:6vWDO969PvNqNYHIOW5v0m'],['spotify:artist:5pKCCKE2ajJHZ9KAiaK11H'],['Beyoncé'],['Rihanna'],0.039077764751856196,0.5405405405405406,4.710249409454858,1.9267023730164206,1,1
['spotify:artist:6l3HvQ5sa6mXTsMTB19rO5'],['spotify:artist:5K4W6rqBFWDnAN6FQUkS6x'],['J. Cole'],['Kanye West'],0.039077764751856196,0.5128205128205129,4.131084026152232,1.7978239855206601,1,1
['spotify:artist:137W8MRPWKqSmrBGDBFSop'],['spotify:artist:3TVXtAsR1Inumwj472S9r4'],['Wiz Khalifa'],['Drake'],0.038817246320177155,0.6636971046770602,3.5957675882891964,2.424667472375989,1,1
['spotify:artist:02kJSzxNuaWGqwubyUba0Z'],['spotify:artist:3TVXtAsR1Inumwj472S9r4'],['G-Eazy'],['Drake'],0.038686987104337635,0.6556291390728477,3.5520570929161974,2.367862045470486,1,1
"['spotify:artist:2YZyLoL8N0Wb9xBt1NhZWg', 'spotify:artist:5K4W6rqBFWDnAN6FQUkS6x']",['spotify:artist:3TVXtAsR1Inumwj472S9r4'],"['Kendrick Lamar', 'Kanye West']",['Drake'],0.037644913377621464,0.8117977528089887,4.398144917653216,4.3326937022585374,2,1
"['spotify:artist:2YZyLoL8N0Wb9xBt1NhZWg', 'spotify:artist:3TVXtAsR1Inumwj472S9r4']",['spotify:artist:5K4W6rqBFWDnAN6FQUkS6x'],"['Kendrick Lamar', 'Drake']",['Kanye West'],0.037644913377621464,0.5826612903225806,4.6936943607622785,2.0986861438804283,2,1
"['spotify:artist:3TVXtAsR1Inumwj472S9r4', 'spotify:artist:5K4W6rqBFWDnAN6FQUkS6x']",['spotify:artist:2YZyLoL8N0Wb9xBt1NhZWg'],"['Drake', 'Kanye West']",['Kendrick Lamar'],0.037644913377621464,0.5283363802559414,5.481132961114679,1.915789436482476,2,1
['spotify:artist:13ubrt8QOOCPljQ2FL1Kca'],['spotify:artist:3TVXtAsR1Inumwj472S9r4'],['A$AP Rocky'],['Drake'],0.0366028396509053,0.6611764705882353,3.5821113371248288,2.406629470423921,1,1
['spotify:artist:0hCNtLu0JehylgoiP8L4Gh'],['spotify:artist:3TVXtAsR1Inumwj472S9r4'],['Nicki Minaj'],['Drake'],0.03569102514002866,0.5817409766454352,3.151746984973187,1.949563896112655,1,1
['spotify:artist:3KV3p5EY4AvKxOlhGHORLg'],['spotify:artist:3TVXtAsR1Inumwj472S9r4'],['Jeremih'],['Drake'],0.035169988276670575,0.6617647058823529,3.585298268919424,2.4108149129811802,1,1
['spotify:artist:17lzZA2AlOHwCwFALHttmp'],['spotify:artist:3TVXtAsR1Inumwj472S9r4'],['2 Chainz'],['Drake'],0.03477921062915201,0.7458100558659218,4.0406378256052795,3.207926631138823,1,1
['spotify:artist:1anyVhU62p31KFi8MEzkbf'],['spotify:artist:3TVXtAsR1Inumwj472S9r4'],['Chance The Rapper'],['Drake'],0.03412791454995441,0.6485148514851485,3.5135134190906743,2.3199349804702907,1,1
"['spotify:artist:2YZyLoL8N0Wb9xBt1NhZWg', 'spotify:artist:6l3HvQ5sa6mXTsMTB19rO5']",['spotify:artist:3TVXtAsR1Inumwj472S9r4'],"['Kendrick Lamar', 'J. Cole']",['Drake'],0.03334635925491729,0.847682119205298,4.592558665588619,5.353427233237621,2,1
['spotify:artist:73sIBHcqh3Z3NyqHKZ7FOL'],['spotify:artist:3TVXtAsR1Inumwj472S9r4'],['Childish Gambino'],['Drake'],0.03334635925491729,0.6153846153846154,3.334020954345584,2.120098997004038,1,1
"['spotify:artist:3TVXtAsR1Inumwj472S9r4', 'spotify:artist:6l3HvQ5sa6mXTsMTB19rO5']",['spotify:artist:2YZyLoL8N0Wb9xBt1NhZWg'],"['Drake', 'J. Cole']",['Kendrick Lamar'],0.03334635925491729,0.6023529411764706,6.249004769475358,2.2723874356122535,2,1
"['spotify:artist:2YZyLoL8N0Wb9xBt1NhZWg', 'spotify:artist:3TVXtAsR1Inumwj472S9r4']",['spotify:artist:6l3HvQ5sa6mXTsMTB19rO5'],"['Kendrick Lamar', 'Drake']",['J. Cole'],0.03334635925491729,0.5161290322580646,6.773200992555833,1.9091832747166866,2,1
"['spotify:artist:5K4W6rqBFWDnAN6FQUkS6x', 'spotify:artist:6l3HvQ5sa6mXTsMTB19rO5']",['spotify:artist:3TVXtAsR1Inumwj472S9r4'],"['Kanye West', 'J. Cole']",['Drake'],0.032825322391559206,0.84,4.550938602681722,5.096391819721244,2,1
"['spotify:artist:3TVXtAsR1Inumwj472S9r4', 'spotify:artist:6l3HvQ5sa6mXTsMTB19rO5']",['spotify:artist:5K4W6rqBFWDnAN6FQUkS6x'],"['Drake', 'J. Cole']",['Kanye West'],0.032825322391559206,0.5929411764705883,4.77650515400284,2.1516864803734,2,1
['spotify:artist:3b8QkneNDz4JHKKKlLgYZg'],['spotify:artist:0BvkDsjIUla7X0k6CSWh1I'],['Florida Georgia Line'],['Luke Bryan'],0.032043767096522076,0.6833333333333332,14.0642091152815,3.004463092079553,1,1
['spotify:artist:0BvkDsjIUla7X0k6CSWh1I'],['spotify:artist:3b8QkneNDz4JHKKKlLgYZg'],['Luke Bryan'],['Florida Georgia Line'],0.032043767096522076,0.6595174262734584,14.064209115281502,2.799281830685584,1,1
['spotify:artist:50co4Is1HCEo8bhOyUWKpn'],['spotify:artist:3TVXtAsR1Inumwj472S9r4'],['Young Thug'],['Drake'],0.031913507880682555,0.6862745098039215,3.718087093694217,2.599159828057834,1,1
"['spotify:artist:1RyvyyTE3xzB2ZywiAwp0i', 'spotify:artist:2YZyLoL8N0Wb9xBt1NhZWg']",['spotify:artist:3TVXtAsR1Inumwj472S9r4'],"['Future', 'Kendrick Lamar']",['Drake'],0.031783248664843035,0.8501742160278746,4.606060308007052,5.442472380502316,2,1
"['spotify:artist:1RyvyyTE3xzB2ZywiAwp0i', 'spotify:artist:3TVXtAsR1Inumwj472S9r4']",['spotify:artist:2YZyLoL8N0Wb9xBt1NhZWg'],"['Future', 'Drake']",['Kendrick Lamar'],0.031783248664843035,0.5583524027459954,5.792528913352712,2.045993651719253,2,1
"['spotify:artist:0c173mlxpT3dSFRgMO8XPh', 'spotify:artist:2YZyLoL8N0Wb9xBt1NhZWg']",['spotify:artist:3TVXtAsR1Inumwj472S9r4'],"['Big Sean', 'Kendrick Lamar']",['Drake'],0.031652989449003514,0.8647686832740213,4.685129979883318,6.029836216175452,2,1
"['spotify:artist:0c173mlxpT3dSFRgMO8XPh', 'spotify:artist:3TVXtAsR1Inumwj472S9r4']",['spotify:artist:2YZyLoL8N0Wb9xBt1NhZWg'],"['Big Sean', 'Drake']",['Kendrick Lamar'],0.031652989449003514,0.5522727272727272,5.729456388206388,2.018211164074376,2,1
['spotify:artist:6oMuImdp5ZcFhWP0ESe6mG'],['spotify:artist:1RyvyyTE3xzB2ZywiAwp0i'],['Migos'],['Future'],0.031522730233163994,0.5413870246085011,7.104663569093099,2.014331055385583,1,1
"['spotify:artist:0c173mlxpT3dSFRgMO8XPh', 'spotify:artist:5K4W6rqBFWDnAN6FQUkS6x']",['spotify:artist:3TVXtAsR1Inumwj472S9r4'],"['Big Sean', 'Kanye West']",['Drake'],0.03139247101732447,0.8225255972696246,4.456266062271636,4.594593240548693,2,1
"['spotify:artist:0c173mlxpT3dSFRgMO8XPh', 'spotify:artist:3TVXtAsR1Inumwj472S9r4']",['spotify:artist:5K4W6rqBFWDnAN6FQUkS6x'],"['Big Sean', 'Drake']",['Kanye West'],0.03139247101732447,0.5477272727272726,4.412279404750548,1.936581435247096,2,1
['spotify:artist:6oMuImdp5ZcFhWP0ESe6mG'],['spotify:artist:2YZyLoL8N0Wb9xBt1NhZWg'],['Migos'],['Kendrick Lamar'],0.031001693369805915,0.5324384787472036,5.523689461273355,1.9325973999263322,1,1
['spotify:artist:4O15NlyKLIASxsJ0PrXPfz'],['spotify:artist:3TVXtAsR1Inumwj472S9r4'],['Lil Uzi Vert'],['Drake'],0.03087143415396639,0.6353887399463807,3.442398981346764,2.2364166455953227,1,1
"['spotify:artist:1RyvyyTE3xzB2ZywiAwp0i', 'spotify:artist:5K4W6rqBFWDnAN6FQUkS6x']",['spotify:artist:3TVXtAsR1Inumwj472S9r4'],"['Future', 'Kanye West']",['Drake'],0.03074117493812687,0.874074074074074,4.7355445777464125,6.47541548858699,2,1
"['spotify:artist:1RyvyyTE3xzB2ZywiAwp0i', 'spotify:artist:3TVXtAsR1Inumwj472S9r4']",['spotify:artist:5K4W6rqBFWDnAN6FQUkS6x'],"['Future', 'Drake']",['Kanye West'],0.03074117493812687,0.5400457665903889,4.3504001575177496,1.904239386628146,2,1
['spotify:artist:13ubrt8QOOCPljQ2FL1Kca'],['spotify:artist:2YZyLoL8N0Wb9xBt1NhZWg'],['A$AP Rocky'],['Kendrick Lamar'],0.03048065650644783,0.5505882352941176,5.711980922098569,2.010646474442255,1,1
['spotify:artist:6oMuImdp5ZcFhWP0ESe6mG'],['spotify:artist:7iZtZyCzp3LItcw1wtPI3D'],['Migos'],['Rae Sremmurd'],0.03048065650644783,0.5234899328859061,7.773369854477951,1.9572639693835805,1,1
['spotify:artist:0Y5tJX1MQlPlqiwlOH1tJY'],['spotify:artist:2YZyLoL8N0Wb9xBt1NhZWg'],['Travis Scott'],['Kendrick Lamar'],0.03008987885892927,0.5647921760391198,5.859337210070707,2.076268234460734,1,1
['spotify:artist:7c0XG5cIJTrrAgEC3ULPiq'],['spotify:artist:3TVXtAsR1Inumwj472S9r4'],['Ty Dolla $ign'],['Drake'],0.029568841995571186,0.737012987012987,3.9929772062799587,3.1006196157513943,1,1
['spotify:artist:1UTPBmNbXNTittyMJrNkvw'],['spotify:artist:0BvkDsjIUla7X0k6CSWh1I'],['Blake Shelton'],['Luke Bryan'],0.028787286700534064,0.6971608832807571,14.348804560177943,3.1416460422908252,1,1
['spotify:artist:0BvkDsjIUla7X0k6CSWh1I'],['spotify:artist:1UTPBmNbXNTittyMJrNkvw'],['Luke Bryan'],['Blake Shelton'],0.028787286700534064,0.5924932975871314,14.348804560177943,2.352618553025785,1,1
"['spotify:artist:3TVXtAsR1Inumwj472S9r4', 'spotify:artist:3nFkdlSjzX9mRTtwJOzDYB']",['spotify:artist:5K4W6rqBFWDnAN6FQUkS6x'],"['Drake', 'JAY Z']",['Kanye West'],0.028396509053015502,0.7032258064516129,5.664915546830044,2.9512773898318527,2,1
"['spotify:artist:3nFkdlSjzX9mRTtwJOzDYB', 'spotify:artist:5K4W6rqBFWDnAN6FQUkS6x']",['spotify:artist:3TVXtAsR1Inumwj472S9r4'],"['JAY Z', 'Kanye West']",['Drake'],0.028396509053015502,0.6707692307692308,3.6340828402366867,2.4767511647243436,2,1
['spotify:artist:3grHWM9bx2E9vwJCdlRv9O'],['spotify:artist:0BvkDsjIUla7X0k6CSWh1I'],['Kenny Chesney'],['Luke Bryan'],0.028396509053015502,0.6526946107784432,13.433609991812622,2.73941419286449,1,1
['spotify:artist:0BvkDsjIUla7X0k6CSWh1I'],['spotify:artist:3grHWM9bx2E9vwJCdlRv9O'],['Luke Bryan'],['Kenny Chesney'],0.028396509053015502,0.5844504021447722,13.433609991812624,2.301755137885683,1,1
"['spotify:artist:0c173mlxpT3dSFRgMO8XPh', 'spotify:artist:1RyvyyTE3xzB2ZywiAwp0i']",['spotify:artist:3TVXtAsR1Inumwj472S9r4'],"['Big Sean', 'Future']",['Drake'],0.02826624983717598,0.861111111111111,4.66531404375441,5.871043376318871,2,1
['spotify:artist:0Y5tJX1MQlPlqiwlOH1tJY'],['spotify:artist:1RyvyyTE3xzB2ZywiAwp0i'],['Travis Scott'],['Future'],0.02826624983717598,0.5305623471882641,6.9626104946398355,1.9678829620945684,1,1
['spotify:artist:13ubrt8QOOCPljQ2FL1Kca'],['spotify:artist:5K4W6rqBFWDnAN6FQUkS6x'],['A$AP Rocky'],['Kanye West'],0.02826624983717598,0.5105882352941177,4.113101660391334,1.7896238514644143,1,1
['spotify:artist:0fA0VVWsXO9YnASrzqfmYu'],['spotify:artist:3TVXtAsR1Inumwj472S9r4'],['Kid Cudi'],['Drake'],0.02800573140549694,0.6268221574344023,3.395987087243406,2.1850779927054838,1,1
"['spotify:artist:2YZyLoL8N0Wb9xBt1NhZWg', 'spotify:artist:7iZtZyCzp3LItcw1wtPI3D']",['spotify:artist:3TVXtAsR1Inumwj472S9r4'],"['Kendrick Lamar', 'Rae Sremmurd']",['Drake'],0.027745212973817896,0.8729508196721312,4.729459027962562,6.418165698126369,2,1
"['spotify:artist:3TVXtAsR1Inumwj472S9r4', 'spotify:artist:7iZtZyCzp3LItcw1wtPI3D']",['spotify:artist:2YZyLoL8N0Wb9xBt1NhZWg'],"['Drake', 'Rae Sremmurd']",['Kendrick Lamar'],0.027745212973817896,0.5649867374005305,5.8613556527349635,2.077196853445674,2,1
['spotify:artist:6roFdX1y5BYSbp60OTJWMd'],['spotify:artist:0BvkDsjIUla7X0k6CSWh1I'],['Tim McGraw'],['Luke Bryan'],0.027224176110459814,0.6830065359477123,14.057483046838037,3.001365707448543,1,1
['spotify:artist:6roFdX1y5BYSbp60OTJWMd'],['spotify:artist:3grHWM9bx2E9vwJCdlRv9O'],['Tim McGraw'],['Kenny Chesney'],0.027224176110459814,0.6830065359477123,15.698925678055652,3.017391619632346,1,1
['spotify:artist:3grHWM9bx2E9vwJCdlRv9O'],['spotify:artist:6roFdX1y5BYSbp60OTJWMd'],['Kenny Chesney'],['Tim McGraw'],0.027224176110459814,0.625748502994012,15.698925678055653,2.565495896834701,1,1
['spotify:artist:0BvkDsjIUla7X0k6CSWh1I'],['spotify:artist:6roFdX1y5BYSbp60OTJWMd'],['Luke Bryan'],['Tim McGraw'],0.027224176110459814,0.5603217158176944,14.057483046838039,2.1837345952592,1,1
"['spotify:artist:0c173mlxpT3dSFRgMO8XPh', 'spotify:artist:6l3HvQ5sa6mXTsMTB19rO5']",['spotify:artist:3TVXtAsR1Inumwj472S9r4'],"['Big Sean', 'J. Cole']",['Drake'],0.027093916894620294,0.859504132231405,4.656607779209948,5.803890919400195,2,1
"['spotify:artist:5K4W6rqBFWDnAN6FQUkS6x', 'spotify:artist:7iZtZyCzp3LItcw1wtPI3D']",['spotify:artist:3TVXtAsR1Inumwj472S9r4'],"['Kanye West', 'Rae Sremmurd']",['Drake'],0.027093916894620294,0.8489795918367348,4.599588092117582,5.399420522515484,2,1
['spotify:artist:50co4Is1HCEo8bhOyUWKpn'],['spotify:artist:1RyvyyTE3xzB2ZywiAwp0i'],['Young Thug'],['Future'],0.027093916894620294,0.5826330532212884,7.6459383753501395,2.213396067570438,1,1
"['spotify:artist:3TVXtAsR1Inumwj472S9r4', 'spotify:artist:7iZtZyCzp3LItcw1wtPI3D']",['spotify:artist:5K4W6rqBFWDnAN6FQUkS6x'],"['Drake', 'Rae Sremmurd']",['Kanye West'],0.027093916894620294,0.5517241379310345,4.444476607446539,1.9538481578340898,2,1
['spotify:artist:73sIBHcqh3Z3NyqHKZ7FOL'],['spotify:artist:2YZyLoL8N0Wb9xBt1NhZWg'],['Childish Gambino'],['Kendrick Lamar'],0.027093916894620294,0.5,5.187162162162163,1.8072163605575096,1,1
"['spotify:artist:55Aa2cqylxrFIXC767Z865', 'spotify:artist:5K4W6rqBFWDnAN6FQUkS6x']",['spotify:artist:3TVXtAsR1Inumwj472S9r4'],"['Lil Wayne', 'Kanye West']",['Drake'],0.026703139247101732,0.7706766917293233,4.175359888783356,3.5557776368415768,2,1
['spotify:artist:1UTPBmNbXNTittyMJrNkvw'],['spotify:artist:3grHWM9bx2E9vwJCdlRv9O'],['Blake Shelton'],['Kenny Chesney'],0.026703139247101732,0.6466876971608833,14.864136081150003,2.7072179887977073,1,1
['spotify:artist:3grHWM9bx2E9vwJCdlRv9O'],['spotify:artist:1UTPBmNbXNTittyMJrNkvw'],['Kenny Chesney'],['Blake Shelton'],0.026703139247101732,0.6137724550898204,14.864136081150003,2.482235773219715,1,1
['spotify:artist:3grHWM9bx2E9vwJCdlRv9O'],['spotify:artist:3b8QkneNDz4JHKKKlLgYZg'],['Kenny Chesney'],['Florida Georgia Line'],0.026703139247101732,0.6137724550898204,13.088697604790418,2.467733580522915,1,1
['spotify:artist:3b8QkneNDz4JHKKKlLgYZg'],['spotify:artist:3grHWM9bx2E9vwJCdlRv9O'],['Florida Georgia Line'],['Kenny Chesney'],0.026703139247101732,0.5694444444444444,13.08869760479042,2.2215331089513293,1,1
"['spotify:artist:3TVXtAsR1Inumwj472S9r4', 'spotify:artist:55Aa2cqylxrFIXC767Z865']",['spotify:artist:5K4W6rqBFWDnAN6FQUkS6x'],"['Drake', 'Lil Wayne']",['Kanye West'],0.026703139247101732,0.5466666666666666,4.403735571878278,1.9320506631726546,2,1
"['spotify:artist:1RyvyyTE3xzB2ZywiAwp0i', 'spotify:artist:7iZtZyCzp3LItcw1wtPI3D']",['spotify:artist:3TVXtAsR1Inumwj472S9r4'],"['Future', 'Rae Sremmurd']",['Drake'],0.02657288003126221,0.8535564853556485,4.624384712826616,5.568172091032584,2,1
"['spotify:artist:0c173mlxpT3dSFRgMO8XPh', 'spotify:artist:7iZtZyCzp3LItcw1wtPI3D']",['spotify:artist:3TVXtAsR1Inumwj472S9r4'],"['Big Sean', 'Rae Sremmurd']",['Drake'],0.02657288003126221,0.8095238095238094,4.385825183990321,4.280969128565844,2,1
"['spotify:artist:3TVXtAsR1Inumwj472S9r4', 'spotify:artist:7iZtZyCzp3LItcw1wtPI3D']",['spotify:artist:0c173mlxpT3dSFRgMO8XPh'],"['Drake', 'Rae Sremmurd']",['Big Sean'],0.02657288003126221,0.5411140583554377,6.743721795445934,2.0043331895211356,2,1
"['spotify:artist:3TVXtAsR1Inumwj472S9r4', 'spotify:artist:7iZtZyCzp3LItcw1wtPI3D']",['spotify:artist:1RyvyyTE3xzB2ZywiAwp0i'],"['Drake', 'Rae Sremmurd']",['Future'],0.02657288003126221,0.5411140583554377,7.101081411956744,2.013132839553023,2,1
"['spotify:artist:1RyvyyTE3xzB2ZywiAwp0i', 'spotify:artist:6l3HvQ5sa6mXTsMTB19rO5']",['spotify:artist:3TVXtAsR1Inumwj472S9r4'],"['Future', 'J. Cole']",['Drake'],0.02644262081542269,0.8903508771929824,4.8237287820822345,7.43665494333724,2,1
['spotify:artist:6x2LnllRG5uGarZMsD4iO8'],['spotify:artist:3b8QkneNDz4JHKKKlLgYZg'],['Thomas Rhett'],['Florida Georgia Line'],0.02644262081542269,0.6548387096774193,13.964435483870966,2.7613371169374714,1,1
['spotify:artist:1UTPBmNbXNTittyMJrNkvw'],['spotify:artist:3b8QkneNDz4JHKKKlLgYZg'],['Blake Shelton'],['Florida Georgia Line'],0.02644262081542269,0.6403785488958991,13.656072555205048,2.650305423582403,1,1
['spotify:artist:3b8QkneNDz4JHKKKlLgYZg'],['spotify:artist:1UTPBmNbXNTittyMJrNkvw'],['Florida Georgia Line'],['Blake Shelton'],0.02644262081542269,0.5638888888888889,13.656072555205046,2.198310944512063,1,1
['spotify:artist:3b8QkneNDz4JHKKKlLgYZg'],['spotify:artist:6x2LnllRG5uGarZMsD4iO8'],['Florida Georgia Line'],['Thomas Rhett'],0.02644262081542269,0.5638888888888889,13.964435483870968,2.2004017293777673,1,1
['spotify:artist:5IcR3N7QB1j6KBL8eImZ8m'],['spotify:artist:3TVXtAsR1Inumwj472S9r4'],['ScHoolboy Q'],['Drake'],0.02631236159958317,0.7266187050359713,3.9366632311652445,2.9827303702789605,1,1
['spotify:artist:6roFdX1y5BYSbp60OTJWMd'],['spotify:artist:1UTPBmNbXNTittyMJrNkvw'],['Tim McGraw'],['Blake Shelton'],0.02631236159958317,0.6601307189542484,15.986825013917239,2.8208134187032194,1,1
['spotify:artist:1UTPBmNbXNTittyMJrNkvw'],['spotify:artist:6roFdX1y5BYSbp60OTJWMd'],['Blake Shelton'],['Tim McGraw'],0.02631236159958317,0.637223974763407,15.986825013917239,2.6466486569142162,1,1
['spotify:artist:3FfvYsEGaIb52QPXhg4DcH'],['spotify:artist:0BvkDsjIUla7X0k6CSWh1I'],['Jason Aldean'],['Luke Bryan'],0.02618210238374365,0.7701149425287356,15.850328187112877,4.138647909339585,1,1
['spotify:artist:0BvkDsjIUla7X0k6CSWh1I'],['spotify:artist:3FfvYsEGaIb52QPXhg4DcH'],['Luke Bryan'],['Jason Aldean'],0.02618210238374365,0.5388739946380697,15.850328187112877,2.0948771776765995,1,1
['spotify:artist:20sxb77xiYeusSH8cVdatc'],['spotify:artist:3TVXtAsR1Inumwj472S9r4'],['Meek Mill'],['Drake'],0.02605184316790413,0.78125,4.232643789696542,3.7276465881389678,1,1
['spotify:artist:6vXTefBL93Dj5IqAWq6OTv'],['spotify:artist:3TVXtAsR1Inumwj472S9r4'],['French Montana'],['Drake'],0.02605184316790413,0.6944444444444445,3.7623500352858157,2.6686560801449435,1,1
['spotify:artist:2IvkS5MXK0vPGnwyJsrEyV'],['spotify:artist:0BvkDsjIUla7X0k6CSWh1I'],['Eric Church'],['Luke Bryan'],0.02605184316790413,0.6872852233676977,14.145546004809157,3.0424315817047365,1,1
['spotify:artist:0BvkDsjIUla7X0k6CSWh1I'],['spotify:artist:2IvkS5MXK0vPGnwyJsrEyV'],['Luke Bryan'],['Eric Church'],0.02605184316790413,0.5361930294906166,14.145546004809155,2.074342623902491,1,1
"['spotify:artist:2YZyLoL8N0Wb9xBt1NhZWg', 'spotify:artist:6oMuImdp5ZcFhWP0ESe6mG']",['spotify:artist:3TVXtAsR1Inumwj472S9r4'],"['Kendrick Lamar', 'Migos']",['Drake'],0.02592158395206461,0.8361344537815126,4.529995908031526,4.976169243461155,2,1
['spotify:artist:6x2LnllRG5uGarZMsD4iO8'],['spotify:artist:0BvkDsjIUla7X0k6CSWh1I'],['Thomas Rhett'],['Luke Bryan'],0.02592158395206461,0.6419354838709678,13.21216812245957,2.657100242094381,1,1
"['spotify:artist:3TVXtAsR1Inumwj472S9r4', 'spotify:artist:6oMuImdp5ZcFhWP0ESe6mG']",['spotify:artist:2YZyLoL8N0Wb9xBt1NhZWg'],"['Drake', 'Migos']",['Kendrick Lamar'],0.02592158395206461,0.6180124223602484,6.411461306026523,2.3655433662582035,2,1
['spotify:artist:0BvkDsjIUla7X0k6CSWh1I'],['spotify:artist:6x2LnllRG5uGarZMsD4iO8'],['Luke Bryan'],['Thomas Rhett'],0.02592158395206461,0.5335120643431636,13.21216812245957,2.057115671680898,1,1
['spotify:artist:2IvkS5MXK0vPGnwyJsrEyV'],['spotify:artist:3b8QkneNDz4JHKKKlLgYZg'],['Eric Church'],['Florida Georgia Line'],0.02579132473622509,0.6804123711340206,14.50979381443299,2.982301554286579,1,1
['spotify:artist:3b8QkneNDz4JHKKKlLgYZg'],['spotify:artist:2IvkS5MXK0vPGnwyJsrEyV'],['Florida Georgia Line'],['Eric Church'],0.02579132473622509,0.55,14.509793814432992,2.137987929312666,1,1
['spotify:artist:4O15NlyKLIASxsJ0PrXPfz'],['spotify:artist:1RyvyyTE3xzB2ZywiAwp0i'],['Lil Uzi Vert'],['Future'],0.02579132473622509,0.5308310991957105,6.966137347906786,1.9690102160442138,1,1
"['spotify:artist:5K4W6rqBFWDnAN6FQUkS6x', 'spotify:artist:6l3HvQ5sa6mXTsMTB19rO5']",['spotify:artist:2YZyLoL8N0Wb9xBt1NhZWg'],"['Kanye West', 'J. Cole']",['Kendrick Lamar'],0.025661065520385568,0.6566666666666666,6.812472972972973,2.6318684862487998,2,1
"['spotify:artist:2YZyLoL8N0Wb9xBt1NhZWg', 'spotify:artist:6l3HvQ5sa6mXTsMTB19rO5']",['spotify:artist:5K4W6rqBFWDnAN6FQUkS6x'],"['Kendrick Lamar', 'J. Cole']",['Kanye West'],0.025661065520385568,0.652317880794702,5.254820955782715,2.51914872501039,2,1
['spotify:artist:6yJCxee7QumYr820xdIsjo'],['spotify:artist:3grHWM9bx2E9vwJCdlRv9O'],['Zac Brown Band'],['Kenny Chesney'],0.025661065520385568,0.6099071207430341,14.018733430970878,2.451963295847626,1,1
['spotify:artist:3grHWM9bx2E9vwJCdlRv9O'],['spotify:artist:6yJCxee7QumYr820xdIsjo'],['Kenny Chesney'],['Zac Brown Band'],0.025661065520385568,0.5898203592814372,14.018733430970878,2.3353823012905175,1,1
"['spotify:artist:2YZyLoL8N0Wb9xBt1NhZWg', 'spotify:artist:5K4W6rqBFWDnAN6FQUkS6x']",['spotify:artist:6l3HvQ5sa6mXTsMTB19rO5'],"['Kendrick Lamar', 'Kanye West']",['J. Cole'],0.025661065520385568,0.5533707865168539,7.261927398444253,2.0683787151525874,2,1
"['spotify:artist:6oMuImdp5ZcFhWP0ESe6mG', 'spotify:artist:7iZtZyCzp3LItcw1wtPI3D']",['spotify:artist:3TVXtAsR1Inumwj472S9r4'],"['Migos', 'Rae Sremmurd']",['Drake'],0.025400547088706527,0.8333333333333334,4.514820042342978,4.892536146932397,2,1
['spotify:artist:6roFdX1y5BYSbp60OTJWMd'],['spotify:artist:3b8QkneNDz4JHKKKlLgYZg'],['Tim McGraw'],['Florida Georgia Line'],0.025400547088706527,0.6372549019607843,13.589460784313724,2.6274832863343995,1,1
"['spotify:artist:3TVXtAsR1Inumwj472S9r4', 'spotify:artist:6oMuImdp5ZcFhWP0ESe6mG']",['spotify:artist:7iZtZyCzp3LItcw1wtPI3D'],"['Drake', 'Migos']",['Rae Sremmurd'],0.025400547088706527,0.6055900621118013,8.992485313021854,2.3646868291522183,2,1
['spotify:artist:6yJCxee7QumYr820xdIsjo'],['spotify:artist:0BvkDsjIUla7X0k6CSWh1I'],['Zac Brown Band'],['Luke Bryan'],0.025400547088706527,0.6037151702786379,12.4255264402925,2.4008320307411752,1,1
['spotify:artist:2kucQ9jQwuD8jWdtR9Ef38'],['spotify:artist:3b8QkneNDz4JHKKKlLgYZg'],['Sam Hunt'],['Florida Georgia Line'],0.025400547088706527,0.576923076923077,12.302884615384617,2.252797612703826,1,1
['spotify:artist:3b8QkneNDz4JHKKKlLgYZg'],['spotify:artist:2kucQ9jQwuD8jWdtR9Ef38'],['Florida Georgia Line'],['Sam Hunt'],0.025400547088706527,0.5416666666666667,12.302884615384619,2.085757931009983,1,1
['spotify:artist:3b8QkneNDz4JHKKKlLgYZg'],['spotify:artist:6roFdX1y5BYSbp60OTJWMd'],['Florida Georgia Line'],['Tim McGraw'],0.025400547088706527,0.5416666666666667,13.589460784313728,2.0948523926249605,1,1
['spotify:artist:0BvkDsjIUla7X0k6CSWh1I'],['spotify:artist:6yJCxee7QumYr820xdIsjo'],['Luke Bryan'],['Zac Brown Band'],0.025400547088706527,0.5227882037533512,12.425526440292499,2.007339887274553,1,1
"['spotify:artist:3TVXtAsR1Inumwj472S9r4', 'spotify:artist:7iZtZyCzp3LItcw1wtPI3D']",['spotify:artist:6oMuImdp5ZcFhWP0ESe6mG'],"['Drake', 'Rae Sremmurd']",['Migos'],0.025400547088706527,0.5172413793103449,8.88336033325619,1.9508178417908781,2,1
['spotify:artist:2IvkS5MXK0vPGnwyJsrEyV'],['spotify:artist:1UTPBmNbXNTittyMJrNkvw'],['Eric Church'],['Blake Shelton'],0.025270287872867007,0.6666666666666667,16.145110410094638,2.8761234857366165,1,1
['spotify:artist:1UTPBmNbXNTittyMJrNkvw'],['spotify:artist:2IvkS5MXK0vPGnwyJsrEyV'],['Blake Shelton'],['Eric Church'],0.025270287872867007,0.6119873817034701,16.14511041009464,2.4795445375321283,1,1
"['spotify:artist:0Y5tJX1MQlPlqiwlOH1tJY', 'spotify:artist:2YZyLoL8N0Wb9xBt1NhZWg']",['spotify:artist:3TVXtAsR1Inumwj472S9r4'],"['Travis Scott', 'Kendrick Lamar']",['Drake'],0.025140028657027486,0.8354978354978355,4.526546847647765,4.956911622549928,2,1
"['spotify:artist:1RyvyyTE3xzB2ZywiAwp0i', 'spotify:artist:6oMuImdp5ZcFhWP0ESe6mG']",['spotify:artist:3TVXtAsR1Inumwj472S9r4'],"['Future', 'Migos']",['Drake'],0.025140028657027486,0.7975206611570249,4.320794718209231,4.027189617542994,2,1
['spotify:artist:7x8nK0m0cP2ksQf0mjWdPS'],['spotify:artist:0BvkDsjIUla7X0k6CSWh1I'],['Dierks Bentley'],['Luke Bryan'],0.025140028657027486,0.7255639097744361,14.933389102783769,3.4667937140114304,1,1
"['spotify:artist:0Y5tJX1MQlPlqiwlOH1tJY', 'spotify:artist:3TVXtAsR1Inumwj472S9r4']",['spotify:artist:2YZyLoL8N0Wb9xBt1NhZWg'],"['Travis Scott', 'Drake']",['Kendrick Lamar'],0.025140028657027486,0.6390728476821192,6.629948988723823,2.5035749582035227,2,1
"['spotify:artist:3TVXtAsR1Inumwj472S9r4', 'spotify:artist:6oMuImdp5ZcFhWP0ESe6mG']",['spotify:artist:1RyvyyTE3xzB2ZywiAwp0i'],"['Drake', 'Migos']",['Future'],0.025140028657027486,0.5993788819875777,7.8656951743908285,2.305915283041159,2,1
['spotify:artist:17lzZA2AlOHwCwFALHttmp'],['spotify:artist:2YZyLoL8N0Wb9xBt1NhZWg'],['2 Chainz'],['Kendrick Lamar'],0.025140028657027486,0.5391061452513967,5.592861996074287,1.9605559305442073,1,1
['spotify:artist:0BvkDsjIUla7X0k6CSWh1I'],['spotify:artist:7x8nK0m0cP2ksQf0mjWdPS'],['Luke Bryan'],['Dierks Bentley'],0.025140028657027486,0.517426273458445,14.933389102783769,2.000421895126858,1,1
['spotify:artist:4O15NlyKLIASxsJ0PrXPfz'],['spotify:artist:2YZyLoL8N0Wb9xBt1NhZWg'],['Lil Uzi Vert'],['Kendrick Lamar'],0.025140028657027486,0.517426273458445,5.367947974784436,1.8724769513554196,1,1
['spotify:artist:5M0lbkGluOPXLeFjApw8r8'],['spotify:artist:3TVXtAsR1Inumwj472S9r4'],['DRAM'],['Drake'],0.025009769441187966,0.6808510638297873,3.6887040345951148,2.554991098953585,1,1
"['spotify:artist:0Y5tJX1MQlPlqiwlOH1tJY', 'spotify:artist:1RyvyyTE3xzB2ZywiAwp0i']",['spotify:artist:3TVXtAsR1Inumwj472S9r4'],"['Travis Scott', 'Future']",['Drake'],0.02474925100950892,0.8755760368663593,4.7436818878073685,6.55358236965635,2,1
"['spotify:artist:0Y5tJX1MQlPlqiwlOH1tJY', 'spotify:artist:3TVXtAsR1Inumwj472S9r4']",['spotify:artist:1RyvyyTE3xzB2ZywiAwp0i'],"['Travis Scott', 'Drake']",['Future'],0.02474925100950892,0.629139072847682,8.256240448293427,2.490956288728855,2,1
['spotify:artist:2IvkS5MXK0vPGnwyJsrEyV'],['spotify:artist:3grHWM9bx2E9vwJCdlRv9O'],['Eric Church'],['Kenny Chesney'],0.0246189917936694,0.6494845360824743,14.928421507500465,2.7288194683891533,1,1
['spotify:artist:6yJCxee7QumYr820xdIsjo'],['spotify:artist:3b8QkneNDz4JHKKKlLgYZg'],['Zac Brown Band'],['Florida Georgia Line'],0.0246189917936694,0.5851393188854489,12.478095975232197,2.2974138685237353,1,1
['spotify:artist:3grHWM9bx2E9vwJCdlRv9O'],['spotify:artist:2IvkS5MXK0vPGnwyJsrEyV'],['Kenny Chesney'],['Eric Church'],0.0246189917936694,0.5658682634730539,14.928421507500463,2.2161350743151282,1,1
['spotify:artist:3b8QkneNDz4JHKKKlLgYZg'],['spotify:artist:6yJCxee7QumYr820xdIsjo'],['Florida Georgia Line'],['Zac Brown Band'],0.0246189917936694,0.525,12.478095975232199,2.016686891123863,1,1
['spotify:artist:4xRYI6VqpkE3UwrDrAZL8L'],['spotify:artist:3TVXtAsR1Inumwj472S9r4'],['Logic'],['Drake'],0.02448873257782988,0.6811594202898551,3.6903746433064346,2.5574620768055705,1,1
['spotify:artist:2kucQ9jQwuD8jWdtR9Ef38'],['spotify:artist:0BvkDsjIUla7X0k6CSWh1I'],['Sam Hunt'],['Luke Bryan'],0.02448873257782988,0.5562130177514794,11.447848089217446,2.143851330814989,1,1
['spotify:artist:0BvkDsjIUla7X0k6CSWh1I'],['spotify:artist:2kucQ9jQwuD8jWdtR9Ef38'],['Luke Bryan'],['Sam Hunt'],0.02448873257782988,0.5040214477211796,11.447848089217445,1.9274470249851259,1,1
"['spotify:artist:246dkjvS1zLTtiykXe5h60', 'spotify:artist:2YZyLoL8N0Wb9xBt1NhZWg']",['spotify:artist:3TVXtAsR1Inumwj472S9r4'],"['Post Malone', 'Kendrick Lamar']",['Drake'],0.02435847336199036,0.8237885462555066,4.463108447144336,4.62752377230689,2,1
"['spotify:artist:13ubrt8QOOCPljQ2FL1Kca', 'spotify:artist:2YZyLoL8N0Wb9xBt1NhZWg']",['spotify:artist:3TVXtAsR1Inumwj472S9r4'],"['A$AP Rocky', 'Kendrick Lamar']",['Drake'],0.02435847336199036,0.7991452991452992,4.329596655990446,4.059764036816244,2,1
"['spotify:artist:13ubrt8QOOCPljQ2FL1Kca', 'spotify:artist:3TVXtAsR1Inumwj472S9r4']",['spotify:artist:2YZyLoL8N0Wb9xBt1NhZWg'],"['A$AP Rocky', 'Drake']",['Kendrick Lamar'],0.02435847336199036,0.6654804270462633,6.903909781667789,2.7012116878545753,2,1
"['spotify:artist:246dkjvS1zLTtiykXe5h60', 'spotify:artist:3TVXtAsR1Inumwj472S9r4']",['spotify:artist:2YZyLoL8N0Wb9xBt1NhZWg'],"['Post Malone', 'Drake']",['Kendrick Lamar'],0.02435847336199036,0.5807453416149069,6.024840523753568,2.1552728448130303,2,1
['spotify:artist:17lzZA2AlOHwCwFALHttmp'],['spotify:artist:1RyvyyTE3xzB2ZywiAwp0i'],['2 Chainz'],['Future'],0.02435847336199036,0.5223463687150838,6.854791577137946,1.9340339907995858,1,1
['spotify:artist:4O15NlyKLIASxsJ0PrXPfz'],['spotify:artist:7iZtZyCzp3LItcw1wtPI3D'],['Lil Uzi Vert'],['Rae Sremmurd'],0.02435847336199036,0.5013404825737265,7.444469796360732,1.8703262503133924,1,1
['spotify:artist:6roFdX1y5BYSbp60OTJWMd'],['spotify:artist:6yJCxee7QumYr820xdIsjo'],['Tim McGraw'],['Zac Brown Band'],0.02422821414615084,0.6078431372549019,14.447095246767438,2.4427119968737787,1,1
['spotify:artist:6yJCxee7QumYr820xdIsjo'],['spotify:artist:6roFdX1y5BYSbp60OTJWMd'],['Zac Brown Band'],['Tim McGraw'],0.02422821414615084,0.5758513931888545,14.447095246767438,2.2636893403273977,1,1
['spotify:artist:0fA0VVWsXO9YnASrzqfmYu'],['spotify:artist:5K4W6rqBFWDnAN6FQUkS6x'],['Kid Cudi'],['Kanye West'],0.02422821414615084,0.5422740524781341,4.36835036817905,1.9135095400356263,1,1
"['spotify:artist:2YZyLoL8N0Wb9xBt1NhZWg', 'spotify:artist:55Aa2cqylxrFIXC767Z865']",['spotify:artist:3TVXtAsR1Inumwj472S9r4'],"['Kendrick Lamar', 'Lil Wayne']",['Drake'],0.02409795493031132,0.8644859813084113,4.683598361682903,6.017257100250189,2,1
['spotify:artist:7pFeBzX627ff0VnN6bxPR4'],['spotify:artist:3TVXtAsR1Inumwj472S9r4'],['Desiigner'],['Drake'],0.02409795493031132,0.7520325203252033,4.0743497943095175,3.288425934823414,1,1
"['spotify:artist:1RyvyyTE3xzB2ZywiAwp0i', 'spotify:artist:5K4W6rqBFWDnAN6FQUkS6x']",['spotify:artist:2YZyLoL8N0Wb9xBt1NhZWg'],"['Future', 'Kanye West']",['Kendrick Lamar'],0.02409795493031132,0.6851851851851851,7.1083333333333325,2.8702848079442793,2,1
"['spotify:artist:1RyvyyTE3xzB2ZywiAwp0i', 'spotify:artist:2YZyLoL8N0Wb9xBt1NhZWg']",['spotify:artist:5K4W6rqBFWDnAN6FQUkS6x'],"['Future', 'Kendrick Lamar']",['Kanye West'],0.02409795493031132,0.6445993031358885,5.192643074684382,2.4644379570246753,2,1
"['spotify:artist:2YZyLoL8N0Wb9xBt1NhZWg', 'spotify:artist:5K4W6rqBFWDnAN6FQUkS6x']",['spotify:artist:1RyvyyTE3xzB2ZywiAwp0i'],"['Kendrick Lamar', 'Kanye West']",['Future'],0.02409795493031132,0.5196629213483146,6.819576490924806,1.9232293316331077,2,1
['spotify:artist:3FfvYsEGaIb52QPXhg4DcH'],['spotify:artist:3b8QkneNDz4JHKKKlLgYZg'],['Jason Aldean'],['Florida Georgia Line'],0.0239676957144718,0.7049808429118773,15.033716475095785,3.230660312723618,1,1
['spotify:artist:3b8QkneNDz4JHKKKlLgYZg'],['spotify:artist:3FfvYsEGaIb52QPXhg4DcH'],['Florida Georgia Line'],['Jason Aldean'],0.0239676957144718,0.5111111111111111,15.033716475095783,1.9759138868165829,1,1
['spotify:artist:7x8nK0m0cP2ksQf0mjWdPS'],['spotify:artist:3grHWM9bx2E9vwJCdlRv9O'],['Dierks Bentley'],['Kenny Chesney'],0.023837436498632278,0.68796992481203,15.81300931970645,3.065388556963296,1,1
['spotify:artist:0u2FHSq3ln94y5Q57xazwf'],['spotify:artist:0BvkDsjIUla7X0k6CSWh1I'],['Keith Urban'],['Luke Bryan'],0.023837436498632278,0.6727941176470588,13.847293407979814,2.907690123570624,1,1
"['spotify:artist:5K4W6rqBFWDnAN6FQUkS6x', 'spotify:artist:5pKCCKE2ajJHZ9KAiaK11H']",['spotify:artist:3TVXtAsR1Inumwj472S9r4'],"['Kanye West', 'Rihanna']",['Drake'],0.023837436498632278,0.6203389830508474,3.3608626484695527,2.1477651240253817,2,1
['spotify:artist:5ndkK3dpZLKtBklKjxNQwT'],['spotify:artist:3TVXtAsR1Inumwj472S9r4'],['B.o.B'],['Drake'],0.023837436498632278,0.5596330275229358,3.031970890821156,1.8516890278320524,1,1
['spotify:artist:3grHWM9bx2E9vwJCdlRv9O'],['spotify:artist:7x8nK0m0cP2ksQf0mjWdPS'],['Kenny Chesney'],['Dierks Bentley'],0.023837436498632278,0.5479041916167665,15.813009319706453,2.1352798028341304,1,1
['spotify:artist:17lzZA2AlOHwCwFALHttmp'],['spotify:artist:5K4W6rqBFWDnAN6FQUkS6x'],['2 Chainz'],['Kanye West'],0.023837436498632278,0.5111731843575419,4.117813784168781,1.7917653845438135,1,1
"['spotify:artist:0QHgL1lAIqAw0HtD7YldmP', 'spotify:artist:2YZyLoL8N0Wb9xBt1NhZWg']",['spotify:artist:3TVXtAsR1Inumwj472S9r4'],"['DJ Khaled', 'Kendrick Lamar']",['Drake'],0.023707177282792757,0.8125,4.401949541284404,4.348921019495463,2,1
['spotify:artist:2EMAnMvWE2eb56ToJVfCWs'],['spotify:artist:3TVXtAsR1Inumwj472S9r4'],['Bryson Tiller'],['Drake'],0.023707177282792757,0.7081712062256809,3.836718666333488,2.794181755025834,1,1
['spotify:artist:7x8nK0m0cP2ksQf0mjWdPS'],['spotify:artist:1UTPBmNbXNTittyMJrNkvw'],['Dierks Bentley'],['Blake Shelton'],0.023707177282792757,0.6842105263157895,16.569981736676077,3.0359081238330945,1,1
['spotify:artist:7x8nK0m0cP2ksQf0mjWdPS'],['spotify:artist:3b8QkneNDz4JHKKKlLgYZg'],['Dierks Bentley'],['Florida Georgia Line'],0.023707177282792757,0.6842105263157895,14.590789473684211,3.0181711606096133,1,1
['spotify:artist:0u2FHSq3ln94y5Q57xazwf'],['spotify:artist:3b8QkneNDz4JHKKKlLgYZg'],['Keith Urban'],['Florida Georgia Line'],0.023707177282792757,0.6691176470588235,14.26893382352941,2.8805001953888234,1,1
['spotify:artist:2IvkS5MXK0vPGnwyJsrEyV'],['spotify:artist:6roFdX1y5BYSbp60OTJWMd'],['Eric Church'],['Tim McGraw'],0.023707177282792757,0.6254295532646048,15.69092379219729,2.5633113565720556,1,1
['spotify:artist:6roFdX1y5BYSbp60OTJWMd'],['spotify:artist:2IvkS5MXK0vPGnwyJsrEyV'],['Tim McGraw'],['Eric Church'],0.023707177282792757,0.5947712418300654,15.690923792197292,2.374201111825436,1,1
['spotify:artist:6x2LnllRG5uGarZMsD4iO8'],['spotify:artist:2kucQ9jQwuD8jWdtR9Ef38'],['Thomas Rhett'],['Sam Hunt'],0.023707177282792757,0.5870967741935483,13.334739454094292,2.3152456200338674,1,1
"['spotify:artist:0QHgL1lAIqAw0HtD7YldmP', 'spotify:artist:3TVXtAsR1Inumwj472S9r4']",['spotify:artist:2YZyLoL8N0Wb9xBt1NhZWg'],"['DJ Khaled', 'Drake']",['Kendrick Lamar'],0.023707177282792757,0.5833333333333334,6.051689189189189,2.1686596326690117,2,1
['spotify:artist:1UTPBmNbXNTittyMJrNkvw'],['spotify:artist:7x8nK0m0cP2ksQf0mjWdPS'],['Blake Shelton'],['Dierks Bentley'],0.023707177282792757,0.5741324921135647,16.569981736676073,2.2667872770517032,1,1
['spotify:artist:2kucQ9jQwuD8jWdtR9Ef38'],['spotify:artist:6x2LnllRG5uGarZMsD4iO8'],['Sam Hunt'],['Thomas Rhett'],0.023707177282792757,0.5384615384615385,13.334739454094295,2.079175893361122,1,1
['spotify:artist:3b8QkneNDz4JHKKKlLgYZg'],['spotify:artist:7x8nK0m0cP2ksQf0mjWdPS'],['Florida Georgia Line'],['Dierks Bentley'],0.023707177282792757,0.5055555555555555,14.59078947368421,1.9523953791640871,1,1
['spotify:artist:3b8QkneNDz4JHKKKlLgYZg'],['spotify:artist:0u2FHSq3ln94y5Q57xazwf'],['Florida Georgia Line'],['Keith Urban'],0.023707177282792757,0.5055555555555555,14.26893382352941,1.9508147055336749,1,1
['spotify:artist:3FfvYsEGaIb52QPXhg4DcH'],['spotify:artist:1UTPBmNbXNTittyMJrNkvw'],['Jason Aldean'],['Blake Shelton'],0.023576918066953237,0.6934865900383141,16.794626346132926,3.1277842907385693,1,1
"['spotify:artist:5K4W6rqBFWDnAN6FQUkS6x', 'spotify:artist:7bXgB6jMjp9ATFy66eO08Z']",['spotify:artist:3TVXtAsR1Inumwj472S9r4'],"['Kanye West', 'Chris Brown']",['Drake'],0.023576918066953237,0.688212927756654,3.7285890235623382,2.6153191191935363,2,1
['spotify:artist:2iojnBLj0qIMiKPvVhLnsH'],['spotify:artist:3TVXtAsR1Inumwj472S9r4'],['Trey Songz'],['Drake'],0.023576918066953237,0.6094276094276094,3.3017471824811278,2.0877632695961514,1,1
['spotify:artist:1UTPBmNbXNTittyMJrNkvw'],['spotify:artist:3FfvYsEGaIb52QPXhg4DcH'],['Blake Shelton'],['Jason Aldean'],0.023576918066953237,0.5709779179810726,16.794626346132926,2.2516378180815115,1,1
"['spotify:artist:3TVXtAsR1Inumwj472S9r4', 'spotify:artist:7bXgB6jMjp9ATFy66eO08Z']",['spotify:artist:5K4W6rqBFWDnAN6FQUkS6x'],"['Drake', 'Chris Brown']",['Kanye West'],0.023576918066953237,0.5201149425287356,4.189845135144914,1.825151572587533,2,1
"['spotify:artist:0Y5tJX1MQlPlqiwlOH1tJY', 'spotify:artist:5K4W6rqBFWDnAN6FQUkS6x']",['spotify:artist:3TVXtAsR1Inumwj472S9r4'],"['Travis Scott', 'Kanye West']",['Drake'],0.023446658851113716,0.8866995073891626,4.803946448995484,7.196991578458525,2,1
"['spotify:artist:0c173mlxpT3dSFRgMO8XPh', 'spotify:artist:6oMuImdp5ZcFhWP0ESe6mG']",['spotify:artist:3TVXtAsR1Inumwj472S9r4'],"['Big Sean', 'Migos']",['Drake'],0.023446658851113716,0.8144796380090498,4.412674792516214,4.3953271889108105,2,1
"['spotify:artist:0Y5tJX1MQlPlqiwlOH1tJY', 'spotify:artist:3TVXtAsR1Inumwj472S9r4']",['spotify:artist:5K4W6rqBFWDnAN6FQUkS6x'],"['Travis Scott', 'Drake']",['Kanye West'],0.023446658851113716,0.5960264900662251,4.80135924893852,2.1681198043122203,2,1
['spotify:artist:6x2LnllRG5uGarZMsD4iO8'],['spotify:artist:1UTPBmNbXNTittyMJrNkvw'],['Thomas Rhett'],['Blake Shelton'],0.023446658851113716,0.5806451612903226,14.0618703571792,2.286149437380387,1,1
['spotify:artist:1UTPBmNbXNTittyMJrNkvw'],['spotify:artist:6x2LnllRG5uGarZMsD4iO8'],['Blake Shelton'],['Thomas Rhett'],0.023446658851113716,0.5678233438485805,14.0618703571792,2.2204337726967176,1,1
"['spotify:artist:3TVXtAsR1Inumwj472S9r4', 'spotify:artist:6oMuImdp5ZcFhWP0ESe6mG']",['spotify:artist:0c173mlxpT3dSFRgMO8XPh'],"['Drake', 'Migos']",['Big Sean'],0.023446658851113716,0.5590062111801243,6.966705654593854,2.0856536902802776,2,1
"['spotify:artist:1RyvyyTE3xzB2ZywiAwp0i', 'spotify:artist:246dkjvS1zLTtiykXe5h60']",['spotify:artist:3TVXtAsR1Inumwj472S9r4'],"['Future', 'Post Malone']",['Drake'],0.023316399635274196,0.8403755868544601,4.5529734511515105,5.108383329885296,2,1
['spotify:artist:1n2pb9Tsfe4SwAjmUac6YT'],['spotify:artist:0BvkDsjIUla7X0k6CSWh1I'],['Jake Owen'],['Luke Bryan'],0.023316399635274196,0.7850877192982456,16.158494426414563,4.426984392819262,1,1
['spotify:artist:0u2FHSq3ln94y5Q57xazwf'],['spotify:artist:6roFdX1y5BYSbp60OTJWMd'],['Keith Urban'],['Tim McGraw'],0.023316399635274196,0.6580882352941176,16.51027249134948,2.8081533865295163,1,1
['spotify:artist:6roFdX1y5BYSbp60OTJWMd'],['spotify:artist:0u2FHSq3ln94y5Q57xazwf'],['Tim McGraw'],['Keith Urban'],0.023316399635274196,0.5849673202614379,16.510272491349482,2.3240808263562602,1,1
['spotify:artist:6x2LnllRG5uGarZMsD4iO8'],['spotify:artist:3grHWM9bx2E9vwJCdlRv9O'],['Thomas Rhett'],['Kenny Chesney'],0.023316399635274196,0.5774193548387097,13.272001158972378,2.2634577159692824,1,1
"['spotify:artist:246dkjvS1zLTtiykXe5h60', 'spotify:artist:3TVXtAsR1Inumwj472S9r4']",['spotify:artist:1RyvyyTE3xzB2ZywiAwp0i'],"['Post Malone', 'Drake']",['Future'],0.023316399635274196,0.5559006211180124,7.295126612517917,2.0801613392469194,2,1
['spotify:artist:3grHWM9bx2E9vwJCdlRv9O'],['spotify:artist:6x2LnllRG5uGarZMsD4iO8'],['Kenny Chesney'],['Thomas Rhett'],0.023316399635274196,0.5359281437125749,13.27200115897238,2.0678255534966197,1,1
"['spotify:artist:0QHgL1lAIqAw0HtD7YldmP', 'spotify:artist:5K4W6rqBFWDnAN6FQUkS6x']",['spotify:artist:3TVXtAsR1Inumwj472S9r4'],"['DJ Khaled', 'Kanye West']",['Drake'],0.023186140419434675,0.827906976744186,4.485421214160279,4.738266989146237,2,1
['spotify:artist:0u2FHSq3ln94y5Q57xazwf'],['spotify:artist:3grHWM9bx2E9vwJCdlRv9O'],['Keith Urban'],['Kenny Chesney'],0.023186140419434675,0.6544117647058824,15.041674004931314,2.7677256463767153,1,1
['spotify:artist:5IcR3N7QB1j6KBL8eImZ8m'],['spotify:artist:2YZyLoL8N0Wb9xBt1NhZWg'],['ScHoolboy Q'],['Kendrick Lamar'],0.023186140419434675,0.6402877697841727,6.642552984639316,2.5120307411749385,1,1
"['spotify:artist:0QHgL1lAIqAw0HtD7YldmP', 'spotify:artist:3TVXtAsR1Inumwj472S9r4']",['spotify:artist:5K4W6rqBFWDnAN6FQUkS6x'],"['DJ Khaled', 'Drake']",['Kanye West'],0.023186140419434675,0.5705128205128205,4.595830979094357,2.0393227298443306,2,1
['spotify:artist:3grHWM9bx2E9vwJCdlRv9O'],['spotify:artist:0u2FHSq3ln94y5Q57xazwf'],['Kenny Chesney'],['Keith Urban'],0.023186140419434675,0.532934131736527,15.041674004931316,2.065168017688534,1,1
['spotify:artist:13y7CgLHjMVRMDqxdx0Xdo'],['spotify:artist:3TVXtAsR1Inumwj472S9r4'],['Gucci Mane'],['Drake'],0.023055881203595155,0.7763157894736843,4.205911302603722,3.645419089871198,1,1
['spotify:artist:1n2pb9Tsfe4SwAjmUac6YT'],['spotify:artist:3b8QkneNDz4JHKKKlLgYZg'],['Jake Owen'],['Florida Georgia Line'],0.022925621987755634,0.7719298245614036,16.46140350877193,4.179006222382542,1,1
['spotify:artist:1By9QBFnjZAoI83BZppHlt'],['spotify:artist:0BvkDsjIUla7X0k6CSWh1I'],['Billy Currington'],['Luke Bryan'],0.022925621987755634,0.7521367521367522,15.480305217570637,3.8384606055706043,1,1
"['spotify:artist:0c173mlxpT3dSFRgMO8XPh', 'spotify:artist:2YZyLoL8N0Wb9xBt1NhZWg']",['spotify:artist:5K4W6rqBFWDnAN6FQUkS6x'],"['Big Sean', 'Kendrick Lamar']",['Kanye West'],0.022925621987755634,0.6263345195729538,5.045509031229345,2.343976131549403,2,1
"['spotify:artist:0c173mlxpT3dSFRgMO8XPh', 'spotify:artist:5K4W6rqBFWDnAN6FQUkS6x']",['spotify:artist:2YZyLoL8N0Wb9xBt1NhZWg'],"['Big Sean', 'Kanye West']",['Kendrick Lamar'],0.022925621987755634,0.6006825938566553,6.2316760446453285,2.262882024116882,2,1
"['spotify:artist:1UTPBmNbXNTittyMJrNkvw', 'spotify:artist:3b8QkneNDz4JHKKKlLgYZg']",['spotify:artist:0BvkDsjIUla7X0k6CSWh1I'],"['Blake Shelton', 'Florida Georgia Line']",['Luke Bryan'],0.022795362771916114,0.8620689655172414,17.742904687066655,6.897746515565979,2,1
"['spotify:artist:0BvkDsjIUla7X0k6CSWh1I', 'spotify:artist:1UTPBmNbXNTittyMJrNkvw']",['spotify:artist:3b8QkneNDz4JHKKKlLgYZg'],"['Luke Bryan', 'Blake Shelton']",['Florida Georgia Line'],0.022795362771916114,0.7918552036199095,16.88631221719457,4.579056017126254,2,1
['spotify:artist:5LHRHt1k9lMyONurDHEdrp'],['spotify:artist:3TVXtAsR1Inumwj472S9r4'],['Tyga'],['Drake'],0.022795362771916114,0.7352941176470588,3.983664743243804,3.0804857221426185,1,1
"['spotify:artist:0BvkDsjIUla7X0k6CSWh1I', 'spotify:artist:3b8QkneNDz4JHKKKlLgYZg']",['spotify:artist:1UTPBmNbXNTittyMJrNkvw'],"['Luke Bryan', 'Florida Georgia Line']",['Blake Shelton'],0.022795362771916114,0.7113821138211384,17.228014157113183,3.321720082118347,2,1
"['spotify:artist:6l3HvQ5sa6mXTsMTB19rO5', 'spotify:artist:7iZtZyCzp3LItcw1wtPI3D']",['spotify:artist:3TVXtAsR1Inumwj472S9r4'],"['J. Cole', 'Rae Sremmurd']",['Drake'],0.022665103556076593,0.8969072164948454,4.859249612583577,7.909600104207375,2,1
"['spotify:artist:1Xyo4u8uXC1ZmMpatF05PJ', 'spotify:artist:5K4W6rqBFWDnAN6FQUkS6x']",['spotify:artist:3TVXtAsR1Inumwj472S9r4'],"['The Weeknd', 'Kanye West']",['Drake'],0.022665103556076593,0.8207547169811321,4.446671815288745,4.549200276972228,2,1
['spotify:artist:1UTPBmNbXNTittyMJrNkvw'],['spotify:artist:6yJCxee7QumYr820xdIsjo'],['Blake Shelton'],['Zac Brown Band'],0.022665103556076593,0.5488958990536278,13.04604896914768,2.123514885531298,1,1
['spotify:artist:6yJCxee7QumYr820xdIsjo'],['spotify:artist:1UTPBmNbXNTittyMJrNkvw'],['Zac Brown Band'],['Blake Shelton'],0.022665103556076593,0.5386996904024768,13.046048969147678,2.0782726753756755,1,1
"['spotify:artist:1Xyo4u8uXC1ZmMpatF05PJ', 'spotify:artist:2YZyLoL8N0Wb9xBt1NhZWg']",['spotify:artist:3TVXtAsR1Inumwj472S9r4'],"['The Weeknd', 'Kendrick Lamar']",['Drake'],0.022534844340237073,0.8199052132701422,4.442069387632238,4.5277417850997175,2,1
['spotify:artist:6KZDXtSj0SzGOV705nNeh3'],['spotify:artist:3TVXtAsR1Inumwj472S9r4'],['Kid Ink'],['Drake'],0.022534844340237073,0.683794466403162,3.704650754112262,2.5787742607789497,1,1
['spotify:artist:3aQeKQSyrW4qWr35idm0cy'],['spotify:artist:3TVXtAsR1Inumwj472S9r4'],['T-Pain'],['Drake'],0.022534844340237073,0.5805369127516778,3.1452236268134306,1.9439676957144718,1,1
"['spotify:artist:3b8QkneNDz4JHKKKlLgYZg', 'spotify:artist:3grHWM9bx2E9vwJCdlRv9O']",['spotify:artist:0BvkDsjIUla7X0k6CSWh1I'],"['Florida Georgia Line', 'Kenny Chesney']",['Luke Bryan'],0.022404585124397552,0.8390243902439025,17.268606552017264,5.910294820025186,2,1
"['spotify:artist:0BvkDsjIUla7X0k6CSWh1I', 'spotify:artist:3grHWM9bx2E9vwJCdlRv9O']",['spotify:artist:3b8QkneNDz4JHKKKlLgYZg'],"['Luke Bryan', 'Kenny Chesney']",['Florida Georgia Line'],0.022404585124397552,0.7889908256880734,16.825229357798165,4.516896885672053,2,1
"['spotify:artist:0BvkDsjIUla7X0k6CSWh1I', 'spotify:artist:3b8QkneNDz4JHKKKlLgYZg']",['spotify:artist:3grHWM9bx2E9vwJCdlRv9O'],"['Luke Bryan', 'Florida Georgia Line']",['Kenny Chesney'],0.022404585124397552,0.6991869918699188,16.07083394187236,3.1796943485102935,2,1
['spotify:artist:3FfvYsEGaIb52QPXhg4DcH'],['spotify:artist:3grHWM9bx2E9vwJCdlRv9O'],['Jason Aldean'],['Kenny Chesney'],0.022404585124397552,0.6590038314176245,15.147222795787735,2.804997563128153,1,1
['spotify:artist:3grHWM9bx2E9vwJCdlRv9O'],['spotify:artist:3FfvYsEGaIb52QPXhg4DcH'],['Kenny Chesney'],['Jason Aldean'],0.022404585124397552,0.5149700598802396,15.147222795787735,1.991634463693862,1,1
"['spotify:artist:0Y5tJX1MQlPlqiwlOH1tJY', 'spotify:artist:7iZtZyCzp3LItcw1wtPI3D']",['spotify:artist:3TVXtAsR1Inumwj472S9r4'],"['Travis Scott', 'Rae Sremmurd']",['Drake'],0.022274325908558032,0.8550000000000001,4.632205363443896,5.623604766588964,2,1
"['spotify:artist:13ubrt8QOOCPljQ2FL1Kca', 'spotify:artist:5K4W6rqBFWDnAN6FQUkS6x']",['spotify:artist:3TVXtAsR1Inumwj472S9r4'],"['A$AP Rocky', 'Kanye West']",['Drake'],0.022274325908558032,0.7880184331797235,4.2693136990266325,3.8466679126243837,2,1
['spotify:artist:13YmWQJFwgZrd4bf5IjMY4'],['spotify:artist:3grHWM9bx2E9vwJCdlRv9O'],['Brad Paisley'],['Kenny Chesney'],0.022274325908558032,0.7215189873417722,16.584135526415526,3.4346809241299283,1,1
['spotify:artist:4LLpKhyESsyAXpc4laK94U'],['spotify:artist:3TVXtAsR1Inumwj472S9r4'],['Mac Miller'],['Drake'],0.022274325908558032,0.6195652173913044,3.356670553220215,2.143396788179907,1,1
"['spotify:artist:13ubrt8QOOCPljQ2FL1Kca', 'spotify:artist:3TVXtAsR1Inumwj472S9r4']",['spotify:artist:5K4W6rqBFWDnAN6FQUkS6x'],"['A$AP Rocky', 'Drake']",['Kanye West'],0.022274325908558032,0.608540925266904,4.902170706478511,2.2374317619335207,2,1
['spotify:artist:2IvkS5MXK0vPGnwyJsrEyV'],['spotify:artist:6x2LnllRG5uGarZMsD4iO8'],['Eric Church'],['Thomas Rhett'],0.022274325908558032,0.5876288659793816,14.55234452943133,2.327077634492641,1,1
"['spotify:artist:0Y5tJX1MQlPlqiwlOH1tJY', 'spotify:artist:3TVXtAsR1Inumwj472S9r4']",['spotify:artist:7iZtZyCzp3LItcw1wtPI3D'],"['Travis Scott', 'Drake']",['Rae Sremmurd'],0.022274325908558032,0.5662251655629139,8.407950862720483,2.1500924243825366,2,1
['spotify:artist:6x2LnllRG5uGarZMsD4iO8'],['spotify:artist:2IvkS5MXK0vPGnwyJsrEyV'],['Thomas Rhett'],['Eric Church'],0.022274325908558032,0.5516129032258065,14.552344529431329,2.1456785333749413,1,1
['spotify:artist:3grHWM9bx2E9vwJCdlRv9O'],['spotify:artist:13YmWQJFwgZrd4bf5IjMY4'],['Kenny Chesney'],['Brad Paisley'],0.022274325908558032,0.5119760479041917,16.584135526415526,1.98582172388083,1,1
['spotify:artist:13YmWQJFwgZrd4bf5IjMY4'],['spotify:artist:0BvkDsjIUla7X0k6CSWh1I'],['Brad Paisley'],['Luke Bryan'],0.02214406669271851,0.7172995780590719,14.763294532867278,3.365447090456278,1,1
['spotify:artist:7x8nK0m0cP2ksQf0mjWdPS'],['spotify:artist:6roFdX1y5BYSbp60OTJWMd'],['Dierks Bentley'],['Tim McGraw'],0.02214406669271851,0.6390977443609023,16.033834586466167,2.6603898007034,1,1
['spotify:artist:7x8nK0m0cP2ksQf0mjWdPS'],['spotify:artist:6x2LnllRG5uGarZMsD4iO8'],['Dierks Bentley'],['Thomas Rhett'],0.02214406669271851,0.6390977443609023,15.8269463982537,2.6589460943945116,1,1
['spotify:artist:7x8nK0m0cP2ksQf0mjWdPS'],['spotify:artist:6yJCxee7QumYr820xdIsjo'],['Dierks Bentley'],['Zac Brown Band'],0.02214406669271851,0.6390977443609023,15.189948555599527,2.6542540488906257,1,1
['spotify:artist:0u2FHSq3ln94y5Q57xazwf'],['spotify:artist:1UTPBmNbXNTittyMJrNkvw'],['Keith Urban'],['Blake Shelton'],0.02214406669271851,0.625,15.136041009463723,2.5565542095436586,1,1
['spotify:artist:6roFdX1y5BYSbp60OTJWMd'],['spotify:artist:7x8nK0m0cP2ksQf0mjWdPS'],['Tim McGraw'],['Dierks Bentley'],0.02214406669271851,0.5555555555555556,16.033834586466167,2.172039859320047,1,1
['spotify:artist:6x2LnllRG5uGarZMsD4iO8'],['spotify:artist:7x8nK0m0cP2ksQf0mjWdPS'],['Thomas Rhett'],['Dierks Bentley'],0.02214406669271851,0.5483870967741936,15.8269463982537,2.1375630361562368,1,1
['spotify:artist:1UTPBmNbXNTittyMJrNkvw'],['spotify:artist:0u2FHSq3ln94y5Q57xazwf'],['Blake Shelton'],['Keith Urban'],0.02214406669271851,0.5362776025236593,15.136041009463723,2.080058022948661,1,1
['spotify:artist:6yJCxee7QumYr820xdIsjo'],['spotify:artist:7x8nK0m0cP2ksQf0mjWdPS'],['Zac Brown Band'],['Dierks Bentley'],0.02214406669271851,0.5263157894736843,15.189948555599527,2.0379633247941182,1,1
"['spotify:artist:5K4W6rqBFWDnAN6FQUkS6x', 'spotify:artist:6oMuImdp5ZcFhWP0ESe6mG']",['spotify:artist:3TVXtAsR1Inumwj472S9r4'],"['Kanye West', 'Migos']",['Drake'],0.022013807476878988,0.8535353535353535,4.624270225187656,5.567368718923069,2,1
"['spotify:artist:0c173mlxpT3dSFRgMO8XPh', 'spotify:artist:1Xyo4u8uXC1ZmMpatF05PJ']",['spotify:artist:3TVXtAsR1Inumwj472S9r4'],"['Big Sean', 'The Weeknd']",['Drake'],0.022013807476878988,0.824390243902439,4.466368315059297,4.6433792135238,2,1
"['spotify:artist:5pKCCKE2ajJHZ9KAiaK11H', 'spotify:artist:7bXgB6jMjp9ATFy66eO08Z']",['spotify:artist:3TVXtAsR1Inumwj472S9r4'],"['Rihanna', 'Chris Brown']",['Drake'],0.022013807476878988,0.6377358490566037,3.4551151116496452,2.2509063870435497,2,1
['spotify:artist:7x8nK0m0cP2ksQf0mjWdPS'],['spotify:artist:2IvkS5MXK0vPGnwyJsrEyV'],['Dierks Bentley'],['Eric Church'],0.022013807476878988,0.6353383458646616,16.761142547089374,2.638321186997176,1,1
['spotify:artist:2IvkS5MXK0vPGnwyJsrEyV'],['spotify:artist:7x8nK0m0cP2ksQf0mjWdPS'],['Eric Church'],['Dierks Bentley'],0.022013807476878988,0.5807560137457045,16.761142547089374,2.30259963228464,1,1
"['spotify:artist:3TVXtAsR1Inumwj472S9r4', 'spotify:artist:6oMuImdp5ZcFhWP0ESe6mG']",['spotify:artist:5K4W6rqBFWDnAN6FQUkS6x'],"['Drake', 'Migos']",['Kanye West'],0.022013807476878988,0.5248447204968943,4.227946400057354,1.8433194475306511,2,1
"['spotify:artist:2YZyLoL8N0Wb9xBt1NhZWg', 'spotify:artist:3nFkdlSjzX9mRTtwJOzDYB']",['spotify:artist:3TVXtAsR1Inumwj472S9r4'],"['Kendrick Lamar', 'JAY Z']",['Drake'],0.021883548261039467,0.8571428571428571,4.643814900695634,5.707958838087793,2,1
"['spotify:artist:1RyvyyTE3xzB2ZywiAwp0i', 'spotify:artist:50co4Is1HCEo8bhOyUWKpn']",['spotify:artist:3TVXtAsR1Inumwj472S9r4'],"['Future', 'Young Thug']",['Drake'],0.021883548261039467,0.8076923076923077,4.375902502578579,4.240197994008076,2,1
"['spotify:artist:3TVXtAsR1Inumwj472S9r4', 'spotify:artist:50co4Is1HCEo8bhOyUWKpn']",['spotify:artist:1RyvyyTE3xzB2ZywiAwp0i'],"['Drake', 'Young Thug']",['Future'],0.021883548261039467,0.6857142857142857,8.998681318681319,2.939358414153256,2,1
['spotify:artist:3FfvYsEGaIb52QPXhg4DcH'],['spotify:artist:7x8nK0m0cP2ksQf0mjWdPS'],['Jason Aldean'],['Dierks Bentley'],0.021883548261039467,0.6436781609195401,18.577132486388383,2.7092110073239284,1,1
['spotify:artist:3FfvYsEGaIb52QPXhg4DcH'],['spotify:artist:6roFdX1y5BYSbp60OTJWMd'],['Jason Aldean'],['Tim McGraw'],0.021883548261039467,0.6436781609195401,16.148749154834345,2.6945883598683955,1,1
['spotify:artist:7x8nK0m0cP2ksQf0mjWdPS'],['spotify:artist:3FfvYsEGaIb52QPXhg4DcH'],['Dierks Bentley'],['Jason Aldean'],0.021883548261039467,0.631578947368421,18.577132486388383,2.6220063640931164,1,1
['spotify:artist:6roFdX1y5BYSbp60OTJWMd'],['spotify:artist:3FfvYsEGaIb52QPXhg4DcH'],['Tim McGraw'],['Jason Aldean'],0.021883548261039467,0.5490196078431372,16.148749154834345,2.142005199041745,1,1
['spotify:artist:6roFdX1y5BYSbp60OTJWMd'],['spotify:artist:6x2LnllRG5uGarZMsD4iO8'],['Tim McGraw'],['Thomas Rhett'],0.021883548261039467,0.5490196078431372,13.596204933586336,2.1278522520685725,1,1
"['spotify:artist:3TVXtAsR1Inumwj472S9r4', 'spotify:artist:3nFkdlSjzX9mRTtwJOzDYB']",['spotify:artist:2YZyLoL8N0Wb9xBt1NhZWg'],"['Drake', 'JAY Z']",['Kendrick Lamar'],0.021883548261039467,0.5419354838709677,5.622214472537053,1.9726657456789713,2,1
['spotify:artist:6x2LnllRG5uGarZMsD4iO8'],['spotify:artist:6roFdX1y5BYSbp60OTJWMd'],['Thomas Rhett'],['Tim McGraw'],0.021883548261039467,0.5419354838709677,13.596204933586336,2.09608176609481,1,1
['spotify:artist:1UTPBmNbXNTittyMJrNkvw'],['spotify:artist:2kucQ9jQwuD8jWdtR9Ef38'],['Blake Shelton'],['Sam Hunt'],0.021883548261039467,0.529968454258675,12.037182909301327,2.033847288990998,1,1
"['spotify:artist:0QHgL1lAIqAw0HtD7YldmP', 'spotify:artist:1RyvyyTE3xzB2ZywiAwp0i']",['spotify:artist:3TVXtAsR1Inumwj472S9r4'],"['DJ Khaled', 'Future']",['Drake'],0.021753289045199947,0.8835978835978836,4.787142521087476,7.0052222103804755,2,1
['spotify:artist:1gPhS1zisyXr5dHTYZyiMe'],['spotify:artist:3TVXtAsR1Inumwj472S9r4'],['Kevin Gates'],['Drake'],0.021753289045199947,0.7356828193832599,3.9857706453107173,3.085015848204593,1,1
['spotify:artist:4BYxqVkZyFjtik7crYLg5Q'],['spotify:artist:0BvkDsjIUla7X0k6CSWh1I'],['Chris Young'],['Luke Bryan'],0.021753289045199947,0.7292576419213973,15.00941264619455,3.514091105816703,1,1
['spotify:artist:2IvkS5MXK0vPGnwyJsrEyV'],['spotify:artist:6yJCxee7QumYr820xdIsjo'],['Eric Church'],['Zac Brown Band'],0.021753289045199947,0.5738831615120275,13.6399412722224,2.2480366574644832,1,1
"['spotify:artist:0QHgL1lAIqAw0HtD7YldmP', 'spotify:artist:3TVXtAsR1Inumwj472S9r4']",['spotify:artist:1RyvyyTE3xzB2ZywiAwp0i'],"['DJ Khaled', 'Drake']",['Future'],0.021753289045199947,0.5352564102564102,7.024211045364892,1.9877592270687632,2,1
['spotify:artist:6yJCxee7QumYr820xdIsjo'],['spotify:artist:2IvkS5MXK0vPGnwyJsrEyV'],['Zac Brown Band'],['Eric Church'],0.021753289045199947,0.5170278637770898,13.6399412722224,1.9920291379845891,1,1
"['spotify:artist:17lzZA2AlOHwCwFALHttmp', 'spotify:artist:1RyvyyTE3xzB2ZywiAwp0i']",['spotify:artist:3TVXtAsR1Inumwj472S9r4'],"['2 Chainz', 'Future']",['Drake'],0.021623029829360426,0.8877005347593583,4.809369799116157,7.261144916479031,2,1
"['spotify:artist:0BvkDsjIUla7X0k6CSWh1I', 'spotify:artist:6x2LnllRG5uGarZMsD4iO8']",['spotify:artist:3b8QkneNDz4JHKKKlLgYZg'],"['Luke Bryan', 'Thomas Rhett']",['Florida Georgia Line'],0.021623029829360426,0.8341708542713567,17.78869346733668,5.747522114462323,2,1
"['spotify:artist:1UTPBmNbXNTittyMJrNkvw', 'spotify:artist:6roFdX1y5BYSbp60OTJWMd']",['spotify:artist:0BvkDsjIUla7X0k6CSWh1I'],"['Blake Shelton', 'Tim McGraw']",['Luke Bryan'],0.021623029829360426,0.8217821782178217,16.91373131951265,5.338485808982095,2,1
"['spotify:artist:3b8QkneNDz4JHKKKlLgYZg', 'spotify:artist:6x2LnllRG5uGarZMsD4iO8']",['spotify:artist:0BvkDsjIUla7X0k6CSWh1I'],"['Florida Georgia Line', 'Thomas Rhett']",['Luke Bryan'],0.021623029829360426,0.8177339901477833,16.83041244601751,5.219916282049928,2,1
"['spotify:artist:1UTPBmNbXNTittyMJrNkvw', 'spotify:artist:3grHWM9bx2E9vwJCdlRv9O']",['spotify:artist:0BvkDsjIUla7X0k6CSWh1I'],"['Blake Shelton', 'Kenny Chesney']",['Luke Bryan'],0.021623029829360426,0.8097560975609756,16.666213300202706,5.0010186938674615,2,1
"['spotify:artist:0BvkDsjIUla7X0k6CSWh1I', 'spotify:artist:6roFdX1y5BYSbp60OTJWMd']",['spotify:artist:1UTPBmNbXNTittyMJrNkvw'],"['Luke Bryan', 'Tim McGraw']",['Blake Shelton'],0.021623029829360426,0.7942583732057416,19.235083694323276,4.65976595751126,2,1
"['spotify:artist:0BvkDsjIUla7X0k6CSWh1I', 'spotify:artist:3grHWM9bx2E9vwJCdlRv9O']",['spotify:artist:1UTPBmNbXNTittyMJrNkvw'],"['Luke Bryan', 'Kenny Chesney']",['Blake Shelton'],0.021623029829360426,0.7614678899082568,18.44097473446589,4.019198204426807,2,1
"['spotify:artist:0BvkDsjIUla7X0k6CSWh1I', 'spotify:artist:1UTPBmNbXNTittyMJrNkvw']",['spotify:artist:3grHWM9bx2E9vwJCdlRv9O'],"['Luke Bryan', 'Blake Shelton']",['Kenny Chesney'],0.021623029829360426,0.7511312217194569,17.264773620180453,3.843364477127664,2,1
"['spotify:artist:0BvkDsjIUla7X0k6CSWh1I', 'spotify:artist:1UTPBmNbXNTittyMJrNkvw']",['spotify:artist:6roFdX1y5BYSbp60OTJWMd'],"['Luke Bryan', 'Blake Shelton']",['Tim McGraw'],0.021623029829360426,0.7511312217194569,18.844556827255786,3.8580198230842995,2,1
['spotify:artist:1By9QBFnjZAoI83BZppHlt'],['spotify:artist:3grHWM9bx2E9vwJCdlRv9O'],['Billy Currington'],['Kenny Chesney'],0.021623029829360426,0.7094017094017094,16.30561953017043,3.2914626577477417,1,1
['spotify:artist:1By9QBFnjZAoI83BZppHlt'],['spotify:artist:3b8QkneNDz4JHKKKlLgYZg'],['Billy Currington'],['Florida Georgia Line'],0.021623029829360426,0.7094017094017094,15.127991452991454,3.279808289083512,1,1
"['spotify:artist:0BvkDsjIUla7X0k6CSWh1I', 'spotify:artist:3b8QkneNDz4JHKKKlLgYZg']",['spotify:artist:6x2LnllRG5uGarZMsD4iO8'],"['Luke Bryan', 'Florida Georgia Line']",['Thomas Rhett'],0.021623029829360426,0.6747967479674797,16.711014948859166,2.950830402500977,2,1
['spotify:artist:3FfvYsEGaIb52QPXhg4DcH'],['spotify:artist:2IvkS5MXK0vPGnwyJsrEyV'],['Jason Aldean'],['Eric Church'],0.021623029829360426,0.636015325670498,16.779002251451594,2.643228234713395,1,1
['spotify:artist:7x8nK0m0cP2ksQf0mjWdPS'],['spotify:artist:0u2FHSq3ln94y5Q57xazwf'],['Dierks Bentley'],['Keith Urban'],0.021623029829360426,0.6240601503759398,17.61363887660327,2.5657548521557896,1,1
"['spotify:artist:17lzZA2AlOHwCwFALHttmp', 'spotify:artist:3TVXtAsR1Inumwj472S9r4']",['spotify:artist:1RyvyyTE3xzB2ZywiAwp0i'],"['2 Chainz', 'Drake']",['Future'],0.021623029829360426,0.6217228464419475,8.15891673869202,2.442120413682634,2,1
['spotify:artist:0u2FHSq3ln94y5Q57xazwf'],['spotify:artist:7x8nK0m0cP2ksQf0mjWdPS'],['Keith Urban'],['Dierks Bentley'],0.021623029829360426,0.6102941176470588,17.61363887660327,2.477127219014896,1,1
['spotify:artist:0u2FHSq3ln94y5Q57xazwf'],['spotify:artist:2kucQ9jQwuD8jWdtR9Ef38'],['Keith Urban'],['Sam Hunt'],0.021623029829360426,0.6102941176470588,13.861621127741037,2.4530612144582813,1,1
['spotify:artist:2IvkS5MXK0vPGnwyJsrEyV'],['spotify:artist:3FfvYsEGaIb52QPXhg4DcH'],['Eric Church'],['Jason Aldean'],0.021623029829360426,0.570446735395189,16.779002251451594,2.24885345838218,1,1
['spotify:artist:2iojnBLj0qIMiKPvVhLnsH'],['spotify:artist:7bXgB6jMjp9ATFy66eO08Z'],['Trey Songz'],['Chris Brown'],0.021623029829360426,0.5589225589225588,6.673170271926103,2.0772844831443575,1,1
"['spotify:artist:1Xyo4u8uXC1ZmMpatF05PJ', 'spotify:artist:6l3HvQ5sa6mXTsMTB19rO5']",['spotify:artist:3TVXtAsR1Inumwj472S9r4'],"['The Weeknd', 'J. Cole']",['Drake'],0.021492770613520906,0.8593749999999999,4.655908168666196,5.7985613593272785,2,1
['spotify:artist:1n2pb9Tsfe4SwAjmUac6YT'],['spotify:artist:3grHWM9bx2E9vwJCdlRv9O'],['Jake Owen'],['Kenny Chesney'],0.021492770613520906,0.7236842105263157,16.6339032461393,3.461595241196647,1,1
"['spotify:artist:1RyvyyTE3xzB2ZywiAwp0i', 'spotify:artist:55Aa2cqylxrFIXC767Z865']",['spotify:artist:3TVXtAsR1Inumwj472S9r4'],"['Future', 'Lil Wayne']",['Drake'],0.021362511397681385,0.9010989010989011,4.881959254577462,8.244829432793482,2,1
"['spotify:artist:1Xyo4u8uXC1ZmMpatF05PJ', 'spotify:artist:7iZtZyCzp3LItcw1wtPI3D']",['spotify:artist:3TVXtAsR1Inumwj472S9r4'],"['The Weeknd', 'Rae Sremmurd']",['Drake'],0.021362511397681385,0.8586387434554974,4.651919289702085,5.768360518914121,2,1
"['spotify:artist:0c173mlxpT3dSFRgMO8XPh', 'spotify:artist:55Aa2cqylxrFIXC767Z865']",['spotify:artist:3TVXtAsR1Inumwj472S9r4'],"['Big Sean', 'Lil Wayne']",['Drake'],0.021362511397681385,0.8586387434554974,4.651919289702085,5.768360518914121,2,1
['spotify:artist:5Zq7R5qmi58ByYyBQTlNuk'],['spotify:artist:0BvkDsjIUla7X0k6CSWh1I'],['Lee Brice'],['Luke Bryan'],0.021362511397681385,0.7354260089686098,15.136368554563049,3.5960198082319397,1,1
['spotify:artist:4BYxqVkZyFjtik7crYLg5Q'],['spotify:artist:1UTPBmNbXNTittyMJrNkvw'],['Chris Young'],['Blake Shelton'],0.021362511397681385,0.7161572052401747,17.34365572438114,3.3776014268394103,1,1
['spotify:artist:6x2LnllRG5uGarZMsD4iO8'],['spotify:artist:6yJCxee7QumYr820xdIsjo'],['Thomas Rhett'],['Zac Brown Band'],0.021362511397681385,0.5290322580645161,12.573933885948268,2.033953046013622,1,1
['spotify:artist:1UTPBmNbXNTittyMJrNkvw'],['spotify:artist:4BYxqVkZyFjtik7crYLg5Q'],['Blake Shelton'],['Chris Young'],0.021362511397681385,0.5173501577287066,17.34365572438114,2.0100921094415796,1,1
['spotify:artist:6yJCxee7QumYr820xdIsjo'],['spotify:artist:6x2LnllRG5uGarZMsD4iO8'],['Zac Brown Band'],['Thomas Rhett'],0.021362511397681385,0.5077399380804953,12.573933885948266,1.9494160045156526,1,1
"['spotify:artist:0Y5tJX1MQlPlqiwlOH1tJY', 'spotify:artist:246dkjvS1zLTtiykXe5h60']",['spotify:artist:3TVXtAsR1Inumwj472S9r4'],"['Travis Scott', 'Post Malone']",['Drake'],0.021232252181841865,0.8402061855670102,4.552055671558177,5.102967809166044,2,1
['spotify:artist:5Zq7R5qmi58ByYyBQTlNuk'],['spotify:artist:1UTPBmNbXNTittyMJrNkvw'],['Lee Brice'],['Blake Shelton'],0.021232252181841865,0.7309417040358744,17.701701772502865,3.563197429551474,1,1
"['spotify:artist:0c173mlxpT3dSFRgMO8XPh', 'spotify:artist:6l3HvQ5sa6mXTsMTB19rO5']",['spotify:artist:2YZyLoL8N0Wb9xBt1NhZWg'],"['Big Sean', 'J. Cole']",['Kendrick Lamar'],0.021232252181841865,0.6735537190082644,6.987664730846549,2.7680149319931475,2,1
['spotify:artist:0u2FHSq3ln94y5Q57xazwf'],['spotify:artist:6yJCxee7QumYr820xdIsjo'],['Keith Urban'],['Zac Brown Band'],0.021232252181841865,0.5992647058823529,14.2432047896558,2.390421525992689,1,1
"['spotify:artist:0c173mlxpT3dSFRgMO8XPh', 'spotify:artist:2YZyLoL8N0Wb9xBt1NhZWg']",['spotify:artist:6l3HvQ5sa6mXTsMTB19rO5'],"['Big Sean', 'Kendrick Lamar']",['J. Cole'],0.021232252181841865,0.5800711743772242,7.612318642211881,2.1998927017306813,2,1
"['spotify:artist:2YZyLoL8N0Wb9xBt1NhZWg', 'spotify:artist:6l3HvQ5sa6mXTsMTB19rO5']",['spotify:artist:0c173mlxpT3dSFRgMO8XPh'],"['Kendrick Lamar', 'J. Cole']",['Big Sean'],0.021232252181841865,0.5397350993377483,6.726536294830996,1.9983281838772826,2,1
"['spotify:artist:0Y5tJX1MQlPlqiwlOH1tJY', 'spotify:artist:3TVXtAsR1Inumwj472S9r4']",['spotify:artist:246dkjvS1zLTtiykXe5h60'],"['Travis Scott', 'Drake']",['Post Malone'],0.021232252181841865,0.5397350993377483,8.490873683639128,2.0345533655139194,2,1
['spotify:artist:7c0XG5cIJTrrAgEC3ULPiq'],['spotify:artist:1RyvyyTE3xzB2ZywiAwp0i'],['Ty Dolla $ign'],['Future'],0.021232252181841865,0.5292207792207791,6.945004995004995,1.9622751344140352,1,1
['spotify:artist:1UTPBmNbXNTittyMJrNkvw'],['spotify:artist:5Zq7R5qmi58ByYyBQTlNuk'],['Blake Shelton'],['Lee Brice'],0.021232252181841865,0.5141955835962145,17.701701772502865,1.9986483491758993,1,1
"['spotify:artist:246dkjvS1zLTtiykXe5h60', 'spotify:artist:3TVXtAsR1Inumwj472S9r4']",['spotify:artist:0Y5tJX1MQlPlqiwlOH1tJY'],"['Post Malone', 'Drake']",['Travis Scott'],0.021232252181841865,0.5062111801242236,9.501670488541967,1.9172649169331248,2,1
['spotify:artist:6yJCxee7QumYr820xdIsjo'],['spotify:artist:0u2FHSq3ln94y5Q57xazwf'],['Zac Brown Band'],['Keith Urban'],0.021232252181841865,0.5046439628482972,14.243204789655799,1.947224664582519,1,1
"['spotify:artist:17lzZA2AlOHwCwFALHttmp', 'spotify:artist:5K4W6rqBFWDnAN6FQUkS6x']",['spotify:artist:3TVXtAsR1Inumwj472S9r4'],"['2 Chainz', 'Kanye West']",['Drake'],0.021101992966002344,0.8852459016393442,4.79607112694795,7.105826308639907,2,1
"['spotify:artist:3b8QkneNDz4JHKKKlLgYZg', 'spotify:artist:6roFdX1y5BYSbp60OTJWMd']",['spotify:artist:0BvkDsjIUla7X0k6CSWh1I'],"['Florida Georgia Line', 'Tim McGraw']",['Luke Bryan'],0.021101992966002344,0.8307692307692307,17.098700763043926,5.621987755633709,2,1
"['spotify:artist:3grHWM9bx2E9vwJCdlRv9O', 'spotify:artist:6roFdX1y5BYSbp60OTJWMd']",['spotify:artist:0BvkDsjIUla7X0k6CSWh1I'],"['Kenny Chesney', 'Tim McGraw']",['Luke Bryan'],0.021101992966002344,0.7751196172248804,15.953333247816106,4.230752815123373,2,1
"['spotify:artist:0BvkDsjIUla7X0k6CSWh1I', 'spotify:artist:6roFdX1y5BYSbp60OTJWMd']",['spotify:artist:3grHWM9bx2E9vwJCdlRv9O'],"['Luke Bryan', 'Tim McGraw']",['Kenny Chesney'],0.021101992966002344,0.7751196172248804,17.816147609088045,4.253343088917159,2,1
"['spotify:artist:0BvkDsjIUla7X0k6CSWh1I', 'spotify:artist:6roFdX1y5BYSbp60OTJWMd']",['spotify:artist:3b8QkneNDz4JHKKKlLgYZg'],"['Luke Bryan', 'Tim McGraw']",['Florida Georgia Line'],0.021101992966002344,0.7751196172248804,16.529425837320574,4.238282906387968,2,1
"['spotify:artist:0BvkDsjIUla7X0k6CSWh1I', 'spotify:artist:3grHWM9bx2E9vwJCdlRv9O']",['spotify:artist:6roFdX1y5BYSbp60OTJWMd'],"['Luke Bryan', 'Kenny Chesney']",['Tim McGraw'],0.021101992966002344,0.7431192660550459,18.643550998381002,3.737690504103165,2,1
"['spotify:artist:0BvkDsjIUla7X0k6CSWh1I', 'spotify:artist:3b8QkneNDz4JHKKKlLgYZg']",['spotify:artist:6roFdX1y5BYSbp60OTJWMd'],"['Luke Bryan', 'Florida Georgia Line']",['Tim McGraw'],0.021101992966002344,0.6585365853658537,16.52152080344333,2.8118405627198126,2,1
"['spotify:artist:17lzZA2AlOHwCwFALHttmp', 'spotify:artist:3TVXtAsR1Inumwj472S9r4']",['spotify:artist:5K4W6rqBFWDnAN6FQUkS6x'],"['2 Chainz', 'Drake']",['Kanye West'],0.021101992966002344,0.6067415730337078,4.887675819705954,2.2271944025754102,2,1
['spotify:artist:0u2FHSq3ln94y5Q57xazwf'],['spotify:artist:6x2LnllRG5uGarZMsD4iO8'],['Keith Urban'],['Thomas Rhett'],0.021101992966002344,0.5955882352941176,14.749454459203035,2.372877662912833,1,1
['spotify:artist:6x2LnllRG5uGarZMsD4iO8'],['spotify:artist:0u2FHSq3ln94y5Q57xazwf'],['Thomas Rhett'],['Keith Urban'],0.021101992966002344,0.5225806451612903,14.749454459203037,2.020382046759538,1,1
"['spotify:artist:3FfvYsEGaIb52QPXhg4DcH', 'spotify:artist:3b8QkneNDz4JHKKKlLgYZg']",['spotify:artist:0BvkDsjIUla7X0k6CSWh1I'],"['Jason Aldean', 'Florida Georgia Line']",['Luke Bryan'],0.020971733750162824,0.875,18.009048257372655,7.61130649993487,2,1
"['spotify:artist:0BvkDsjIUla7X0k6CSWh1I', 'spotify:artist:3FfvYsEGaIb52QPXhg4DcH']",['spotify:artist:3b8QkneNDz4JHKKKlLgYZg'],"['Luke Bryan', 'Jason Aldean']",['Florida Georgia Line'],0.020971733750162824,0.8009950248756219,17.08121890547264,4.789361078546308,2,1
"['spotify:artist:1UTPBmNbXNTittyMJrNkvw', 'spotify:artist:6roFdX1y5BYSbp60OTJWMd']",['spotify:artist:3grHWM9bx2E9vwJCdlRv9O'],"['Blake Shelton', 'Tim McGraw']",['Kenny Chesney'],0.020971733750162824,0.797029702970297,18.319751585937038,4.712479785993637,2,1
"['spotify:artist:1UTPBmNbXNTittyMJrNkvw', 'spotify:artist:3grHWM9bx2E9vwJCdlRv9O']",['spotify:artist:6roFdX1y5BYSbp60OTJWMd'],"['Blake Shelton', 'Kenny Chesney']",['Tim McGraw'],0.020971733750162824,0.7853658536585366,19.703443328550932,4.473382713417884,2,1
"['spotify:artist:2YZyLoL8N0Wb9xBt1NhZWg', 'spotify:artist:73sIBHcqh3Z3NyqHKZ7FOL']",['spotify:artist:3TVXtAsR1Inumwj472S9r4'],"['Kendrick Lamar', 'Childish Gambino']",['Drake'],0.020971733750162824,0.7740384615384616,4.193573231637805,3.6086791438366608,2,1
"['spotify:artist:3grHWM9bx2E9vwJCdlRv9O', 'spotify:artist:6roFdX1y5BYSbp60OTJWMd']",['spotify:artist:1UTPBmNbXNTittyMJrNkvw'],"['Kenny Chesney', 'Tim McGraw']",['Blake Shelton'],0.020971733750162824,0.7703349282296651,18.655713703530406,4.174373670270505,2,1
['spotify:artist:1By9QBFnjZAoI83BZppHlt'],['spotify:artist:1UTPBmNbXNTittyMJrNkvw'],['Billy Currington'],['Blake Shelton'],0.020971733750162824,0.688034188034188,16.662581897597672,3.073118245033644,1,1
['spotify:artist:13YmWQJFwgZrd4bf5IjMY4'],['spotify:artist:6roFdX1y5BYSbp60OTJWMd'],['Brad Paisley'],['Tim McGraw'],0.020971733750162824,0.679324894514768,17.043062794738148,2.9941229098537674,1,1
"['spotify:artist:0BvkDsjIUla7X0k6CSWh1I', 'spotify:artist:3b8QkneNDz4JHKKKlLgYZg']",['spotify:artist:3FfvYsEGaIb52QPXhg4DcH'],"['Luke Bryan', 'Florida Georgia Line']",['Jason Aldean'],0.020971733750162824,0.6544715447154472,19.25049060835436,2.7957244327977384,2,1
"['spotify:artist:3TVXtAsR1Inumwj472S9r4', 'spotify:artist:73sIBHcqh3Z3NyqHKZ7FOL']",['spotify:artist:2YZyLoL8N0Wb9xBt1NhZWg'],"['Drake', 'Childish Gambino']",['Kendrick Lamar'],0.020971733750162824,0.6289062499999999,6.524477407094594,2.4349862542248544,2,1
['spotify:artist:6roFdX1y5BYSbp60OTJWMd'],['spotify:artist:13YmWQJFwgZrd4bf5IjMY4'],['Tim McGraw'],['Brad Paisley'],0.020971733750162824,0.5261437908496732,17.04306279473815,2.045195456199216,1,1
['spotify:artist:1UTPBmNbXNTittyMJrNkvw'],['spotify:artist:1By9QBFnjZAoI83BZppHlt'],['Blake Shelton'],['Billy Currington'],0.020971733750162824,0.5078864353312302,16.66258189759767,1.9701130249195897,1,1
"['spotify:artist:246dkjvS1zLTtiykXe5h60', 'spotify:artist:5K4W6rqBFWDnAN6FQUkS6x']",['spotify:artist:3TVXtAsR1Inumwj472S9r4'],"['Post Malone', 'Kanye West']",['Drake'],0.020841474534323303,0.837696335078534,4.5384578436117895,5.024055935828427,2,1
"['spotify:artist:17lzZA2AlOHwCwFALHttmp', 'spotify:artist:2YZyLoL8N0Wb9xBt1NhZWg']",['spotify:artist:3TVXtAsR1Inumwj472S9r4'],"['2 Chainz', 'Kendrick Lamar']",['Drake'],0.020841474534323303,0.8290155440414507,4.491427192382652,4.768987254333091,2,1
"['spotify:artist:1RyvyyTE3xzB2ZywiAwp0i', 'spotify:artist:4O15NlyKLIASxsJ0PrXPfz']",['spotify:artist:3TVXtAsR1Inumwj472S9r4'],"['Future', 'Lil Uzi Vert']",['Drake'],0.020841474534323303,0.8080808080808081,4.378007313787131,4.24878139075708,2,1
"['spotify:artist:3TVXtAsR1Inumwj472S9r4', 'spotify:artist:4O15NlyKLIASxsJ0PrXPfz']",['spotify:artist:1RyvyyTE3xzB2ZywiAwp0i'],"['Drake', 'Lil Uzi Vert']",['Future'],0.020841474534323303,0.6751054852320676,8.859461213891596,2.843379363895191,2,1
['spotify:artist:3FfvYsEGaIb52QPXhg4DcH'],['spotify:artist:6x2LnllRG5uGarZMsD4iO8'],['Jason Aldean'],['Thomas Rhett'],0.020841474534323303,0.6130268199233716,15.181312569521689,2.479809176697271,1,1
"['spotify:artist:17lzZA2AlOHwCwFALHttmp', 'spotify:artist:3TVXtAsR1Inumwj472S9r4']",['spotify:artist:2YZyLoL8N0Wb9xBt1NhZWg'],"['2 Chainz', 'Drake']",['Kendrick Lamar'],0.020841474534323303,0.599250936329588,6.2168235651381725,2.2547979825647433,2,1
['spotify:artist:6x2LnllRG5uGarZMsD4iO8'],['spotify:artist:3FfvYsEGaIb52QPXhg4DcH'],['Thomas Rhett'],['Jason Aldean'],0.020841474534323303,0.5161290322580645,15.18131256952169,1.9964048456428292,1,1
"['spotify:artist:6PXS4YHDkKvl1wkIl4V8DL', 'spotify:artist:7iZtZyCzp3LItcw1wtPI3D']",['spotify:artist:3TVXtAsR1Inumwj472S9r4'],"['Fetty Wap', 'Rae Sremmurd']",['Drake'],0.020711215318483783,0.8784530386740331,4.75926886231514,6.708704868142147,2,1
"['spotify:artist:0QHgL1lAIqAw0HtD7YldmP', 'spotify:artist:0c173mlxpT3dSFRgMO8XPh']",['spotify:artist:3TVXtAsR1Inumwj472S9r4'],"['DJ Khaled', 'Big Sean']",['Drake'],0.020711215318483783,0.8784530386740331,4.75926886231514,6.708704868142147,2,1
"['spotify:artist:1RyvyyTE3xzB2ZywiAwp0i', 'spotify:artist:1Xyo4u8uXC1ZmMpatF05PJ']",['spotify:artist:3TVXtAsR1Inumwj472S9r4'],"['Future', 'The Weeknd']",['Drake'],0.020711215318483783,0.8457446808510639,4.582062042973619,5.2861884805936254,2,1
"['spotify:artist:2IvkS5MXK0vPGnwyJsrEyV', 'spotify:artist:3b8QkneNDz4JHKKKlLgYZg']",['spotify:artist:0BvkDsjIUla7X0k6CSWh1I'],"['Eric Church', 'Florida Georgia Line']",['Luke Bryan'],0.020711215318483783,0.803030303030303,16.527784547891788,4.830252201881743,2,1
"['spotify:artist:137W8MRPWKqSmrBGDBFSop', 'spotify:artist:5K4W6rqBFWDnAN6FQUkS6x']",['spotify:artist:3TVXtAsR1Inumwj472S9r4'],"['Wiz Khalifa', 'Kanye West']",['Drake'],0.020711215318483783,0.7989949748743719,4.3287822315529665,4.056727888498112,2,1
"['spotify:artist:0BvkDsjIUla7X0k6CSWh1I', 'spotify:artist:2IvkS5MXK0vPGnwyJsrEyV']",['spotify:artist:3b8QkneNDz4JHKKKlLgYZg'],"['Luke Bryan', 'Eric Church']",['Florida Georgia Line'],0.020711215318483783,0.7949999999999999,16.953374999999998,4.649300889257425,2,1
['spotify:artist:1By9QBFnjZAoI83BZppHlt'],['spotify:artist:6roFdX1y5BYSbp60OTJWMd'],['Billy Currington'],['Tim McGraw'],0.020711215318483783,0.6794871794871795,17.047134238310708,2.9956389214536934,1,1
"['spotify:artist:1RyvyyTE3xzB2ZywiAwp0i', 'spotify:artist:7iZtZyCzp3LItcw1wtPI3D']",['spotify:artist:2YZyLoL8N0Wb9xBt1NhZWg'],"['Future', 'Rae Sremmurd']",['Kendrick Lamar'],0.020711215318483783,0.6652719665271967,6.901747144634174,2.69952943858278,2,1
"['spotify:artist:2YZyLoL8N0Wb9xBt1NhZWg', 'spotify:artist:7iZtZyCzp3LItcw1wtPI3D']",['spotify:artist:1RyvyyTE3xzB2ZywiAwp0i'],"['Kendrick Lamar', 'Rae Sremmurd']",['Future'],0.020711215318483783,0.6516393442622951,8.551513240857505,2.651844700365492,2,1
"['spotify:artist:0BvkDsjIUla7X0k6CSWh1I', 'spotify:artist:3b8QkneNDz4JHKKKlLgYZg']",['spotify:artist:2IvkS5MXK0vPGnwyJsrEyV'],"['Luke Bryan', 'Florida Georgia Line']",['Eric Church'],0.020711215318483783,0.6463414634146342,17.051420668845864,2.720405330746116,2,1
"['spotify:artist:1RyvyyTE3xzB2ZywiAwp0i', 'spotify:artist:2YZyLoL8N0Wb9xBt1NhZWg']",['spotify:artist:7iZtZyCzp3LItcw1wtPI3D'],"['Future', 'Kendrick Lamar']",['Rae Sremmurd'],0.020711215318483783,0.554006968641115,8.226521273225995,2.0911895922886545,2,1
['spotify:artist:3aQeKQSyrW4qWr35idm0cy'],['spotify:artist:7bXgB6jMjp9ATFy66eO08Z'],['T-Pain'],['Chris Brown'],0.020711215318483783,0.5335570469798657,6.370322627782938,1.9643202202598997,1,1
"['spotify:artist:137W8MRPWKqSmrBGDBFSop', 'spotify:artist:3TVXtAsR1Inumwj472S9r4']",['spotify:artist:5K4W6rqBFWDnAN6FQUkS6x'],"['Wiz Khalifa', 'Drake']",['Kanye West'],0.020711215318483783,0.5335570469798657,4.298129537947984,1.877749383142958,2,1
"['spotify:artist:3TVXtAsR1Inumwj472S9r4', 'spotify:artist:6PXS4YHDkKvl1wkIl4V8DL']",['spotify:artist:7iZtZyCzp3LItcw1wtPI3D'],"['Drake', 'Fetty Wap']",['Rae Sremmurd'],0.020711215318483783,0.5264900662251655,7.817919223231325,1.969665088070715,2,1
['spotify:artist:6roFdX1y5BYSbp60OTJWMd'],['spotify:artist:1By9QBFnjZAoI83BZppHlt'],['Tim McGraw'],['Billy Currington'],0.020711215318483783,0.5196078431372548,17.047134238310708,2.0181831231906595,1,1
"['spotify:artist:0QHgL1lAIqAw0HtD7YldmP', 'spotify:artist:3TVXtAsR1Inumwj472S9r4']",['spotify:artist:0c173mlxpT3dSFRgMO8XPh'],"['DJ Khaled', 'Drake']",['Big Sean'],0.020711215318483783,0.5096153846153846,6.35116446053946,1.8755896783619008,2,1
"['spotify:artist:5K4W6rqBFWDnAN6FQUkS6x', 'spotify:artist:73sIBHcqh3Z3NyqHKZ7FOL']",['spotify:artist:3TVXtAsR1Inumwj472S9r4'],"['Kanye West', 'Childish Gambino']",['Drake'],0.020580956102644262,0.8102564102564103,4.389794256555019,4.297497966900077,2,1
['spotify:artist:13YmWQJFwgZrd4bf5IjMY4'],['spotify:artist:1UTPBmNbXNTittyMJrNkvw'],['Brad Paisley'],['Blake Shelton'],0.020580956102644262,0.6666666666666667,16.145110410094638,2.8761234857366165,1,1
['spotify:artist:20sxb77xiYeusSH8cVdatc'],['spotify:artist:1RyvyyTE3xzB2ZywiAwp0i'],['Meek Mill'],['Future'],0.020580956102644262,0.6171875,8.09939903846154,2.413187549345647,1,1
"['spotify:artist:3TVXtAsR1Inumwj472S9r4', 'spotify:artist:73sIBHcqh3Z3NyqHKZ7FOL']",['spotify:artist:5K4W6rqBFWDnAN6FQUkS6x'],"['Drake', 'Childish Gambino']",['Kanye West'],0.020580956102644262,0.6171875,4.971824173662119,2.2879685676537127,2,1
['spotify:artist:4xRYI6VqpkE3UwrDrAZL8L'],['spotify:artist:2YZyLoL8N0Wb9xBt1NhZWg'],['Logic'],['Kendrick Lamar'],0.020580956102644262,0.572463768115942,5.938924794359577,2.1135242182791214,1,1
"['spotify:artist:246dkjvS1zLTtiykXe5h60', 'spotify:artist:7iZtZyCzp3LItcw1wtPI3D']",['spotify:artist:3TVXtAsR1Inumwj472S9r4'],"['Post Malone', 'Rae Sremmurd']",['Drake'],0.02045069688680474,0.8674033149171271,4.6994038451791,6.149646129130303,2,1
"['spotify:artist:137W8MRPWKqSmrBGDBFSop', 'spotify:artist:55Aa2cqylxrFIXC767Z865']",['spotify:artist:3TVXtAsR1Inumwj472S9r4'],"['Wiz Khalifa', 'Lil Wayne']",['Drake'],0.02045069688680474,0.8579234972677596,4.648044240313755,5.739321249286082,2,1
"['spotify:artist:0c173mlxpT3dSFRgMO8XPh', 'spotify:artist:7bXgB6jMjp9ATFy66eO08Z']",['spotify:artist:3TVXtAsR1Inumwj472S9r4'],"['Big Sean', 'Chris Brown']",['Drake'],0.02045069688680474,0.7889447236180904,4.274332140590036,3.8635503699982006,2,1
['spotify:artist:0u2FHSq3ln94y5Q57xazwf'],['spotify:artist:2IvkS5MXK0vPGnwyJsrEyV'],['Keith Urban'],['Eric Church'],0.02045069688680474,0.5772058823529412,15.227524257125534,2.2755628047640895,1,1
['spotify:artist:2IvkS5MXK0vPGnwyJsrEyV'],['spotify:artist:0u2FHSq3ln94y5Q57xazwf'],['Eric Church'],['Keith Urban'],0.02045069688680474,0.5395189003436427,15.227524257125532,2.0946994219990325,1,1
"['spotify:artist:137W8MRPWKqSmrBGDBFSop', 'spotify:artist:3TVXtAsR1Inumwj472S9r4']",['spotify:artist:55Aa2cqylxrFIXC767Z865'],"['Wiz Khalifa', 'Drake']",['Lil Wayne'],0.02045069688680474,0.5268456375838926,7.489988814317673,1.9648133828872647,2,1
"['spotify:artist:55Aa2cqylxrFIXC767Z865', 'spotify:artist:6l3HvQ5sa6mXTsMTB19rO5']",['spotify:artist:3TVXtAsR1Inumwj472S9r4'],"['Lil Wayne', 'J. Cole']",['Drake'],0.02032043767096522,0.9017341040462428,4.885400646974598,8.298125033522592,2,1
"['spotify:artist:3b8QkneNDz4JHKKKlLgYZg', 'spotify:artist:7x8nK0m0cP2ksQf0mjWdPS']",['spotify:artist:0BvkDsjIUla7X0k6CSWh1I'],"['Florida Georgia Line', 'Dierks Bentley']",['Luke Bryan'],0.02032043767096522,0.8571428571428572,17.64151666028342,6.659893187443014,2,1
"['spotify:artist:3b8QkneNDz4JHKKKlLgYZg', 'spotify:artist:6yJCxee7QumYr820xdIsjo']",['spotify:artist:0BvkDsjIUla7X0k6CSWh1I'],"['Florida Georgia Line', 'Zac Brown Band']",['Luke Bryan'],0.02032043767096522,0.8253968253968255,16.988127154346994,5.44900351699883,2,1
"['spotify:artist:0BvkDsjIUla7X0k6CSWh1I', 'spotify:artist:7x8nK0m0cP2ksQf0mjWdPS']",['spotify:artist:3b8QkneNDz4JHKKKlLgYZg'],"['Luke Bryan', 'Dierks Bentley']",['Florida Georgia Line'],0.02032043767096522,0.8082901554404145,17.23678756476684,4.971610531985678,2,1
"['spotify:artist:0BvkDsjIUla7X0k6CSWh1I', 'spotify:artist:6yJCxee7QumYr820xdIsjo']",['spotify:artist:3b8QkneNDz4JHKKKlLgYZg'],"['Luke Bryan', 'Zac Brown Band']",['Florida Georgia Line'],0.02032043767096522,0.7999999999999999,17.06,4.765533411488861,2,1
"['spotify:artist:1anyVhU62p31KFi8MEzkbf', 'spotify:artist:5K4W6rqBFWDnAN6FQUkS6x']",['spotify:artist:3TVXtAsR1Inumwj472S9r4'],"['Chance The Rapper', 'Kanye West']",['Drake'],0.02032043767096522,0.7878787878787878,4.268557130942452,3.84413554401831,2,1
['spotify:artist:5Zq7R5qmi58ByYyBQTlNuk'],['spotify:artist:3b8QkneNDz4JHKKKlLgYZg'],['Lee Brice'],['Florida Georgia Line'],0.02032043767096522,0.6995515695067265,14.917937219730941,3.17228045003587,1,1
['spotify:artist:4BYxqVkZyFjtik7crYLg5Q'],['spotify:artist:3b8QkneNDz4JHKKKlLgYZg'],['Chris Young'],['Florida Georgia Line'],0.02032043767096522,0.6812227074235808,14.527074235807861,2.989882606112191,1,1
"['spotify:artist:0BvkDsjIUla7X0k6CSWh1I', 'spotify:artist:3b8QkneNDz4JHKKKlLgYZg']",['spotify:artist:7x8nK0m0cP2ksQf0mjWdPS'],"['Luke Bryan', 'Florida Georgia Line']",['Dierks Bentley'],0.02032043767096522,0.6341463414634148,18.302035576746746,2.63862619947028,2,1
"['spotify:artist:0BvkDsjIUla7X0k6CSWh1I', 'spotify:artist:3b8QkneNDz4JHKKKlLgYZg']",['spotify:artist:6yJCxee7QumYr820xdIsjo'],"['Luke Bryan', 'Florida Georgia Line']",['Zac Brown Band'],0.02032043767096522,0.6341463414634148,15.07226459261497,2.6183318136424827,2,1
"['spotify:artist:0c173mlxpT3dSFRgMO8XPh', 'spotify:artist:1RyvyyTE3xzB2ZywiAwp0i']",['spotify:artist:2YZyLoL8N0Wb9xBt1NhZWg'],"['Big Sean', 'Future']",['Kendrick Lamar'],0.02032043767096522,0.619047619047619,6.422200772200771,2.3719714732317305,2,1
"['spotify:artist:1anyVhU62p31KFi8MEzkbf', 'spotify:artist:3TVXtAsR1Inumwj472S9r4']",['spotify:artist:5K4W6rqBFWDnAN6FQUkS6x'],"['Chance The Rapper', 'Drake']",['Kanye West'],0.02032043767096522,0.5954198473282443,4.796472369295835,2.164868843715976,2,1
"['spotify:artist:0c173mlxpT3dSFRgMO8XPh', 'spotify:artist:2YZyLoL8N0Wb9xBt1NhZWg']",['spotify:artist:1RyvyyTE3xzB2ZywiAwp0i'],"['Big Sean', 'Kendrick Lamar']",['Future'],0.02032043767096522,0.5551601423487544,7.28540925266904,2.076698710433763,2,1
"['spotify:artist:1RyvyyTE3xzB2ZywiAwp0i', 'spotify:artist:2YZyLoL8N0Wb9xBt1NhZWg']",['spotify:artist:0c173mlxpT3dSFRgMO8XPh'],"['Future', 'Kendrick Lamar']",['Big Sean'],0.02032043767096522,0.5435540069686412,6.774130051133536,2.0150474252923627,2,1
['spotify:artist:6vXTefBL93Dj5IqAWq6OTv'],['spotify:artist:1RyvyyTE3xzB2ZywiAwp0i'],['French Montana'],['Future'],0.02032043767096522,0.5416666666666667,7.108333333333335,2.0155600554193756,1,1
"['spotify:artist:0c173mlxpT3dSFRgMO8XPh', 'spotify:artist:13ubrt8QOOCPljQ2FL1Kca']",['spotify:artist:3TVXtAsR1Inumwj472S9r4'],"['Big Sean', 'A$AP Rocky']",['Drake'],0.0201901784551257,0.8469945355191257,4.588833485660077,5.329369731479932,2,1
"['spotify:artist:137W8MRPWKqSmrBGDBFSop', 'spotify:artist:2YZyLoL8N0Wb9xBt1NhZWg']",['spotify:artist:3TVXtAsR1Inumwj472S9r4'],"['Wiz Khalifa', 'Kendrick Lamar']",['Drake'],0.0201901784551257,0.8423913043478262,4.563894173238011,5.173716385261846,2,1
"['spotify:artist:3b8QkneNDz4JHKKKlLgYZg', 'spotify:artist:6roFdX1y5BYSbp60OTJWMd']",['spotify:artist:1UTPBmNbXNTittyMJrNkvw'],"['Florida Georgia Line', 'Tim McGraw']",['Blake Shelton'],0.0201901784551257,0.7948717948717948,19.249939335112835,4.673700664321999,2,1
"['spotify:artist:3b8QkneNDz4JHKKKlLgYZg', 'spotify:artist:6roFdX1y5BYSbp60OTJWMd']",['spotify:artist:3grHWM9bx2E9vwJCdlRv9O'],"['Florida Georgia Line', 'Tim McGraw']",['Kenny Chesney'],0.0201901784551257,0.7948717948717948,18.270152003684938,4.662905431809299,2,1
"['spotify:artist:1UTPBmNbXNTittyMJrNkvw', 'spotify:artist:6roFdX1y5BYSbp60OTJWMd']",['spotify:artist:3b8QkneNDz4JHKKKlLgYZg'],"['Blake Shelton', 'Tim McGraw']",['Florida Georgia Line'],0.0201901784551257,0.7673267326732673,16.363242574257427,4.096330847322342,2,1
"['spotify:artist:1UTPBmNbXNTittyMJrNkvw', 'spotify:artist:3b8QkneNDz4JHKKKlLgYZg']",['spotify:artist:3grHWM9bx2E9vwJCdlRv9O'],"['Blake Shelton', 'Florida Georgia Line']",['Kenny Chesney'],0.0201901784551257,0.7635467980295567,17.550146013391938,4.045170096826018,2,1
"['spotify:artist:1UTPBmNbXNTittyMJrNkvw', 'spotify:artist:3b8QkneNDz4JHKKKlLgYZg']",['spotify:artist:6roFdX1y5BYSbp60OTJWMd'],"['Blake Shelton', 'Florida Georgia Line']",['Tim McGraw'],0.0201901784551257,0.7635467980295567,19.156041727035642,4.060594958968348,2,1
"['spotify:artist:3b8QkneNDz4JHKKKlLgYZg', 'spotify:artist:3grHWM9bx2E9vwJCdlRv9O']",['spotify:artist:1UTPBmNbXNTittyMJrNkvw'],"['Florida Georgia Line', 'Kenny Chesney']",['Blake Shelton'],0.0201901784551257,0.7560975609756098,18.310917904131724,3.930702097173375,2,1
"['spotify:artist:1UTPBmNbXNTittyMJrNkvw', 'spotify:artist:3grHWM9bx2E9vwJCdlRv9O']",['spotify:artist:3b8QkneNDz4JHKKKlLgYZg'],"['Blake Shelton', 'Kenny Chesney']",['Florida Georgia Line'],0.0201901784551257,0.7560975609756098,16.12378048780488,3.9077373974208673,2,1
"['spotify:artist:3b8QkneNDz4JHKKKlLgYZg', 'spotify:artist:3grHWM9bx2E9vwJCdlRv9O']",['spotify:artist:6roFdX1y5BYSbp60OTJWMd'],"['Florida Georgia Line', 'Kenny Chesney']",['Tim McGraw'],0.0201901784551257,0.7560975609756098,18.969153515064562,3.9365767878077373,2,1
"['spotify:artist:3grHWM9bx2E9vwJCdlRv9O', 'spotify:artist:6roFdX1y5BYSbp60OTJWMd']",['spotify:artist:3b8QkneNDz4JHKKKlLgYZg'],"['Kenny Chesney', 'Tim McGraw']",['Florida Georgia Line'],0.0201901784551257,0.7416267942583733,15.81519138755981,3.688875862967306,2,1
['spotify:artist:1n2pb9Tsfe4SwAjmUac6YT'],['spotify:artist:7x8nK0m0cP2ksQf0mjWdPS'],['Jake Owen'],['Dierks Bentley'],0.0201901784551257,0.6798245614035088,19.620350217649385,3.015069028462531,1,1
['spotify:artist:13y7CgLHjMVRMDqxdx0Xdo'],['spotify:artist:1RyvyyTE3xzB2ZywiAwp0i'],['Gucci Mane'],['Future'],0.0201901784551257,0.6798245614035088,8.921390013495277,2.885288024538695,1,1
['spotify:artist:4BYxqVkZyFjtik7crYLg5Q'],['spotify:artist:2IvkS5MXK0vPGnwyJsrEyV'],['Chris Young'],['Eric Church'],0.0201901784551257,0.6768558951965066,17.856435420699594,2.9772926502117594,1,1
['spotify:artist:1By9QBFnjZAoI83BZppHlt'],['spotify:artist:6yJCxee7QumYr820xdIsjo'],['Billy Currington'],['Zac Brown Band'],0.0201901784551257,0.6623931623931625,15.743629435579903,2.837401872764777,1,1
['spotify:artist:13YmWQJFwgZrd4bf5IjMY4'],['spotify:artist:3b8QkneNDz4JHKKKlLgYZg'],['Brad Paisley'],['Florida Georgia Line'],0.0201901784551257,0.6540084388185654,13.946729957805907,2.7547107768850254,1,1
"['spotify:artist:2YZyLoL8N0Wb9xBt1NhZWg', 'spotify:artist:6oMuImdp5ZcFhWP0ESe6mG']",['spotify:artist:1RyvyyTE3xzB2ZywiAwp0i'],"['Kendrick Lamar', 'Migos']",['Future'],0.0201901784551257,0.6512605042016807,8.546541693600519,2.648963968417633,2,1
"['spotify:artist:1RyvyyTE3xzB2ZywiAwp0i', 'spotify:artist:6oMuImdp5ZcFhWP0ESe6mG']",['spotify:artist:2YZyLoL8N0Wb9xBt1NhZWg'],"['Future', 'Migos']",['Kendrick Lamar'],0.0201901784551257,0.6404958677685951,6.644711860620952,2.513484823304123,2,1
['spotify:artist:1URnnhqYAYcrqrcwql10ft'],['spotify:artist:3TVXtAsR1Inumwj472S9r4'],['21 Savage'],['Drake'],0.0201901784551257,0.6404958677685951,3.4700682970074137,2.2681872558575478,1,1
['spotify:artist:7x8nK0m0cP2ksQf0mjWdPS'],['spotify:artist:1n2pb9Tsfe4SwAjmUac6YT'],['Dierks Bentley'],['Jake Owen'],0.0201901784551257,0.5827067669172933,19.62035021764939,2.32522557727716,1,1
['spotify:artist:2h93pZq0e7k5yf4dywlkpM'],['spotify:artist:3TVXtAsR1Inumwj472S9r4'],['Frank Ocean'],['Drake'],0.0201901784551257,0.5677655677655677,3.076031237640271,1.8865287685205423,1,1
"['spotify:artist:13ubrt8QOOCPljQ2FL1Kca', 'spotify:artist:3TVXtAsR1Inumwj472S9r4']",['spotify:artist:0c173mlxpT3dSFRgMO8XPh'],"['A$AP Rocky', 'Drake']",['Big Sean'],0.0201901784551257,0.5516014234875445,6.874422285899154,2.0512115140876377,2,1
['spotify:artist:4OBJLual30L7gRl5UkeRcT'],['spotify:artist:3TVXtAsR1Inumwj472S9r4'],['T.I.'],['Drake'],0.0201901784551257,0.5477031802120141,2.9673375543314275,1.8028486062263904,1,1
"['spotify:artist:1RyvyyTE3xzB2ZywiAwp0i', 'spotify:artist:2YZyLoL8N0Wb9xBt1NhZWg']",['spotify:artist:6oMuImdp5ZcFhWP0ESe6mG'],"['Future', 'Kendrick Lamar']",['Migos'],0.0201901784551257,0.5400696864111498,9.275425016953909,2.047645268630028,2,1
['spotify:artist:2IvkS5MXK0vPGnwyJsrEyV'],['spotify:artist:2kucQ9jQwuD8jWdtR9Ef38'],['Eric Church'],['Sam Hunt'],0.0201901784551257,0.5326460481099657,12.097999145976944,2.0454997356504157,1,1
['spotify:artist:2IvkS5MXK0vPGnwyJsrEyV'],['spotify:artist:4BYxqVkZyFjtik7crYLg5Q'],['Eric Church'],['Chris Young'],0.0201901784551257,0.5326460481099657,17.856435420699594,2.0758798243799284,1,1
"['spotify:artist:137W8MRPWKqSmrBGDBFSop', 'spotify:artist:3TVXtAsR1Inumwj472S9r4']",['spotify:artist:2YZyLoL8N0Wb9xBt1NhZWg'],"['Wiz Khalifa', 'Drake']",['Kendrick Lamar'],0.0201901784551257,0.5201342281879194,5.3960411754035915,1.8830436204410412,2,1
"['spotify:artist:1UTPBmNbXNTittyMJrNkvw', 'spotify:artist:6x2LnllRG5uGarZMsD4iO8']",['spotify:artist:0BvkDsjIUla7X0k6CSWh1I'],"['Blake Shelton', 'Thomas Rhett']",['Luke Bryan'],0.02005991923928618,0.8555555555555556,17.608847184986598,6.586707548020564,2,1
"['spotify:artist:0Y5tJX1MQlPlqiwlOH1tJY', 'spotify:artist:6oMuImdp5ZcFhWP0ESe6mG']",['spotify:artist:3TVXtAsR1Inumwj472S9r4'],"['Travis Scott', 'Migos']",['Drake'],0.02005991923928618,0.8324324324324325,4.509939155810716,4.86623218915319,2,1
"['spotify:artist:0BvkDsjIUla7X0k6CSWh1I', 'spotify:artist:2kucQ9jQwuD8jWdtR9Ef38']",['spotify:artist:3b8QkneNDz4JHKKKlLgYZg'],"['Luke Bryan', 'Sam Hunt']",['Florida Georgia Line'],0.02005991923928618,0.8191489361702128,17.468351063829786,5.270119302117095,2,1
"['spotify:artist:2YZyLoL8N0Wb9xBt1NhZWg', 'spotify:artist:4O15NlyKLIASxsJ0PrXPfz']",['spotify:artist:3TVXtAsR1Inumwj472S9r4'],"['Kendrick Lamar', 'Lil Uzi Vert']",['Drake'],0.02005991923928618,0.7979274611398963,4.3229986726683025,4.035296907512616,2,1
"['spotify:artist:1UTPBmNbXNTittyMJrNkvw', 'spotify:artist:2IvkS5MXK0vPGnwyJsrEyV']",['spotify:artist:0BvkDsjIUla7X0k6CSWh1I'],"['Blake Shelton', 'Eric Church']",['Luke Bryan'],0.02005991923928618,0.7938144329896907,16.338105635554573,4.614354565585514,2,1
"['spotify:artist:2kucQ9jQwuD8jWdtR9Ef38', 'spotify:artist:3b8QkneNDz4JHKKKlLgYZg']",['spotify:artist:0BvkDsjIUla7X0k6CSWh1I'],"['Sam Hunt', 'Florida Georgia Line']",['Luke Bryan'],0.02005991923928618,0.7897435897435897,16.254320478449166,4.525014535022255,2,1
"['spotify:artist:0BvkDsjIUla7X0k6CSWh1I', 'spotify:artist:6x2LnllRG5uGarZMsD4iO8']",['spotify:artist:1UTPBmNbXNTittyMJrNkvw'],"['Luke Bryan', 'Thomas Rhett']",['Blake Shelton'],0.02005991923928618,0.7738693467336684,18.741309069004327,4.239619064159901,2,1
"['spotify:artist:0BvkDsjIUla7X0k6CSWh1I', 'spotify:artist:2IvkS5MXK0vPGnwyJsrEyV']",['spotify:artist:1UTPBmNbXNTittyMJrNkvw'],"['Luke Bryan', 'Eric Church']",['Blake Shelton'],0.02005991923928618,0.77,18.647602523659305,4.168294906864661,2,1
"['spotify:artist:55Aa2cqylxrFIXC767Z865', 'spotify:artist:7bXgB6jMjp9ATFy66eO08Z']",['spotify:artist:3TVXtAsR1Inumwj472S9r4'],"['Lil Wayne', 'Chris Brown']",['Drake'],0.02005991923928618,0.736842105263158,3.9920514058611603,3.098606226390518,2,1
"['spotify:artist:0BvkDsjIUla7X0k6CSWh1I', 'spotify:artist:1UTPBmNbXNTittyMJrNkvw']",['spotify:artist:6x2LnllRG5uGarZMsD4iO8'],"['Luke Bryan', 'Blake Shelton']",['Thomas Rhett'],0.02005991923928618,0.6968325791855203,17.256721646474965,3.1653125540721554,2,1
"['spotify:artist:0BvkDsjIUla7X0k6CSWh1I', 'spotify:artist:1UTPBmNbXNTittyMJrNkvw']",['spotify:artist:2IvkS5MXK0vPGnwyJsrEyV'],"['Luke Bryan', 'Blake Shelton']",['Eric Church'],0.02005991923928618,0.6968325791855203,18.383449176657184,3.1734761129872324,2,1
['spotify:artist:5Zq7R5qmi58ByYyBQTlNuk'],['spotify:artist:6roFdX1y5BYSbp60OTJWMd'],['Lee Brice'],['Tim McGraw'],0.02005991923928618,0.6905829596412556,17.32550778158797,3.1030633569498955,1,1
"['spotify:artist:3TVXtAsR1Inumwj472S9r4', 'spotify:artist:4O15NlyKLIASxsJ0PrXPfz']",['spotify:artist:2YZyLoL8N0Wb9xBt1NhZWg'],"['Drake', 'Lil Uzi Vert']",['Kendrick Lamar'],0.02005991923928618,0.649789029535865,6.741122134793022,2.5801823942899387,2,1
"['spotify:artist:0BvkDsjIUla7X0k6CSWh1I', 'spotify:artist:3b8QkneNDz4JHKKKlLgYZg']",['spotify:artist:2kucQ9jQwuD8jWdtR9Ef38'],"['Luke Bryan', 'Florida Georgia Line']",['Sam Hunt'],0.02005991923928618,0.6260162601626017,14.21871842978785,2.5561870295801694,2,1
['spotify:artist:5IcR3N7QB1j6KBL8eImZ8m'],['spotify:artist:5K4W6rqBFWDnAN6FQUkS6x'],['ScHoolboy Q'],['Kanye West'],0.02005991923928618,0.5539568345323741,4.4624623491133635,1.9636282654094552,1,1
['spotify:artist:3q7HBObVc0L8jNeTe5Gofh'],['spotify:artist:5K4W6rqBFWDnAN6FQUkS6x'],['50 Cent'],['Kanye West'],0.02005991923928618,0.5539568345323741,4.4624623491133635,1.9636282654094552,1,1
"['spotify:artist:0Y5tJX1MQlPlqiwlOH1tJY', 'spotify:artist:3TVXtAsR1Inumwj472S9r4']",['spotify:artist:6oMuImdp5ZcFhWP0ESe6mG'],"['Travis Scott', 'Drake']",['Migos'],0.02005991923928618,0.509933774834437,8.757855904706874,1.921728293357836,2,1
['spotify:artist:6roFdX1y5BYSbp60OTJWMd'],['spotify:artist:5Zq7R5qmi58ByYyBQTlNuk'],['Tim McGraw'],['Lee Brice'],0.02005991923928618,0.5032679738562091,17.32550778158797,1.95468007651015,1,1
"['spotify:artist:1UTPBmNbXNTittyMJrNkvw', 'spotify:artist:3FfvYsEGaIb52QPXhg4DcH']",['spotify:artist:0BvkDsjIUla7X0k6CSWh1I'],"['Blake Shelton', 'Jason Aldean']",['Luke Bryan'],0.01992966002344666,0.845303867403315,17.397849303097182,6.150207484322375,2,1
"['spotify:artist:1UTPBmNbXNTittyMJrNkvw', 'spotify:artist:7x8nK0m0cP2ksQf0mjWdPS']",['spotify:artist:0BvkDsjIUla7X0k6CSWh1I'],"['Blake Shelton', 'Dierks Bentley']",['Luke Bryan'],0.01992966002344666,0.8406593406593407,17.302256724508737,5.970938719776494,2,1
"['spotify:artist:0c173mlxpT3dSFRgMO8XPh', 'spotify:artist:6PXS4YHDkKvl1wkIl4V8DL']",['spotify:artist:3TVXtAsR1Inumwj472S9r4'],"['Big Sean', 'Fetty Wap']",['Drake'],0.01992966002344666,0.8360655737704918,4.529622731006398,4.974078416047936,2,1
"['spotify:artist:0BvkDsjIUla7X0k6CSWh1I', 'spotify:artist:7x8nK0m0cP2ksQf0mjWdPS']",['spotify:artist:1UTPBmNbXNTittyMJrNkvw'],"['Luke Bryan', 'Dierks Bentley']",['Blake Shelton'],0.01992966002344666,0.7927461139896372,19.19846030630424,4.625765272893055,2,1
"['spotify:artist:0BvkDsjIUla7X0k6CSWh1I', 'spotify:artist:3FfvYsEGaIb52QPXhg4DcH']",['spotify:artist:1UTPBmNbXNTittyMJrNkvw'],"['Luke Bryan', 'Jason Aldean']",['Blake Shelton'],0.01992966002344666,0.7611940298507462,18.434342483167757,4.014589032174026,2,1
"['spotify:artist:0BvkDsjIUla7X0k6CSWh1I', 'spotify:artist:1UTPBmNbXNTittyMJrNkvw']",['spotify:artist:7x8nK0m0cP2ksQf0mjWdPS'],"['Luke Bryan', 'Blake Shelton']",['Dierks Bentley'],0.01992966002344666,0.6923076923076923,19.980624638519373,3.137390907906734,2,1
"['spotify:artist:0BvkDsjIUla7X0k6CSWh1I', 'spotify:artist:1UTPBmNbXNTittyMJrNkvw']",['spotify:artist:3FfvYsEGaIb52QPXhg4DcH'],"['Luke Bryan', 'Blake Shelton']",['Jason Aldean'],0.01992966002344666,0.6923076923076923,20.36339522546419,3.1395076201641263,2,1
['spotify:artist:1n2pb9Tsfe4SwAjmUac6YT'],['spotify:artist:6x2LnllRG5uGarZMsD4iO8'],['Jake Owen'],['Thomas Rhett'],0.01992966002344666,0.6710526315789475,16.618293718166385,2.9172437149928365,1,1
['spotify:artist:4BYxqVkZyFjtik7crYLg5Q'],['spotify:artist:3grHWM9bx2E9vwJCdlRv9O'],['Chris Young'],['Kenny Chesney'],0.01992966002344666,0.6681222707423581,15.356810396673902,2.882065705490769,1,1
"['spotify:artist:2YZyLoL8N0Wb9xBt1NhZWg', 'spotify:artist:7iZtZyCzp3LItcw1wtPI3D']",['spotify:artist:5K4W6rqBFWDnAN6FQUkS6x'],"['Kendrick Lamar', 'Rae Sremmurd']",['Kanye West'],0.01992966002344666,0.6270491803278689,5.0512660623054035,2.348467736509941,2,1
"['spotify:artist:5K4W6rqBFWDnAN6FQUkS6x', 'spotify:artist:7iZtZyCzp3LItcw1wtPI3D']",['spotify:artist:2YZyLoL8N0Wb9xBt1NhZWg'],"['Kanye West', 'Rae Sremmurd']",['Kendrick Lamar'],0.01992966002344666,0.6244897959183674,6.478659680088252,2.40634787139451,2,1
['spotify:artist:7x8nK0m0cP2ksQf0mjWdPS'],['spotify:artist:2kucQ9jQwuD8jWdtR9Ef38'],['Dierks Bentley'],['Sam Hunt'],0.01992966002344666,0.575187969924812,13.064254571339593,2.2503420745336316,1,1
"['spotify:artist:3TVXtAsR1Inumwj472S9r4', 'spotify:artist:6PXS4YHDkKvl1wkIl4V8DL']",['spotify:artist:0c173mlxpT3dSFRgMO8XPh'],"['Drake', 'Fetty Wap']",['Big Sean'],0.01992966002344666,0.5066225165562914,6.313865356497807,1.8642121983821631,2,1
"['spotify:artist:0Y5tJX1MQlPlqiwlOH1tJY', 'spotify:artist:6l3HvQ5sa6mXTsMTB19rO5']",['spotify:artist:3TVXtAsR1Inumwj472S9r4'],"['Travis Scott', 'J. Cole']",['Drake'],0.01979940080760714,0.8888888888888888,4.815808045165843,7.33880422039859,2,1
"['spotify:artist:1RyvyyTE3xzB2ZywiAwp0i', 'spotify:artist:6PXS4YHDkKvl1wkIl4V8DL']",['spotify:artist:3TVXtAsR1Inumwj472S9r4'],"['Future', 'Fetty Wap']",['Drake'],0.01979940080760714,0.8685714285714285,4.7057324327049095,6.2043030848780365,2,1
"['spotify:artist:13ubrt8QOOCPljQ2FL1Kca', 'spotify:artist:6l3HvQ5sa6mXTsMTB19rO5']",['spotify:artist:3TVXtAsR1Inumwj472S9r4'],"['A$AP Rocky', 'J. Cole']",['Drake'],0.01979940080760714,0.8685714285714285,4.7057324327049095,6.2043030848780365,2,1
"['spotify:artist:1n2pb9Tsfe4SwAjmUac6YT', 'spotify:artist:3b8QkneNDz4JHKKKlLgYZg']",['spotify:artist:0BvkDsjIUla7X0k6CSWh1I'],"['Jake Owen', 'Florida Georgia Line']",['Luke Bryan'],0.01979940080760714,0.8636363636363636,17.775164513770413,6.977030958273631,2,1
"['spotify:artist:0BvkDsjIUla7X0k6CSWh1I', 'spotify:artist:1n2pb9Tsfe4SwAjmUac6YT']",['spotify:artist:3b8QkneNDz4JHKKKlLgYZg'],"['Luke Bryan', 'Jake Owen']",['Florida Georgia Line'],0.01979940080760714,0.8491620111731844,18.108379888268157,6.318744301159306,2,1
"['spotify:artist:0u2FHSq3ln94y5Q57xazwf', 'spotify:artist:3b8QkneNDz4JHKKKlLgYZg']",['spotify:artist:0BvkDsjIUla7X0k6CSWh1I'],"['Keith Urban', 'Florida Georgia Line']",['Luke Bryan'],0.01979940080760714,0.8351648351648352,17.18917007925051,5.771907429117277,2,1
"['spotify:artist:3grHWM9bx2E9vwJCdlRv9O', 'spotify:artist:7x8nK0m0cP2ksQf0mjWdPS']",['spotify:artist:0BvkDsjIUla7X0k6CSWh1I'],"['Kenny Chesney', 'Dierks Bentley']",['Luke Bryan'],0.01979940080760714,0.8306010928961749,17.095240188107063,5.616407618903555,2,1
"['spotify:artist:0BvkDsjIUla7X0k6CSWh1I', 'spotify:artist:0u2FHSq3ln94y5Q57xazwf']",['spotify:artist:3b8QkneNDz4JHKKKlLgYZg'],"['Luke Bryan', 'Keith Urban']",['Florida Georgia Line'],0.01979940080760714,0.8306010928961749,17.71256830601093,5.626403963241691,2,1
"['spotify:artist:6roFdX1y5BYSbp60OTJWMd', 'spotify:artist:6yJCxee7QumYr820xdIsjo']",['spotify:artist:3grHWM9bx2E9vwJCdlRv9O'],"['Tim McGraw', 'Zac Brown Band']",['Kenny Chesney'],0.01979940080760714,0.8172043010752689,18.7834653274097,5.232581661034873,2,1
"['spotify:artist:0BvkDsjIUla7X0k6CSWh1I', 'spotify:artist:7x8nK0m0cP2ksQf0mjWdPS']",['spotify:artist:3grHWM9bx2E9vwJCdlRv9O'],"['Luke Bryan', 'Dierks Bentley']",['Kenny Chesney'],0.01979940080760714,0.7875647668393783,18.10219974558655,4.502517815330557,2,1
"['spotify:artist:3grHWM9bx2E9vwJCdlRv9O', 'spotify:artist:6yJCxee7QumYr820xdIsjo']",['spotify:artist:6roFdX1y5BYSbp60OTJWMd'],"['Kenny Chesney', 'Zac Brown Band']",['Tim McGraw'],0.01979940080760714,0.7715736040609137,19.35742012541057,4.203282532239156,2,1
['spotify:artist:67nwj3Y5sZQLl72VNUHEYE'],['spotify:artist:3TVXtAsR1Inumwj472S9r4'],['Wale'],['Drake'],0.01979940080760714,0.748768472906404,4.056665890262854,3.245702084402865,1,1
"['spotify:artist:3grHWM9bx2E9vwJCdlRv9O', 'spotify:artist:6roFdX1y5BYSbp60OTJWMd']",['spotify:artist:6yJCxee7QumYr820xdIsjo'],"['Kenny Chesney', 'Tim McGraw']",['Zac Brown Band'],0.01979940080760714,0.7272727272727273,17.285674078243737,3.5123963353740613,2,1
"['spotify:artist:1Xyo4u8uXC1ZmMpatF05PJ', 'spotify:artist:5pKCCKE2ajJHZ9KAiaK11H']",['spotify:artist:3TVXtAsR1Inumwj472S9r4'],"['The Weeknd', 'Rihanna']",['Drake'],0.01979940080760714,0.6972477064220184,3.777537503318162,2.6933658586648037,2,1
"['spotify:artist:0BvkDsjIUla7X0k6CSWh1I', 'spotify:artist:3grHWM9bx2E9vwJCdlRv9O']",['spotify:artist:7x8nK0m0cP2ksQf0mjWdPS'],"['Luke Bryan', 'Kenny Chesney']",['Dierks Bentley'],0.01979940080760714,0.6972477064220184,20.123197903014418,3.188583766543908,2,1
['spotify:artist:4BYxqVkZyFjtik7crYLg5Q'],['spotify:artist:6x2LnllRG5uGarZMsD4iO8'],['Chris Young'],['Thomas Rhett'],0.01979940080760714,0.6637554585152838,16.437582758134948,2.853933743734447,1,1
"['spotify:artist:0BvkDsjIUla7X0k6CSWh1I', 'spotify:artist:3b8QkneNDz4JHKKKlLgYZg']",['spotify:artist:1n2pb9Tsfe4SwAjmUac6YT'],"['Luke Bryan', 'Florida Georgia Line']",['Jake Owen'],0.01979940080760714,0.6178861788617888,20.80487804878049,2.539298096829713,2,1
"['spotify:artist:0BvkDsjIUla7X0k6CSWh1I', 'spotify:artist:3b8QkneNDz4JHKKKlLgYZg']",['spotify:artist:0u2FHSq3ln94y5Q57xazwf'],"['Luke Bryan', 'Florida Georgia Line']",['Keith Urban'],0.01979940080760714,0.6178861788617888,17.439383070301297,2.5242988866994267,2,1
"['spotify:artist:13ubrt8QOOCPljQ2FL1Kca', 'spotify:artist:3TVXtAsR1Inumwj472S9r4']",['spotify:artist:6l3HvQ5sa6mXTsMTB19rO5'],"['A$AP Rocky', 'Drake']",['J. Cole'],0.01979940080760714,0.5409252669039146,7.098603887215988,2.012304951970701,2,1
['spotify:artist:7hJcb9fa4alzcOq3EaNPoG'],['spotify:artist:3TVXtAsR1Inumwj472S9r4'],['Snoop Dogg'],['Drake'],0.01979940080760714,0.5223367697594502,2.8299078203551864,1.7071079361598647,1,1
['spotify:artist:3aQeKQSyrW4qWr35idm0cy'],['spotify:artist:5K4W6rqBFWDnAN6FQUkS6x'],['T-Pain'],['Kanye West'],0.01979940080760714,0.5100671140939598,4.108903709233294,1.7877203031292548,1,1
"['spotify:artist:3TVXtAsR1Inumwj472S9r4', 'spotify:artist:6PXS4YHDkKvl1wkIl4V8DL']",['spotify:artist:1RyvyyTE3xzB2ZywiAwp0i'],"['Drake', 'Fetty Wap']",['Future'],0.01979940080760714,0.5033112582781457,6.604992358634743,1.859914028917546,2,1
"['spotify:artist:0Y5tJX1MQlPlqiwlOH1tJY', 'spotify:artist:3TVXtAsR1Inumwj472S9r4']",['spotify:artist:6l3HvQ5sa6mXTsMTB19rO5'],"['Travis Scott', 'Drake']",['J. Cole'],0.01979940080760714,0.5033112582781457,6.604992358634743,1.859914028917546,2,1
"['spotify:artist:246dkjvS1zLTtiykXe5h60', 'spotify:artist:6l3HvQ5sa6mXTsMTB19rO5']",['spotify:artist:3TVXtAsR1Inumwj472S9r4'],"['Post Malone', 'J. Cole']",['Drake'],0.01966914159176762,0.8342541436464089,4.5198087937709825,4.919716903304245,2,1
"['spotify:artist:1UTPBmNbXNTittyMJrNkvw', 'spotify:artist:2IvkS5MXK0vPGnwyJsrEyV']",['spotify:artist:3b8QkneNDz4JHKKKlLgYZg'],"['Blake Shelton', 'Eric Church']",['Florida Georgia Line'],0.01966914159176762,0.7783505154639175,16.59832474226804,4.300062706180649,2,1
"['spotify:artist:2IvkS5MXK0vPGnwyJsrEyV', 'spotify:artist:3b8QkneNDz4JHKKKlLgYZg']",['spotify:artist:1UTPBmNbXNTittyMJrNkvw'],"['Eric Church', 'Florida Georgia Line']",['Blake Shelton'],0.01966914159176762,0.7626262626262627,18.46902781760826,4.038811703374822,2,1
"['spotify:artist:1UTPBmNbXNTittyMJrNkvw', 'spotify:artist:3b8QkneNDz4JHKKKlLgYZg']",['spotify:artist:2IvkS5MXK0vPGnwyJsrEyV'],"['Blake Shelton', 'Florida Georgia Line']",['Eric Church'],0.01966914159176762,0.7438423645320198,19.623635163272564,3.7558691796675396,2,1
['spotify:artist:5Zq7R5qmi58ByYyBQTlNuk'],['spotify:artist:3grHWM9bx2E9vwJCdlRv9O'],['Lee Brice'],['Kenny Chesney'],0.01966914159176762,0.6771300448430494,15.563854354072127,2.9624726817477898,1,1
['spotify:artist:1n2pb9Tsfe4SwAjmUac6YT'],['spotify:artist:1UTPBmNbXNTittyMJrNkvw'],['Jake Owen'],['Blake Shelton'],0.01966914159176762,0.662280701754386,16.03889257844928,2.838771232675102,1,1
['spotify:artist:4BYxqVkZyFjtik7crYLg5Q'],['spotify:artist:7x8nK0m0cP2ksQf0mjWdPS'],['Chris Young'],['Dierks Bentley'],0.01966914159176762,0.6593886462882097,19.030551269002203,2.8341716682865576,1,1
['spotify:artist:13YmWQJFwgZrd4bf5IjMY4'],['spotify:artist:6yJCxee7QumYr820xdIsjo'],['Brad Paisley'],['Zac Brown Band'],0.01966914159176762,0.6371308016877638,15.143198651879143,2.639866590328708,1,1
['spotify:artist:7x8nK0m0cP2ksQf0mjWdPS'],['spotify:artist:4BYxqVkZyFjtik7crYLg5Q'],['Dierks Bentley'],['Chris Young'],0.01966914159176762,0.5676691729323309,19.030551269002203,2.244046870663926,1,1
"['spotify:artist:0c173mlxpT3dSFRgMO8XPh', 'spotify:artist:17lzZA2AlOHwCwFALHttmp']",['spotify:artist:3TVXtAsR1Inumwj472S9r4'],"['Big Sean', '2 Chainz']",['Drake'],0.019538882375928098,0.8771929824561403,4.752442149834714,6.639870485122534,2,1
"['spotify:artist:3FfvYsEGaIb52QPXhg4DcH', 'spotify:artist:3grHWM9bx2E9vwJCdlRv9O']",['spotify:artist:0BvkDsjIUla7X0k6CSWh1I'],"['Jason Aldean', 'Kenny Chesney']",['Luke Bryan'],0.019538882375928098,0.872093023255814,17.949217532265106,7.438322261299986,2,1
"['spotify:artist:0Y5tJX1MQlPlqiwlOH1tJY', 'spotify:artist:0c173mlxpT3dSFRgMO8XPh']",['spotify:artist:3TVXtAsR1Inumwj472S9r4'],"['Travis Scott', 'Big Sean']",['Drake'],0.019538882375928098,0.872093023255814,4.724811672219396,6.37512285812403,2,1
"['spotify:artist:1UTPBmNbXNTittyMJrNkvw', 'spotify:artist:6x2LnllRG5uGarZMsD4iO8']",['spotify:artist:3b8QkneNDz4JHKKKlLgYZg'],"['Blake Shelton', 'Thomas Rhett']",['Florida Georgia Line'],0.019538882375928098,0.8333333333333334,17.770833333333336,5.718640093786636,2,1
"['spotify:artist:2IvkS5MXK0vPGnwyJsrEyV', 'spotify:artist:3grHWM9bx2E9vwJCdlRv9O']",['spotify:artist:0BvkDsjIUla7X0k6CSWh1I'],"['Eric Church', 'Kenny Chesney']",['Luke Bryan'],0.019538882375928098,0.7936507936507937,16.334737648410574,4.610695283614394,2,1
"['spotify:artist:2YZyLoL8N0Wb9xBt1NhZWg', 'spotify:artist:3nFkdlSjzX9mRTtwJOzDYB']",['spotify:artist:5K4W6rqBFWDnAN6FQUkS6x'],"['Kendrick Lamar', 'JAY Z']",['Kanye West'],0.019538882375928098,0.7653061224489796,6.1650106002526925,3.7319378606906,2,1
"['spotify:artist:0BvkDsjIUla7X0k6CSWh1I', 'spotify:artist:2IvkS5MXK0vPGnwyJsrEyV']",['spotify:artist:3grHWM9bx2E9vwJCdlRv9O'],"['Luke Bryan', 'Eric Church']",['Kenny Chesney'],0.019538882375928098,0.75,17.238772455089823,3.8259736876384003,2,1
"['spotify:artist:0BvkDsjIUla7X0k6CSWh1I', 'spotify:artist:3FfvYsEGaIb52QPXhg4DcH']",['spotify:artist:3grHWM9bx2E9vwJCdlRv9O'],"['Luke Bryan', 'Jason Aldean']",['Kenny Chesney'],0.019538882375928098,0.746268656716418,17.153007417999824,3.769709368702542,2,1
"['spotify:artist:3b8QkneNDz4JHKKKlLgYZg', 'spotify:artist:6x2LnllRG5uGarZMsD4iO8']",['spotify:artist:1UTPBmNbXNTittyMJrNkvw'],"['Florida Georgia Line', 'Thomas Rhett']",['Blake Shelton'],0.019538882375928098,0.7389162561576356,17.894826809218195,3.6720318717266243,2,1
"['spotify:artist:1UTPBmNbXNTittyMJrNkvw', 'spotify:artist:3b8QkneNDz4JHKKKlLgYZg']",['spotify:artist:6x2LnllRG5uGarZMsD4iO8'],"['Blake Shelton', 'Florida Georgia Line']",['Thomas Rhett'],0.019538882375928098,0.7389162561576356,18.298903543619897,3.6755242933437553,2,1
"['spotify:artist:0BvkDsjIUla7X0k6CSWh1I', 'spotify:artist:3grHWM9bx2E9vwJCdlRv9O']",['spotify:artist:3FfvYsEGaIb52QPXhg4DcH'],"['Luke Bryan', 'Kenny Chesney']",['Jason Aldean'],0.019538882375928098,0.6880733944954128,20.238848465675417,3.0968898696641607,2,1
"['spotify:artist:0BvkDsjIUla7X0k6CSWh1I', 'spotify:artist:3grHWM9bx2E9vwJCdlRv9O']",['spotify:artist:2IvkS5MXK0vPGnwyJsrEyV'],"['Luke Bryan', 'Kenny Chesney']",['Eric Church'],0.019538882375928098,0.6880733944954128,18.152369242409915,3.0843619980231245,2,1
['spotify:artist:46SHBwWsqBkxI7EeeBEQG7'],['spotify:artist:3TVXtAsR1Inumwj472S9r4'],['Kodak Black'],['Drake'],0.019538882375928098,0.6666666666666667,3.6118560338743833,2.4462680734661983,1,1
"['spotify:artist:3TVXtAsR1Inumwj472S9r4', 'spotify:artist:6vWDO969PvNqNYHIOW5v0m']",['spotify:artist:5pKCCKE2ajJHZ9KAiaK11H'],"['Drake', 'Beyoncé']",['Rihanna'],0.019538882375928098,0.6637168141592921,5.78360270408727,2.6324290601454794,2,1
"['spotify:artist:1RyvyyTE3xzB2ZywiAwp0i', 'spotify:artist:6l3HvQ5sa6mXTsMTB19rO5']",['spotify:artist:2YZyLoL8N0Wb9xBt1NhZWg'],"['Future', 'J. Cole']",['Kendrick Lamar'],0.019538882375928098,0.6578947368421053,6.8252133712660035,2.6413162192763604,2,1
['spotify:artist:1n2pb9Tsfe4SwAjmUac6YT'],['spotify:artist:2IvkS5MXK0vPGnwyJsrEyV'],['Jake Owen'],['Eric Church'],0.019538882375928098,0.6578947368421053,17.356212696690182,2.812276430095891,1,1
['spotify:artist:4BYxqVkZyFjtik7crYLg5Q'],['spotify:artist:6roFdX1y5BYSbp60OTJWMd'],['Chris Young'],['Tim McGraw'],0.019538882375928098,0.6550218340611355,16.43334189571025,2.7831926039147024,1,1
"['spotify:artist:6oMuImdp5ZcFhWP0ESe6mG', 'spotify:artist:7iZtZyCzp3LItcw1wtPI3D']",['spotify:artist:1RyvyyTE3xzB2ZywiAwp0i'],"['Migos', 'Rae Sremmurd']",['Future'],0.019538882375928098,0.6410256410256411,8.412228796844182,2.5734382850443813,2,1
['spotify:artist:1By9QBFnjZAoI83BZppHlt'],['spotify:artist:7x8nK0m0cP2ksQf0mjWdPS'],['Billy Currington'],['Dierks Bentley'],0.019538882375928098,0.6410256410256411,18.500578368999424,2.6891922067772014,1,1
['spotify:artist:1By9QBFnjZAoI83BZppHlt'],['spotify:artist:6x2LnllRG5uGarZMsD4iO8'],['Billy Currington'],['Thomas Rhett'],0.019538882375928098,0.6410256410256411,15.874689826302731,2.673226148607157,1,1
"['spotify:artist:1RyvyyTE3xzB2ZywiAwp0i', 'spotify:artist:7iZtZyCzp3LItcw1wtPI3D']",['spotify:artist:6oMuImdp5ZcFhWP0ESe6mG'],"['Future', 'Rae Sremmurd']",['Migos'],0.019538882375928098,0.6276150627615062,10.778972789306675,2.529033901058612,2,1
"['spotify:artist:1RyvyyTE3xzB2ZywiAwp0i', 'spotify:artist:6oMuImdp5ZcFhWP0ESe6mG']",['spotify:artist:7iZtZyCzp3LItcw1wtPI3D'],"['Future', 'Migos']",['Rae Sremmurd'],0.019538882375928098,0.6198347107438017,9.204005946576721,2.453290744233198,2,1
['spotify:artist:3FfvYsEGaIb52QPXhg4DcH'],['spotify:artist:6yJCxee7QumYr820xdIsjo'],['Jason Aldean'],['Zac Brown Band'],0.019538882375928098,0.5747126436781609,13.65965623999146,2.2524212371809087,1,1
['spotify:artist:7x8nK0m0cP2ksQf0mjWdPS'],['spotify:artist:1By9QBFnjZAoI83BZppHlt'],['Dierks Bentley'],['Billy Currington'],0.019538882375928098,0.5639097744360902,18.500578368999424,2.2232081497352145,1,1
"['spotify:artist:17lzZA2AlOHwCwFALHttmp', 'spotify:artist:3TVXtAsR1Inumwj472S9r4']",['spotify:artist:0c173mlxpT3dSFRgMO8XPh'],"['2 Chainz', 'Drake']",['Big Sean'],0.019538882375928098,0.5617977528089888,7.001495695315921,2.098940224379849,2,1
"['spotify:artist:1RyvyyTE3xzB2ZywiAwp0i', 'spotify:artist:2YZyLoL8N0Wb9xBt1NhZWg']",['spotify:artist:6l3HvQ5sa6mXTsMTB19rO5'],"['Future', 'Kendrick Lamar']",['J. Cole'],0.019538882375928098,0.5226480836236934,6.858751005092469,1.9352564157417789,2,1
['spotify:artist:23fqKkggKUBHNkbKtXEls4'],['spotify:artist:69GGBxA162lTqCwzJG5jLp'],['Kygo'],['The Chainsmokers'],0.019538882375928098,0.5226480836236934,6.3286582617966785,1.9218853547757118,1,1
['spotify:artist:2IvkS5MXK0vPGnwyJsrEyV'],['spotify:artist:1n2pb9Tsfe4SwAjmUac6YT'],['Eric Church'],['Jake Owen'],0.019538882375928098,0.5154639175257733,17.356212696690182,2.002535897499855,1,1
"['spotify:artist:5pKCCKE2ajJHZ9KAiaK11H', 'spotify:artist:6vWDO969PvNqNYHIOW5v0m']",['spotify:artist:3TVXtAsR1Inumwj472S9r4'],"['Rihanna', 'Beyoncé']",['Drake'],0.019538882375928098,0.5,2.708892025405787,1.6308453823107985,2,1
"['spotify:artist:02kJSzxNuaWGqwubyUba0Z', 'spotify:artist:2YZyLoL8N0Wb9xBt1NhZWg']",['spotify:artist:3TVXtAsR1Inumwj472S9r4'],"['G-Eazy', 'Kendrick Lamar']",['Drake'],0.019408623160088578,0.8662790697674418,4.693312927737933,6.097943603422985,2,1
"['spotify:artist:3grHWM9bx2E9vwJCdlRv9O', 'spotify:artist:6x2LnllRG5uGarZMsD4iO8']",['spotify:artist:3b8QkneNDz4JHKKKlLgYZg'],"['Kenny Chesney', 'Thomas Rhett']",['Florida Georgia Line'],0.019408623160088578,0.8324022346368716,17.750977653631285,5.6868698710433785,2,1
"['spotify:artist:3nFkdlSjzX9mRTtwJOzDYB', 'spotify:artist:55Aa2cqylxrFIXC767Z865']",['spotify:artist:3TVXtAsR1Inumwj472S9r4'],"['JAY Z', 'Lil Wayne']",['Drake'],0.019408623160088578,0.7842105263157896,4.248683281952235,3.778788080964047,2,1
"['spotify:artist:1anyVhU62p31KFi8MEzkbf', 'spotify:artist:2YZyLoL8N0Wb9xBt1NhZWg']",['spotify:artist:3TVXtAsR1Inumwj472S9r4'],"['Chance The Rapper', 'Kendrick Lamar']",['Drake'],0.019408623160088578,0.7641025641025642,4.1397426849791,3.4566831472891932,2,1
['spotify:artist:0A0FS04o6zMoto8OKPsDwY'],['spotify:artist:3TVXtAsR1Inumwj472S9r4'],['YG'],['Drake'],0.019408623160088578,0.7487437185929648,4.056531776738314,3.2453823107984894,1,1
"['spotify:artist:3b8QkneNDz4JHKKKlLgYZg', 'spotify:artist:6x2LnllRG5uGarZMsD4iO8']",['spotify:artist:3grHWM9bx2E9vwJCdlRv9O'],"['Florida Georgia Line', 'Thomas Rhett']",['Kenny Chesney'],0.019408623160088578,0.7339901477832513,16.87078552255096,3.595706752734239,2,1
"['spotify:artist:3b8QkneNDz4JHKKKlLgYZg', 'spotify:artist:3grHWM9bx2E9vwJCdlRv9O']",['spotify:artist:6x2LnllRG5uGarZMsD4iO8'],"['Florida Georgia Line', 'Kenny Chesney']",['Thomas Rhett'],0.019408623160088578,0.726829268292683,17.99957513768686,3.512893336310688,2,1
['spotify:artist:1n2pb9Tsfe4SwAjmUac6YT'],['spotify:artist:3FfvYsEGaIb52QPXhg4DcH'],['Jake Owen'],['Jason Aldean'],0.019408623160088578,0.6535087719298246,19.222171808832424,2.787956133972428,1,1
['spotify:artist:1By9QBFnjZAoI83BZppHlt'],['spotify:artist:2IvkS5MXK0vPGnwyJsrEyV'],['Billy Currington'],['Eric Church'],0.019408623160088578,0.6367521367521368,16.7984403912239,2.6485897524308673,1,1
['spotify:artist:3FfvYsEGaIb52QPXhg4DcH'],['spotify:artist:0u2FHSq3ln94y5Q57xazwf'],['Jason Aldean'],['Keith Urban'],0.019408623160088578,0.5708812260536399,16.112702839756594,2.247791408474293,1,1
['spotify:artist:3FfvYsEGaIb52QPXhg4DcH'],['spotify:artist:1n2pb9Tsfe4SwAjmUac6YT'],['Jason Aldean'],['Jake Owen'],0.019408623160088578,0.5708812260536399,19.222171808832428,2.2611476302126947,1,1
"['spotify:artist:1anyVhU62p31KFi8MEzkbf', 'spotify:artist:3TVXtAsR1Inumwj472S9r4']",['spotify:artist:2YZyLoL8N0Wb9xBt1NhZWg'],"['Chance The Rapper', 'Drake']",['Kendrick Lamar'],0.019408623160088578,0.5687022900763359,5.899902001237879,2.095091533035697,2,1
['spotify:artist:0u2FHSq3ln94y5Q57xazwf'],['spotify:artist:3FfvYsEGaIb52QPXhg4DcH'],['Keith Urban'],['Jason Aldean'],0.019408623160088578,0.5477941176470589,16.112702839756594,2.136200306903421,1,1
['spotify:artist:2IvkS5MXK0vPGnwyJsrEyV'],['spotify:artist:1By9QBFnjZAoI83BZppHlt'],['Eric Church'],['Billy Currington'],0.019408623160088578,0.5120274914089348,16.7984403912239,1.9868318940607304,1,1
"['spotify:artist:02kJSzxNuaWGqwubyUba0Z', 'spotify:artist:3TVXtAsR1Inumwj472S9r4']",['spotify:artist:2YZyLoL8N0Wb9xBt1NhZWg'],"['G-Eazy', 'Drake']",['Kendrick Lamar'],0.019408623160088578,0.5016835016835017,5.204627354627355,1.8133218212350688,2,1
"['spotify:artist:1By9QBFnjZAoI83BZppHlt', 'spotify:artist:3b8QkneNDz4JHKKKlLgYZg']",['spotify:artist:0BvkDsjIUla7X0k6CSWh1I'],"['Billy Currington', 'Florida Georgia Line']",['Luke Bryan'],0.019278363944249057,0.8915662650602411,18.35001130527472,8.774144992980483,2,1
"['spotify:artist:0c173mlxpT3dSFRgMO8XPh', 'spotify:artist:246dkjvS1zLTtiykXe5h60']",['spotify:artist:3TVXtAsR1Inumwj472S9r4'],"['Big Sean', 'Post Malone']",['Drake'],0.019278363944249057,0.8409090909090909,4.555863860909733,5.125514058691082,2,1
"['spotify:artist:0BvkDsjIUla7X0k6CSWh1I', 'spotify:artist:1By9QBFnjZAoI83BZppHlt']",['spotify:artist:3b8QkneNDz4JHKKKlLgYZg'],"['Luke Bryan', 'Billy Currington']",['Florida Georgia Line'],0.019278363944249057,0.8409090909090909,17.932386363636365,5.9909562887288565,2,1
"['spotify:artist:246dkjvS1zLTtiykXe5h60', 'spotify:artist:6oMuImdp5ZcFhWP0ESe6mG']",['spotify:artist:3TVXtAsR1Inumwj472S9r4'],"['Post Malone', 'Migos']",['Drake'],0.019278363944249057,0.8361581920903955,4.530124517062785,4.976890218431231,2,1
"['spotify:artist:0u2FHSq3ln94y5Q57xazwf', 'spotify:artist:3grHWM9bx2E9vwJCdlRv9O']",['spotify:artist:6roFdX1y5BYSbp60OTJWMd'],"['Keith Urban', 'Kenny Chesney']",['Tim McGraw'],0.019278363944249057,0.8314606741573034,20.859881031064113,5.696834701055101,2,1
"['spotify:artist:0u2FHSq3ln94y5Q57xazwf', 'spotify:artist:6roFdX1y5BYSbp60OTJWMd']",['spotify:artist:3grHWM9bx2E9vwJCdlRv9O'],"['Keith Urban', 'Tim McGraw']",['Kenny Chesney'],0.019278363944249057,0.8268156424581006,19.004382296858797,5.52297814586511,2,1
"['spotify:artist:2IvkS5MXK0vPGnwyJsrEyV', 'spotify:artist:6roFdX1y5BYSbp60OTJWMd']",['spotify:artist:1UTPBmNbXNTittyMJrNkvw'],"['Eric Church', 'Tim McGraw']",['Blake Shelton'],0.019278363944249057,0.8131868131868133,19.693486324401153,5.131906611804553,2,1
"['spotify:artist:0c173mlxpT3dSFRgMO8XPh', 'spotify:artist:3nFkdlSjzX9mRTtwJOzDYB']",['spotify:artist:3TVXtAsR1Inumwj472S9r4'],"['Big Sean', 'JAY Z']",['Drake'],0.019278363944249057,0.7956989247311829,4.310924943656522,3.9912794882869553,2,1
"['spotify:artist:6roFdX1y5BYSbp60OTJWMd', 'spotify:artist:6yJCxee7QumYr820xdIsjo']",['spotify:artist:0BvkDsjIUla7X0k6CSWh1I'],"['Tim McGraw', 'Zac Brown Band']",['Luke Bryan'],0.019278363944249057,0.7956989247311829,16.37689181008389,4.65691779272331,2,1
"['spotify:artist:4O15NlyKLIASxsJ0PrXPfz', 'spotify:artist:7iZtZyCzp3LItcw1wtPI3D']",['spotify:artist:3TVXtAsR1Inumwj472S9r4'],"['Lil Uzi Vert', 'Rae Sremmurd']",['Drake'],0.019278363944249057,0.7914438502673797,4.287871869091513,3.9098472627194796,2,1
"['spotify:artist:1UTPBmNbXNTittyMJrNkvw', 'spotify:artist:2IvkS5MXK0vPGnwyJsrEyV']",['spotify:artist:6roFdX1y5BYSbp60OTJWMd'],"['Blake Shelton', 'Eric Church']",['Tim McGraw'],0.019278363944249057,0.7628865979381444,19.13947847180109,4.049288954584842,2,1
"['spotify:artist:0BvkDsjIUla7X0k6CSWh1I', 'spotify:artist:6yJCxee7QumYr820xdIsjo']",['spotify:artist:6roFdX1y5BYSbp60OTJWMd'],"['Luke Bryan', 'Zac Brown Band']",['Tim McGraw'],0.019278363944249057,0.7589743589743589,19.04132730015083,3.983562395550123,2,1
"['spotify:artist:1UTPBmNbXNTittyMJrNkvw', 'spotify:artist:6roFdX1y5BYSbp60OTJWMd']",['spotify:artist:2IvkS5MXK0vPGnwyJsrEyV'],"['Blake Shelton', 'Tim McGraw']",['Eric Church'],0.019278363944249057,0.7326732673267328,19.32897825865061,3.5989463476763217,2,1
"['spotify:artist:0Y5tJX1MQlPlqiwlOH1tJY', 'spotify:artist:5K4W6rqBFWDnAN6FQUkS6x']",['spotify:artist:2YZyLoL8N0Wb9xBt1NhZWg'],"['Travis Scott', 'Kanye West']",['Kendrick Lamar'],0.019278363944249057,0.7290640394088671,7.563546798029558,3.335135647210678,2,1
"['spotify:artist:3grHWM9bx2E9vwJCdlRv9O', 'spotify:artist:6roFdX1y5BYSbp60OTJWMd']",['spotify:artist:0u2FHSq3ln94y5Q57xazwf'],"['Kenny Chesney', 'Tim McGraw']",['Keith Urban'],0.019278363944249057,0.7081339712918661,19.986560652969324,3.3048364606222123,2,1
"['spotify:artist:0BvkDsjIUla7X0k6CSWh1I', 'spotify:artist:6roFdX1y5BYSbp60OTJWMd']",['spotify:artist:6yJCxee7QumYr820xdIsjo'],"['Luke Bryan', 'Tim McGraw']",['Zac Brown Band'],0.019278363944249057,0.7081339712918661,16.830787918289957,3.2820752642019917,2,1
"['spotify:artist:0Y5tJX1MQlPlqiwlOH1tJY', 'spotify:artist:1RyvyyTE3xzB2ZywiAwp0i']",['spotify:artist:2YZyLoL8N0Wb9xBt1NhZWg'],"['Travis Scott', 'Future']",['Kendrick Lamar'],0.019278363944249057,0.6820276497695853,7.0755760368663605,2.8417822481230406,2,1
"['spotify:artist:0Y5tJX1MQlPlqiwlOH1tJY', 'spotify:artist:2YZyLoL8N0Wb9xBt1NhZWg']",['spotify:artist:1RyvyyTE3xzB2ZywiAwp0i'],"['Travis Scott', 'Kendrick Lamar']",['Future'],0.019278363944249057,0.6406926406926408,8.40785880785881,2.5710532634641736,2,1
"['spotify:artist:0Y5tJX1MQlPlqiwlOH1tJY', 'spotify:artist:2YZyLoL8N0Wb9xBt1NhZWg']",['spotify:artist:5K4W6rqBFWDnAN6FQUkS6x'],"['Travis Scott', 'Kendrick Lamar']",['Kanye West'],0.019278363944249057,0.6406926406926408,5.161172510595386,2.4376427162342225,2,1
"['spotify:artist:6oMuImdp5ZcFhWP0ESe6mG', 'spotify:artist:7iZtZyCzp3LItcw1wtPI3D']",['spotify:artist:2YZyLoL8N0Wb9xBt1NhZWg'],"['Migos', 'Rae Sremmurd']",['Kendrick Lamar'],0.019278363944249057,0.6324786324786326,6.561538461538462,2.4586548161073103,2,1
"['spotify:artist:3TVXtAsR1Inumwj472S9r4', 'spotify:artist:4O15NlyKLIASxsJ0PrXPfz']",['spotify:artist:7iZtZyCzp3LItcw1wtPI3D'],"['Drake', 'Lil Uzi Vert']",['Rae Sremmurd'],0.019278363944249057,0.6244725738396625,9.27287417672551,2.483589534184263,2,1
"['spotify:artist:2YZyLoL8N0Wb9xBt1NhZWg', 'spotify:artist:6oMuImdp5ZcFhWP0ESe6mG']",['spotify:artist:7iZtZyCzp3LItcw1wtPI3D'],"['Kendrick Lamar', 'Migos']",['Rae Sremmurd'],0.019278363944249057,0.6218487394957983,9.23391252052078,2.466356939197893,2,1
"['spotify:artist:2YZyLoL8N0Wb9xBt1NhZWg', 'spotify:artist:7iZtZyCzp3LItcw1wtPI3D']",['spotify:artist:6oMuImdp5ZcFhWP0ESe6mG'],"['Kendrick Lamar', 'Rae Sremmurd']",['Migos'],0.019278363944249057,0.6065573770491804,10.417317636703709,2.393675915070992,2,1
"['spotify:artist:0BvkDsjIUla7X0k6CSWh1I', 'spotify:artist:3b8QkneNDz4JHKKKlLgYZg']",['spotify:artist:1By9QBFnjZAoI83BZppHlt'],"['Luke Bryan', 'Florida Georgia Line']",['Billy Currington'],0.019278363944249057,0.6016260162601627,19.737961225766107,2.433691413259325,2,1
['spotify:artist:3q7HBObVc0L8jNeTe5Gofh'],['spotify:artist:3TVXtAsR1Inumwj472S9r4'],['50 Cent'],['Drake'],0.019278363944249057,0.5323741007194245,2.8842879119428524,1.743750062624623,1,1
"['spotify:artist:1RyvyyTE3xzB2ZywiAwp0i', 'spotify:artist:2YZyLoL8N0Wb9xBt1NhZWg']",['spotify:artist:0Y5tJX1MQlPlqiwlOH1tJY'],"['Future', 'Kendrick Lamar']",['Travis Scott'],0.019278363944249057,0.5156794425087109,9.6793913939838,1.954746636454026,2,1
['spotify:artist:6vXTefBL93Dj5IqAWq6OTv'],['spotify:artist:2YZyLoL8N0Wb9xBt1NhZWg'],['French Montana'],['Kendrick Lamar'],0.019278363944249057,0.513888888888889,5.331250000000001,1.8588511137162957,1,1
"['spotify:artist:1n2pb9Tsfe4SwAjmUac6YT', 'spotify:artist:3grHWM9bx2E9vwJCdlRv9O']",['spotify:artist:3b8QkneNDz4JHKKKlLgYZg'],"['Jake Owen', 'Kenny Chesney']",['Florida Georgia Line'],0.019148104728409537,0.890909090909091,18.998636363636365,8.736811254396255,2,1
"['spotify:artist:3nFkdlSjzX9mRTtwJOzDYB', 'spotify:artist:6l3HvQ5sa6mXTsMTB19rO5']",['spotify:artist:3TVXtAsR1Inumwj472S9r4'],"['JAY Z', 'J. Cole']",['Drake'],0.019148104728409537,0.8750000000000001,4.740561044460128,6.5233815292432,2,1
"['spotify:artist:02kJSzxNuaWGqwubyUba0Z', 'spotify:artist:6l3HvQ5sa6mXTsMTB19rO5']",['spotify:artist:3TVXtAsR1Inumwj472S9r4'],"['G-Eazy', 'J. Cole']",['Drake'],0.019148104728409537,0.8750000000000001,4.740561044460128,6.5233815292432,2,1
"['spotify:artist:50co4Is1HCEo8bhOyUWKpn', 'spotify:artist:7iZtZyCzp3LItcw1wtPI3D']",['spotify:artist:3TVXtAsR1Inumwj472S9r4'],"['Young Thug', 'Rae Sremmurd']",['Drake'],0.019148104728409537,0.8448275862068966,4.577093422237365,5.254946231890352,2,1
"['spotify:artist:1n2pb9Tsfe4SwAjmUac6YT', 'spotify:artist:3b8QkneNDz4JHKKKlLgYZg']",['spotify:artist:3grHWM9bx2E9vwJCdlRv9O'],"['Jake Owen', 'Florida Georgia Line']",['Kenny Chesney'],0.019148104728409537,0.8352272727272728,19.19772387044094,5.804925595037576,2,1
"['spotify:artist:2YZyLoL8N0Wb9xBt1NhZWg', 'spotify:artist:50co4Is1HCEo8bhOyUWKpn']",['spotify:artist:3TVXtAsR1Inumwj472S9r4'],"['Kendrick Lamar', 'Young Thug']",['Drake'],0.019148104728409537,0.8352272727272728,4.525080996984667,4.948772194598288,2,1
"['spotify:artist:3b8QkneNDz4JHKKKlLgYZg', 'spotify:artist:6yJCxee7QumYr820xdIsjo']",['spotify:artist:3grHWM9bx2E9vwJCdlRv9O'],"['Florida Georgia Line', 'Zac Brown Band']",['Kenny Chesney'],0.019148104728409537,0.7777777777777779,17.87724550898204,4.304220398593203,2,1
"['spotify:artist:2IvkS5MXK0vPGnwyJsrEyV', 'spotify:artist:3grHWM9bx2E9vwJCdlRv9O']",['spotify:artist:3b8QkneNDz4JHKKKlLgYZg'],"['Eric Church', 'Kenny Chesney']",['Florida Georgia Line'],0.019148104728409537,0.7777777777777779,16.586111111111112,4.288980070339979,2,1
"['spotify:artist:0BvkDsjIUla7X0k6CSWh1I', 'spotify:artist:6yJCxee7QumYr820xdIsjo']",['spotify:artist:3grHWM9bx2E9vwJCdlRv9O'],"['Luke Bryan', 'Zac Brown Band']",['Kenny Chesney'],0.019148104728409537,0.7538461538461538,17.327176416397975,3.88575452650775,2,1
"['spotify:artist:3grHWM9bx2E9vwJCdlRv9O', 'spotify:artist:6yJCxee7QumYr820xdIsjo']",['spotify:artist:0BvkDsjIUla7X0k6CSWh1I'],"['Kenny Chesney', 'Zac Brown Band']",['Luke Bryan'],0.019148104728409537,0.7461928934010152,15.357970087505615,3.748568451217924,2,1
"['spotify:artist:3grHWM9bx2E9vwJCdlRv9O', 'spotify:artist:6yJCxee7QumYr820xdIsjo']",['spotify:artist:3b8QkneNDz4JHKKKlLgYZg'],"['Kenny Chesney', 'Zac Brown Band']",['Florida Georgia Line'],0.019148104728409537,0.7461928934010152,15.91256345177665,3.755240328253224,2,1
"['spotify:artist:2IvkS5MXK0vPGnwyJsrEyV', 'spotify:artist:3b8QkneNDz4JHKKKlLgYZg']",['spotify:artist:3grHWM9bx2E9vwJCdlRv9O'],"['Eric Church', 'Florida Georgia Line']",['Kenny Chesney'],0.019148104728409537,0.7424242424242424,17.064643440391944,3.713445049766683,2,1
"['spotify:artist:3b8QkneNDz4JHKKKlLgYZg', 'spotify:artist:3grHWM9bx2E9vwJCdlRv9O']",['spotify:artist:1n2pb9Tsfe4SwAjmUac6YT'],"['Florida Georgia Line', 'Kenny Chesney']",['Jake Owen'],0.019148104728409537,0.7170731707317074,24.144608472400517,3.4295117974424287,2,1
"['spotify:artist:3b8QkneNDz4JHKKKlLgYZg', 'spotify:artist:3grHWM9bx2E9vwJCdlRv9O']",['spotify:artist:6yJCxee7QumYr820xdIsjo'],"['Florida Georgia Line', 'Kenny Chesney']",['Zac Brown Band'],0.019148104728409537,0.7170731707317074,17.04325303934154,3.3857738969514863,2,1
"['spotify:artist:3b8QkneNDz4JHKKKlLgYZg', 'spotify:artist:3grHWM9bx2E9vwJCdlRv9O']",['spotify:artist:2IvkS5MXK0vPGnwyJsrEyV'],"['Florida Georgia Line', 'Kenny Chesney']",['Eric Church'],0.019148104728409537,0.7170731707317074,18.91742519487051,3.4005066634326457,2,1
"['spotify:artist:13ubrt8QOOCPljQ2FL1Kca', 'spotify:artist:5K4W6rqBFWDnAN6FQUkS6x']",['spotify:artist:2YZyLoL8N0Wb9xBt1NhZWg'],"['A$AP Rocky', 'Kanye West']",['Kendrick Lamar'],0.019148104728409537,0.6774193548387097,7.027768090671318,2.8011853588641404,2,1
"['spotify:artist:0BvkDsjIUla7X0k6CSWh1I', 'spotify:artist:3grHWM9bx2E9vwJCdlRv9O']",['spotify:artist:6yJCxee7QumYr820xdIsjo'],"['Luke Bryan', 'Kenny Chesney']",['Zac Brown Band'],0.019148104728409537,0.6743119266055047,16.026912261766128,2.9412384165616343,2,1
"['spotify:artist:13ubrt8QOOCPljQ2FL1Kca', 'spotify:artist:2YZyLoL8N0Wb9xBt1NhZWg']",['spotify:artist:5K4W6rqBFWDnAN6FQUkS6x'],"['A$AP Rocky', 'Kendrick Lamar']",['Kanye West'],0.019148104728409537,0.6282051282051283,5.060577932036485,2.355769360337417,2,1
"['spotify:artist:3TVXtAsR1Inumwj472S9r4', 'spotify:artist:50co4Is1HCEo8bhOyUWKpn']",['spotify:artist:7iZtZyCzp3LItcw1wtPI3D'],"['Drake', 'Young Thug']",['Rae Sremmurd'],0.019148104728409537,0.6000000000000001,8.909477756286268,2.33163996352742,2,1
"['spotify:artist:3TVXtAsR1Inumwj472S9r4', 'spotify:artist:50co4Is1HCEo8bhOyUWKpn']",['spotify:artist:2YZyLoL8N0Wb9xBt1NhZWg'],"['Drake', 'Young Thug']",['Kendrick Lamar'],0.019148104728409537,0.6000000000000001,6.2245945945945955,2.2590204506968874,2,1
"['spotify:artist:0QHgL1lAIqAw0HtD7YldmP', 'spotify:artist:7iZtZyCzp3LItcw1wtPI3D']",['spotify:artist:3TVXtAsR1Inumwj472S9r4'],"['DJ Khaled', 'Rae Sremmurd']",['Drake'],0.019017845512570013,0.863905325443787,4.680452493600531,5.991584121967932,2,1
"['spotify:artist:13ubrt8QOOCPljQ2FL1Kca', 'spotify:artist:1RyvyyTE3xzB2ZywiAwp0i']",['spotify:artist:3TVXtAsR1Inumwj472S9r4'],"['A$AP Rocky', 'Future']",['Drake'],0.019017845512570013,0.8588235294117645,4.652920420108763,5.775910729017404,2,1
"['spotify:artist:02kJSzxNuaWGqwubyUba0Z', 'spotify:artist:5K4W6rqBFWDnAN6FQUkS6x']",['spotify:artist:3TVXtAsR1Inumwj472S9r4'],"['G-Eazy', 'Kanye West']",['Drake'],0.019017845512570013,0.8488372093023254,4.598816694293545,5.394334726104943,2,1
"['spotify:artist:1UTPBmNbXNTittyMJrNkvw', 'spotify:artist:6yJCxee7QumYr820xdIsjo']",['spotify:artist:0BvkDsjIUla7X0k6CSWh1I'],"['Blake Shelton', 'Zac Brown Band']",['Luke Bryan'],0.019017845512570013,0.8390804597701148,17.269760562078208,5.912354156199403,2,1
"['spotify:artist:0u2FHSq3ln94y5Q57xazwf', 'spotify:artist:3grHWM9bx2E9vwJCdlRv9O']",['spotify:artist:3b8QkneNDz4JHKKKlLgYZg'],"['Keith Urban', 'Kenny Chesney']",['Florida Georgia Line'],0.019017845512570013,0.8202247191011235,17.491292134831458,5.301655920281356,2,1
"['spotify:artist:3grHWM9bx2E9vwJCdlRv9O', 'spotify:artist:6x2LnllRG5uGarZMsD4iO8']",['spotify:artist:0BvkDsjIUla7X0k6CSWh1I'],"['Kenny Chesney', 'Thomas Rhett']",['Luke Bryan'],0.019017845512570013,0.8156424581005586,16.787365015651442,5.160696452607353,2,1
"['spotify:artist:0u2FHSq3ln94y5Q57xazwf', 'spotify:artist:6roFdX1y5BYSbp60OTJWMd']",['spotify:artist:0BvkDsjIUla7X0k6CSWh1I'],"['Keith Urban', 'Tim McGraw']",['Luke Bryan'],0.019017845512570013,0.8156424581005586,16.787365015651442,5.160696452607353,2,1
"['spotify:artist:0c173mlxpT3dSFRgMO8XPh', 'spotify:artist:137W8MRPWKqSmrBGDBFSop']",['spotify:artist:3TVXtAsR1Inumwj472S9r4'],"['Big Sean', 'Wiz Khalifa']",['Drake'],0.019017845512570013,0.811111111111111,4.394424841213832,4.316943659057993,2,1
"['spotify:artist:3b8QkneNDz4JHKKKlLgYZg', 'spotify:artist:7x8nK0m0cP2ksQf0mjWdPS']",['spotify:artist:3grHWM9bx2E9vwJCdlRv9O'],"['Florida Georgia Line', 'Dierks Bentley']",['Kenny Chesney'],0.019017845512570013,0.8021978021978021,18.438540501414753,4.835605632987421,2,1
"['spotify:artist:2kucQ9jQwuD8jWdtR9Ef38', 'spotify:artist:6x2LnllRG5uGarZMsD4iO8']",['spotify:artist:3b8QkneNDz4JHKKKlLgYZg'],"['Sam Hunt', 'Thomas Rhett']",['Florida Georgia Line'],0.019017845512570013,0.8021978021978021,17.10686813186813,4.8184837827276255,2,1
"['spotify:artist:0u2FHSq3ln94y5Q57xazwf', 'spotify:artist:3b8QkneNDz4JHKKKlLgYZg']",['spotify:artist:3grHWM9bx2E9vwJCdlRv9O'],"['Keith Urban', 'Florida Georgia Line']",['Kenny Chesney'],0.019017845512570013,0.8021978021978021,18.438540501414753,4.835605632987421,2,1
"['spotify:artist:3grHWM9bx2E9vwJCdlRv9O', 'spotify:artist:7x8nK0m0cP2ksQf0mjWdPS']",['spotify:artist:3b8QkneNDz4JHKKKlLgYZg'],"['Kenny Chesney', 'Dierks Bentley']",['Florida Georgia Line'],0.019017845512570013,0.7978142076502732,17.013387978142077,4.714014131364658,2,1
"['spotify:artist:0BvkDsjIUla7X0k6CSWh1I', 'spotify:artist:0u2FHSq3ln94y5Q57xazwf']",['spotify:artist:6roFdX1y5BYSbp60OTJWMd'],"['Luke Bryan', 'Keith Urban']",['Tim McGraw'],0.019017845512570013,0.7978142076502732,20.01575056252009,4.748803903551852,2,1
"['spotify:artist:0BvkDsjIUla7X0k6CSWh1I', 'spotify:artist:6yJCxee7QumYr820xdIsjo']",['spotify:artist:1UTPBmNbXNTittyMJrNkvw'],"['Luke Bryan', 'Zac Brown Band']",['Blake Shelton'],0.019017845512570013,0.7487179487179486,18.132200922106282,3.8152658484261215,2,1
"['spotify:artist:2kucQ9jQwuD8jWdtR9Ef38', 'spotify:artist:3b8QkneNDz4JHKKKlLgYZg']",['spotify:artist:6x2LnllRG5uGarZMsD4iO8'],"['Sam Hunt', 'Florida Georgia Line']",['Thomas Rhett'],0.019017845512570013,0.7487179487179486,18.541637717121585,3.818894498010222,2,1
"['spotify:artist:0BvkDsjIUla7X0k6CSWh1I', 'spotify:artist:6x2LnllRG5uGarZMsD4iO8']",['spotify:artist:3grHWM9bx2E9vwJCdlRv9O'],"['Luke Bryan', 'Thomas Rhett']",['Kenny Chesney'],0.019017845512570013,0.7336683417085427,16.86338880028887,3.5913620935851016,2,1
"['spotify:artist:0hCNtLu0JehylgoiP8L4Gh', 'spotify:artist:5K4W6rqBFWDnAN6FQUkS6x']",['spotify:artist:3TVXtAsR1Inumwj472S9r4'],"['Nicki Minaj', 'Kanye West']",['Drake'],0.019017845512570013,0.7299999999999999,3.9549823570924483,3.020084041316292,2,1
"['spotify:artist:3b8QkneNDz4JHKKKlLgYZg', 'spotify:artist:6x2LnllRG5uGarZMsD4iO8']",['spotify:artist:2kucQ9jQwuD8jWdtR9Ef38'],"['Florida Georgia Line', 'Thomas Rhett']",['Sam Hunt'],0.019017845512570013,0.7192118226600984,16.335470895152593,3.4046034063927557,2,1
"['spotify:artist:3b8QkneNDz4JHKKKlLgYZg', 'spotify:artist:3grHWM9bx2E9vwJCdlRv9O']",['spotify:artist:7x8nK0m0cP2ksQf0mjWdPS'],"['Florida Georgia Line', 'Kenny Chesney']",['Dierks Bentley'],0.019017845512570013,0.7121951219512195,20.554593801577113,3.3541858467842527,2,1
"['spotify:artist:3b8QkneNDz4JHKKKlLgYZg', 'spotify:artist:3grHWM9bx2E9vwJCdlRv9O']",['spotify:artist:0u2FHSq3ln94y5Q57xazwf'],"['Florida Georgia Line', 'Kenny Chesney']",['Keith Urban'],0.019017845512570013,0.7121951219512195,20.101183644189383,3.351470273301497,2,1
"['spotify:artist:0BvkDsjIUla7X0k6CSWh1I', 'spotify:artist:6roFdX1y5BYSbp60OTJWMd']",['spotify:artist:0u2FHSq3ln94y5Q57xazwf'],"['Luke Bryan', 'Tim McGraw']",['Keith Urban'],0.019017845512570013,0.6985645933014354,19.716471995496764,3.199921017427856,2,1
"['spotify:artist:0BvkDsjIUla7X0k6CSWh1I', 'spotify:artist:3grHWM9bx2E9vwJCdlRv9O']",['spotify:artist:6x2LnllRG5uGarZMsD4iO8'],"['Luke Bryan', 'Kenny Chesney']",['Thomas Rhett'],0.019017845512570013,0.6697247706422017,16.585409884581235,2.905515030466182,2,1
"['spotify:artist:0BvkDsjIUla7X0k6CSWh1I', 'spotify:artist:1UTPBmNbXNTittyMJrNkvw']",['spotify:artist:6yJCxee7QumYr820xdIsjo'],"['Luke Bryan', 'Blake Shelton']",['Zac Brown Band'],0.019017845512570013,0.6606334841628958,15.701805752069818,2.822689418609699,2,1
['spotify:artist:0a1gHP0HAqALbEyxaD5Ngn'],['spotify:artist:0BvkDsjIUla7X0k6CSWh1I'],['Rascal Flatts'],['Luke Bryan'],0.019017845512570013,0.6058091286307054,12.468623808305429,2.4135853506372413,1,1
"['spotify:artist:0hCNtLu0JehylgoiP8L4Gh', 'spotify:artist:3TVXtAsR1Inumwj472S9r4']",['spotify:artist:5K4W6rqBFWDnAN6FQUkS6x'],"['Nicki Minaj', 'Drake']",['Kanye West'],0.019017845512570013,0.5328467153284672,4.292407380458177,1.8748941643871304,2,1
"['spotify:artist:13ubrt8QOOCPljQ2FL1Kca', 'spotify:artist:3TVXtAsR1Inumwj472S9r4']",['spotify:artist:1RyvyyTE3xzB2ZywiAwp0i'],"['A$AP Rocky', 'Drake']",['Future'],0.019017845512570013,0.5195729537366548,6.818395839036409,1.9228691763275585,2,1
['spotify:artist:7hJcb9fa4alzcOq3EaNPoG'],['spotify:artist:5K4W6rqBFWDnAN6FQUkS6x'],['Snoop Dogg'],['Kanye West'],0.019017845512570013,0.5017182130584192,4.041648186410791,1.757766368867149,1,1
"['spotify:artist:3FfvYsEGaIb52QPXhg4DcH', 'spotify:artist:7x8nK0m0cP2ksQf0mjWdPS']",['spotify:artist:0BvkDsjIUla7X0k6CSWh1I'],"['Jason Aldean', 'Dierks Bentley']",['Luke Bryan'],0.018887586296730492,0.8630952380952381,17.7640271926465,6.949453760810101,2,1
"['spotify:artist:6x2LnllRG5uGarZMsD4iO8', 'spotify:artist:7x8nK0m0cP2ksQf0mjWdPS']",['spotify:artist:0BvkDsjIUla7X0k6CSWh1I'],"['Thomas Rhett', 'Dierks Bentley']",['Luke Bryan'],0.018887586296730492,0.8529411764705881,17.555038637438887,6.469610524944634,2,1
"['spotify:artist:1UTPBmNbXNTittyMJrNkvw', 'spotify:artist:6yJCxee7QumYr820xdIsjo']",['spotify:artist:6roFdX1y5BYSbp60OTJWMd'],"['Blake Shelton', 'Zac Brown Band']",['Tim McGraw'],0.018887586296730492,0.8333333333333333,20.906862745098035,5.7608440797186375,2,1
"['spotify:artist:2IvkS5MXK0vPGnwyJsrEyV', 'spotify:artist:6roFdX1y5BYSbp60OTJWMd']",['spotify:artist:3grHWM9bx2E9vwJCdlRv9O'],"['Eric Church', 'Tim McGraw']",['Kenny Chesney'],0.018887586296730492,0.7967032967032966,18.31224912811739,4.704913588852626,2,1
"['spotify:artist:0fA0VVWsXO9YnASrzqfmYu', 'spotify:artist:5K4W6rqBFWDnAN6FQUkS6x']",['spotify:artist:3TVXtAsR1Inumwj472S9r4'],"['Kid Cudi', 'Kanye West']",['Drake'],0.018887586296730492,0.7795698924731183,4.223541329933754,3.699234647680591,2,1
"['spotify:artist:6roFdX1y5BYSbp60OTJWMd', 'spotify:artist:6yJCxee7QumYr820xdIsjo']",['spotify:artist:1UTPBmNbXNTittyMJrNkvw'],"['Tim McGraw', 'Zac Brown Band']",['Blake Shelton'],0.018887586296730492,0.7795698924731183,18.879362979546148,4.349259905260248,2,1
"['spotify:artist:2IvkS5MXK0vPGnwyJsrEyV', 'spotify:artist:3grHWM9bx2E9vwJCdlRv9O']",['spotify:artist:6roFdX1y5BYSbp60OTJWMd'],"['Eric Church', 'Kenny Chesney']",['Tim McGraw'],0.018887586296730492,0.7671957671957672,19.24758792405851,4.124240647980391,2,1
"['spotify:artist:0BvkDsjIUla7X0k6CSWh1I', 'spotify:artist:7x8nK0m0cP2ksQf0mjWdPS']",['spotify:artist:6x2LnllRG5uGarZMsD4iO8'],"['Luke Bryan', 'Dierks Bentley']",['Thomas Rhett'],0.018887586296730492,0.7512953367875647,18.605465485542368,3.8584706482566955,2,1
"['spotify:artist:0BvkDsjIUla7X0k6CSWh1I', 'spotify:artist:7x8nK0m0cP2ksQf0mjWdPS']",['spotify:artist:3FfvYsEGaIb52QPXhg4DcH'],"['Luke Bryan', 'Dierks Bentley']",['Jason Aldean'],0.018887586296730492,0.7512953367875647,22.09844559585492,3.8841344275107446,2,1
"['spotify:artist:0BvkDsjIUla7X0k6CSWh1I', 'spotify:artist:6x2LnllRG5uGarZMsD4iO8']",['spotify:artist:7x8nK0m0cP2ksQf0mjWdPS'],"['Luke Bryan', 'Thomas Rhett']",['Dierks Bentley'],0.018887586296730492,0.728643216080402,21.029300638530998,3.557497382754644,2,1
"['spotify:artist:0BvkDsjIUla7X0k6CSWh1I', 'spotify:artist:3FfvYsEGaIb52QPXhg4DcH']",['spotify:artist:7x8nK0m0cP2ksQf0mjWdPS'],"['Luke Bryan', 'Jason Aldean']",['Dierks Bentley'],0.018887586296730492,0.7213930348258706,20.8200538660083,3.464920727962931,2,1
"['spotify:artist:1UTPBmNbXNTittyMJrNkvw', 'spotify:artist:6roFdX1y5BYSbp60OTJWMd']",['spotify:artist:6yJCxee7QumYr820xdIsjo'],"['Blake Shelton', 'Tim McGraw']",['Zac Brown Band'],0.018887586296730492,0.7178217821782178,17.06104588787052,3.3947562667251687,2,1
"['spotify:artist:3grHWM9bx2E9vwJCdlRv9O', 'spotify:artist:6roFdX1y5BYSbp60OTJWMd']",['spotify:artist:2IvkS5MXK0vPGnwyJsrEyV'],"['Kenny Chesney', 'Tim McGraw']",['Eric Church'],0.018887586296730492,0.69377990430622,18.302915207418735,3.1418400742477526,2,1
"['spotify:artist:0fA0VVWsXO9YnASrzqfmYu', 'spotify:artist:3TVXtAsR1Inumwj472S9r4']",['spotify:artist:5K4W6rqBFWDnAN6FQUkS6x'],"['Kid Cudi', 'Drake']",['Kanye West'],0.018887586296730492,0.6744186046511627,5.432855852997876,2.690150542436591,2,1
['spotify:artist:1n2pb9Tsfe4SwAjmUac6YT'],['spotify:artist:6yJCxee7QumYr820xdIsjo'],['Jake Owen'],['Zac Brown Band'],0.018887586296730492,0.6359649122807017,15.115488023464232,2.6314119314302933,1,1
['spotify:artist:1n2pb9Tsfe4SwAjmUac6YT'],['spotify:artist:6roFdX1y5BYSbp60OTJWMd'],['Jake Owen'],['Tim McGraw'],0.018887586296730492,0.6359649122807017,15.955237358101135,2.6374948798711846,1,1
"['spotify:artist:0hCNtLu0JehylgoiP8L4Gh', 'spotify:artist:5pKCCKE2ajJHZ9KAiaK11H']",['spotify:artist:3TVXtAsR1Inumwj472S9r4'],"['Nicki Minaj', 'Rihanna']",['Drake'],0.018887586296730492,0.625,3.386115031757234,2.1744605097477314,2,1
"['spotify:artist:0hCNtLu0JehylgoiP8L4Gh', 'spotify:artist:3TVXtAsR1Inumwj472S9r4']",['spotify:artist:5pKCCKE2ajJHZ9KAiaK11H'],"['Nicki Minaj', 'Drake']",['Rihanna'],0.018887586296730492,0.5291970802919708,4.611402934621407,1.8802806732684862,2,1
['spotify:artist:6LuN9FCkKOj5PcnpouEgny'],['spotify:artist:3TVXtAsR1Inumwj472S9r4'],['Khalid'],['Drake'],0.018887586296730492,0.5123674911660777,2.7758964217939157,1.672207402876652,1,1
"['spotify:artist:2YZyLoL8N0Wb9xBt1NhZWg', 'spotify:artist:6PXS4YHDkKvl1wkIl4V8DL']",['spotify:artist:3TVXtAsR1Inumwj472S9r4'],"['Kendrick Lamar', 'Fetty Wap']",['Drake'],0.01875732708089097,0.8780487804878049,4.757078678761382,6.6864660674742735,2,1
"['spotify:artist:3FfvYsEGaIb52QPXhg4DcH', 'spotify:artist:6roFdX1y5BYSbp60OTJWMd']",['spotify:artist:0BvkDsjIUla7X0k6CSWh1I'],"['Jason Aldean', 'Tim McGraw']",['Luke Bryan'],0.01875732708089097,0.8571428571428571,17.641516660283415,6.659893187443009,2,1
"['spotify:artist:17lzZA2AlOHwCwFALHttmp', 'spotify:artist:7iZtZyCzp3LItcw1wtPI3D']",['spotify:artist:3TVXtAsR1Inumwj472S9r4'],"['2 Chainz', 'Rae Sremmurd']",['Drake'],0.01875732708089097,0.8571428571428571,4.643814900695634,5.707958838087793,2,1
"['spotify:artist:4O15NlyKLIASxsJ0PrXPfz', 'spotify:artist:5K4W6rqBFWDnAN6FQUkS6x']",['spotify:artist:3TVXtAsR1Inumwj472S9r4'],"['Lil Uzi Vert', 'Kanye West']",['Drake'],0.01875732708089097,0.8421052631578946,4.562344463841325,5.164343710650857,2,1
"['spotify:artist:2YZyLoL8N0Wb9xBt1NhZWg', 'spotify:artist:5IcR3N7QB1j6KBL8eImZ8m']",['spotify:artist:3TVXtAsR1Inumwj472S9r4'],"['Kendrick Lamar', 'ScHoolboy Q']",['Drake'],0.01875732708089097,0.8089887640449438,4.382926423128464,4.268977618401795,2,1
"['spotify:artist:0u2FHSq3ln94y5Q57xazwf', 'spotify:artist:3grHWM9bx2E9vwJCdlRv9O']",['spotify:artist:0BvkDsjIUla7X0k6CSWh1I'],"['Keith Urban', 'Kenny Chesney']",['Luke Bryan'],0.01875732708089097,0.8089887640449438,16.65042021869446,4.980928518339731,2,1
"['spotify:artist:1UTPBmNbXNTittyMJrNkvw', 'spotify:artist:3FfvYsEGaIb52QPXhg4DcH']",['spotify:artist:3b8QkneNDz4JHKKKlLgYZg'],"['Blake Shelton', 'Jason Aldean']",['Florida Georgia Line'],0.01875732708089097,0.7955801104972375,16.96574585635359,4.662494851240454,2,1
"['spotify:artist:3b8QkneNDz4JHKKKlLgYZg', 'spotify:artist:7x8nK0m0cP2ksQf0mjWdPS']",['spotify:artist:1UTPBmNbXNTittyMJrNkvw'],"['Florida Georgia Line', 'Dierks Bentley']",['Blake Shelton'],0.01875732708089097,0.7912087912087912,19.16122993725517,4.5917059158251226,2,1
"['spotify:artist:1UTPBmNbXNTittyMJrNkvw', 'spotify:artist:7x8nK0m0cP2ksQf0mjWdPS']",['spotify:artist:3b8QkneNDz4JHKKKlLgYZg'],"['Blake Shelton', 'Dierks Bentley']",['Florida Georgia Line'],0.01875732708089097,0.7912087912087912,16.872527472527473,4.564879373110383,2,1
"['spotify:artist:2IvkS5MXK0vPGnwyJsrEyV', 'spotify:artist:6roFdX1y5BYSbp60OTJWMd']",['spotify:artist:0BvkDsjIUla7X0k6CSWh1I'],"['Eric Church', 'Tim McGraw']",['Luke Bryan'],0.01875732708089097,0.7912087912087912,16.28447691718469,4.556769022987323,2,1
"['spotify:artist:0BvkDsjIUla7X0k6CSWh1I', 'spotify:artist:0u2FHSq3ln94y5Q57xazwf']",['spotify:artist:3grHWM9bx2E9vwJCdlRv9O'],"['Luke Bryan', 'Keith Urban']",['Kenny Chesney'],0.01875732708089097,0.7868852459016393,18.08658093648768,4.488161441268123,2,1
"['spotify:artist:3FfvYsEGaIb52QPXhg4DcH', 'spotify:artist:3b8QkneNDz4JHKKKlLgYZg']",['spotify:artist:1UTPBmNbXNTittyMJrNkvw'],"['Jason Aldean', 'Florida Georgia Line']",['Blake Shelton'],0.01875732708089097,0.7826086956521738,18.952955698806747,4.410056011462809,2,1
['spotify:artist:1mfDfLsMxYcOOZkzBxvSVW'],['spotify:artist:0BvkDsjIUla7X0k6CSWh1I'],['Cole Swindell'],['Luke Bryan'],0.01875732708089097,0.7700534759358288,15.849063095869592,4.137541614790176,1,1
"['spotify:artist:5K4W6rqBFWDnAN6FQUkS6x', 'spotify:artist:6oMuImdp5ZcFhWP0ESe6mG']",['spotify:artist:2YZyLoL8N0Wb9xBt1NhZWg'],"['Kanye West', 'Migos']",['Kendrick Lamar'],0.01875732708089097,0.7272727272727272,7.544963144963144,3.3132299943554333,2,1
"['spotify:artist:0BvkDsjIUla7X0k6CSWh1I', 'spotify:artist:2IvkS5MXK0vPGnwyJsrEyV']",['spotify:artist:6roFdX1y5BYSbp60OTJWMd'],"['Luke Bryan', 'Eric Church']",['Tim McGraw'],0.01875732708089097,0.72,18.063529411764705,3.4290738569753807,2,1
"['spotify:artist:0BvkDsjIUla7X0k6CSWh1I', 'spotify:artist:3FfvYsEGaIb52QPXhg4DcH']",['spotify:artist:6roFdX1y5BYSbp60OTJWMd'],"['Luke Bryan', 'Jason Aldean']",['Tim McGraw'],0.01875732708089097,0.7164179104477612,17.973661106233536,3.385759239834639,2,1
"['spotify:artist:3TVXtAsR1Inumwj472S9r4', 'spotify:artist:5IcR3N7QB1j6KBL8eImZ8m']",['spotify:artist:2YZyLoL8N0Wb9xBt1NhZWg'],"['Drake', 'ScHoolboy Q']",['Kendrick Lamar'],0.01875732708089097,0.7128712871287128,7.395557934171795,3.1470491795915247,2,1
"['spotify:artist:1UTPBmNbXNTittyMJrNkvw', 'spotify:artist:3b8QkneNDz4JHKKKlLgYZg']",['spotify:artist:7x8nK0m0cP2ksQf0mjWdPS'],"['Blake Shelton', 'Florida Georgia Line']",['Dierks Bentley'],0.01875732708089097,0.70935960591133,20.472758250305564,3.3214620824253815,2,1
"['spotify:artist:1UTPBmNbXNTittyMJrNkvw', 'spotify:artist:3b8QkneNDz4JHKKKlLgYZg']",['spotify:artist:3FfvYsEGaIb52QPXhg4DcH'],"['Blake Shelton', 'Florida Georgia Line']",['Jason Aldean'],0.01875732708089097,0.70935960591133,20.864956684219464,3.323702982494485,2,1
['spotify:artist:1z7b1Pr1rSlvWRzsW3HOrS'],['spotify:artist:3TVXtAsR1Inumwj472S9r4'],['Russ'],['Drake'],0.01875732708089097,0.6990291262135921,3.7871888510527505,2.709307651258261,1,1
"['spotify:artist:0BvkDsjIUla7X0k6CSWh1I', 'spotify:artist:6roFdX1y5BYSbp60OTJWMd']",['spotify:artist:3FfvYsEGaIb52QPXhg4DcH'],"['Luke Bryan', 'Tim McGraw']",['Jason Aldean'],0.01875732708089097,0.6889952153110047,20.26596271242369,3.106069077464153,2,1
"['spotify:artist:0BvkDsjIUla7X0k6CSWh1I', 'spotify:artist:6roFdX1y5BYSbp60OTJWMd']",['spotify:artist:2IvkS5MXK0vPGnwyJsrEyV'],"['Luke Bryan', 'Tim McGraw']",['Eric Church'],0.01875732708089097,0.6889952153110047,18.17668820598826,3.0935040731054793,2,1
"['spotify:artist:0BvkDsjIUla7X0k6CSWh1I', 'spotify:artist:3grHWM9bx2E9vwJCdlRv9O']",['spotify:artist:0u2FHSq3ln94y5Q57xazwf'],"['Luke Bryan', 'Kenny Chesney']",['Keith Urban'],0.01875732708089097,0.6605504587155963,18.643550998381002,2.8415695883456724,2,1
"['spotify:artist:1RyvyyTE3xzB2ZywiAwp0i', 'spotify:artist:6l3HvQ5sa6mXTsMTB19rO5']",['spotify:artist:5K4W6rqBFWDnAN6FQUkS6x'],"['Future', 'J. Cole']",['Kanye West'],0.01875732708089097,0.631578947368421,5.087756116419064,2.3773423398276856,2,1
"['spotify:artist:3TVXtAsR1Inumwj472S9r4', 'spotify:artist:4O15NlyKLIASxsJ0PrXPfz']",['spotify:artist:5K4W6rqBFWDnAN6FQUkS6x'],"['Drake', 'Lil Uzi Vert']",['Kanye West'],0.01875732708089097,0.6075949367088608,4.894550187947455,2.2320378844222586,2,1
"['spotify:artist:2YZyLoL8N0Wb9xBt1NhZWg', 'spotify:artist:6oMuImdp5ZcFhWP0ESe6mG']",['spotify:artist:5K4W6rqBFWDnAN6FQUkS6x'],"['Kendrick Lamar', 'Migos']",['Kanye West'],0.01875732708089097,0.6050420168067226,4.873984851023305,2.2176104916869677,2,1
"['spotify:artist:0c173mlxpT3dSFRgMO8XPh', 'spotify:artist:6l3HvQ5sa6mXTsMTB19rO5']",['spotify:artist:5K4W6rqBFWDnAN6FQUkS6x'],"['Big Sean', 'J. Cole']",['Kanye West'],0.01875732708089097,0.5950413223140496,4.79342311794854,2.16284528661015,2,1
['spotify:artist:1URnnhqYAYcrqrcwql10ft'],['spotify:artist:6oMuImdp5ZcFhWP0ESe6mG'],['21 Savage'],['Migos'],0.01875732708089097,0.5950413223140496,10.219535193299684,2.325605505977303,1,1
"['spotify:artist:17lzZA2AlOHwCwFALHttmp', 'spotify:artist:3TVXtAsR1Inumwj472S9r4']",['spotify:artist:7iZtZyCzp3LItcw1wtPI3D'],"['2 Chainz', 'Drake']",['Rae Sremmurd'],0.01875732708089097,0.5393258426966292,8.008519331493273,2.0245459195506372,2,1
"['spotify:artist:1RyvyyTE3xzB2ZywiAwp0i', 'spotify:artist:5K4W6rqBFWDnAN6FQUkS6x']",['spotify:artist:6l3HvQ5sa6mXTsMTB19rO5'],"['Future', 'Kanye West']",['J. Cole'],0.01875732708089097,0.5333333333333333,6.998974358974359,1.9795679115726008,2,1
"['spotify:artist:6l3HvQ5sa6mXTsMTB19rO5', 'spotify:artist:6oMuImdp5ZcFhWP0ESe6mG']",['spotify:artist:3TVXtAsR1Inumwj472S9r4'],"['J. Cole', 'Migos']",['Drake'],0.01862706786505145,0.882716049382716,4.78236493374108,6.9525513666934,2,1
"['spotify:artist:1n2pb9Tsfe4SwAjmUac6YT', 'spotify:artist:3grHWM9bx2E9vwJCdlRv9O']",['spotify:artist:0BvkDsjIUla7X0k6CSWh1I'],"['Jake Owen', 'Kenny Chesney']",['Luke Bryan'],0.01862706786505145,0.8666666666666667,17.837533512064343,7.135599843688943,2,1
"['spotify:artist:55Aa2cqylxrFIXC767Z865', 'spotify:artist:7iZtZyCzp3LItcw1wtPI3D']",['spotify:artist:3TVXtAsR1Inumwj472S9r4'],"['Lil Wayne', 'Rae Sremmurd']",['Drake'],0.01862706786505145,0.8614457831325301,4.667127224494307,5.885224640512879,2,1
"['spotify:artist:137W8MRPWKqSmrBGDBFSop', 'spotify:artist:1RyvyyTE3xzB2ZywiAwp0i']",['spotify:artist:3TVXtAsR1Inumwj472S9r4'],"['Wiz Khalifa', 'Future']",['Drake'],0.01862706786505145,0.8562874251497006,4.639180354886557,5.673982892622986,2,1
"['spotify:artist:5K4W6rqBFWDnAN6FQUkS6x', 'spotify:artist:6PXS4YHDkKvl1wkIl4V8DL']",['spotify:artist:3TVXtAsR1Inumwj472S9r4'],"['Kanye West', 'Fetty Wap']",['Drake'],0.01862706786505145,0.8461538461538461,4.584278812225178,5.300247492510095,2,1
"['spotify:artist:0Y5tJX1MQlPlqiwlOH1tJY', 'spotify:artist:50co4Is1HCEo8bhOyUWKpn']",['spotify:artist:3TVXtAsR1Inumwj472S9r4'],"['Travis Scott', 'Young Thug']",['Drake'],0.01862706786505145,0.82183908045977,4.452546662448592,4.576888653581917,2,1
"['spotify:artist:0BvkDsjIUla7X0k6CSWh1I', 'spotify:artist:1n2pb9Tsfe4SwAjmUac6YT']",['spotify:artist:3grHWM9bx2E9vwJCdlRv9O'],"['Luke Bryan', 'Jake Owen']",['Kenny Chesney'],0.01862706786505145,0.7988826815642458,18.362342354397352,4.755897847828289,2,1
"['spotify:artist:1UTPBmNbXNTittyMJrNkvw', 'spotify:artist:7x8nK0m0cP2ksQf0mjWdPS']",['spotify:artist:3grHWM9bx2E9vwJCdlRv9O'],"['Blake Shelton', 'Dierks Bentley']",['Kenny Chesney'],0.01862706786505145,0.7857142857142857,18.05966638152267,4.463635968911467,2,1
"['spotify:artist:3grHWM9bx2E9vwJCdlRv9O', 'spotify:artist:7x8nK0m0cP2ksQf0mjWdPS']",['spotify:artist:1UTPBmNbXNTittyMJrNkvw'],"['Kenny Chesney', 'Dierks Bentley']",['Blake Shelton'],0.01862706786505145,0.7814207650273224,18.924186792160107,4.386088315748339,2,1
"['spotify:artist:2IvkS5MXK0vPGnwyJsrEyV', 'spotify:artist:3grHWM9bx2E9vwJCdlRv9O']",['spotify:artist:1UTPBmNbXNTittyMJrNkvw'],"['Eric Church', 'Kenny Chesney']",['Blake Shelton'],0.01862706786505145,0.7566137566137566,18.323418957488357,3.9390386869871046,2,1
"['spotify:artist:1UTPBmNbXNTittyMJrNkvw', 'spotify:artist:2IvkS5MXK0vPGnwyJsrEyV']",['spotify:artist:3grHWM9bx2E9vwJCdlRv9O'],"['Blake Shelton', 'Eric Church']",['Kenny Chesney'],0.01862706786505145,0.7371134020618556,16.942573615655288,3.638425957852203,2,1
['spotify:artist:0qSX3s5pJnAlSsgsCne8Cz'],['spotify:artist:3b8QkneNDz4JHKKKlLgYZg'],['Brett Eldredge'],['Florida Georgia Line'],0.01862706786505145,0.7295918367346939,15.558545918367347,3.5246964100068565,1,1
['spotify:artist:0qSX3s5pJnAlSsgsCne8Cz'],['spotify:artist:0BvkDsjIUla7X0k6CSWh1I'],['Brett Eldredge'],['Luke Bryan'],0.01862706786505145,0.7295918367346939,15.01629096678886,3.5184341367623455,1,1
['spotify:artist:3Gm5F95VdRxW3mqCn8RPBJ'],['spotify:artist:3TVXtAsR1Inumwj472S9r4'],['Aminé'],['Drake'],0.01862706786505145,0.7044334975369457,3.8164685678130787,2.758846771742433,1,1
"['spotify:artist:1UTPBmNbXNTittyMJrNkvw', 'spotify:artist:3grHWM9bx2E9vwJCdlRv9O']",['spotify:artist:7x8nK0m0cP2ksQf0mjWdPS'],"['Blake Shelton', 'Kenny Chesney']",['Dierks Bentley'],0.01862706786505145,0.697560975609756,20.132239134421418,3.1918865316172726,2,1
"['spotify:artist:1UTPBmNbXNTittyMJrNkvw', 'spotify:artist:3grHWM9bx2E9vwJCdlRv9O']",['spotify:artist:2IvkS5MXK0vPGnwyJsrEyV'],"['Blake Shelton', 'Kenny Chesney']",['Eric Church'],0.01862706786505145,0.697560975609756,18.40266532562233,3.1811191367595706,2,1
"['spotify:artist:0QHgL1lAIqAw0HtD7YldmP', 'spotify:artist:5K4W6rqBFWDnAN6FQUkS6x']",['spotify:artist:2YZyLoL8N0Wb9xBt1NhZWg'],"['DJ Khaled', 'Kanye West']",['Kendrick Lamar'],0.01862706786505145,0.6651162790697673,6.900131992457573,2.6982744272212806,2,1
"['spotify:artist:0BvkDsjIUla7X0k6CSWh1I', 'spotify:artist:3grHWM9bx2E9vwJCdlRv9O']",['spotify:artist:1n2pb9Tsfe4SwAjmUac6YT'],"['Luke Bryan', 'Kenny Chesney']",['Jake Owen'],0.01862706786505145,0.6559633027522935,22.08697489135683,2.820341279145499,2,1
"['spotify:artist:0c173mlxpT3dSFRgMO8XPh', 'spotify:artist:6oMuImdp5ZcFhWP0ESe6mG']",['spotify:artist:1RyvyyTE3xzB2ZywiAwp0i'],"['Big Sean', 'Migos']",['Future'],0.01862706786505145,0.6470588235294117,8.491402714932127,2.617428683079327,2,1
['spotify:artist:5Zq7R5qmi58ByYyBQTlNuk'],['spotify:artist:6yJCxee7QumYr820xdIsjo'],['Lee Brice'],['Zac Brown Band'],0.01862706786505145,0.6412556053811659,15.241236168765358,2.6702194867786893,1,1
"['spotify:artist:0QHgL1lAIqAw0HtD7YldmP', 'spotify:artist:2YZyLoL8N0Wb9xBt1NhZWg']",['spotify:artist:5K4W6rqBFWDnAN6FQUkS6x'],"['DJ Khaled', 'Kendrick Lamar']",['Kanye West'],0.01862706786505145,0.6383928571428571,5.142646342377454,2.4221395639050103,2,1
['spotify:artist:4BYxqVkZyFjtik7crYLg5Q'],['spotify:artist:3FfvYsEGaIb52QPXhg4DcH'],['Chris Young'],['Jason Aldean'],0.01862706786505145,0.6244541484716157,18.367565125734075,2.5722620573079964,1,1
['spotify:artist:1By9QBFnjZAoI83BZppHlt'],['spotify:artist:0u2FHSq3ln94y5Q57xazwf'],['Billy Currington'],['Keith Urban'],0.01862706786505145,0.611111111111111,17.24816176470588,2.4803215541785293,1,1
['spotify:artist:1By9QBFnjZAoI83BZppHlt'],['spotify:artist:3FfvYsEGaIb52QPXhg4DcH'],['Billy Currington'],['Jason Aldean'],0.01862706786505145,0.611111111111111,17.97509578544061,2.484006029140847,1,1
['spotify:artist:0a1gHP0HAqALbEyxaD5Ngn'],['spotify:artist:3b8QkneNDz4JHKKKlLgYZg'],['Rascal Flatts'],['Florida Georgia Line'],0.01862706786505145,0.5933609958506224,12.653423236514524,2.3438643921812568,1,1
"['spotify:artist:1RyvyyTE3xzB2ZywiAwp0i', 'spotify:artist:6oMuImdp5ZcFhWP0ESe6mG']",['spotify:artist:0c173mlxpT3dSFRgMO8XPh'],"['Future', 'Migos']",['Big Sean'],0.01862706786505145,0.5909090909090909,7.364300472255018,2.2483030118825353,2,1
"['spotify:artist:3TVXtAsR1Inumwj472S9r4', 'spotify:artist:50co4Is1HCEo8bhOyUWKpn']",['spotify:artist:0Y5tJX1MQlPlqiwlOH1tJY'],"['Drake', 'Young Thug']",['Travis Scott'],0.01862706786505145,0.5836734693877551,10.955650915622973,2.2739938752627533,2,1
"['spotify:artist:0c173mlxpT3dSFRgMO8XPh', 'spotify:artist:1RyvyyTE3xzB2ZywiAwp0i']",['spotify:artist:6oMuImdp5ZcFhWP0ESe6mG'],"['Big Sean', 'Future']",['Migos'],0.01862706786505145,0.5674603174603173,9.745845317992966,2.1773126687245226,2,1
['spotify:artist:3FfvYsEGaIb52QPXhg4DcH'],['spotify:artist:4BYxqVkZyFjtik7crYLg5Q'],['Jason Aldean'],['Chris Young'],0.01862706786505145,0.5478927203065134,18.367565125734075,2.1458859061736244,1,1
['spotify:artist:3FfvYsEGaIb52QPXhg4DcH'],['spotify:artist:1By9QBFnjZAoI83BZppHlt'],['Jason Aldean'],['Billy Currington'],0.01862706786505145,0.5478927203065134,17.97509578544061,2.144445327557772,1,1
['spotify:artist:0u2FHSq3ln94y5Q57xazwf'],['spotify:artist:1By9QBFnjZAoI83BZppHlt'],['Keith Urban'],['Billy Currington'],0.01862706786505145,0.5257352941176471,17.248161764705884,2.044257840544544,1,1
['spotify:artist:4OBJLual30L7gRl5UkeRcT'],['spotify:artist:5K4W6rqBFWDnAN6FQUkS6x'],['T.I.'],['Kanye West'],0.01862706786505145,0.5053003533568905,4.0705045254153704,1.7704944267664082,1,1
"['spotify:artist:0QHgL1lAIqAw0HtD7YldmP', 'spotify:artist:6l3HvQ5sa6mXTsMTB19rO5']",['spotify:artist:3TVXtAsR1Inumwj472S9r4'],"['DJ Khaled', 'J. Cole']",['Drake'],0.01849680864921193,0.8875,4.808283345095272,7.248201699159101,2,1
"['spotify:artist:1UTPBmNbXNTittyMJrNkvw', 'spotify:artist:4BYxqVkZyFjtik7crYLg5Q']",['spotify:artist:0BvkDsjIUla7X0k6CSWh1I'],"['Blake Shelton', 'Chris Young']",['Luke Bryan'],0.01849680864921193,0.8658536585365854,17.820800366180606,7.0923537840302195,2,1
"['spotify:artist:2IvkS5MXK0vPGnwyJsrEyV', 'spotify:artist:3FfvYsEGaIb52QPXhg4DcH']",['spotify:artist:0BvkDsjIUla7X0k6CSWh1I'],"['Eric Church', 'Jason Aldean']",['Luke Bryan'],0.01849680864921193,0.8554216867469879,17.60609192803385,6.580608744735356,2,1
"['spotify:artist:0BvkDsjIUla7X0k6CSWh1I', 'spotify:artist:4BYxqVkZyFjtik7crYLg5Q']",['spotify:artist:1UTPBmNbXNTittyMJrNkvw'],"['Luke Bryan', 'Chris Young']",['Blake Shelton'],0.01849680864921193,0.8502994011976048,20.59226657095903,6.404168294906866,2,1
"['spotify:artist:0u2FHSq3ln94y5Q57xazwf', 'spotify:artist:1UTPBmNbXNTittyMJrNkvw']",['spotify:artist:6roFdX1y5BYSbp60OTJWMd'],"['Keith Urban', 'Blake Shelton']",['Tim McGraw'],0.01849680864921193,0.8352941176470587,20.956055363321795,5.829425556858145,2,1
"['spotify:artist:0u2FHSq3ln94y5Q57xazwf', 'spotify:artist:6roFdX1y5BYSbp60OTJWMd']",['spotify:artist:1UTPBmNbXNTittyMJrNkvw'],"['Keith Urban', 'Tim McGraw']",['Blake Shelton'],0.01849680864921193,0.7932960893854748,19.21177942653719,4.638073008530217,2,1
['spotify:artist:1mfDfLsMxYcOOZkzBxvSVW'],['spotify:artist:3b8QkneNDz4JHKKKlLgYZg'],['Cole Swindell'],['Florida Georgia Line'],0.01849680864921193,0.7593582887700535,16.193315508021392,3.960687768659633,1,1
['spotify:artist:5gCRApTajqwbnHHPbr2Fpi'],['spotify:artist:3TVXtAsR1Inumwj472S9r4'],['Juicy J'],['Drake'],0.01849680864921193,0.7319587628865979,3.965594511418781,3.042153886233604,1,1
"['spotify:artist:0BvkDsjIUla7X0k6CSWh1I', 'spotify:artist:2IvkS5MXK0vPGnwyJsrEyV']",['spotify:artist:3FfvYsEGaIb52QPXhg4DcH'],"['Luke Bryan', 'Eric Church']",['Jason Aldean'],0.01849680864921193,0.71,20.883793103448273,3.3310425678133964,2,1
"['spotify:artist:0BvkDsjIUla7X0k6CSWh1I', 'spotify:artist:3FfvYsEGaIb52QPXhg4DcH']",['spotify:artist:2IvkS5MXK0vPGnwyJsrEyV'],"['Luke Bryan', 'Jason Aldean']",['Eric Church'],0.01849680864921193,0.7064676616915423,18.63763655947069,3.277644206886959,2,1
"['spotify:artist:1UTPBmNbXNTittyMJrNkvw', 'spotify:artist:6roFdX1y5BYSbp60OTJWMd']",['spotify:artist:0u2FHSq3ln94y5Q57xazwf'],"['Blake Shelton', 'Tim McGraw']",['Keith Urban'],0.01849680864921193,0.7029702970297029,19.84081974373908,3.247383960748556,2,1
"['spotify:artist:0BvkDsjIUla7X0k6CSWh1I', 'spotify:artist:1UTPBmNbXNTittyMJrNkvw']",['spotify:artist:4BYxqVkZyFjtik7crYLg5Q'],"['Luke Bryan', 'Blake Shelton']",['Chris Young'],0.01849680864921193,0.6425339366515836,21.540318915607894,2.714021662602249,2,1
['spotify:artist:1n2pb9Tsfe4SwAjmUac6YT'],['spotify:artist:0u2FHSq3ln94y5Q57xazwf'],['Jake Owen'],['Keith Urban'],0.01849680864921193,0.6228070175438596,17.578270123839008,2.557230749656933,1,1
['spotify:artist:4BYxqVkZyFjtik7crYLg5Q'],['spotify:artist:0u2FHSq3ln94y5Q57xazwf'],['Chris Young'],['Keith Urban'],0.01849680864921193,0.6200873362445415,17.501509118931416,2.538924298434344,1,1
['spotify:artist:4BYxqVkZyFjtik7crYLg5Q'],['spotify:artist:6yJCxee7QumYr820xdIsjo'],['Chris Young'],['Zac Brown Band'],0.01849680864921193,0.6200873362445415,14.738112942258034,2.521438121632163,1,1
['spotify:artist:1yxSLGMDHlW21z4YXirZDS'],['spotify:artist:5pKCCKE2ajJHZ9KAiaK11H'],['The Black Eyed Peas'],['Rihanna'],0.01849680864921193,0.5259259259259259,4.582898221717745,1.8673065650644782,1,1
['spotify:artist:0u2FHSq3ln94y5Q57xazwf'],['spotify:artist:1n2pb9Tsfe4SwAjmUac6YT'],['Keith Urban'],['Jake Owen'],0.01849680864921193,0.5220588235294117,17.578270123839008,2.0301680343884327,1,1
['spotify:artist:0u2FHSq3ln94y5Q57xazwf'],['spotify:artist:4BYxqVkZyFjtik7crYLg5Q'],['Keith Urban'],['Chris Young'],0.01849680864921193,0.5220588235294117,17.501509118931413,2.0298954920291377,1,1
"['spotify:artist:3FfvYsEGaIb52QPXhg4DcH', 'spotify:artist:6x2LnllRG5uGarZMsD4iO8']",['spotify:artist:3b8QkneNDz4JHKKKlLgYZg'],"['Jason Aldean', 'Thomas Rhett']",['Florida Georgia Line'],0.01836654943337241,0.88125,18.79265625,8.026161535139135,2,1
"['spotify:artist:1By9QBFnjZAoI83BZppHlt', 'spotify:artist:1UTPBmNbXNTittyMJrNkvw']",['spotify:artist:0BvkDsjIUla7X0k6CSWh1I'],"['Billy Currington', 'Blake Shelton']",['Luke Bryan'],0.01836654943337241,0.8757763975155279,18.02502789202871,7.6588771655594625,2,1
"['spotify:artist:3FfvYsEGaIb52QPXhg4DcH', 'spotify:artist:6roFdX1y5BYSbp60OTJWMd']",['spotify:artist:1UTPBmNbXNTittyMJrNkvw'],"['Jason Aldean', 'Tim McGraw']",['Blake Shelton'],0.01836654943337241,0.8392857142857143,20.325540784137,5.96529315560187,2,1
"['spotify:artist:6roFdX1y5BYSbp60OTJWMd', 'spotify:artist:7x8nK0m0cP2ksQf0mjWdPS']",['spotify:artist:1UTPBmNbXNTittyMJrNkvw'],"['Tim McGraw', 'Dierks Bentley']",['Blake Shelton'],0.01836654943337241,0.8294117647058823,20.086416774911857,5.620011408910627,2,1
"['spotify:artist:6roFdX1y5BYSbp60OTJWMd', 'spotify:artist:7x8nK0m0cP2ksQf0mjWdPS']",['spotify:artist:0BvkDsjIUla7X0k6CSWh1I'],"['Tim McGraw', 'Dierks Bentley']",['Luke Bryan'],0.01836654943337241,0.8294117647058823,17.07076170950954,5.577250452538481,2,1
"['spotify:artist:6roFdX1y5BYSbp60OTJWMd', 'spotify:artist:7x8nK0m0cP2ksQf0mjWdPS']",['spotify:artist:3grHWM9bx2E9vwJCdlRv9O'],"['Tim McGraw', 'Dierks Bentley']",['Kenny Chesney'],0.01836654943337241,0.8294117647058823,19.064054244452272,5.607030404297654,2,1
"['spotify:artist:6x2LnllRG5uGarZMsD4iO8', 'spotify:artist:7x8nK0m0cP2ksQf0mjWdPS']",['spotify:artist:3b8QkneNDz4JHKKKlLgYZg'],"['Thomas Rhett', 'Dierks Bentley']",['Florida Georgia Line'],0.01836654943337241,0.8294117647058823,17.68720588235294,5.587177103124872,2,1
"['spotify:artist:2IvkS5MXK0vPGnwyJsrEyV', 'spotify:artist:6x2LnllRG5uGarZMsD4iO8']",['spotify:artist:3b8QkneNDz4JHKKKlLgYZg'],"['Eric Church', 'Thomas Rhett']",['Florida Georgia Line'],0.01836654943337241,0.8245614035087718,17.58377192982456,5.4327080890973,2,1
"['spotify:artist:0BvkDsjIUla7X0k6CSWh1I', 'spotify:artist:1By9QBFnjZAoI83BZppHlt']",['spotify:artist:1UTPBmNbXNTittyMJrNkvw'],"['Luke Bryan', 'Billy Currington']",['Blake Shelton'],0.01836654943337241,0.8011363636363635,19.401652566676223,4.820930795139468,2,1
"['spotify:artist:0u2FHSq3ln94y5Q57xazwf', 'spotify:artist:6roFdX1y5BYSbp60OTJWMd']",['spotify:artist:3b8QkneNDz4JHKKKlLgYZg'],"['Keith Urban', 'Tim McGraw']",['Florida Georgia Line'],0.01836654943337241,0.7877094972067039,16.79790502793296,4.489634108718454,2,1
"['spotify:artist:1UTPBmNbXNTittyMJrNkvw', 'spotify:artist:3FfvYsEGaIb52QPXhg4DcH']",['spotify:artist:6roFdX1y5BYSbp60OTJWMd'],"['Blake Shelton', 'Jason Aldean']",['Tim McGraw'],0.01836654943337241,0.7790055248618785,19.54387390315242,4.344636576787808,2,1
"['spotify:artist:1UTPBmNbXNTittyMJrNkvw', 'spotify:artist:7x8nK0m0cP2ksQf0mjWdPS']",['spotify:artist:6roFdX1y5BYSbp60OTJWMd'],"['Blake Shelton', 'Dierks Bentley']",['Tim McGraw'],0.01836654943337241,0.7747252747252747,19.43648998060763,4.2620878963772055,2,1
"['spotify:artist:3b8QkneNDz4JHKKKlLgYZg', 'spotify:artist:7x8nK0m0cP2ksQf0mjWdPS']",['spotify:artist:6x2LnllRG5uGarZMsD4iO8'],"['Florida Georgia Line', 'Dierks Bentley']",['Thomas Rhett'],0.01836654943337241,0.7747252747252747,19.185696561503015,4.259775001032543,2,1
"['spotify:artist:2kucQ9jQwuD8jWdtR9Ef38', 'spotify:artist:6x2LnllRG5uGarZMsD4iO8']",['spotify:artist:0BvkDsjIUla7X0k6CSWh1I'],"['Sam Hunt', 'Thomas Rhett']",['Luke Bryan'],0.01836654943337241,0.7747252747252747,15.945216981410011,4.223346899354105,2,1
"['spotify:artist:0u2FHSq3ln94y5Q57xazwf', 'spotify:artist:3b8QkneNDz4JHKKKlLgYZg']",['spotify:artist:6roFdX1y5BYSbp60OTJWMd'],"['Keith Urban', 'Florida Georgia Line']",['Tim McGraw'],0.01836654943337241,0.7747252747252747,19.43648998060763,4.2620878963772055,2,1
"['spotify:artist:2IvkS5MXK0vPGnwyJsrEyV', 'spotify:artist:6roFdX1y5BYSbp60OTJWMd']",['spotify:artist:3b8QkneNDz4JHKKKlLgYZg'],"['Eric Church', 'Tim McGraw']",['Florida Georgia Line'],0.01836654943337241,0.7747252747252747,16.521016483516483,4.2308638092242585,2,1
"['spotify:artist:3grHWM9bx2E9vwJCdlRv9O', 'spotify:artist:7x8nK0m0cP2ksQf0mjWdPS']",['spotify:artist:6roFdX1y5BYSbp60OTJWMd'],"['Kenny Chesney', 'Dierks Bentley']",['Tim McGraw'],0.01836654943337241,0.7704918032786885,19.330279652844744,4.183470105509964,2,1
"['spotify:artist:3FfvYsEGaIb52QPXhg4DcH', 'spotify:artist:3b8QkneNDz4JHKKKlLgYZg']",['spotify:artist:6x2LnllRG5uGarZMsD4iO8'],"['Jason Aldean', 'Florida Georgia Line']",['Thomas Rhett'],0.01836654943337241,0.7663043478260869,18.977156381486676,4.106279402988691,2,1
"['spotify:artist:0BvkDsjIUla7X0k6CSWh1I', 'spotify:artist:2kucQ9jQwuD8jWdtR9Ef38']",['spotify:artist:6x2LnllRG5uGarZMsD4iO8'],"['Luke Bryan', 'Sam Hunt']",['Thomas Rhett'],0.01836654943337241,0.75,18.573387096774194,3.8384785723589943,2,1
"['spotify:artist:0BvkDsjIUla7X0k6CSWh1I', 'spotify:artist:7x8nK0m0cP2ksQf0mjWdPS']",['spotify:artist:6roFdX1y5BYSbp60OTJWMd'],"['Luke Bryan', 'Dierks Bentley']",['Tim McGraw'],0.01836654943337241,0.7305699481865284,18.328710758914962,3.5635990621336453,2,1
"['spotify:artist:3b8QkneNDz4JHKKKlLgYZg', 'spotify:artist:6roFdX1y5BYSbp60OTJWMd']",['spotify:artist:0u2FHSq3ln94y5Q57xazwf'],"['Florida Georgia Line', 'Tim McGraw']",['Keith Urban'],0.01836654943337241,0.7230769230769231,20.40831447963801,3.483167614664293,2,1
"['spotify:artist:3b8QkneNDz4JHKKKlLgYZg', 'spotify:artist:6roFdX1y5BYSbp60OTJWMd']",['spotify:artist:2IvkS5MXK0vPGnwyJsrEyV'],"['Florida Georgia Line', 'Tim McGraw']",['Eric Church'],0.01836654943337241,0.7230769230769231,19.075812846946867,3.4742303851330814,2,1
['spotify:artist:7FY5V3XMwlNBPitEjXowHQ'],['spotify:artist:0BvkDsjIUla7X0k6CSWh1I'],['Darius Rucker'],['Luke Bryan'],0.01836654943337241,0.715736040609137,14.731114165566607,3.3469361171588594,1,1
"['spotify:artist:2IvkS5MXK0vPGnwyJsrEyV', 'spotify:artist:3b8QkneNDz4JHKKKlLgYZg']",['spotify:artist:6roFdX1y5BYSbp60OTJWMd'],"['Eric Church', 'Florida Georgia Line']",['Tim McGraw'],0.01836654943337241,0.712121212121212,17.86586452762923,3.3352255198371066,2,1
"['spotify:artist:2IvkS5MXK0vPGnwyJsrEyV', 'spotify:artist:3b8QkneNDz4JHKKKlLgYZg']",['spotify:artist:6x2LnllRG5uGarZMsD4iO8'],"['Eric Church', 'Florida Georgia Line']",['Thomas Rhett'],0.01836654943337241,0.712121212121212,17.635337243401757,3.3334156023117574,2,1
"['spotify:artist:0BvkDsjIUla7X0k6CSWh1I', 'spotify:artist:6x2LnllRG5uGarZMsD4iO8']",['spotify:artist:2kucQ9jQwuD8jWdtR9Ef38'],"['Luke Bryan', 'Thomas Rhett']",['Sam Hunt'],0.01836654943337241,0.7085427135678392,16.09314323094764,3.2799742176586575,2,1
"['spotify:artist:1UTPBmNbXNTittyMJrNkvw', 'spotify:artist:6roFdX1y5BYSbp60OTJWMd']",['spotify:artist:7x8nK0m0cP2ksQf0mjWdPS'],"['Blake Shelton', 'Tim McGraw']",['Dierks Bentley'],0.01836654943337241,0.698019801980198,20.14548127745105,3.1967362592542763,2,1
"['spotify:artist:1UTPBmNbXNTittyMJrNkvw', 'spotify:artist:6roFdX1y5BYSbp60OTJWMd']",['spotify:artist:3FfvYsEGaIb52QPXhg4DcH'],"['Blake Shelton', 'Tim McGraw']",['Jason Aldean'],0.01836654943337241,0.698019801980198,20.531410037555478,3.1988930102050617,2,1
"['spotify:artist:3b8QkneNDz4JHKKKlLgYZg', 'spotify:artist:6x2LnllRG5uGarZMsD4iO8']",['spotify:artist:7x8nK0m0cP2ksQf0mjWdPS'],"['Florida Georgia Line', 'Thomas Rhett']",['Dierks Bentley'],0.01836654943337241,0.6945812807881773,20.0462424534242,3.1607461752112505,2,1
"['spotify:artist:3b8QkneNDz4JHKKKlLgYZg', 'spotify:artist:6x2LnllRG5uGarZMsD4iO8']",['spotify:artist:3FfvYsEGaIb52QPXhg4DcH'],"['Florida Georgia Line', 'Thomas Rhett']",['Jason Aldean'],0.01836654943337241,0.6945812807881773,20.43027008663156,3.162878644631849,2,1
"['spotify:artist:3b8QkneNDz4JHKKKlLgYZg', 'spotify:artist:6x2LnllRG5uGarZMsD4iO8']",['spotify:artist:2IvkS5MXK0vPGnwyJsrEyV'],"['Florida Georgia Line', 'Thomas Rhett']",['Eric Church'],0.01836654943337241,0.6945812807881773,18.324056675638616,3.1500838281082575,2,1
"['spotify:artist:0BvkDsjIUla7X0k6CSWh1I', 'spotify:artist:6roFdX1y5BYSbp60OTJWMd']",['spotify:artist:7x8nK0m0cP2ksQf0mjWdPS'],"['Luke Bryan', 'Tim McGraw']",['Dierks Bentley'],0.01836654943337241,0.6746411483253588,19.4707522394503,2.9670348405090836,2,1
"['spotify:artist:3grHWM9bx2E9vwJCdlRv9O', 'spotify:artist:6roFdX1y5BYSbp60OTJWMd']",['spotify:artist:7x8nK0m0cP2ksQf0mjWdPS'],"['Kenny Chesney', 'Tim McGraw']",['Dierks Bentley'],0.01836654943337241,0.6746411483253588,19.4707522394503,2.9670348405090836,2,1
"['spotify:artist:0BvkDsjIUla7X0k6CSWh1I', 'spotify:artist:1UTPBmNbXNTittyMJrNkvw']",['spotify:artist:1By9QBFnjZAoI83BZppHlt'],"['Luke Bryan', 'Blake Shelton']",['Billy Currington'],0.01836654943337241,0.6380090497737556,20.93160459450052,2.6782971864009375,2,1
['spotify:artist:5Zq7R5qmi58ByYyBQTlNuk'],['spotify:artist:2IvkS5MXK0vPGnwyJsrEyV'],['Lee Brice'],['Eric Church'],0.01836654943337241,0.632286995515695,16.68064352087282,2.6164279110551947,1,1
['spotify:artist:1n2pb9Tsfe4SwAjmUac6YT'],['spotify:artist:2kucQ9jQwuD8jWdtR9Ef38'],['Jake Owen'],['Sam Hunt'],0.01836654943337241,0.6184210526315789,14.04620834630956,2.5053069401211854,1,1
['spotify:artist:1URnnhqYAYcrqrcwql10ft'],['spotify:artist:4O15NlyKLIASxsJ0PrXPfz'],['21 Savage'],['Lil Uzi Vert'],0.01836654943337241,0.5826446280991736,11.99185739924224,2.279623976465642,1,1
"['spotify:artist:2YZyLoL8N0Wb9xBt1NhZWg', 'spotify:artist:7iZtZyCzp3LItcw1wtPI3D']",['spotify:artist:0c173mlxpT3dSFRgMO8XPh'],"['Kendrick Lamar', 'Rae Sremmurd']",['Big Sean'],0.01836654943337241,0.5778688524590164,7.201784383649138,2.178849697305405,2,1
"['spotify:artist:0c173mlxpT3dSFRgMO8XPh', 'spotify:artist:7iZtZyCzp3LItcw1wtPI3D']",['spotify:artist:2YZyLoL8N0Wb9xBt1NhZWg'],"['Big Sean', 'Rae Sremmurd']",['Kendrick Lamar'],0.01836654943337241,0.5595238095238094,5.804681467181466,2.051434787659875,2,1
"['spotify:artist:0c173mlxpT3dSFRgMO8XPh', 'spotify:artist:2YZyLoL8N0Wb9xBt1NhZWg']",['spotify:artist:7iZtZyCzp3LItcw1wtPI3D'],"['Big Sean', 'Kendrick Lamar']",['Rae Sremmurd'],0.01836654943337241,0.501779359430605,7.4509867356842445,1.871973799289157,2,1
"['spotify:artist:137W8MRPWKqSmrBGDBFSop', 'spotify:artist:6l3HvQ5sa6mXTsMTB19rO5']",['spotify:artist:3TVXtAsR1Inumwj472S9r4'],"['Wiz Khalifa', 'J. Cole']",['Drake'],0.01823629021753289,0.8805031446540881,4.770375893796355,6.823800415458343,2,1
"['spotify:artist:02kJSzxNuaWGqwubyUba0Z', 'spotify:artist:1RyvyyTE3xzB2ZywiAwp0i']",['spotify:artist:3TVXtAsR1Inumwj472S9r4'],"['G-Eazy', 'Future']",['Drake'],0.01823629021753289,0.8695652173913043,4.711116565923108,6.251573965524726,2,1
"['spotify:artist:137W8MRPWKqSmrBGDBFSop', 'spotify:artist:7iZtZyCzp3LItcw1wtPI3D']",['spotify:artist:3TVXtAsR1Inumwj472S9r4'],"['Wiz Khalifa', 'Rae Sremmurd']",['Drake'],0.01823629021753289,0.8433734939759037,4.569215464539882,5.206160258915243,2,1
"['spotify:artist:1UTPBmNbXNTittyMJrNkvw', 'spotify:artist:2kucQ9jQwuD8jWdtR9Ef38']",['spotify:artist:0BvkDsjIUla7X0k6CSWh1I'],"['Blake Shelton', 'Sam Hunt']",['Luke Bryan'],0.01823629021753289,0.8333333333333334,17.151474530831102,5.708479874951154,2,1
"['spotify:artist:6roFdX1y5BYSbp60OTJWMd', 'spotify:artist:6x2LnllRG5uGarZMsD4iO8']",['spotify:artist:0BvkDsjIUla7X0k6CSWh1I'],"['Tim McGraw', 'Thomas Rhett']",['Luke Bryan'],0.01823629021753289,0.8333333333333334,17.151474530831102,5.708479874951154,2,1
"['spotify:artist:6yJCxee7QumYr820xdIsjo', 'spotify:artist:7x8nK0m0cP2ksQf0mjWdPS']",['spotify:artist:0BvkDsjIUla7X0k6CSWh1I'],"['Zac Brown Band', 'Dierks Bentley']",['Luke Bryan'],0.01823629021753289,0.8235294117647058,16.949692477527204,5.391342104120532,2,1
"['spotify:artist:0u2FHSq3ln94y5Q57xazwf', 'spotify:artist:1UTPBmNbXNTittyMJrNkvw']",['spotify:artist:3b8QkneNDz4JHKKKlLgYZg'],"['Keith Urban', 'Blake Shelton']",['Florida Georgia Line'],0.01823629021753289,0.8235294117647058,17.561764705882354,5.400937866354043,2,1
"['spotify:artist:0u2FHSq3ln94y5Q57xazwf', 'spotify:artist:1UTPBmNbXNTittyMJrNkvw']",['spotify:artist:0BvkDsjIUla7X0k6CSWh1I'],"['Keith Urban', 'Blake Shelton']",['Luke Bryan'],0.01823629021753289,0.8235294117647058,16.949692477527204,5.391342104120532,2,1
"['spotify:artist:0u2FHSq3ln94y5Q57xazwf', 'spotify:artist:3b8QkneNDz4JHKKKlLgYZg']",['spotify:artist:1UTPBmNbXNTittyMJrNkvw'],"['Keith Urban', 'Florida Georgia Line']",['Blake Shelton'],0.01823629021753289,0.7692307692307692,18.628973550109194,4.154400590508444,2,1
"['spotify:artist:0BvkDsjIUla7X0k6CSWh1I', 'spotify:artist:0u2FHSq3ln94y5Q57xazwf']",['spotify:artist:1UTPBmNbXNTittyMJrNkvw'],"['Luke Bryan', 'Keith Urban']",['Blake Shelton'],0.01823629021753289,0.7650273224043715,18.527175880436467,4.080082154184501,2,1
"['spotify:artist:0BvkDsjIUla7X0k6CSWh1I', 'spotify:artist:2kucQ9jQwuD8jWdtR9Ef38']",['spotify:artist:1UTPBmNbXNTittyMJrNkvw'],"['Luke Bryan', 'Sam Hunt']",['Blake Shelton'],0.01823629021753289,0.7446808510638298,18.034431841063157,3.754938995267248,2,1
"['spotify:artist:0BvkDsjIUla7X0k6CSWh1I', 'spotify:artist:7x8nK0m0cP2ksQf0mjWdPS']",['spotify:artist:6yJCxee7QumYr820xdIsjo'],"['Luke Bryan', 'Dierks Bentley']",['Zac Brown Band'],0.01823629021753289,0.7253886010362693,17.24089253918093,3.4882975612033973,2,1
"['spotify:artist:0BvkDsjIUla7X0k6CSWh1I', 'spotify:artist:6yJCxee7QumYr820xdIsjo']",['spotify:artist:7x8nK0m0cP2ksQf0mjWdPS'],"['Luke Bryan', 'Zac Brown Band']",['Dierks Bentley'],0.01823629021753289,0.7179487179487178,20.72064777327935,3.4226082631709818,2,1
"['spotify:artist:0BvkDsjIUla7X0k6CSWh1I', 'spotify:artist:6x2LnllRG5uGarZMsD4iO8']",['spotify:artist:6roFdX1y5BYSbp60OTJWMd'],"['Luke Bryan', 'Thomas Rhett']",['Tim McGraw'],0.01823629021753289,0.7035175879396984,17.650014779781255,3.2384405984859015,2,1
"['spotify:artist:1UTPBmNbXNTittyMJrNkvw', 'spotify:artist:3b8QkneNDz4JHKKKlLgYZg']",['spotify:artist:0u2FHSq3ln94y5Q57xazwf'],"['Blake Shelton', 'Florida Georgia Line']",['Keith Urban'],0.01823629021753289,0.689655172413793,19.46501014198783,3.108057256161984,2,1
"['spotify:artist:0BvkDsjIUla7X0k6CSWh1I', 'spotify:artist:6roFdX1y5BYSbp60OTJWMd']",['spotify:artist:6x2LnllRG5uGarZMsD4iO8'],"['Luke Bryan', 'Tim McGraw']",['Thomas Rhett'],0.01823629021753289,0.6698564593301435,16.58867109121778,2.906673991387789,2,1
"['spotify:artist:2YZyLoL8N0Wb9xBt1NhZWg', 'spotify:artist:55Aa2cqylxrFIXC767Z865']",['spotify:artist:5K4W6rqBFWDnAN6FQUkS6x'],"['Kendrick Lamar', 'Lil Wayne']",['Kanye West'],0.01823629021753289,0.6542056074766355,5.270027752988594,2.53290101355752,2,1
"['spotify:artist:5K4W6rqBFWDnAN6FQUkS6x', 'spotify:artist:7dGJo4pcD2V6oG8kP0tJRR']",['spotify:artist:3TVXtAsR1Inumwj472S9r4'],"['Kanye West', 'Eminem']",['Drake'],0.01823629021753289,0.6422018348623852,3.479310858319359,2.2790018804086793,2,1
"['spotify:artist:0c173mlxpT3dSFRgMO8XPh', 'spotify:artist:6oMuImdp5ZcFhWP0ESe6mG']",['spotify:artist:7iZtZyCzp3LItcw1wtPI3D'],"['Big Sean', 'Migos']",['Rae Sremmurd'],0.01823629021753289,0.6334841628959276,9.406688430468154,2.5446539848867147,2,1
"['spotify:artist:0BvkDsjIUla7X0k6CSWh1I', 'spotify:artist:1UTPBmNbXNTittyMJrNkvw']",['spotify:artist:2kucQ9jQwuD8jWdtR9Ef38'],"['Luke Bryan', 'Blake Shelton']",['Sam Hunt'],0.01823629021753289,0.6334841628959276,14.388337037136202,2.6082703345088825,2,1
"['spotify:artist:0BvkDsjIUla7X0k6CSWh1I', 'spotify:artist:1UTPBmNbXNTittyMJrNkvw']",['spotify:artist:0u2FHSq3ln94y5Q57xazwf'],"['Luke Bryan', 'Blake Shelton']",['Keith Urban'],0.01823629021753289,0.6334841628959276,17.879624700558956,2.631726642190799,2,1
['spotify:artist:5Zq7R5qmi58ByYyBQTlNuk'],['spotify:artist:0u2FHSq3ln94y5Q57xazwf'],['Lee Brice'],['Keith Urban'],0.01823629021753289,0.6278026905829596,17.719269322078606,2.591554180771542,1,1
"['spotify:artist:6oMuImdp5ZcFhWP0ESe6mG', 'spotify:artist:7iZtZyCzp3LItcw1wtPI3D']",['spotify:artist:0c173mlxpT3dSFRgMO8XPh'],"['Migos', 'Rae Sremmurd']",['Big Sean'],0.01823629021753289,0.5982905982905983,7.456293706293706,2.289616123319448,2,1
['spotify:artist:13YmWQJFwgZrd4bf5IjMY4'],['spotify:artist:7x8nK0m0cP2ksQf0mjWdPS'],['Brad Paisley'],['Dierks Bentley'],0.01823629021753289,0.5907172995780591,17.04863424383744,2.358641221804587,1,1
['spotify:artist:1URnnhqYAYcrqrcwql10ft'],['spotify:artist:1RyvyyTE3xzB2ZywiAwp0i'],['21 Savage'],['Future'],0.01823629021753289,0.578512396694215,7.591862682771775,2.191756890329403,1,1
"['spotify:artist:5K4W6rqBFWDnAN6FQUkS6x', 'spotify:artist:7iZtZyCzp3LItcw1wtPI3D']",['spotify:artist:0c173mlxpT3dSFRgMO8XPh'],"['Kanye West', 'Rae Sremmurd']",['Big Sean'],0.01823629021753289,0.5714285714285715,7.121521335807051,2.1461074204333292,2,1
"['spotify:artist:3TVXtAsR1Inumwj472S9r4', 'spotify:artist:7dGJo4pcD2V6oG8kP0tJRR']",['spotify:artist:5K4W6rqBFWDnAN6FQUkS6x'],"['Drake', 'Eminem']",['Kanye West'],0.01823629021753289,0.5714285714285715,4.603207914855345,2.043680257044853,2,1
"['spotify:artist:0c173mlxpT3dSFRgMO8XPh', 'spotify:artist:7iZtZyCzp3LItcw1wtPI3D']",['spotify:artist:5K4W6rqBFWDnAN6FQUkS6x'],"['Big Sean', 'Rae Sremmurd']",['Kanye West'],0.01823629021753289,0.5555555555555555,4.4753410283315835,1.9706916764361075,2,1
"['spotify:artist:0c173mlxpT3dSFRgMO8XPh', 'spotify:artist:1RyvyyTE3xzB2ZywiAwp0i']",['spotify:artist:5K4W6rqBFWDnAN6FQUkS6x'],"['Big Sean', 'Future']",['Kanye West'],0.01823629021753289,0.5555555555555555,4.4753410283315835,1.9706916764361075,2,1
"['spotify:artist:0c173mlxpT3dSFRgMO8XPh', 'spotify:artist:7iZtZyCzp3LItcw1wtPI3D']",['spotify:artist:6oMuImdp5ZcFhWP0ESe6mG'],"['Big Sean', 'Rae Sremmurd']",['Migos'],0.01823629021753289,0.5555555555555555,9.541387024608499,2.1189917936694016,2,1
"['spotify:artist:55Aa2cqylxrFIXC767Z865', 'spotify:artist:5K4W6rqBFWDnAN6FQUkS6x']",['spotify:artist:2YZyLoL8N0Wb9xBt1NhZWg'],"['Lil Wayne', 'Kanye West']",['Kendrick Lamar'],0.01823629021753289,0.5263157894736842,5.460170697012802,1.907617269477371,2,1
['spotify:artist:7x8nK0m0cP2ksQf0mjWdPS'],['spotify:artist:13YmWQJFwgZrd4bf5IjMY4'],['Dierks Bentley'],['Brad Paisley'],0.01823629021753289,0.5263157894736842,17.04863424383744,2.045938083452737,1,1
"['spotify:artist:1RyvyyTE3xzB2ZywiAwp0i', 'spotify:artist:5K4W6rqBFWDnAN6FQUkS6x']",['spotify:artist:0c173mlxpT3dSFRgMO8XPh'],"['Future', 'Kanye West']",['Big Sean'],0.01823629021753289,0.5185185185185185,6.462121212121212,1.91027144016593,2,1
['spotify:artist:0u2FHSq3ln94y5Q57xazwf'],['spotify:artist:5Zq7R5qmi58ByYyBQTlNuk'],['Keith Urban'],['Lee Brice'],0.01823629021753289,0.5147058823529411,17.719269322078606,2.000749977303318,1,1
['spotify:artist:4xRYI6VqpkE3UwrDrAZL8L'],['spotify:artist:6l3HvQ5sa6mXTsMTB19rO5'],['Logic'],['J. Cole'],0.01823629021753289,0.5072463768115942,6.656633221850615,1.874767257430522,1,1
"['spotify:artist:2YZyLoL8N0Wb9xBt1NhZWg', 'spotify:artist:7bXgB6jMjp9ATFy66eO08Z']",['spotify:artist:3TVXtAsR1Inumwj472S9r4'],"['Kendrick Lamar', 'Chris Brown']",['Drake'],0.01810603100169337,0.879746835443038,4.766278373815245,6.780883431713321,2,1
"['spotify:artist:3FfvYsEGaIb52QPXhg4DcH', 'spotify:artist:6x2LnllRG5uGarZMsD4iO8']",['spotify:artist:0BvkDsjIUla7X0k6CSWh1I'],"['Jason Aldean', 'Thomas Rhett']",['Luke Bryan'],0.01810603100169337,0.86875,17.880412198391422,7.248863333271307,2,1
"['spotify:artist:0u2FHSq3ln94y5Q57xazwf', 'spotify:artist:6x2LnllRG5uGarZMsD4iO8']",['spotify:artist:3b8QkneNDz4JHKKKlLgYZg'],"['Keith Urban', 'Thomas Rhett']",['Florida Georgia Line'],0.01810603100169337,0.8580246913580247,18.29737654320988,6.7131861970538775,2,1
"['spotify:artist:0u2FHSq3ln94y5Q57xazwf', 'spotify:artist:7x8nK0m0cP2ksQf0mjWdPS']",['spotify:artist:0BvkDsjIUla7X0k6CSWh1I'],"['Keith Urban', 'Dierks Bentley']",['Luke Bryan'],0.01810603100169337,0.8373493975903614,17.23413223941342,5.849429995320316,2,1
"['spotify:artist:1UTPBmNbXNTittyMJrNkvw', 'spotify:artist:2kucQ9jQwuD8jWdtR9Ef38']",['spotify:artist:3b8QkneNDz4JHKKKlLgYZg'],"['Blake Shelton', 'Sam Hunt']",['Florida Georgia Line'],0.01810603100169337,0.8273809523809524,17.64389880952381,5.521445607793995,2,1
"['spotify:artist:3FfvYsEGaIb52QPXhg4DcH', 'spotify:artist:7x8nK0m0cP2ksQf0mjWdPS']",['spotify:artist:3b8QkneNDz4JHKKKlLgYZg'],"['Jason Aldean', 'Dierks Bentley']",['Florida Georgia Line'],0.01810603100169337,0.8273809523809524,17.64389880952381,5.521445607793995,2,1
"['spotify:artist:6roFdX1y5BYSbp60OTJWMd', 'spotify:artist:6x2LnllRG5uGarZMsD4iO8']",['spotify:artist:3b8QkneNDz4JHKKKlLgYZg'],"['Tim McGraw', 'Thomas Rhett']",['Florida Georgia Line'],0.01810603100169337,0.8273809523809524,17.64389880952381,5.521445607793995,2,1
"['spotify:artist:3KV3p5EY4AvKxOlhGHORLg', 'spotify:artist:5pKCCKE2ajJHZ9KAiaK11H']",['spotify:artist:3TVXtAsR1Inumwj472S9r4'],"['Jeremih', 'Rihanna']",['Drake'],0.01810603100169337,0.7942857142857143,4.3032684746446215,3.9638603042276346,2,1
"['spotify:artist:3b8QkneNDz4JHKKKlLgYZg', 'spotify:artist:7x8nK0m0cP2ksQf0mjWdPS']",['spotify:artist:3FfvYsEGaIb52QPXhg4DcH'],"['Florida Georgia Line', 'Dierks Bentley']",['Jason Aldean'],0.01810603100169337,0.7637362637362637,22.464380447139064,4.088661086725374,2,1
"['spotify:artist:0u2FHSq3ln94y5Q57xazwf', 'spotify:artist:3b8QkneNDz4JHKKKlLgYZg']",['spotify:artist:6x2LnllRG5uGarZMsD4iO8'],"['Keith Urban', 'Florida Georgia Line']",['Thomas Rhett'],0.01810603100169337,0.7637362637362637,18.913559021623538,4.0616459312170745,2,1
"['spotify:artist:0BvkDsjIUla7X0k6CSWh1I', 'spotify:artist:0u2FHSq3ln94y5Q57xazwf']",['spotify:artist:7x8nK0m0cP2ksQf0mjWdPS'],"['Luke Bryan', 'Keith Urban']",['Dierks Bentley'],0.01810603100169337,0.7595628415300546,21.921668926414394,4.014982770258268,2,1
"['spotify:artist:3FfvYsEGaIb52QPXhg4DcH', 'spotify:artist:3b8QkneNDz4JHKKKlLgYZg']",['spotify:artist:7x8nK0m0cP2ksQf0mjWdPS'],"['Jason Aldean', 'Florida Georgia Line']",['Dierks Bentley'],0.01810603100169337,0.7554347826086957,21.802529421379536,3.947213176443345,2,1
"['spotify:artist:6roFdX1y5BYSbp60OTJWMd', 'spotify:artist:6yJCxee7QumYr820xdIsjo']",['spotify:artist:3b8QkneNDz4JHKKKlLgYZg'],"['Tim McGraw', 'Zac Brown Band']",['Florida Georgia Line'],0.01810603100169337,0.7473118279569892,15.936424731182795,3.7718689980294826,2,1
"['spotify:artist:3b8QkneNDz4JHKKKlLgYZg', 'spotify:artist:6yJCxee7QumYr820xdIsjo']",['spotify:artist:6roFdX1y5BYSbp60OTJWMd'],"['Florida Georgia Line', 'Zac Brown Band']",['Tim McGraw'],0.01810603100169337,0.7354497354497355,18.45113600995954,3.6293317702227434,2,1
"['spotify:artist:3nFkdlSjzX9mRTtwJOzDYB', 'spotify:artist:55Aa2cqylxrFIXC767Z865']",['spotify:artist:5K4W6rqBFWDnAN6FQUkS6x'],"['JAY Z', 'Lil Wayne']",['Kanye West'],0.01810603100169337,0.7315789473684211,5.89331750151875,3.2630188978027066,2,1
"['spotify:artist:0BvkDsjIUla7X0k6CSWh1I', 'spotify:artist:7x8nK0m0cP2ksQf0mjWdPS']",['spotify:artist:0u2FHSq3ln94y5Q57xazwf'],"['Luke Bryan', 'Dierks Bentley']",['Keith Urban'],0.01810603100169337,0.7202072538860103,20.32732017677537,3.447442818616453,2,1
"['spotify:artist:2kucQ9jQwuD8jWdtR9Ef38', 'spotify:artist:3b8QkneNDz4JHKKKlLgYZg']",['spotify:artist:1UTPBmNbXNTittyMJrNkvw'],"['Sam Hunt', 'Florida Georgia Line']",['Blake Shelton'],0.01810603100169337,0.7128205128205127,17.262848823101187,3.3383576173728566,2,1
"['spotify:artist:5K4W6rqBFWDnAN6FQUkS6x', 'spotify:artist:73sIBHcqh3Z3NyqHKZ7FOL']",['spotify:artist:2YZyLoL8N0Wb9xBt1NhZWg'],"['Kanye West', 'Childish Gambino']",['Kendrick Lamar'],0.01810603100169337,0.7128205128205127,7.3950311850311845,3.14649277061352,2,1
"['spotify:artist:3b8QkneNDz4JHKKKlLgYZg', 'spotify:artist:6roFdX1y5BYSbp60OTJWMd']",['spotify:artist:6x2LnllRG5uGarZMsD4iO8'],"['Florida Georgia Line', 'Tim McGraw']",['Thomas Rhett'],0.01810603100169337,0.7128205128205127,17.652655086848632,3.3415326857589447,2,1
"['spotify:artist:3b8QkneNDz4JHKKKlLgYZg', 'spotify:artist:6roFdX1y5BYSbp60OTJWMd']",['spotify:artist:6yJCxee7QumYr820xdIsjo'],"['Florida Georgia Line', 'Tim McGraw']",['Zac Brown Band'],0.01810603100169337,0.7128205128205127,16.942176708740174,3.335636130184781,2,1
['spotify:artist:0qSX3s5pJnAlSsgsCne8Cz'],['spotify:artist:6x2LnllRG5uGarZMsD4iO8'],['Brett Eldredge'],['Thomas Rhett'],0.01810603100169337,0.7091836734693877,17.562590520079,3.2997447376419418,1,1
"['spotify:artist:0BvkDsjIUla7X0k6CSWh1I', 'spotify:artist:6x2LnllRG5uGarZMsD4iO8']",['spotify:artist:3FfvYsEGaIb52QPXhg4DcH'],"['Luke Bryan', 'Thomas Rhett']",['Jason Aldean'],0.01810603100169337,0.6984924623115577,20.5453127707503,3.2039077764751847,2,1
"['spotify:artist:0BvkDsjIUla7X0k6CSWh1I', 'spotify:artist:3FfvYsEGaIb52QPXhg4DcH']",['spotify:artist:6x2LnllRG5uGarZMsD4iO8'],"['Luke Bryan', 'Jason Aldean']",['Thomas Rhett'],0.01810603100169337,0.6915422885572139,17.125710158883003,3.111024971952249,2,1
"['spotify:artist:1UTPBmNbXNTittyMJrNkvw', 'spotify:artist:3b8QkneNDz4JHKKKlLgYZg']",['spotify:artist:2kucQ9jQwuD8jWdtR9Ef38'],"['Blake Shelton', 'Florida Georgia Line']",['Sam Hunt'],0.01810603100169337,0.6847290640394088,15.552263386480893,3.0322249088185482,2,1
"['spotify:artist:3b8QkneNDz4JHKKKlLgYZg', 'spotify:artist:6x2LnllRG5uGarZMsD4iO8']",['spotify:artist:0u2FHSq3ln94y5Q57xazwf'],"['Florida Georgia Line', 'Thomas Rhett']",['Keith Urban'],0.01810603100169337,0.6847290640394088,19.325974355259344,3.059493861534453,2,1
"['spotify:artist:3b8QkneNDz4JHKKKlLgYZg', 'spotify:artist:6x2LnllRG5uGarZMsD4iO8']",['spotify:artist:6roFdX1y5BYSbp60OTJWMd'],"['Florida Georgia Line', 'Thomas Rhett']",['Tim McGraw'],0.01810603100169337,0.6847290640394088,17.178643871341638,3.04544621922626,2,1
"['spotify:artist:2YZyLoL8N0Wb9xBt1NhZWg', 'spotify:artist:73sIBHcqh3Z3NyqHKZ7FOL']",['spotify:artist:5K4W6rqBFWDnAN6FQUkS6x'],"['Kendrick Lamar', 'Childish Gambino']",['Kanye West'],0.01810603100169337,0.6682692307692307,5.383318871579626,2.640282568107635,2,1
['spotify:artist:5Zq7R5qmi58ByYyBQTlNuk'],['spotify:artist:7x8nK0m0cP2ksQf0mjWdPS'],['Lee Brice'],['Dierks Bentley'],0.01810603100169337,0.6233183856502242,17.98953100239388,2.5627771885098967,1,1
"['spotify:artist:1RyvyyTE3xzB2ZywiAwp0i', 'spotify:artist:7iZtZyCzp3LItcw1wtPI3D']",['spotify:artist:0c173mlxpT3dSFRgMO8XPh'],"['Future', 'Rae Sremmurd']",['Big Sean'],0.01810603100169337,0.5815899581589957,7.24815926751073,2.1982271720724236,2,1
"['spotify:artist:1RyvyyTE3xzB2ZywiAwp0i', 'spotify:artist:7iZtZyCzp3LItcw1wtPI3D']",['spotify:artist:5K4W6rqBFWDnAN6FQUkS6x'],"['Future', 'Rae Sremmurd']",['Kanye West'],0.01810603100169337,0.5815899581589957,4.685064122546286,2.0933124918587986,2,1
['spotify:artist:0a1gHP0HAqALbEyxaD5Ngn'],['spotify:artist:6roFdX1y5BYSbp60OTJWMd'],['Rascal Flatts'],['Tim McGraw'],0.01810603100169337,0.5767634854771785,14.469978032706859,2.2685676849872425,1,1
"['spotify:artist:5K4W6rqBFWDnAN6FQUkS6x', 'spotify:artist:7iZtZyCzp3LItcw1wtPI3D']",['spotify:artist:1RyvyyTE3xzB2ZywiAwp0i'],"['Kanye West', 'Rae Sremmurd']",['Future'],0.01810603100169337,0.5673469387755102,7.4453375196232345,2.135194319715101,2,1
['spotify:artist:7pFeBzX627ff0VnN6bxPR4'],['spotify:artist:5K4W6rqBFWDnAN6FQUkS6x'],['Desiigner'],['Kanye West'],0.01810603100169337,0.5650406504065041,4.551749289790904,2.013666261280509,1,1
['spotify:artist:6LqNN22kT3074XbTVUrhzX'],['spotify:artist:5pKCCKE2ajJHZ9KAiaK11H'],['Kesha'],['Rihanna'],0.01810603100169337,0.5627530364372471,4.903808241462821,2.024580396470458,1,1
"['spotify:artist:0c173mlxpT3dSFRgMO8XPh', 'spotify:artist:1RyvyyTE3xzB2ZywiAwp0i']",['spotify:artist:7iZtZyCzp3LItcw1wtPI3D'],"['Big Sean', 'Future']",['Rae Sremmurd'],0.01810603100169337,0.5515873015873015,8.190591323570045,2.0799053833943706,2,1
"['spotify:artist:0c173mlxpT3dSFRgMO8XPh', 'spotify:artist:7iZtZyCzp3LItcw1wtPI3D']",['spotify:artist:1RyvyyTE3xzB2ZywiAwp0i'],"['Big Sean', 'Rae Sremmurd']",['Future'],0.01810603100169337,0.5515873015873015,7.238522588522589,2.0601520920436975,2,1
['spotify:artist:20sxb77xiYeusSH8cVdatc'],['spotify:artist:2YZyLoL8N0Wb9xBt1NhZWg'],['Meek Mill'],['Kendrick Lamar'],0.01810603100169337,0.54296875,5.632933910472973,1.9771255910372754,1,1
"['spotify:artist:55Aa2cqylxrFIXC767Z865', 'spotify:artist:5K4W6rqBFWDnAN6FQUkS6x']",['spotify:artist:3nFkdlSjzX9mRTtwJOzDYB'],"['Lil Wayne', 'Kanye West']",['JAY Z'],0.01810603100169337,0.5225563909774436,7.37438495134896,1.9460706333162046,2,1
['spotify:artist:7x8nK0m0cP2ksQf0mjWdPS'],['spotify:artist:5Zq7R5qmi58ByYyBQTlNuk'],['Dierks Bentley'],['Lee Brice'],0.01810603100169337,0.5225563909774436,17.989531002393875,2.03364790421127,1,1
"['spotify:artist:1RyvyyTE3xzB2ZywiAwp0i', 'spotify:artist:5K4W6rqBFWDnAN6FQUkS6x']",['spotify:artist:7iZtZyCzp3LItcw1wtPI3D'],"['Future', 'Kanye West']",['Rae Sremmurd'],0.01810603100169337,0.5148148148148148,7.64455190199871,1.922268061534056,2,1
"['spotify:artist:3KV3p5EY4AvKxOlhGHORLg', 'spotify:artist:3TVXtAsR1Inumwj472S9r4']",['spotify:artist:5pKCCKE2ajJHZ9KAiaK11H'],"['Jeremih', 'Drake']",['Rihanna'],0.01810603100169337,0.5148148148148148,4.486076428301173,1.824543819299643,2,1
"['spotify:artist:50co4Is1HCEo8bhOyUWKpn', 'spotify:artist:5K4W6rqBFWDnAN6FQUkS6x']",['spotify:artist:3TVXtAsR1Inumwj472S9r4'],"['Young Thug', 'Kanye West']",['Drake'],0.01797577178585385,0.8518518518518519,4.615149376617267,5.504103165298945,2,1
"['spotify:artist:3KV3p5EY4AvKxOlhGHORLg', 'spotify:artist:5K4W6rqBFWDnAN6FQUkS6x']",['spotify:artist:3TVXtAsR1Inumwj472S9r4'],"['Jeremih', 'Kanye West']",['Drake'],0.01797577178585385,0.8165680473372782,4.423989343266256,4.4453688646858875,2,1
"['spotify:artist:2IvkS5MXK0vPGnwyJsrEyV', 'spotify:artist:7x8nK0m0cP2ksQf0mjWdPS']",['spotify:artist:0BvkDsjIUla7X0k6CSWh1I'],"['Eric Church', 'Dierks Bentley']",['Luke Bryan'],0.01797577178585385,0.8165680473372782,16.806415279914972,5.186737090681426,2,1
"['spotify:artist:3FfvYsEGaIb52QPXhg4DcH', 'spotify:artist:3grHWM9bx2E9vwJCdlRv9O']",['spotify:artist:3b8QkneNDz4JHKKKlLgYZg'],"['Jason Aldean', 'Kenny Chesney']",['Florida Georgia Line'],0.01797577178585385,0.8023255813953488,17.10959302325581,4.821598510447554,2,1
"['spotify:artist:1UTPBmNbXNTittyMJrNkvw', 'spotify:artist:6yJCxee7QumYr820xdIsjo']",['spotify:artist:3grHWM9bx2E9vwJCdlRv9O'],"['Blake Shelton', 'Zac Brown Band']",['Kenny Chesney'],0.01797577178585385,0.793103448275862,18.229506504232912,4.623051539229732,2,1
['spotify:artist:6Ha4aES39QiVjR0L2lwuwq'],['spotify:artist:3TVXtAsR1Inumwj472S9r4'],['Yo Gotti'],['Drake'],0.01797577178585385,0.7840909090909091,4.248035221659075,3.7766945695618483,1,1
"['spotify:artist:4O15NlyKLIASxsJ0PrXPfz', 'spotify:artist:6oMuImdp5ZcFhWP0ESe6mG']",['spotify:artist:3TVXtAsR1Inumwj472S9r4'],"['Lil Uzi Vert', 'Migos']",['Drake'],0.01797577178585385,0.770949720670391,4.176839100625682,3.560016139434547,2,1
"['spotify:artist:3FfvYsEGaIb52QPXhg4DcH', 'spotify:artist:3b8QkneNDz4JHKKKlLgYZg']",['spotify:artist:3grHWM9bx2E9vwJCdlRv9O'],"['Jason Aldean', 'Florida Georgia Line']",['Kenny Chesney'],0.01797577178585385,0.75,17.238772455089823,3.8259736876384003,2,1
"['spotify:artist:0BvkDsjIUla7X0k6CSWh1I', 'spotify:artist:7x8nK0m0cP2ksQf0mjWdPS']",['spotify:artist:2IvkS5MXK0vPGnwyJsrEyV'],"['Luke Bryan', 'Dierks Bentley']",['Eric Church'],0.01797577178585385,0.7150259067357513,18.86341541584317,3.376077302923727,2,1
"['spotify:artist:3grHWM9bx2E9vwJCdlRv9O', 'spotify:artist:6yJCxee7QumYr820xdIsjo']",['spotify:artist:1UTPBmNbXNTittyMJrNkvw'],"['Kenny Chesney', 'Zac Brown Band']",['Blake Shelton'],0.01797577178585385,0.700507614213198,16.964659161876092,3.201109190339623,2,1
"['spotify:artist:0BvkDsjIUla7X0k6CSWh1I', 'spotify:artist:2IvkS5MXK0vPGnwyJsrEyV']",['spotify:artist:7x8nK0m0cP2ksQf0mjWdPS'],"['Luke Bryan', 'Eric Church']",['Dierks Bentley'],0.01797577178585385,0.69,19.914022556390975,3.1140356406022174,2,1
"['spotify:artist:1UTPBmNbXNTittyMJrNkvw', 'spotify:artist:3grHWM9bx2E9vwJCdlRv9O']",['spotify:artist:6yJCxee7QumYr820xdIsjo'],"['Blake Shelton', 'Kenny Chesney']",['Zac Brown Band'],0.01797577178585385,0.6731707317073171,15.999788567545119,2.930968448107256,2,1
"['spotify:artist:3b8QkneNDz4JHKKKlLgYZg', 'spotify:artist:3grHWM9bx2E9vwJCdlRv9O']",['spotify:artist:3FfvYsEGaIb52QPXhg4DcH'],"['Florida Georgia Line', 'Kenny Chesney']",['Jason Aldean'],0.01797577178585385,0.6731707317073171,19.80050462573591,2.9556788157687532,2,1
['spotify:artist:5Zq7R5qmi58ByYyBQTlNuk'],['spotify:artist:4BYxqVkZyFjtik7crYLg5Q'],['Lee Brice'],['Chris Young'],0.01797577178585385,0.6188340807174888,20.745804531302017,2.5452712073496846,1,1
['spotify:artist:46SHBwWsqBkxI7EeeBEQG7'],['spotify:artist:1RyvyyTE3xzB2ZywiAwp0i'],['Kodak Black'],['Future'],0.01797577178585385,0.6133333333333333,8.048820512820512,2.389133686380725,1,1
['spotify:artist:4BYxqVkZyFjtik7crYLg5Q'],['spotify:artist:2kucQ9jQwuD8jWdtR9Ef38'],['Chris Young'],['Sam Hunt'],0.01797577178585385,0.6026200873362445,13.687320741066122,2.405688749182301,1,1
['spotify:artist:4BYxqVkZyFjtik7crYLg5Q'],['spotify:artist:1By9QBFnjZAoI83BZppHlt'],['Chris Young'],['Billy Currington'],0.01797577178585385,0.6026200873362445,19.770574403762176,2.439779446813444,1,1
['spotify:artist:4BYxqVkZyFjtik7crYLg5Q'],['spotify:artist:5Zq7R5qmi58ByYyBQTlNuk'],['Chris Young'],['Lee Brice'],0.01797577178585385,0.6026200873362445,20.745804531302014,2.4433851936782767,1,1
['spotify:artist:1By9QBFnjZAoI83BZppHlt'],['spotify:artist:4BYxqVkZyFjtik7crYLg5Q'],['Billy Currington'],['Chris Young'],0.01797577178585385,0.5897435897435898,19.77057440376218,2.3647909339585778,1,1
"['spotify:artist:3TVXtAsR1Inumwj472S9r4', 'spotify:artist:4O15NlyKLIASxsJ0PrXPfz']",['spotify:artist:6oMuImdp5ZcFhWP0ESe6mG'],"['Drake', 'Lil Uzi Vert']",['Migos'],0.01797577178585385,0.5822784810126582,10.000339818197265,2.254550191244212,2,1
"['spotify:artist:3TVXtAsR1Inumwj472S9r4', 'spotify:artist:50co4Is1HCEo8bhOyUWKpn']",['spotify:artist:5K4W6rqBFWDnAN6FQUkS6x'],"['Drake', 'Young Thug']",['Kanye West'],0.01797577178585385,0.5632653061224491,4.537447801785983,2.005480626072052,2,1
['spotify:artist:7pFeBzX627ff0VnN6bxPR4'],['spotify:artist:1RyvyyTE3xzB2ZywiAwp0i'],['Desiigner'],['Future'],0.01797577178585385,0.5609756097560976,7.361726078799251,2.104207372671617,1,1
['spotify:artist:3FfvYsEGaIb52QPXhg4DcH'],['spotify:artist:2kucQ9jQwuD8jWdtR9Ef38'],['Jason Aldean'],['Sam Hunt'],0.01797577178585385,0.528735632183908,12.009181799632726,2.0285267682688546,1,1
"['spotify:artist:3KV3p5EY4AvKxOlhGHORLg', 'spotify:artist:3TVXtAsR1Inumwj472S9r4']",['spotify:artist:5K4W6rqBFWDnAN6FQUkS6x'],"['Jeremih', 'Drake']",['Kanye West'],0.01797577178585385,0.5111111111111111,4.117313746065057,1.7915378876691888,2,1
"['spotify:artist:1n2pb9Tsfe4SwAjmUac6YT', 'spotify:artist:6x2LnllRG5uGarZMsD4iO8']",['spotify:artist:3b8QkneNDz4JHKKKlLgYZg'],"['Jake Owen', 'Thomas Rhett']",['Florida Georgia Line'],0.01784551257001433,0.8954248366013071,19.094934640522876,9.114082649472444,2,1
"['spotify:artist:1By9QBFnjZAoI83BZppHlt', 'spotify:artist:6roFdX1y5BYSbp60OTJWMd']",['spotify:artist:3grHWM9bx2E9vwJCdlRv9O'],"['Billy Currington', 'Tim McGraw']",['Kenny Chesney'],0.01784551257001433,0.8616352201257862,19.80471133205288,6.91283882198302,2,1
"['spotify:artist:17lzZA2AlOHwCwFALHttmp', 'spotify:artist:6oMuImdp5ZcFhWP0ESe6mG']",['spotify:artist:3TVXtAsR1Inumwj472S9r4'],"['2 Chainz', 'Migos']",['Drake'],0.01784551257001433,0.85625,4.63897759350741,5.672505677602776,2,1
"['spotify:artist:13YmWQJFwgZrd4bf5IjMY4', 'spotify:artist:6roFdX1y5BYSbp60OTJWMd']",['spotify:artist:3grHWM9bx2E9vwJCdlRv9O'],"['Brad Paisley', 'Tim McGraw']",['Kenny Chesney'],0.01784551257001433,0.8509316770186336,19.558690073269613,6.416476705310236,2,1
"['spotify:artist:1UTPBmNbXNTittyMJrNkvw', 'spotify:artist:5Zq7R5qmi58ByYyBQTlNuk']",['spotify:artist:0BvkDsjIUla7X0k6CSWh1I'],"['Blake Shelton', 'Lee Brice']",['Luke Bryan'],0.01784551257001433,0.8404907975460123,17.29878780901002,5.964629612929731,2,1
"['spotify:artist:0BvkDsjIUla7X0k6CSWh1I', 'spotify:artist:5Zq7R5qmi58ByYyBQTlNuk']",['spotify:artist:1UTPBmNbXNTittyMJrNkvw'],"['Luke Bryan', 'Lee Brice']",['Blake Shelton'],0.01784551257001433,0.8353658536585367,20.23061091021005,5.823262366182781,2,1
"['spotify:artist:0u2FHSq3ln94y5Q57xazwf', 'spotify:artist:7x8nK0m0cP2ksQf0mjWdPS']",['spotify:artist:3b8QkneNDz4JHKKKlLgYZg'],"['Keith Urban', 'Dierks Bentley']",['Florida Georgia Line'],0.01784551257001433,0.8253012048192772,17.599548192771085,5.455714112463113,2,1
"['spotify:artist:50co4Is1HCEo8bhOyUWKpn', 'spotify:artist:6oMuImdp5ZcFhWP0ESe6mG']",['spotify:artist:3TVXtAsR1Inumwj472S9r4'],"['Young Thug', 'Migos']",['Drake'],0.01784551257001433,0.8253012048192772,4.471303704585456,4.667591956268838,2,1
"['spotify:artist:1By9QBFnjZAoI83BZppHlt', 'spotify:artist:3grHWM9bx2E9vwJCdlRv9O']",['spotify:artist:6roFdX1y5BYSbp60OTJWMd'],"['Billy Currington', 'Kenny Chesney']",['Tim McGraw'],0.01784551257001433,0.8253012048192772,20.705350815024804,5.495977685248819,2,1
"['spotify:artist:3FfvYsEGaIb52QPXhg4DcH', 'spotify:artist:6roFdX1y5BYSbp60OTJWMd']",['spotify:artist:3b8QkneNDz4JHKKKlLgYZg'],"['Jason Aldean', 'Tim McGraw']",['Florida Georgia Line'],0.01784551257001433,0.8154761904761906,17.390029761904763,5.165223310516963,2,1
"['spotify:artist:6yJCxee7QumYr820xdIsjo', 'spotify:artist:7x8nK0m0cP2ksQf0mjWdPS']",['spotify:artist:3b8QkneNDz4JHKKKlLgYZg'],"['Zac Brown Band', 'Dierks Bentley']",['Florida Georgia Line'],0.01784551257001433,0.8058823529411764,17.185441176470587,4.909943514867311,2,1
"['spotify:artist:0u2FHSq3ln94y5Q57xazwf', 'spotify:artist:1UTPBmNbXNTittyMJrNkvw']",['spotify:artist:3grHWM9bx2E9vwJCdlRv9O'],"['Keith Urban', 'Blake Shelton']",['Kenny Chesney'],0.01784551257001433,0.8058823529411764,18.5232300105671,4.927390355291877,2,1
"['spotify:artist:13YmWQJFwgZrd4bf5IjMY4', 'spotify:artist:3grHWM9bx2E9vwJCdlRv9O']",['spotify:artist:6roFdX1y5BYSbp60OTJWMd'],"['Brad Paisley', 'Kenny Chesney']",['Tim McGraw'],0.01784551257001433,0.8011695906432748,20.099931200550394,4.828942831528858,2,1
"['spotify:artist:3FfvYsEGaIb52QPXhg4DcH', 'spotify:artist:3grHWM9bx2E9vwJCdlRv9O']",['spotify:artist:1UTPBmNbXNTittyMJrNkvw'],"['Jason Aldean', 'Kenny Chesney']",['Blake Shelton'],0.01784551257001433,0.7965116279069767,19.289652263223534,4.711364186159027,2,1
"['spotify:artist:1n2pb9Tsfe4SwAjmUac6YT', 'spotify:artist:3b8QkneNDz4JHKKKlLgYZg']",['spotify:artist:6x2LnllRG5uGarZMsD4iO8'],"['Jake Owen', 'Florida Georgia Line']",['Thomas Rhett'],0.01784551257001433,0.7784090909090908,19.276924486803516,4.330591209840915,2,1
"['spotify:artist:0u2FHSq3ln94y5Q57xazwf', 'spotify:artist:3grHWM9bx2E9vwJCdlRv9O']",['spotify:artist:1UTPBmNbXNTittyMJrNkvw'],"['Keith Urban', 'Kenny Chesney']",['Blake Shelton'],0.01784551257001433,0.7696629213483146,18.639439265586788,4.162194963098517,2,1
"['spotify:artist:1UTPBmNbXNTittyMJrNkvw', 'spotify:artist:3FfvYsEGaIb52QPXhg4DcH']",['spotify:artist:3grHWM9bx2E9vwJCdlRv9O'],"['Blake Shelton', 'Jason Aldean']",['Kenny Chesney'],0.01784551257001433,0.7569060773480663,17.397508849703907,3.9346661219463086,2,1
"['spotify:artist:0u2FHSq3ln94y5Q57xazwf', 'spotify:artist:3b8QkneNDz4JHKKKlLgYZg']",['spotify:artist:7x8nK0m0cP2ksQf0mjWdPS'],"['Keith Urban', 'Florida Georgia Line']",['Dierks Bentley'],0.01784551257001433,0.7527472527472527,21.72496488473932,3.9043086853950473,2,1
"['spotify:artist:3b8QkneNDz4JHKKKlLgYZg', 'spotify:artist:7x8nK0m0cP2ksQf0mjWdPS']",['spotify:artist:0u2FHSq3ln94y5Q57xazwf'],"['Florida Georgia Line', 'Dierks Bentley']",['Keith Urban'],0.01784551257001433,0.7527472527472527,21.24573771816419,3.901147728424008,2,1
"['spotify:artist:3b8QkneNDz4JHKKKlLgYZg', 'spotify:artist:7x8nK0m0cP2ksQf0mjWdPS']",['spotify:artist:6yJCxee7QumYr820xdIsjo'],"['Florida Georgia Line', 'Dierks Bentley']",['Zac Brown Band'],0.01784551257001433,0.7527472527472527,17.891147552138264,3.874279594170176,2,1
['spotify:artist:2bA6fzP0lMAQ4kz6CF61w8'],['spotify:artist:3grHWM9bx2E9vwJCdlRv9O'],['Toby Keith'],['Kenny Chesney'],0.01784551257001433,0.7527472527472527,17.3019181417385,3.868484506389938,1,1
"['spotify:artist:3FfvYsEGaIb52QPXhg4DcH', 'spotify:artist:3b8QkneNDz4JHKKKlLgYZg']",['spotify:artist:6roFdX1y5BYSbp60OTJWMd'],"['Jason Aldean', 'Florida Georgia Line']",['Tim McGraw'],0.01784551257001433,0.7445652173913043,18.679827365728897,3.7588486193908857,2,1
"['spotify:artist:3b8QkneNDz4JHKKKlLgYZg', 'spotify:artist:6yJCxee7QumYr820xdIsjo']",['spotify:artist:7x8nK0m0cP2ksQf0mjWdPS'],"['Florida Georgia Line', 'Zac Brown Band']",['Dierks Bentley'],0.01784551257001433,0.7248677248677249,20.9203365556749,3.5086797727477683,2,1
"['spotify:artist:3b8QkneNDz4JHKKKlLgYZg', 'spotify:artist:6roFdX1y5BYSbp60OTJWMd']",['spotify:artist:3FfvYsEGaIb52QPXhg4DcH'],"['Florida Georgia Line', 'Tim McGraw']",['Jason Aldean'],0.01784551257001433,0.7025641025641025,20.665075154730324,3.2477665036180614,2,1
"['spotify:artist:3b8QkneNDz4JHKKKlLgYZg', 'spotify:artist:6x2LnllRG5uGarZMsD4iO8']",['spotify:artist:1n2pb9Tsfe4SwAjmUac6YT'],"['Florida Georgia Line', 'Thomas Rhett']",['Jake Owen'],0.01784551257001433,0.6748768472906403,22.72381384495722,2.9844103402133877,2,1
"['spotify:artist:1UTPBmNbXNTittyMJrNkvw', 'spotify:artist:3grHWM9bx2E9vwJCdlRv9O']",['spotify:artist:3FfvYsEGaIb52QPXhg4DcH'],"['Blake Shelton', 'Kenny Chesney']",['Jason Aldean'],0.01784551257001433,0.6682926829268293,19.657022708158117,2.9122129508309773,2,1
"['spotify:artist:1UTPBmNbXNTittyMJrNkvw', 'spotify:artist:3grHWM9bx2E9vwJCdlRv9O']",['spotify:artist:0u2FHSq3ln94y5Q57xazwf'],"['Blake Shelton', 'Kenny Chesney']",['Keith Urban'],0.01784551257001433,0.6682926829268293,18.862069583931135,2.907893325364535,2,1
"['spotify:artist:3grHWM9bx2E9vwJCdlRv9O', 'spotify:artist:6roFdX1y5BYSbp60OTJWMd']",['spotify:artist:13YmWQJFwgZrd4bf5IjMY4'],"['Kenny Chesney', 'Tim McGraw']",['Brad Paisley'],0.01784551257001433,0.6555023923444976,21.23329901277936,2.813164864747514,2,1
"['spotify:artist:3grHWM9bx2E9vwJCdlRv9O', 'spotify:artist:6roFdX1y5BYSbp60OTJWMd']",['spotify:artist:1By9QBFnjZAoI83BZppHlt'],"['Kenny Chesney', 'Tim McGraw']",['Billy Currington'],0.01784551257001433,0.6555023923444976,21.505520794994478,2.8142992054187834,2,1
"['spotify:artist:1RyvyyTE3xzB2ZywiAwp0i', 'spotify:artist:246dkjvS1zLTtiykXe5h60']",['spotify:artist:2YZyLoL8N0Wb9xBt1NhZWg'],"['Future', 'Post Malone']",['Kendrick Lamar'],0.01784551257001433,0.6431924882629109,6.672687476208604,2.5324808210444054,2,1
"['spotify:artist:0BvkDsjIUla7X0k6CSWh1I', 'spotify:artist:1UTPBmNbXNTittyMJrNkvw']",['spotify:artist:5Zq7R5qmi58ByYyBQTlNuk'],"['Luke Bryan', 'Blake Shelton']",['Lee Brice'],0.01784551257001433,0.6199095022624435,21.341010084613355,2.5545289888783445,2,1
['spotify:artist:5Zq7R5qmi58ByYyBQTlNuk'],['spotify:artist:3FfvYsEGaIb52QPXhg4DcH'],['Lee Brice'],['Jason Aldean'],0.01784551257001433,0.6143497757847534,18.070357198082572,2.5048665448894463,1,1
"['spotify:artist:246dkjvS1zLTtiykXe5h60', 'spotify:artist:2YZyLoL8N0Wb9xBt1NhZWg']",['spotify:artist:1RyvyyTE3xzB2ZywiAwp0i'],"['Post Malone', 'Kendrick Lamar']",['Future'],0.01784551257001433,0.6035242290748899,7.920094883090479,2.3300247492510096,2,1
['spotify:artist:1By9QBFnjZAoI83BZppHlt'],['spotify:artist:2kucQ9jQwuD8jWdtR9Ef38'],['Billy Currington'],['Sam Hunt'],0.01784551257001433,0.5854700854700855,13.29779244424215,2.3061601866063985,1,1
['spotify:artist:13YmWQJFwgZrd4bf5IjMY4'],['spotify:artist:2IvkS5MXK0vPGnwyJsrEyV'],['Brad Paisley'],['Eric Church'],0.01784551257001433,0.5780590717299579,15.25003262429858,2.280164126611958,1,1
"['spotify:artist:3TVXtAsR1Inumwj472S9r4', 'spotify:artist:50co4Is1HCEo8bhOyUWKpn']",['spotify:artist:6oMuImdp5ZcFhWP0ESe6mG'],"['Drake', 'Young Thug']",['Migos'],0.01784551257001433,0.5591836734693878,9.60369812354472,2.1364320553456935,2,1
['spotify:artist:20sxb77xiYeusSH8cVdatc'],['spotify:artist:0c173mlxpT3dSFRgMO8XPh'],['Meek Mill'],['Big Sean'],0.01784551257001433,0.53515625,6.6694716416396105,1.9786440562938734,1,1
['spotify:artist:3FfvYsEGaIb52QPXhg4DcH'],['spotify:artist:5Zq7R5qmi58ByYyBQTlNuk'],['Jason Aldean'],['Lee Brice'],0.01784551257001433,0.524904214559387,18.070357198082572,2.0436977650039707,1,1
"['spotify:artist:17lzZA2AlOHwCwFALHttmp', 'spotify:artist:3TVXtAsR1Inumwj472S9r4']",['spotify:artist:6oMuImdp5ZcFhWP0ESe6mG'],"['2 Chainz', 'Drake']",['Migos'],0.01784551257001433,0.5131086142322098,8.8123821732901,1.934259175759762,2,1
"['spotify:artist:1UTPBmNbXNTittyMJrNkvw', 'spotify:artist:1n2pb9Tsfe4SwAjmUac6YT']",['spotify:artist:0BvkDsjIUla7X0k6CSWh1I'],"['Blake Shelton', 'Jake Owen']",['Luke Bryan'],0.017715253354174808,0.9006622516556291,18.537222804183017,9.577560679084705,2,1
"['spotify:artist:0u2FHSq3ln94y5Q57xazwf', 'spotify:artist:6x2LnllRG5uGarZMsD4iO8']",['spotify:artist:0BvkDsjIUla7X0k6CSWh1I'],"['Keith Urban', 'Thomas Rhett']",['Luke Bryan'],0.017715253354174808,0.8395061728395062,17.27852249031874,5.928036793218507,2,1
"['spotify:artist:0u2FHSq3ln94y5Q57xazwf', 'spotify:artist:6yJCxee7QumYr820xdIsjo']",['spotify:artist:3grHWM9bx2E9vwJCdlRv9O'],"['Keith Urban', 'Zac Brown Band']",['Kenny Chesney'],0.017715253354174808,0.834355828220859,19.177693692369864,5.774386213750551,2,1
"['spotify:artist:1By9QBFnjZAoI83BZppHlt', 'spotify:artist:3grHWM9bx2E9vwJCdlRv9O']",['spotify:artist:0BvkDsjIUla7X0k6CSWh1I'],"['Billy Currington', 'Kenny Chesney']",['Luke Bryan'],0.017715253354174808,0.819277108433735,16.862172550792987,5.264486995788288,2,1
"['spotify:artist:1Xyo4u8uXC1ZmMpatF05PJ', 'spotify:artist:246dkjvS1zLTtiykXe5h60']",['spotify:artist:3TVXtAsR1Inumwj472S9r4'],"['The Weeknd', 'Post Malone']",['Drake'],0.017715253354174808,0.81437125748503,4.412087610241762,4.392760949127475,2,1
"['spotify:artist:3FfvYsEGaIb52QPXhg4DcH', 'spotify:artist:6roFdX1y5BYSbp60OTJWMd']",['spotify:artist:3grHWM9bx2E9vwJCdlRv9O'],"['Jason Aldean', 'Tim McGraw']",['Kenny Chesney'],0.017715253354174808,0.8095238095238095,18.606928999144568,5.021590465025401,2,1
"['spotify:artist:2IvkS5MXK0vPGnwyJsrEyV', 'spotify:artist:7x8nK0m0cP2ksQf0mjWdPS']",['spotify:artist:3b8QkneNDz4JHKKKlLgYZg'],"['Eric Church', 'Dierks Bentley']",['Florida Georgia Line'],0.017715253354174808,0.804733727810651,17.160946745562132,4.881061494191625,2,1
"['spotify:artist:3FfvYsEGaIb52QPXhg4DcH', 'spotify:artist:3grHWM9bx2E9vwJCdlRv9O']",['spotify:artist:6roFdX1y5BYSbp60OTJWMd'],"['Jason Aldean', 'Kenny Chesney']",['Tim McGraw'],0.017715253354174808,0.7906976744186046,19.83720930232558,4.587338804220398,2,1
"['spotify:artist:0c173mlxpT3dSFRgMO8XPh', 'spotify:artist:5pKCCKE2ajJHZ9KAiaK11H']",['spotify:artist:3TVXtAsR1Inumwj472S9r4'],"['Big Sean', 'Rihanna']",['Drake'],0.017715253354174808,0.7771428571428571,4.210392176630709,3.6589479731332015,2,1
"['spotify:artist:0BvkDsjIUla7X0k6CSWh1I', 'spotify:artist:1By9QBFnjZAoI83BZppHlt']",['spotify:artist:3grHWM9bx2E9vwJCdlRv9O'],"['Luke Bryan', 'Billy Currington']",['Kenny Chesney'],0.017715253354174808,0.7727272727272727,17.761159499183453,4.20857105640224,2,1
"['spotify:artist:0u2FHSq3ln94y5Q57xazwf', 'spotify:artist:3grHWM9bx2E9vwJCdlRv9O']",['spotify:artist:6yJCxee7QumYr820xdIsjo'],"['Keith Urban', 'Kenny Chesney']",['Zac Brown Band'],0.017715253354174808,0.7640449438202247,18.15966883500887,4.059782777250538,2,1
"['spotify:artist:0BvkDsjIUla7X0k6CSWh1I', 'spotify:artist:1n2pb9Tsfe4SwAjmUac6YT']",['spotify:artist:1UTPBmNbXNTittyMJrNkvw'],"['Luke Bryan', 'Jake Owen']",['Blake Shelton'],0.017715253354174808,0.7597765363128491,18.40001409865534,3.990900030595769,2,1
"['spotify:artist:3b8QkneNDz4JHKKKlLgYZg', 'spotify:artist:7x8nK0m0cP2ksQf0mjWdPS']",['spotify:artist:2IvkS5MXK0vPGnwyJsrEyV'],"['Florida Georgia Line', 'Dierks Bentley']",['Eric Church'],0.017715253354174808,0.7472527472527473,19.71360598164722,3.806548074145811,2,1
"['spotify:artist:0BvkDsjIUla7X0k6CSWh1I', 'spotify:artist:0u2FHSq3ln94y5Q57xazwf']",['spotify:artist:6x2LnllRG5uGarZMsD4iO8'],"['Luke Bryan', 'Keith Urban']",['Thomas Rhett'],0.017715253354174808,0.7431693989071039,18.40423056583818,3.7363913762856176,2,1
"['spotify:artist:6l3HvQ5sa6mXTsMTB19rO5', 'spotify:artist:7iZtZyCzp3LItcw1wtPI3D']",['spotify:artist:2YZyLoL8N0Wb9xBt1NhZWg'],"['J. Cole', 'Rae Sremmurd']",['Kendrick Lamar'],0.017715253354174808,0.7010309278350515,7.272722206742825,3.022413568518593,2,1
"['spotify:artist:3grHWM9bx2E9vwJCdlRv9O', 'spotify:artist:6yJCxee7QumYr820xdIsjo']",['spotify:artist:0u2FHSq3ln94y5Q57xazwf'],"['Kenny Chesney', 'Zac Brown Band']",['Keith Urban'],0.017715253354174808,0.6903553299492385,19.48477157360406,3.1150850848927067,2,1
"['spotify:artist:2IvkS5MXK0vPGnwyJsrEyV', 'spotify:artist:3b8QkneNDz4JHKKKlLgYZg']",['spotify:artist:7x8nK0m0cP2ksQf0mjWdPS'],"['Eric Church', 'Florida Georgia Line']",['Dierks Bentley'],0.017715253354174808,0.6868686868686869,19.82365003417635,3.0828952841961956,2,1
"['spotify:artist:0BvkDsjIUla7X0k6CSWh1I', 'spotify:artist:6x2LnllRG5uGarZMsD4iO8']",['spotify:artist:0u2FHSq3ln94y5Q57xazwf'],"['Luke Bryan', 'Thomas Rhett']",['Keith Urban'],0.017715253354174808,0.6834170854271356,19.28894472361809,3.0468147486514034,2,1
"['spotify:artist:0Y5tJX1MQlPlqiwlOH1tJY', 'spotify:artist:5K4W6rqBFWDnAN6FQUkS6x']",['spotify:artist:1RyvyyTE3xzB2ZywiAwp0i'],"['Travis Scott', 'Kanye West']",['Future'],0.017715253354174808,0.6699507389162561,8.791815081470254,2.798971146611607,2,1
"['spotify:artist:3grHWM9bx2E9vwJCdlRv9O', 'spotify:artist:6roFdX1y5BYSbp60OTJWMd']",['spotify:artist:3FfvYsEGaIb52QPXhg4DcH'],"['Kenny Chesney', 'Tim McGraw']",['Jason Aldean'],0.017715253354174808,0.6507177033492824,19.140075895066822,2.7656779456872607,2,1
"['spotify:artist:0Y5tJX1MQlPlqiwlOH1tJY', 'spotify:artist:1RyvyyTE3xzB2ZywiAwp0i']",['spotify:artist:5K4W6rqBFWDnAN6FQUkS6x'],"['Travis Scott', 'Future']",['Kanye West'],0.017715253354174808,0.6267281105990783,5.048679648551022,2.346447702532979,2,1
"['spotify:artist:0BvkDsjIUla7X0k6CSWh1I', 'spotify:artist:3grHWM9bx2E9vwJCdlRv9O']",['spotify:artist:1By9QBFnjZAoI83BZppHlt'],"['Luke Bryan', 'Kenny Chesney']",['Billy Currington'],0.017715253354174808,0.6238532110091742,20.467184191954832,2.577502644897492,2,1
"['spotify:artist:0c173mlxpT3dSFRgMO8XPh', 'spotify:artist:6oMuImdp5ZcFhWP0ESe6mG']",['spotify:artist:2YZyLoL8N0Wb9xBt1NhZWg'],"['Big Sean', 'Migos']",['Kendrick Lamar'],0.017715253354174808,0.6153846153846154,6.384199584199584,2.3493812687247626,2,1
"['spotify:artist:0BvkDsjIUla7X0k6CSWh1I', 'spotify:artist:1UTPBmNbXNTittyMJrNkvw']",['spotify:artist:1n2pb9Tsfe4SwAjmUac6YT'],"['Luke Bryan', 'Blake Shelton']",['Jake Owen'],0.017715253354174808,0.6153846153846154,20.720647773279353,2.5227823368503324,2,1
['spotify:artist:1By9QBFnjZAoI83BZppHlt'],['spotify:artist:13YmWQJFwgZrd4bf5IjMY4'],['Billy Currington'],['Brad Paisley'],0.017715253354174808,0.5811965811965812,18.82635507951964,2.3140416776323662,1,1
['spotify:artist:13YmWQJFwgZrd4bf5IjMY4'],['spotify:artist:1By9QBFnjZAoI83BZppHlt'],['Brad Paisley'],['Billy Currington'],0.017715253354174808,0.5738396624472574,18.826355079519637,2.2750107367125927,1,1
"['spotify:artist:2YZyLoL8N0Wb9xBt1NhZWg', 'spotify:artist:6oMuImdp5ZcFhWP0ESe6mG']",['spotify:artist:0c173mlxpT3dSFRgMO8XPh'],"['Kendrick Lamar', 'Migos']",['Big Sean'],0.017715253354174808,0.5714285714285714,7.121521335807049,2.146107420433329,2,1
['spotify:artist:0a1gHP0HAqALbEyxaD5Ngn'],['spotify:artist:0u2FHSq3ln94y5Q57xazwf'],['Rascal Flatts'],['Keith Urban'],0.017715253354174808,0.5643153526970954,15.927385892116183,2.2139166465075024,1,1
['spotify:artist:0a1gHP0HAqALbEyxaD5Ngn'],['spotify:artist:3grHWM9bx2E9vwJCdlRv9O'],['Rascal Flatts'],['Kenny Chesney'],0.017715253354174808,0.5643153526970954,12.970805277411982,2.1953801398115584,1,1
"['spotify:artist:2YZyLoL8N0Wb9xBt1NhZWg', 'spotify:artist:7iZtZyCzp3LItcw1wtPI3D']",['spotify:artist:6l3HvQ5sa6mXTsMTB19rO5'],"['Kendrick Lamar', 'Rae Sremmurd']",['J. Cole'],0.017715253354174808,0.5573770491803279,7.314501891551074,2.0870999956580265,2,1
['spotify:artist:26dSoYclwsYLMAKD3tpOr4'],['spotify:artist:5pKCCKE2ajJHZ9KAiaK11H'],['Britney Spears'],['Rihanna'],0.017715253354174808,0.5573770491803279,4.856962095978862,1.9999903511691974,1,1
['spotify:artist:20sxb77xiYeusSH8cVdatc'],['spotify:artist:5K4W6rqBFWDnAN6FQUkS6x'],['Meek Mill'],['Kanye West'],0.017715253354174808,0.53125,4.279544858342078,1.8685076635838653,1,1
"['spotify:artist:1RyvyyTE3xzB2ZywiAwp0i', 'spotify:artist:5K4W6rqBFWDnAN6FQUkS6x']",['spotify:artist:0Y5tJX1MQlPlqiwlOH1tJY'],"['Future', 'Kanye West']",['Travis Scott'],0.017715253354174808,0.5037037037037037,9.454604726976365,1.907578170110759,2,1
['spotify:artist:0u2FHSq3ln94y5Q57xazwf'],['spotify:artist:0a1gHP0HAqALbEyxaD5Ngn'],['Keith Urban'],['Rascal Flatts'],0.017715253354174808,0.5,15.927385892116185,1.937215057965351,1,1
"['spotify:artist:1n2pb9Tsfe4SwAjmUac6YT', 'spotify:artist:6x2LnllRG5uGarZMsD4iO8']",['spotify:artist:0BvkDsjIUla7X0k6CSWh1I'],"['Jake Owen', 'Thomas Rhett']",['Luke Bryan'],0.017584994138335287,0.8823529411764706,18.160384797350577,8.087013156180799,2,1
"['spotify:artist:1n2pb9Tsfe4SwAjmUac6YT', 'spotify:artist:7x8nK0m0cP2ksQf0mjWdPS']",['spotify:artist:3b8QkneNDz4JHKKKlLgYZg'],"['Jake Owen', 'Dierks Bentley']",['Florida Georgia Line'],0.017584994138335287,0.8709677419354839,18.573387096774194,7.386576787807737,2,1
"['spotify:artist:1n2pb9Tsfe4SwAjmUac6YT', 'spotify:artist:7x8nK0m0cP2ksQf0mjWdPS']",['spotify:artist:0BvkDsjIUla7X0k6CSWh1I'],"['Jake Owen', 'Dierks Bentley']",['Luke Bryan'],0.017584994138335287,0.8709677419354839,17.92605725157831,7.373453171811906,2,1
"['spotify:artist:1By9QBFnjZAoI83BZppHlt', 'spotify:artist:6roFdX1y5BYSbp60OTJWMd']",['spotify:artist:0BvkDsjIUla7X0k6CSWh1I'],"['Billy Currington', 'Tim McGraw']",['Luke Bryan'],0.017584994138335287,0.8490566037735849,17.475087257827912,6.3031131952585655,2,1
"['spotify:artist:2kucQ9jQwuD8jWdtR9Ef38', 'spotify:artist:3grHWM9bx2E9vwJCdlRv9O']",['spotify:artist:3b8QkneNDz4JHKKKlLgYZg'],"['Sam Hunt', 'Kenny Chesney']",['Florida Georgia Line'],0.017584994138335287,0.8385093167701864,17.881211180124225,5.901929840382362,2,1
"['spotify:artist:1RyvyyTE3xzB2ZywiAwp0i', 'spotify:artist:7c0XG5cIJTrrAgEC3ULPiq']",['spotify:artist:3TVXtAsR1Inumwj472S9r4'],"['Future', 'Ty Dolla $ign']",['Drake'],0.017584994138335287,0.8282208588957055,4.487121759874617,4.746924952083217,2,1
"['spotify:artist:0u2FHSq3ln94y5Q57xazwf', 'spotify:artist:6yJCxee7QumYr820xdIsjo']",['spotify:artist:6roFdX1y5BYSbp60OTJWMd'],"['Keith Urban', 'Zac Brown Band']",['Tim McGraw'],0.017584994138335287,0.8282208588957055,20.77859978347167,5.589390386869871,2,1
"['spotify:artist:2YZyLoL8N0Wb9xBt1NhZWg', 'spotify:artist:5pKCCKE2ajJHZ9KAiaK11H']",['spotify:artist:3TVXtAsR1Inumwj472S9r4'],"['Kendrick Lamar', 'Rihanna']",['Drake'],0.017584994138335287,0.8231707317073171,4.459761261338796,4.611355908602949,2,1
"['spotify:artist:0u2FHSq3ln94y5Q57xazwf', 'spotify:artist:7x8nK0m0cP2ksQf0mjWdPS']",['spotify:artist:6roFdX1y5BYSbp60OTJWMd'],"['Keith Urban', 'Dierks Bentley']",['Tim McGraw'],0.017584994138335287,0.8132530120481928,20.403082919914954,5.1413984797488945,2,1
"['spotify:artist:0u2FHSq3ln94y5Q57xazwf', 'spotify:artist:7x8nK0m0cP2ksQf0mjWdPS']",['spotify:artist:1UTPBmNbXNTittyMJrNkvw'],"['Keith Urban', 'Dierks Bentley']",['Blake Shelton'],0.017584994138335287,0.8132530120481928,19.695089506290145,5.1337257917449275,2,1
"['spotify:artist:0u2FHSq3ln94y5Q57xazwf', 'spotify:artist:7x8nK0m0cP2ksQf0mjWdPS']",['spotify:artist:3grHWM9bx2E9vwJCdlRv9O'],"['Keith Urban', 'Dierks Bentley']",['Kenny Chesney'],0.017584994138335287,0.8132530120481928,18.69264483082029,5.121868001193342,2,1
"['spotify:artist:2IvkS5MXK0vPGnwyJsrEyV', 'spotify:artist:6yJCxee7QumYr820xdIsjo']",['spotify:artist:0BvkDsjIUla7X0k6CSWh1I'],"['Eric Church', 'Zac Brown Band']",['Luke Bryan'],0.017584994138335287,0.8083832335329342,16.637957329309213,4.965188224566889,2,1
"['spotify:artist:3FfvYsEGaIb52QPXhg4DcH', 'spotify:artist:7x8nK0m0cP2ksQf0mjWdPS']",['spotify:artist:1UTPBmNbXNTittyMJrNkvw'],"['Jason Aldean', 'Dierks Bentley']",['Blake Shelton'],0.017584994138335287,0.8035714285714286,19.460624155024785,4.8806944000378945,2,1
"['spotify:artist:6x2LnllRG5uGarZMsD4iO8', 'spotify:artist:7x8nK0m0cP2ksQf0mjWdPS']",['spotify:artist:1UTPBmNbXNTittyMJrNkvw'],"['Thomas Rhett', 'Dierks Bentley']",['Blake Shelton'],0.017584994138335287,0.7941176470588235,19.231675635553906,4.6565808816688055,2,1
"['spotify:artist:6roFdX1y5BYSbp60OTJWMd', 'spotify:artist:7x8nK0m0cP2ksQf0mjWdPS']",['spotify:artist:0u2FHSq3ln94y5Q57xazwf'],"['Tim McGraw', 'Dierks Bentley']",['Keith Urban'],0.017584994138335287,0.7941176470588235,22.41338667820069,4.6850518245594435,2,1
"['spotify:artist:0u2FHSq3ln94y5Q57xazwf', 'spotify:artist:1UTPBmNbXNTittyMJrNkvw']",['spotify:artist:7x8nK0m0cP2ksQf0mjWdPS'],"['Keith Urban', 'Blake Shelton']",['Dierks Bentley'],0.017584994138335287,0.7941176470588235,22.91895179124281,4.688847950278196,2,1
"['spotify:artist:2IvkS5MXK0vPGnwyJsrEyV', 'spotify:artist:6x2LnllRG5uGarZMsD4iO8']",['spotify:artist:0BvkDsjIUla7X0k6CSWh1I'],"['Eric Church', 'Thomas Rhett']",['Luke Bryan'],0.017584994138335287,0.7894736842105262,16.24876534499788,4.519213234336327,2,1
"['spotify:artist:13ubrt8QOOCPljQ2FL1Kca', 'spotify:artist:6l3HvQ5sa6mXTsMTB19rO5']",['spotify:artist:2YZyLoL8N0Wb9xBt1NhZWg'],"['A$AP Rocky', 'J. Cole']",['Kendrick Lamar'],0.017584994138335287,0.7714285714285714,8.003050193050193,3.9532857887195507,2,1
"['spotify:artist:1n2pb9Tsfe4SwAjmUac6YT', 'spotify:artist:3b8QkneNDz4JHKKKlLgYZg']",['spotify:artist:7x8nK0m0cP2ksQf0mjWdPS'],"['Jake Owen', 'Florida Georgia Line']",['Dierks Bentley'],0.017584994138335287,0.7670454545454545,22.137623889268625,4.143945964664804,2,1
"['spotify:artist:0BvkDsjIUla7X0k6CSWh1I', 'spotify:artist:1By9QBFnjZAoI83BZppHlt']",['spotify:artist:6roFdX1y5BYSbp60OTJWMd'],"['Luke Bryan', 'Billy Currington']",['Tim McGraw'],0.017584994138335287,0.7670454545454545,19.243816844919785,4.1215795041889445,2,1
"['spotify:artist:0u2FHSq3ln94y5Q57xazwf', 'spotify:artist:3grHWM9bx2E9vwJCdlRv9O']",['spotify:artist:7x8nK0m0cP2ksQf0mjWdPS'],"['Keith Urban', 'Kenny Chesney']",['Dierks Bentley'],0.017584994138335287,0.7584269662921348,21.88888654219819,3.996104340661171,2,1
"['spotify:artist:0u2FHSq3ln94y5Q57xazwf', 'spotify:artist:6roFdX1y5BYSbp60OTJWMd']",['spotify:artist:7x8nK0m0cP2ksQf0mjWdPS'],"['Keith Urban', 'Tim McGraw']",['Dierks Bentley'],0.017584994138335287,0.7541899441340782,21.766602259839544,3.9272235840231158,2,1
"['spotify:artist:0BvkDsjIUla7X0k6CSWh1I', 'spotify:artist:1n2pb9Tsfe4SwAjmUac6YT']",['spotify:artist:7x8nK0m0cP2ksQf0mjWdPS'],"['Luke Bryan', 'Jake Owen']",['Dierks Bentley'],0.017584994138335287,0.7541899441340782,21.766602259839544,3.9272235840231158,2,1
"['spotify:artist:0BvkDsjIUla7X0k6CSWh1I', 'spotify:artist:1n2pb9Tsfe4SwAjmUac6YT']",['spotify:artist:6x2LnllRG5uGarZMsD4iO8'],"['Luke Bryan', 'Jake Owen']",['Thomas Rhett'],0.017584994138335287,0.7541899441340782,18.677149035862318,3.9039071843878412,2,1
"['spotify:artist:0u2FHSq3ln94y5Q57xazwf', 'spotify:artist:6roFdX1y5BYSbp60OTJWMd']",['spotify:artist:6yJCxee7QumYr820xdIsjo'],"['Keith Urban', 'Tim McGraw']",['Zac Brown Band'],0.017584994138335287,0.7541899441340782,17.925437155161976,3.897018248131965,2,1
"['spotify:artist:1UTPBmNbXNTittyMJrNkvw', 'spotify:artist:6x2LnllRG5uGarZMsD4iO8']",['spotify:artist:7x8nK0m0cP2ksQf0mjWdPS'],"['Blake Shelton', 'Thomas Rhett']",['Dierks Bentley'],0.017584994138335287,0.75,21.645676691729324,3.86140419434675,2,1
"['spotify:artist:1UTPBmNbXNTittyMJrNkvw', 'spotify:artist:3FfvYsEGaIb52QPXhg4DcH']",['spotify:artist:7x8nK0m0cP2ksQf0mjWdPS'],"['Blake Shelton', 'Jason Aldean']",['Dierks Bentley'],0.017584994138335287,0.7458563535911602,21.52608731774187,3.7984465172650093,2,1
"['spotify:artist:1UTPBmNbXNTittyMJrNkvw', 'spotify:artist:7x8nK0m0cP2ksQf0mjWdPS']",['spotify:artist:6x2LnllRG5uGarZMsD4iO8'],"['Blake Shelton', 'Dierks Bentley']",['Thomas Rhett'],0.017584994138335287,0.7417582417582418,18.369283941864587,3.7159739370709417,2,1
"['spotify:artist:1UTPBmNbXNTittyMJrNkvw', 'spotify:artist:7x8nK0m0cP2ksQf0mjWdPS']",['spotify:artist:0u2FHSq3ln94y5Q57xazwf'],"['Blake Shelton', 'Dierks Bentley']",['Keith Urban'],0.017584994138335287,0.7417582417582418,20.935580963154493,3.7351414421080937,2,1
"['spotify:artist:1UTPBmNbXNTittyMJrNkvw', 'spotify:artist:7x8nK0m0cP2ksQf0mjWdPS']",['spotify:artist:3FfvYsEGaIb52QPXhg4DcH'],"['Blake Shelton', 'Dierks Bentley']",['Jason Aldean'],0.017584994138335287,0.7417582417582418,21.81792345585449,3.740689930408321,2,1
"['spotify:artist:3b8QkneNDz4JHKKKlLgYZg', 'spotify:artist:7x8nK0m0cP2ksQf0mjWdPS']",['spotify:artist:1n2pb9Tsfe4SwAjmUac6YT'],"['Florida Georgia Line', 'Dierks Bentley']",['Jake Owen'],0.017584994138335287,0.7417582417582418,24.97578079814922,3.757335395309006,2,1
"['spotify:artist:3grHWM9bx2E9vwJCdlRv9O', 'spotify:artist:7x8nK0m0cP2ksQf0mjWdPS']",['spotify:artist:0u2FHSq3ln94y5Q57xazwf'],"['Kenny Chesney', 'Dierks Bentley']",['Keith Urban'],0.017584994138335287,0.7377049180327869,20.821178881388622,3.6774211931744176,2,1
"['spotify:artist:0c173mlxpT3dSFRgMO8XPh', 'spotify:artist:3nFkdlSjzX9mRTtwJOzDYB']",['spotify:artist:5K4W6rqBFWDnAN6FQUkS6x'],"['Big Sean', 'JAY Z']",['Kanye West'],0.017584994138335287,0.7258064516129032,5.84681650475578,3.194323763112123,2,1
"['spotify:artist:6roFdX1y5BYSbp60OTJWMd', 'spotify:artist:6yJCxee7QumYr820xdIsjo']",['spotify:artist:0u2FHSq3ln94y5Q57xazwf'],"['Tim McGraw', 'Zac Brown Band']",['Keith Urban'],0.017584994138335287,0.7258064516129032,20.48535341555977,3.517841681416608,2,1
"['spotify:artist:0BvkDsjIUla7X0k6CSWh1I', 'spotify:artist:7x8nK0m0cP2ksQf0mjWdPS']",['spotify:artist:1n2pb9Tsfe4SwAjmUac6YT'],"['Luke Bryan', 'Dierks Bentley']",['Jake Owen'],0.017584994138335287,0.699481865284974,23.552290700845376,3.228759887348236,2,1
"['spotify:artist:2kucQ9jQwuD8jWdtR9Ef38', 'spotify:artist:3b8QkneNDz4JHKKKlLgYZg']",['spotify:artist:3grHWM9bx2E9vwJCdlRv9O'],"['Sam Hunt', 'Florida Georgia Line']",['Kenny Chesney'],0.017584994138335287,0.6923076923076923,15.912713035467528,3.1086036212062003,2,1
"['spotify:artist:0BvkDsjIUla7X0k6CSWh1I', 'spotify:artist:6yJCxee7QumYr820xdIsjo']",['spotify:artist:2IvkS5MXK0vPGnwyJsrEyV'],"['Luke Bryan', 'Zac Brown Band']",['Eric Church'],0.017584994138335287,0.6923076923076923,18.264076130055514,3.126807346619773,2,1
"['spotify:artist:0BvkDsjIUla7X0k6CSWh1I', 'spotify:artist:6x2LnllRG5uGarZMsD4iO8']",['spotify:artist:1n2pb9Tsfe4SwAjmUac6YT'],"['Luke Bryan', 'Thomas Rhett']",['Jake Owen'],0.017584994138335287,0.6783919597989949,22.842171383231946,3.0170293571707694,2,1
"['spotify:artist:0BvkDsjIUla7X0k6CSWh1I', 'spotify:artist:6x2LnllRG5uGarZMsD4iO8']",['spotify:artist:2IvkS5MXK0vPGnwyJsrEyV'],"['Luke Bryan', 'Thomas Rhett']",['Eric Church'],0.017584994138335287,0.6783919597989949,17.89695902191369,2.991512797967956,2,1
"['spotify:artist:0Y5tJX1MQlPlqiwlOH1tJY', 'spotify:artist:7iZtZyCzp3LItcw1wtPI3D']",['spotify:artist:2YZyLoL8N0Wb9xBt1NhZWg'],"['Travis Scott', 'Rae Sremmurd']",['Kendrick Lamar'],0.017584994138335287,0.675,7.0026689189189195,2.7803328623961687,2,1
"['spotify:artist:0BvkDsjIUla7X0k6CSWh1I', 'spotify:artist:2IvkS5MXK0vPGnwyJsrEyV']",['spotify:artist:6x2LnllRG5uGarZMsD4iO8'],"['Luke Bryan', 'Eric Church']",['Thomas Rhett'],0.017584994138335287,0.675,16.716048387096777,2.9526758248915344,2,1
"['spotify:artist:0BvkDsjIUla7X0k6CSWh1I', 'spotify:artist:2IvkS5MXK0vPGnwyJsrEyV']",['spotify:artist:6yJCxee7QumYr820xdIsjo'],"['Luke Bryan', 'Eric Church']",['Zac Brown Band'],0.017584994138335287,0.675,16.04326625386997,2.947465456257954,2,1
"['spotify:artist:3b8QkneNDz4JHKKKlLgYZg', 'spotify:artist:3grHWM9bx2E9vwJCdlRv9O']",['spotify:artist:2kucQ9jQwuD8jWdtR9Ef38'],"['Florida Georgia Line', 'Kenny Chesney']",['Sam Hunt'],0.017584994138335287,0.6585365853658537,14.957353153413193,2.799633413349709,2,1
"['spotify:artist:0BvkDsjIUla7X0k6CSWh1I', 'spotify:artist:6roFdX1y5BYSbp60OTJWMd']",['spotify:artist:1By9QBFnjZAoI83BZppHlt'],"['Luke Bryan', 'Tim McGraw']",['Billy Currington'],0.017584994138335287,0.645933014354067,21.19157158630843,2.7382370647317895,2,1
['spotify:artist:5Zq7R5qmi58ByYyBQTlNuk'],['spotify:artist:1By9QBFnjZAoI83BZppHlt'],['Lee Brice'],['Billy Currington'],0.017584994138335287,0.6053811659192825,19.861159020351845,2.4568501545347967,1,1
['spotify:artist:46SHBwWsqBkxI7EeeBEQG7'],['spotify:artist:4O15NlyKLIASxsJ0PrXPfz'],['Kodak Black'],['Lil Uzi Vert'],0.017584994138335287,0.6,12.349061662198391,2.3785332812296467,1,1
"['spotify:artist:3TVXtAsR1Inumwj472S9r4', 'spotify:artist:7c0XG5cIJTrrAgEC3ULPiq']",['spotify:artist:1RyvyyTE3xzB2ZywiAwp0i'],"['Drake', 'Ty Dolla $ign']",['Future'],0.017584994138335287,0.5947136563876652,7.804473059979668,2.27937203731077,2,1
['spotify:artist:1n2pb9Tsfe4SwAjmUac6YT'],['spotify:artist:1By9QBFnjZAoI83BZppHlt'],['Jake Owen'],['Billy Currington'],0.017584994138335287,0.5921052631578948,19.425607287449395,2.3768861324358057,1,1
['spotify:artist:13y7CgLHjMVRMDqxdx0Xdo'],['spotify:artist:6oMuImdp5ZcFhWP0ESe6mG'],['Gucci Mane'],['Migos'],0.017584994138335287,0.5921052631578948,10.16910985517485,2.3088656103064458,1,1
"['spotify:artist:0Y5tJX1MQlPlqiwlOH1tJY', 'spotify:artist:2YZyLoL8N0Wb9xBt1NhZWg']",['spotify:artist:7iZtZyCzp3LItcw1wtPI3D'],"['Travis Scott', 'Kendrick Lamar']",['Rae Sremmurd'],0.017584994138335287,0.5844155844155844,8.678062749629479,2.244203464895141,2,1
"['spotify:artist:13ubrt8QOOCPljQ2FL1Kca', 'spotify:artist:2YZyLoL8N0Wb9xBt1NhZWg']",['spotify:artist:6l3HvQ5sa6mXTsMTB19rO5'],"['A$AP Rocky', 'Kendrick Lamar']",['J. Cole'],0.017584994138335287,0.576923076923077,7.571005917159765,2.18352339337099,2,1
['spotify:artist:1By9QBFnjZAoI83BZppHlt'],['spotify:artist:1n2pb9Tsfe4SwAjmUac6YT'],['Billy Currington'],['Jake Owen'],0.017584994138335287,0.576923076923077,19.425607287449395,2.293438488045757,1,1
['spotify:artist:1By9QBFnjZAoI83BZppHlt'],['spotify:artist:5Zq7R5qmi58ByYyBQTlNuk'],['Billy Currington'],['Lee Brice'],0.017584994138335287,0.576923076923077,19.86115902035185,2.2949779151420424,1,1
"['spotify:artist:2YZyLoL8N0Wb9xBt1NhZWg', 'spotify:artist:7iZtZyCzp3LItcw1wtPI3D']",['spotify:artist:0Y5tJX1MQlPlqiwlOH1tJY'],"['Kendrick Lamar', 'Rae Sremmurd']",['Travis Scott'],0.017584994138335287,0.5532786885245902,10.385135676780633,2.1192720302392587,2,1
"['spotify:artist:5K4W6rqBFWDnAN6FQUkS6x', 'spotify:artist:7bXgB6jMjp9ATFy66eO08Z']",['spotify:artist:5pKCCKE2ajJHZ9KAiaK11H'],"['Kanye West', 'Chris Brown']",['Rihanna'],0.017584994138335287,0.5133079847908745,4.472945969624907,1.8188949133776213,2,1
"['spotify:artist:5pKCCKE2ajJHZ9KAiaK11H', 'spotify:artist:7bXgB6jMjp9ATFy66eO08Z']",['spotify:artist:5K4W6rqBFWDnAN6FQUkS6x'],"['Rihanna', 'Chris Brown']",['Kanye West'],0.017584994138335287,0.5094339622641509,4.103803282583302,1.7854129718139098,2,1
"['spotify:artist:13YmWQJFwgZrd4bf5IjMY4', 'spotify:artist:3b8QkneNDz4JHKKKlLgYZg']",['spotify:artist:0BvkDsjIUla7X0k6CSWh1I'],"['Brad Paisley', 'Florida Georgia Line']",['Luke Bryan'],0.017454734922495767,0.864516129032258,17.79327164230736,7.022336354106576,2,1
"['spotify:artist:3b8QkneNDz4JHKKKlLgYZg', 'spotify:artist:4BYxqVkZyFjtik7crYLg5Q']",['spotify:artist:0BvkDsjIUla7X0k6CSWh1I'],"['Florida Georgia Line', 'Chris Young']",['Luke Bryan'],0.017454734922495767,0.8589743589743589,17.679212208702825,6.746385306760451,2,1
"['spotify:artist:0QHgL1lAIqAw0HtD7YldmP', 'spotify:artist:6oMuImdp5ZcFhWP0ESe6mG']",['spotify:artist:3TVXtAsR1Inumwj472S9r4'],"['DJ Khaled', 'Migos']",['Drake'],0.017454734922495767,0.8535031847133758,4.624095941457012,5.566146196147726,2,1
"['spotify:artist:1RyvyyTE3xzB2ZywiAwp0i', 'spotify:artist:20sxb77xiYeusSH8cVdatc']",['spotify:artist:3TVXtAsR1Inumwj472S9r4'],"['Future', 'Meek Mill']",['Drake'],0.017454734922495767,0.8481012658227848,4.594829511447791,5.368199383439711,2,1
"['spotify:artist:6x2LnllRG5uGarZMsD4iO8', 'spotify:artist:6yJCxee7QumYr820xdIsjo']",['spotify:artist:0BvkDsjIUla7X0k6CSWh1I'],"['Thomas Rhett', 'Zac Brown Band']",['Luke Bryan'],0.017454734922495767,0.8170731707317074,16.816811613156347,5.201059441622163,2,1
"['spotify:artist:2IvkS5MXK0vPGnwyJsrEyV', 'spotify:artist:3FfvYsEGaIb52QPXhg4DcH']",['spotify:artist:3b8QkneNDz4JHKKKlLgYZg'],"['Eric Church', 'Jason Aldean']",['Florida Georgia Line'],0.017454734922495767,0.8072289156626506,17.214156626506025,4.944240914419696,2,1
"['spotify:artist:0u2FHSq3ln94y5Q57xazwf', 'spotify:artist:2kucQ9jQwuD8jWdtR9Ef38']",['spotify:artist:3b8QkneNDz4JHKKKlLgYZg'],"['Keith Urban', 'Sam Hunt']",['Florida Georgia Line'],0.017454734922495767,0.8072289156626506,17.214156626506025,4.944240914419696,2,1
"['spotify:artist:2IvkS5MXK0vPGnwyJsrEyV', 'spotify:artist:6yJCxee7QumYr820xdIsjo']",['spotify:artist:3grHWM9bx2E9vwJCdlRv9O'],"['Eric Church', 'Zac Brown Band']",['Kenny Chesney'],0.017454734922495767,0.8023952095808384,18.443077916024244,4.840436407845554,2,1
"['spotify:artist:0BvkDsjIUla7X0k6CSWh1I', 'spotify:artist:4BYxqVkZyFjtik7crYLg5Q']",['spotify:artist:3b8QkneNDz4JHKKKlLgYZg'],"['Luke Bryan', 'Chris Young']",['Florida Georgia Line'],0.017454734922495767,0.8023952095808384,17.111077844311378,4.8232974528402455,2,1
"['spotify:artist:6roFdX1y5BYSbp60OTJWMd', 'spotify:artist:6x2LnllRG5uGarZMsD4iO8']",['spotify:artist:1UTPBmNbXNTittyMJrNkvw'],"['Tim McGraw', 'Thomas Rhett']",['Blake Shelton'],0.017454734922495767,0.7976190476190477,19.316471383506084,4.737144564742662,2,1
"['spotify:artist:6roFdX1y5BYSbp60OTJWMd', 'spotify:artist:6x2LnllRG5uGarZMsD4iO8']",['spotify:artist:3grHWM9bx2E9vwJCdlRv9O'],"['Tim McGraw', 'Thomas Rhett']",['Kenny Chesney'],0.017454734922495767,0.7976190476190477,18.33329769033362,4.726202790612143,2,1
['spotify:artist:5q8HGNo0BjLWaTAhRtbwxa'],['spotify:artist:0BvkDsjIUla7X0k6CSWh1I'],['Brantley Gilbert'],['Luke Bryan'],0.017454734922495767,0.7928994082840237,16.31927280803338,4.593967137460691,1,1
"['spotify:artist:6roFdX1y5BYSbp60OTJWMd', 'spotify:artist:7x8nK0m0cP2ksQf0mjWdPS']",['spotify:artist:3b8QkneNDz4JHKKKlLgYZg'],"['Tim McGraw', 'Dierks Bentley']",['Florida Georgia Line'],0.017454734922495767,0.788235294117647,16.809117647058823,4.5007815552950365,2,1
"['spotify:artist:0BvkDsjIUla7X0k6CSWh1I', 'spotify:artist:13YmWQJFwgZrd4bf5IjMY4']",['spotify:artist:3b8QkneNDz4JHKKKlLgYZg'],"['Luke Bryan', 'Brad Paisley']",['Florida Georgia Line'],0.017454734922495767,0.788235294117647,16.809117647058823,4.5007815552950365,2,1
"['spotify:artist:1UTPBmNbXNTittyMJrNkvw', 'spotify:artist:6yJCxee7QumYr820xdIsjo']",['spotify:artist:3b8QkneNDz4JHKKKlLgYZg'],"['Blake Shelton', 'Zac Brown Band']",['Florida Georgia Line'],0.017454734922495767,0.7701149425287356,16.422701149425286,4.14601406799531,2,1
"['spotify:artist:3KV3p5EY4AvKxOlhGHORLg', 'spotify:artist:7bXgB6jMjp9ATFy66eO08Z']",['spotify:artist:3TVXtAsR1Inumwj472S9r4'],"['Jeremih', 'Chris Brown']",['Drake'],0.017454734922495767,0.7486033519553073,4.055771300607547,3.243570260373699,2,1
"['spotify:artist:3grHWM9bx2E9vwJCdlRv9O', 'spotify:artist:6x2LnllRG5uGarZMsD4iO8']",['spotify:artist:1UTPBmNbXNTittyMJrNkvw'],"['Kenny Chesney', 'Thomas Rhett']",['Blake Shelton'],0.017454734922495767,0.7486033519553073,18.129425656028054,3.813526695902624,2,1
"['spotify:artist:3grHWM9bx2E9vwJCdlRv9O', 'spotify:artist:6x2LnllRG5uGarZMsD4iO8']",['spotify:artist:6roFdX1y5BYSbp60OTJWMd'],"['Kenny Chesney', 'Thomas Rhett']",['Tim McGraw'],0.017454734922495767,0.7486033519553073,18.781137035819913,3.819226260257913,2,1
"['spotify:artist:1UTPBmNbXNTittyMJrNkvw', 'spotify:artist:6x2LnllRG5uGarZMsD4iO8']",['spotify:artist:3grHWM9bx2E9vwJCdlRv9O'],"['Blake Shelton', 'Thomas Rhett']",['Kenny Chesney'],0.017454734922495767,0.7444444444444445,17.111077844311378,3.7428003466027833,2,1
"['spotify:artist:1UTPBmNbXNTittyMJrNkvw', 'spotify:artist:6x2LnllRG5uGarZMsD4iO8']",['spotify:artist:6roFdX1y5BYSbp60OTJWMd'],"['Blake Shelton', 'Thomas Rhett']",['Tim McGraw'],0.017454734922495767,0.7444444444444445,18.676797385620915,3.7570722259034612,2,1
"['spotify:artist:3b8QkneNDz4JHKKKlLgYZg', 'spotify:artist:7x8nK0m0cP2ksQf0mjWdPS']",['spotify:artist:6roFdX1y5BYSbp60OTJWMd'],"['Florida Georgia Line', 'Dierks Bentley']",['Tim McGraw'],0.017454734922495767,0.7362637362637363,18.471557853910795,3.6405334114888634,2,1
"['spotify:artist:0u2FHSq3ln94y5Q57xazwf', 'spotify:artist:3b8QkneNDz4JHKKKlLgYZg']",['spotify:artist:2kucQ9jQwuD8jWdtR9Ef38'],"['Keith Urban', 'Florida Georgia Line']",['Sam Hunt'],0.017454734922495767,0.7362637362637363,16.72277131152871,3.6247286266336682,2,1
"['spotify:artist:3FfvYsEGaIb52QPXhg4DcH', 'spotify:artist:3b8QkneNDz4JHKKKlLgYZg']",['spotify:artist:2IvkS5MXK0vPGnwyJsrEyV'],"['Jason Aldean', 'Florida Georgia Line']",['Eric Church'],0.017454734922495767,0.7282608695652174,19.212572837292697,3.540508010941774,2,1
"['spotify:artist:246dkjvS1zLTtiykXe5h60', 'spotify:artist:4O15NlyKLIASxsJ0PrXPfz']",['spotify:artist:3TVXtAsR1Inumwj472S9r4'],"['Post Malone', 'Lil Uzi Vert']",['Drake'],0.017454734922495767,0.7204301075268817,3.9031347462836075,2.916704241440467,2,1
['spotify:artist:5dHt1vcEm9qb8fCyLcB3HL'],['spotify:artist:3TVXtAsR1Inumwj472S9r4'],['A$AP Ferg'],['Drake'],0.017454734922495767,0.7089947089947091,3.841180226501328,2.802088884152191,1,1
"['spotify:artist:3b8QkneNDz4JHKKKlLgYZg', 'spotify:artist:6yJCxee7QumYr820xdIsjo']",['spotify:artist:1UTPBmNbXNTittyMJrNkvw'],"['Florida Georgia Line', 'Zac Brown Band']",['Blake Shelton'],0.017454734922495767,0.7089947089947091,17.170196785338742,3.294468720025579,2,1
"['spotify:artist:2IvkS5MXK0vPGnwyJsrEyV', 'spotify:artist:3grHWM9bx2E9vwJCdlRv9O']",['spotify:artist:6yJCxee7QumYr820xdIsjo'],"['Eric Church', 'Kenny Chesney']",['Zac Brown Band'],0.017454734922495767,0.7089947089947091,16.851245761462483,3.291783011829906,2,1
"['spotify:artist:3b8QkneNDz4JHKKKlLgYZg', 'spotify:artist:6roFdX1y5BYSbp60OTJWMd']",['spotify:artist:7x8nK0m0cP2ksQf0mjWdPS'],"['Florida Georgia Line', 'Tim McGraw']",['Dierks Bentley'],0.017454734922495767,0.6871794871794872,19.83262001156738,3.0859582700721977,2,1
"['spotify:artist:0BvkDsjIUla7X0k6CSWh1I', 'spotify:artist:6yJCxee7QumYr820xdIsjo']",['spotify:artist:6x2LnllRG5uGarZMsD4iO8'],"['Luke Bryan', 'Zac Brown Band']",['Thomas Rhett'],0.017454734922495767,0.6871794871794872,17.017667493796527,3.0676365639754257,2,1
"['spotify:artist:2kucQ9jQwuD8jWdtR9Ef38', 'spotify:artist:3b8QkneNDz4JHKKKlLgYZg']",['spotify:artist:0u2FHSq3ln94y5Q57xazwf'],"['Sam Hunt', 'Florida Georgia Line']",['Keith Urban'],0.017454734922495767,0.6871794871794872,19.395135746606336,3.083459855604456,2,1
['spotify:artist:7FY5V3XMwlNBPitEjXowHQ'],['spotify:artist:3b8QkneNDz4JHKKKlLgYZg'],['Darius Rucker'],['Florida Georgia Line'],0.017454734922495767,0.6802030456852791,14.505329949238577,2.9803494668676374,1,1
"['spotify:artist:3grHWM9bx2E9vwJCdlRv9O', 'spotify:artist:6yJCxee7QumYr820xdIsjo']",['spotify:artist:2IvkS5MXK0vPGnwyJsrEyV'],"['Kenny Chesney', 'Zac Brown Band']",['Eric Church'],0.017454734922495767,0.6802030456852791,17.94473808153226,3.0084544433899643,2,1
"['spotify:artist:6vWDO969PvNqNYHIOW5v0m', 'spotify:artist:7bXgB6jMjp9ATFy66eO08Z']",['spotify:artist:5pKCCKE2ajJHZ9KAiaK11H'],"['Beyoncé', 'Chris Brown']",['Rihanna'],0.017454734922495767,0.6767676767676768,5.8973274171912085,2.738716295427902,2,1
"['spotify:artist:2IvkS5MXK0vPGnwyJsrEyV', 'spotify:artist:3b8QkneNDz4JHKKKlLgYZg']",['spotify:artist:3FfvYsEGaIb52QPXhg4DcH'],"['Eric Church', 'Florida Georgia Line']",['Jason Aldean'],0.017454734922495767,0.6767676767676768,19.9063044235458,2.9885697538100824,2,1
"['spotify:artist:0BvkDsjIUla7X0k6CSWh1I', 'spotify:artist:6x2LnllRG5uGarZMsD4iO8']",['spotify:artist:6yJCxee7QumYr820xdIsjo'],"['Luke Bryan', 'Thomas Rhett']",['Zac Brown Band'],0.017454734922495767,0.6733668341708543,16.004449492042255,2.932728128976664,2,1
"['spotify:artist:20sxb77xiYeusSH8cVdatc', 'spotify:artist:3TVXtAsR1Inumwj472S9r4']",['spotify:artist:1RyvyyTE3xzB2ZywiAwp0i'],"['Meek Mill', 'Drake']",['Future'],0.017454734922495767,0.67,8.79246153846154,2.7993889658602438,2,1
"['spotify:artist:1UTPBmNbXNTittyMJrNkvw', 'spotify:artist:6roFdX1y5BYSbp60OTJWMd']",['spotify:artist:6x2LnllRG5uGarZMsD4iO8'],"['Blake Shelton', 'Tim McGraw']",['Thomas Rhett'],0.017454734922495767,0.6633663366336634,16.4279463430214,2.8506348221195474,2,1
"['spotify:artist:1UTPBmNbXNTittyMJrNkvw', 'spotify:artist:3b8QkneNDz4JHKKKlLgYZg']",['spotify:artist:6yJCxee7QumYr820xdIsjo'],"['Blake Shelton', 'Florida Georgia Line']",['Zac Brown Band'],0.017454734922495767,0.6600985221674877,15.689090881361619,2.8182468619799774,2,1
"['spotify:artist:1UTPBmNbXNTittyMJrNkvw', 'spotify:artist:3grHWM9bx2E9vwJCdlRv9O']",['spotify:artist:6x2LnllRG5uGarZMsD4iO8'],"['Blake Shelton', 'Kenny Chesney']",['Thomas Rhett'],0.017454734922495767,0.6536585365853659,16.187537372147915,2.770732772301387,2,1
"['spotify:artist:3grHWM9bx2E9vwJCdlRv9O', 'spotify:artist:6roFdX1y5BYSbp60OTJWMd']",['spotify:artist:6x2LnllRG5uGarZMsD4iO8'],"['Kenny Chesney', 'Tim McGraw']",['Thomas Rhett'],0.017454734922495767,0.6411483253588517,15.877728044451304,2.6741400720767663,2,1
['spotify:artist:5Zq7R5qmi58ByYyBQTlNuk'],['spotify:artist:6x2LnllRG5uGarZMsD4iO8'],['Lee Brice'],['Thomas Rhett'],0.017454734922495767,0.600896860986547,14.880920005786198,2.404440229314763,1,1
['spotify:artist:5Zq7R5qmi58ByYyBQTlNuk'],['spotify:artist:1n2pb9Tsfe4SwAjmUac6YT'],['Lee Brice'],['Jake Owen'],0.017454734922495767,0.600896860986547,20.232829832428603,2.4312033756163527,1,1
['spotify:artist:1n2pb9Tsfe4SwAjmUac6YT'],['spotify:artist:5Zq7R5qmi58ByYyBQTlNuk'],['Jake Owen'],['Lee Brice'],0.017454734922495767,0.5877192982456141,20.232829832428607,2.3550755364878238,1,1
"['spotify:artist:3TVXtAsR1Inumwj472S9r4', 'spotify:artist:4O15NlyKLIASxsJ0PrXPfz']",['spotify:artist:246dkjvS1zLTtiykXe5h60'],"['Drake', 'Lil Uzi Vert']",['Post Malone'],0.017454734922495767,0.5654008438818566,8.894635816559454,2.154706214882179,2,1
"['spotify:artist:0BvkDsjIUla7X0k6CSWh1I', 'spotify:artist:3b8QkneNDz4JHKKKlLgYZg']",['spotify:artist:13YmWQJFwgZrd4bf5IjMY4'],"['Luke Bryan', 'Florida Georgia Line']",['Brad Paisley'],0.017454734922495767,0.5447154471544716,17.644643408459405,2.1286216714118242,2,1
"['spotify:artist:0BvkDsjIUla7X0k6CSWh1I', 'spotify:artist:3b8QkneNDz4JHKKKlLgYZg']",['spotify:artist:4BYxqVkZyFjtik7crYLg5Q'],"['Luke Bryan', 'Florida Georgia Line']",['Chris Young'],0.017454734922495767,0.5447154471544716,18.261050165086807,2.1309105119187186,2,1
"['spotify:artist:5pKCCKE2ajJHZ9KAiaK11H', 'spotify:artist:7bXgB6jMjp9ATFy66eO08Z']",['spotify:artist:6vWDO969PvNqNYHIOW5v0m'],"['Rihanna', 'Chris Brown']",['Beyoncé'],0.017454734922495767,0.5056603773584906,6.994513003569607,1.876657449087042,2,1
"['spotify:artist:1n2pb9Tsfe4SwAjmUac6YT', 'spotify:artist:3FfvYsEGaIb52QPXhg4DcH']",['spotify:artist:0BvkDsjIUla7X0k6CSWh1I'],"['Jake Owen', 'Jason Aldean']",['Luke Bryan'],0.017324475706656246,0.8926174496644295,18.371646544433847,8.860036472580429,2,1
"['spotify:artist:3FfvYsEGaIb52QPXhg4DcH', 'spotify:artist:6yJCxee7QumYr820xdIsjo']",['spotify:artist:0BvkDsjIUla7X0k6CSWh1I'],"['Jason Aldean', 'Zac Brown Band']",['Luke Bryan'],0.017324475706656246,0.8866666666666666,18.24916890080429,8.394823345516397,2,1
"['spotify:artist:02kJSzxNuaWGqwubyUba0Z', 'spotify:artist:0c173mlxpT3dSFRgMO8XPh']",['spotify:artist:3TVXtAsR1Inumwj472S9r4'],"['G-Eazy', 'Big Sean']",['Drake'],0.017324475706656246,0.869281045751634,4.7095769853460085,6.237983587338805,2,1
"['spotify:artist:1By9QBFnjZAoI83BZppHlt', 'spotify:artist:1UTPBmNbXNTittyMJrNkvw']",['spotify:artist:3b8QkneNDz4JHKKKlLgYZg'],"['Billy Currington', 'Blake Shelton']",['Florida Georgia Line'],0.017324475706656246,0.8260869565217391,17.616304347826087,5.480363423212192,2,1
"['spotify:artist:6x2LnllRG5uGarZMsD4iO8', 'spotify:artist:6yJCxee7QumYr820xdIsjo']",['spotify:artist:3b8QkneNDz4JHKKKlLgYZg'],"['Thomas Rhett', 'Zac Brown Band']",['Florida Georgia Line'],0.017324475706656246,0.8109756097560976,17.294054878048783,5.0422418031237015,2,1
"['spotify:artist:2IvkS5MXK0vPGnwyJsrEyV', 'spotify:artist:3FfvYsEGaIb52QPXhg4DcH']",['spotify:artist:1UTPBmNbXNTittyMJrNkvw'],"['Eric Church', 'Jason Aldean']",['Blake Shelton'],0.017324475706656246,0.8012048192771085,19.403310402493254,4.82259089527554,2,1
"['spotify:artist:1By9QBFnjZAoI83BZppHlt', 'spotify:artist:3b8QkneNDz4JHKKKlLgYZg']",['spotify:artist:3grHWM9bx2E9vwJCdlRv9O'],"['Billy Currington', 'Florida Georgia Line']",['Kenny Chesney'],0.017324475706656246,0.8012048192771085,18.415716759252582,4.811451758696778,2,1
"['spotify:artist:1By9QBFnjZAoI83BZppHlt', 'spotify:artist:3grHWM9bx2E9vwJCdlRv9O']",['spotify:artist:3b8QkneNDz4JHKKKlLgYZg'],"['Billy Currington', 'Kenny Chesney']",['Florida Georgia Line'],0.017324475706656246,0.8012048192771085,17.08569277108434,4.794415432164555,2,1
"['spotify:artist:1By9QBFnjZAoI83BZppHlt', 'spotify:artist:3b8QkneNDz4JHKKKlLgYZg']",['spotify:artist:1UTPBmNbXNTittyMJrNkvw'],"['Billy Currington', 'Florida Georgia Line']",['Blake Shelton'],0.017324475706656246,0.8012048192771085,19.403310402493254,4.82259089527554,2,1
"['spotify:artist:55Aa2cqylxrFIXC767Z865', 'spotify:artist:5pKCCKE2ajJHZ9KAiaK11H']",['spotify:artist:3TVXtAsR1Inumwj472S9r4'],"['Lil Wayne', 'Rihanna']",['Drake'],0.017324475706656246,0.7964071856287426,4.314762148251134,4.005164394792698,2,1
"['spotify:artist:2IvkS5MXK0vPGnwyJsrEyV', 'spotify:artist:6yJCxee7QumYr820xdIsjo']",['spotify:artist:6roFdX1y5BYSbp60OTJWMd'],"['Eric Church', 'Zac Brown Band']",['Tim McGraw'],0.017324475706656246,0.7964071856287426,19.98045086297992,4.715985104475555,2,1
"['spotify:artist:3FfvYsEGaIb52QPXhg4DcH', 'spotify:artist:7x8nK0m0cP2ksQf0mjWdPS']",['spotify:artist:3grHWM9bx2E9vwJCdlRv9O'],"['Jason Aldean', 'Dierks Bentley']",['Kenny Chesney'],0.017324475706656246,0.7916666666666667,18.196482035928145,4.591168425166082,2,1
"['spotify:artist:1UTPBmNbXNTittyMJrNkvw', 'spotify:artist:2kucQ9jQwuD8jWdtR9Ef38']",['spotify:artist:6x2LnllRG5uGarZMsD4iO8'],"['Blake Shelton', 'Sam Hunt']",['Thomas Rhett'],0.017324475706656246,0.7916666666666667,19.60524193548387,4.606174286830795,2,1
"['spotify:artist:2IvkS5MXK0vPGnwyJsrEyV', 'spotify:artist:7x8nK0m0cP2ksQf0mjWdPS']",['spotify:artist:3grHWM9bx2E9vwJCdlRv9O'],"['Eric Church', 'Dierks Bentley']",['Kenny Chesney'],0.017324475706656246,0.7869822485207101,18.088810544591293,4.490205230631179,2,1
"['spotify:artist:3FfvYsEGaIb52QPXhg4DcH', 'spotify:artist:3grHWM9bx2E9vwJCdlRv9O']",['spotify:artist:7x8nK0m0cP2ksQf0mjWdPS'],"['Jason Aldean', 'Kenny Chesney']",['Dierks Bentley'],0.017324475706656246,0.7732558139534883,22.316860465116278,4.257445650177185,2,1
"['spotify:artist:0BvkDsjIUla7X0k6CSWh1I', 'spotify:artist:1n2pb9Tsfe4SwAjmUac6YT']",['spotify:artist:3FfvYsEGaIb52QPXhg4DcH'],"['Luke Bryan', 'Jake Owen']",['Jason Aldean'],0.017324475706656246,0.7430167597765364,21.854941244461568,3.7590091238085535,2,1
"['spotify:artist:1UTPBmNbXNTittyMJrNkvw', 'spotify:artist:6x2LnllRG5uGarZMsD4iO8']",['spotify:artist:2kucQ9jQwuD8jWdtR9Ef38'],"['Blake Shelton', 'Thomas Rhett']",['Sam Hunt'],0.017324475706656246,0.7388888888888889,16.782396449704144,3.6611708363473103,2,1
"['spotify:artist:1UTPBmNbXNTittyMJrNkvw', 'spotify:artist:3FfvYsEGaIb52QPXhg4DcH']",['spotify:artist:2IvkS5MXK0vPGnwyJsrEyV'],"['Blake Shelton', 'Jason Aldean']",['Eric Church'],0.017324475706656246,0.7348066298342542,19.385259440678933,3.6278982675524296,2,1
"['spotify:artist:2kucQ9jQwuD8jWdtR9Ef38', 'spotify:artist:6x2LnllRG5uGarZMsD4iO8']",['spotify:artist:1UTPBmNbXNTittyMJrNkvw'],"['Sam Hunt', 'Thomas Rhett']",['Blake Shelton'],0.017324475706656246,0.7307692307692308,17.69752487260374,3.5609147918643824,2,1
"['spotify:artist:2IvkS5MXK0vPGnwyJsrEyV', 'spotify:artist:6roFdX1y5BYSbp60OTJWMd']",['spotify:artist:6yJCxee7QumYr820xdIsjo'],"['Eric Church', 'Tim McGraw']",['Zac Brown Band'],0.017324475706656246,0.7307692307692308,17.368778280542987,3.5580118721971017,2,1
"['spotify:artist:3grHWM9bx2E9vwJCdlRv9O', 'spotify:artist:7x8nK0m0cP2ksQf0mjWdPS']",['spotify:artist:2IvkS5MXK0vPGnwyJsrEyV'],"['Kenny Chesney', 'Dierks Bentley']",['Eric Church'],0.017324475706656246,0.726775956284153,19.17339868176441,3.5212661195779607,2,1
"['spotify:artist:3grHWM9bx2E9vwJCdlRv9O', 'spotify:artist:7x8nK0m0cP2ksQf0mjWdPS']",['spotify:artist:3FfvYsEGaIb52QPXhg4DcH'],"['Kenny Chesney', 'Dierks Bentley']",['Jason Aldean'],0.017324475706656246,0.726775956284153,21.377237610702846,3.53556858147714,2,1
"['spotify:artist:6roFdX1y5BYSbp60OTJWMd', 'spotify:artist:6yJCxee7QumYr820xdIsjo']",['spotify:artist:2IvkS5MXK0vPGnwyJsrEyV'],"['Tim McGraw', 'Zac Brown Band']",['Eric Church'],0.017324475706656246,0.7150537634408602,18.8641503159295,3.3764073525183043,2,1
['spotify:artist:1mfDfLsMxYcOOZkzBxvSVW'],['spotify:artist:7x8nK0m0cP2ksQf0mjWdPS'],['Cole Swindell'],['Dierks Bentley'],0.017324475706656246,0.7112299465240642,20.52673796791444,3.3429749275131595,1,1
"['spotify:artist:2IvkS5MXK0vPGnwyJsrEyV', 'spotify:artist:3grHWM9bx2E9vwJCdlRv9O']",['spotify:artist:7x8nK0m0cP2ksQf0mjWdPS'],"['Eric Church', 'Kenny Chesney']",['Dierks Bentley'],0.017324475706656246,0.7037037037037037,20.30952380952381,3.2580597889800704,2,1
"['spotify:artist:3b8QkneNDz4JHKKKlLgYZg', 'spotify:artist:6yJCxee7QumYr820xdIsjo']",['spotify:artist:6x2LnllRG5uGarZMsD4iO8'],"['Florida Georgia Line', 'Zac Brown Band']",['Thomas Rhett'],0.017324475706656246,0.7037037037037037,17.426881720430107,3.2387162954279014,2,1
"['spotify:artist:1UTPBmNbXNTittyMJrNkvw', 'spotify:artist:2IvkS5MXK0vPGnwyJsrEyV']",['spotify:artist:3FfvYsEGaIb52QPXhg4DcH'],"['Blake Shelton', 'Eric Church']",['Jason Aldean'],0.017324475706656246,0.6855670103092784,20.165126199786705,3.072204178117733,2,1
"['spotify:artist:0BvkDsjIUla7X0k6CSWh1I', 'spotify:artist:6yJCxee7QumYr820xdIsjo']",['spotify:artist:3FfvYsEGaIb52QPXhg4DcH'],"['Luke Bryan', 'Zac Brown Band']",['Jason Aldean'],0.017324475706656246,0.6820512820512821,20.061715296198056,3.0382331808039935,2,1
"['spotify:artist:1anyVhU62p31KFi8MEzkbf', 'spotify:artist:2YZyLoL8N0Wb9xBt1NhZWg']",['spotify:artist:5K4W6rqBFWDnAN6FQUkS6x'],"['Chance The Rapper', 'Kendrick Lamar']",['Kanye West'],0.017324475706656246,0.6820512820512821,5.494341754782468,2.75473030039456,2,1
['spotify:artist:0qSX3s5pJnAlSsgsCne8Cz'],['spotify:artist:3grHWM9bx2E9vwJCdlRv9O'],['Brett Eldredge'],['Kenny Chesney'],0.017324475706656246,0.6785714285714286,15.596984602224126,2.975757312607645,1,1
"['spotify:artist:1anyVhU62p31KFi8MEzkbf', 'spotify:artist:5K4W6rqBFWDnAN6FQUkS6x']",['spotify:artist:2YZyLoL8N0Wb9xBt1NhZWg'],"['Chance The Rapper', 'Kanye West']",['Kendrick Lamar'],0.017324475706656246,0.6717171717171717,6.968611793611794,2.752529533772207,2,1
"['spotify:artist:0BvkDsjIUla7X0k6CSWh1I', 'spotify:artist:3FfvYsEGaIb52QPXhg4DcH']",['spotify:artist:6yJCxee7QumYr820xdIsjo'],"['Luke Bryan', 'Jason Aldean']",['Zac Brown Band'],0.017324475706656246,0.6616915422885572,15.726953467954345,2.831517366618394,2,1
"['spotify:artist:0BvkDsjIUla7X0k6CSWh1I', 'spotify:artist:3FfvYsEGaIb52QPXhg4DcH']",['spotify:artist:1n2pb9Tsfe4SwAjmUac6YT'],"['Luke Bryan', 'Jason Aldean']",['Jake Owen'],0.017324475706656246,0.6616915422885572,22.279850746268657,2.8680953037721535,2,1
"['spotify:artist:3b8QkneNDz4JHKKKlLgYZg', 'spotify:artist:6x2LnllRG5uGarZMsD4iO8']",['spotify:artist:6yJCxee7QumYr820xdIsjo'],"['Florida Georgia Line', 'Thomas Rhett']",['Zac Brown Band'],0.017324475706656246,0.6551724137931034,15.572008113590263,2.777986192523121,2,1
"['spotify:artist:1UTPBmNbXNTittyMJrNkvw', 'spotify:artist:3b8QkneNDz4JHKKKlLgYZg']",['spotify:artist:1By9QBFnjZAoI83BZppHlt'],"['Blake Shelton', 'Florida Georgia Line']",['Billy Currington'],0.017324475706656246,0.6551724137931034,21.4946949602122,2.811606096131301,2,1
"['spotify:artist:3b8QkneNDz4JHKKKlLgYZg', 'spotify:artist:3grHWM9bx2E9vwJCdlRv9O']",['spotify:artist:1By9QBFnjZAoI83BZppHlt'],"['Florida Georgia Line', 'Kenny Chesney']",['Billy Currington'],0.017324475706656246,0.6487804878048781,21.284990619136963,2.760437019669142,2,1
"['spotify:artist:5K4W6rqBFWDnAN6FQUkS6x', 'spotify:artist:6vWDO969PvNqNYHIOW5v0m']",['spotify:artist:5pKCCKE2ajJHZ9KAiaK11H'],"['Kanye West', 'Beyoncé']",['Rihanna'],0.017324475706656246,0.6303317535545024,5.492686574390369,2.3946921039535347,2,1
['spotify:artist:46SHBwWsqBkxI7EeeBEQG7'],['spotify:artist:6oMuImdp5ZcFhWP0ESe6mG'],['Kodak Black'],['Migos'],0.017324475706656246,0.5911111111111111,10.152035794183446,2.3032519496406545,1,1
['spotify:artist:13YmWQJFwgZrd4bf5IjMY4'],['spotify:artist:3FfvYsEGaIb52QPXhg4DcH'],['Brad Paisley'],['Jason Aldean'],0.017324475706656246,0.5611814345991561,16.50647461079587,2.201370727748219,1,1
['spotify:artist:5LHRHt1k9lMyONurDHEdrp'],['spotify:artist:0c173mlxpT3dSFRgMO8XPh'],['Tyga'],['Big Sean'],0.017324475706656246,0.5588235294117647,6.964428953399541,2.0847900655638054,1,1
['spotify:artist:3FfvYsEGaIb52QPXhg4DcH'],['spotify:artist:13YmWQJFwgZrd4bf5IjMY4'],['Jason Aldean'],['Brad Paisley'],0.017324475706656246,0.5095785440613027,16.506474610795866,1.9761137162954276,1,1
['spotify:artist:7x8nK0m0cP2ksQf0mjWdPS'],['spotify:artist:1mfDfLsMxYcOOZkzBxvSVW'],['Dierks Bentley'],['Cole Swindell'],0.017324475706656246,0.5,20.52673796791444,1.9512830532760193,1,1
"['spotify:artist:13ubrt8QOOCPljQ2FL1Kca', 'spotify:artist:55Aa2cqylxrFIXC767Z865']",['spotify:artist:3TVXtAsR1Inumwj472S9r4'],"['A$AP Rocky', 'Lil Wayne']",['Drake'],0.017194216490816726,0.8516129032258064,4.613854804562115,5.495239875177688,2,1
"['spotify:artist:3b8QkneNDz4JHKKKlLgYZg', 'spotify:artist:5Zq7R5qmi58ByYyBQTlNuk']",['spotify:artist:0BvkDsjIUla7X0k6CSWh1I'],"['Florida Georgia Line', 'Lee Brice']",['Luke Bryan'],0.017194216490816726,0.8461538461538461,17.415343369766962,6.184186531197081,2,1
"['spotify:artist:0u2FHSq3ln94y5Q57xazwf', 'spotify:artist:2IvkS5MXK0vPGnwyJsrEyV']",['spotify:artist:3b8QkneNDz4JHKKKlLgYZg'],"['Keith Urban', 'Eric Church']",['Florida Georgia Line'],0.017194216490816726,0.8407643312101911,17.929299363057325,5.985509964830013,2,1
"['spotify:artist:1By9QBFnjZAoI83BZppHlt', 'spotify:artist:6roFdX1y5BYSbp60OTJWMd']",['spotify:artist:1UTPBmNbXNTittyMJrNkvw'],"['Billy Currington', 'Tim McGraw']",['Blake Shelton'],0.017194216490816726,0.8301886792452831,20.105231831438605,5.645723879408914,2,1
"['spotify:artist:2kucQ9jQwuD8jWdtR9Ef38', 'spotify:artist:3grHWM9bx2E9vwJCdlRv9O']",['spotify:artist:0BvkDsjIUla7X0k6CSWh1I'],"['Sam Hunt', 'Kenny Chesney']",['Luke Bryan'],0.017194216490816726,0.8198757763975155,16.874494196792835,5.281984252109974,2,1
"['spotify:artist:1By9QBFnjZAoI83BZppHlt', 'spotify:artist:1UTPBmNbXNTittyMJrNkvw']",['spotify:artist:6roFdX1y5BYSbp60OTJWMd'],"['Billy Currington', 'Blake Shelton']",['Tim McGraw'],0.017194216490816726,0.8198757763975155,20.569236390208257,5.330436188705178,2,1
"['spotify:artist:0u2FHSq3ln94y5Q57xazwf', 'spotify:artist:6yJCxee7QumYr820xdIsjo']",['spotify:artist:3b8QkneNDz4JHKKKlLgYZg'],"['Keith Urban', 'Zac Brown Band']",['Florida Georgia Line'],0.017194216490816726,0.8098159509202455,17.269325153374236,5.011496426275387,2,1
"['spotify:artist:0u2FHSq3ln94y5Q57xazwf', 'spotify:artist:6yJCxee7QumYr820xdIsjo']",['spotify:artist:0BvkDsjIUla7X0k6CSWh1I'],"['Keith Urban', 'Zac Brown Band']",['Luke Bryan'],0.017194216490816726,0.8098159509202455,16.66744518824323,5.002592578586228,2,1
"['spotify:artist:0BvkDsjIUla7X0k6CSWh1I', 'spotify:artist:5Zq7R5qmi58ByYyBQTlNuk']",['spotify:artist:3b8QkneNDz4JHKKKlLgYZg'],"['Luke Bryan', 'Lee Brice']",['Florida Georgia Line'],0.017194216490816726,0.8048780487804879,17.164024390243902,4.884671746776085,2,1
"['spotify:artist:0c173mlxpT3dSFRgMO8XPh', 'spotify:artist:0hCNtLu0JehylgoiP8L4Gh']",['spotify:artist:3TVXtAsR1Inumwj472S9r4'],"['Big Sean', 'Nicki Minaj']",['Drake'],0.017194216490816726,0.7951807228915664,4.3081174379947464,3.9811813744645983,2,1
"['spotify:artist:2IvkS5MXK0vPGnwyJsrEyV', 'spotify:artist:6yJCxee7QumYr820xdIsjo']",['spotify:artist:3b8QkneNDz4JHKKKlLgYZg'],"['Eric Church', 'Zac Brown Band']",['Florida Georgia Line'],0.017194216490816726,0.7904191616766468,16.855688622754492,4.5476804555350885,2,1
"['spotify:artist:2IvkS5MXK0vPGnwyJsrEyV', 'spotify:artist:7x8nK0m0cP2ksQf0mjWdPS']",['spotify:artist:1UTPBmNbXNTittyMJrNkvw'],"['Eric Church', 'Dierks Bentley']",['Blake Shelton'],0.017194216490816726,0.7810650887573966,18.915573143187803,4.378962784589985,2,1
"['spotify:artist:6roFdX1y5BYSbp60OTJWMd', 'spotify:artist:7x8nK0m0cP2ksQf0mjWdPS']",['spotify:artist:6yJCxee7QumYr820xdIsjo'],"['Tim McGraw', 'Dierks Bentley']",['Zac Brown Band'],0.017194216490816726,0.7764705882352941,18.45499908941905,4.285459643638209,2,1
"['spotify:artist:6yJCxee7QumYr820xdIsjo', 'spotify:artist:7x8nK0m0cP2ksQf0mjWdPS']",['spotify:artist:6roFdX1y5BYSbp60OTJWMd'],"['Zac Brown Band', 'Dierks Bentley']",['Tim McGraw'],0.017194216490816726,0.7764705882352941,19.480276816608995,4.295366199790214,2,1
"['spotify:artist:0BvkDsjIUla7X0k6CSWh1I', 'spotify:artist:13YmWQJFwgZrd4bf5IjMY4']",['spotify:artist:3grHWM9bx2E9vwJCdlRv9O'],"['Luke Bryan', 'Brad Paisley']",['Kenny Chesney'],0.017194216490816726,0.7764705882352941,17.84719971821064,4.279049519069264,2,1
"['spotify:artist:13YmWQJFwgZrd4bf5IjMY4', 'spotify:artist:3grHWM9bx2E9vwJCdlRv9O']",['spotify:artist:0BvkDsjIUla7X0k6CSWh1I'],"['Brad Paisley', 'Kenny Chesney']",['Luke Bryan'],0.017194216490816726,0.7719298245614035,15.887681670664596,4.171581447079688,2,1
"['spotify:artist:0Y5tJX1MQlPlqiwlOH1tJY', 'spotify:artist:4O15NlyKLIASxsJ0PrXPfz']",['spotify:artist:3TVXtAsR1Inumwj472S9r4'],"['Travis Scott', 'Lil Uzi Vert']",['Drake'],0.017194216490816726,0.7586206896551724,4.11004307302947,3.378179720500939,2,1
['spotify:artist:5OrB6Jhhrl9y2PK0pSV4VP'],['spotify:artist:3TVXtAsR1Inumwj472S9r4'],['Young Money'],['Drake'],0.017194216490816726,0.7415730337078652,4.017682554534426,3.155331283166545,1,1
"['spotify:artist:1UTPBmNbXNTittyMJrNkvw', 'spotify:artist:7x8nK0m0cP2ksQf0mjWdPS']",['spotify:artist:2IvkS5MXK0vPGnwyJsrEyV'],"['Blake Shelton', 'Dierks Bentley']",['Eric Church'],0.017194216490816726,0.7252747252747253,19.133794041010535,3.502024228214146,2,1
"['spotify:artist:0u2FHSq3ln94y5Q57xazwf', 'spotify:artist:3b8QkneNDz4JHKKKlLgYZg']",['spotify:artist:2IvkS5MXK0vPGnwyJsrEyV'],"['Keith Urban', 'Florida Georgia Line']",['Eric Church'],0.017194216490816726,0.7252747252747253,19.133794041010535,3.502024228214146,2,1
"['spotify:artist:0u2FHSq3ln94y5Q57xazwf', 'spotify:artist:3b8QkneNDz4JHKKKlLgYZg']",['spotify:artist:6yJCxee7QumYr820xdIsjo'],"['Keith Urban', 'Florida Georgia Line']",['Zac Brown Band'],0.017194216490816726,0.7252747252747253,17.238185962644167,3.4868516347531586,2,1
"['spotify:artist:1Xyo4u8uXC1ZmMpatF05PJ', 'spotify:artist:7bXgB6jMjp9ATFy66eO08Z']",['spotify:artist:3TVXtAsR1Inumwj472S9r4'],"['The Weeknd', 'Chris Brown']",['Drake'],0.017194216490816726,0.7213114754098361,3.907909807142775,2.9259284800281975,2,1
"['spotify:artist:0BvkDsjIUla7X0k6CSWh1I', 'spotify:artist:0u2FHSq3ln94y5Q57xazwf']",['spotify:artist:6yJCxee7QumYr820xdIsjo'],"['Luke Bryan', 'Keith Urban']",['Zac Brown Band'],0.017194216490816726,0.7213114754098361,17.14398822514338,3.4372648629596427,2,1
"['spotify:artist:6roFdX1y5BYSbp60OTJWMd', 'spotify:artist:6yJCxee7QumYr820xdIsjo']",['spotify:artist:7x8nK0m0cP2ksQf0mjWdPS'],"['Tim McGraw', 'Zac Brown Band']",['Dierks Bentley'],0.017194216490816726,0.7096774193548387,20.4819306330342,3.3250980562430352,2,1
['spotify:artist:1mfDfLsMxYcOOZkzBxvSVW'],['spotify:artist:2IvkS5MXK0vPGnwyJsrEyV'],['Cole Swindell'],['Eric Church'],0.017194216490816726,0.7058823529411765,18.622195269860523,3.2711215318483786,1,1
"['spotify:artist:0BvkDsjIUla7X0k6CSWh1I', 'spotify:artist:2kucQ9jQwuD8jWdtR9Ef38']",['spotify:artist:3grHWM9bx2E9vwJCdlRv9O'],"['Luke Bryan', 'Sam Hunt']",['Kenny Chesney'],0.017194216490816726,0.7021276595744681,16.138425277105366,3.211085059267943,2,1
"['spotify:artist:3b8QkneNDz4JHKKKlLgYZg', 'spotify:artist:6yJCxee7QumYr820xdIsjo']",['spotify:artist:0u2FHSq3ln94y5Q57xazwf'],"['Florida Georgia Line', 'Zac Brown Band']",['Keith Urban'],0.017194216490816726,0.6984126984126985,19.71218487394958,3.1983093724933678,2,1
"['spotify:artist:3b8QkneNDz4JHKKKlLgYZg', 'spotify:artist:6yJCxee7QumYr820xdIsjo']",['spotify:artist:2IvkS5MXK0vPGnwyJsrEyV'],"['Florida Georgia Line', 'Zac Brown Band']",['Eric Church'],0.017194216490816726,0.6984126984126985,18.425135002454592,3.190103041895478,2,1
"['spotify:artist:1UTPBmNbXNTittyMJrNkvw', 'spotify:artist:2IvkS5MXK0vPGnwyJsrEyV']",['spotify:artist:7x8nK0m0cP2ksQf0mjWdPS'],"['Blake Shelton', 'Eric Church']",['Dierks Bentley'],0.017194216490816726,0.6804123711340206,19.637314936826602,3.0206145713841517,2,1
"['spotify:artist:0BvkDsjIUla7X0k6CSWh1I', 'spotify:artist:6yJCxee7QumYr820xdIsjo']",['spotify:artist:0u2FHSq3ln94y5Q57xazwf'],"['Luke Bryan', 'Zac Brown Band']",['Keith Urban'],0.017194216490816726,0.676923076923077,19.105656108597287,2.985572241140823,2,1
['spotify:artist:7FY5V3XMwlNBPitEjXowHQ'],['spotify:artist:1UTPBmNbXNTittyMJrNkvw'],['Darius Rucker'],['Blake Shelton'],0.017194216490816726,0.6700507614213198,16.227065285272783,2.9056221881544273,1,1
"['spotify:artist:2IvkS5MXK0vPGnwyJsrEyV', 'spotify:artist:3b8QkneNDz4JHKKKlLgYZg']",['spotify:artist:0u2FHSq3ln94y5Q57xazwf'],"['Eric Church', 'Florida Georgia Line']",['Keith Urban'],0.017194216490816726,0.6666666666666666,18.816176470588236,2.893708479874951,2,1
"['spotify:artist:2IvkS5MXK0vPGnwyJsrEyV', 'spotify:artist:3b8QkneNDz4JHKKKlLgYZg']",['spotify:artist:6yJCxee7QumYr820xdIsjo'],"['Eric Church', 'Florida Georgia Line']",['Zac Brown Band'],0.017194216490816726,0.6666666666666666,15.845201238390093,2.873778819851504,2,1
"['spotify:artist:1UTPBmNbXNTittyMJrNkvw', 'spotify:artist:6roFdX1y5BYSbp60OTJWMd']",['spotify:artist:1By9QBFnjZAoI83BZppHlt'],"['Blake Shelton', 'Tim McGraw']",['Billy Currington'],0.017194216490816726,0.6534653465346535,21.43869002284844,2.7977558197956793,2,1
"['spotify:artist:0BvkDsjIUla7X0k6CSWh1I', 'spotify:artist:3grHWM9bx2E9vwJCdlRv9O']",['spotify:artist:13YmWQJFwgZrd4bf5IjMY4'],"['Luke Bryan', 'Kenny Chesney']",['Brad Paisley'],0.017194216490816726,0.6055045871559633,19.61374985483684,2.4566282250515736,2,1
"['spotify:artist:0BvkDsjIUla7X0k6CSWh1I', 'spotify:artist:3grHWM9bx2E9vwJCdlRv9O']",['spotify:artist:2kucQ9jQwuD8jWdtR9Ef38'],"['Luke Bryan', 'Kenny Chesney']",['Sam Hunt'],0.017194216490816726,0.6055045871559633,13.752836436675535,2.423278836512567,2,1
['spotify:artist:13y7CgLHjMVRMDqxdx0Xdo'],['spotify:artist:2YZyLoL8N0Wb9xBt1NhZWg'],['Gucci Mane'],['Kendrick Lamar'],0.017194216490816726,0.5789473684210527,6.006187766714083,2.146069428162043,1,1
"['spotify:artist:3TVXtAsR1Inumwj472S9r4', 'spotify:artist:4O15NlyKLIASxsJ0PrXPfz']",['spotify:artist:0Y5tJX1MQlPlqiwlOH1tJY'],"['Drake', 'Lil Uzi Vert']",['Travis Scott'],0.017194216490816726,0.5569620253164558,10.45427253876389,2.1368912707716934,2,1
['spotify:artist:0a1gHP0HAqALbEyxaD5Ngn'],['spotify:artist:1UTPBmNbXNTittyMJrNkvw'],['Rascal Flatts'],['Blake Shelton'],0.017194216490816726,0.5477178423236515,13.264447556841239,2.119711804472552,1,1
"['spotify:artist:0BvkDsjIUla7X0k6CSWh1I', 'spotify:artist:3b8QkneNDz4JHKKKlLgYZg']",['spotify:artist:5Zq7R5qmi58ByYyBQTlNuk'],"['Luke Bryan', 'Florida Georgia Line']",['Lee Brice'],0.017194216490816726,0.5365853658536586,18.472492617302855,2.095212631030488,2,1
"['spotify:artist:0c173mlxpT3dSFRgMO8XPh', 'spotify:artist:7c0XG5cIJTrrAgEC3ULPiq']",['spotify:artist:3TVXtAsR1Inumwj472S9r4'],"['Big Sean', 'Ty Dolla $ign']",['Drake'],0.017063957274977205,0.8791946308724832,4.763286648700109,6.749887832341913,2,1
"['spotify:artist:1By9QBFnjZAoI83BZppHlt', 'spotify:artist:7x8nK0m0cP2ksQf0mjWdPS']",['spotify:artist:0BvkDsjIUla7X0k6CSWh1I'],"['Billy Currington', 'Dierks Bentley']",['Luke Bryan'],0.017063957274977205,0.8733333333333333,17.974745308310993,7.5111577301988826,2,1
['spotify:artist:1dID9zgn0OV0Y8ud7Mh2tS'],['spotify:artist:0BvkDsjIUla7X0k6CSWh1I'],['Dustin Lynch'],['Luke Bryan'],0.017063957274977205,0.8397435897435898,17.28340895029903,5.936819069949199,1,1
"['spotify:artist:13YmWQJFwgZrd4bf5IjMY4', 'spotify:artist:1UTPBmNbXNTittyMJrNkvw']",['spotify:artist:6roFdX1y5BYSbp60OTJWMd'],"['Brad Paisley', 'Blake Shelton']",['Tim McGraw'],0.017063957274977205,0.829113924050633,20.801005212211468,5.618601016021887,2,1
"['spotify:artist:13YmWQJFwgZrd4bf5IjMY4', 'spotify:artist:6roFdX1y5BYSbp60OTJWMd']",['spotify:artist:1UTPBmNbXNTittyMJrNkvw'],"['Brad Paisley', 'Tim McGraw']",['Blake Shelton'],0.017063957274977205,0.813664596273292,19.705057115426065,5.145065346706615,2,1
['spotify:artist:5q8HGNo0BjLWaTAhRtbwxa'],['spotify:artist:3b8QkneNDz4JHKKKlLgYZg'],['Brantley Gilbert'],['Florida Georgia Line'],0.017063957274977205,0.7751479289940829,16.530029585798818,4.2388165607453585,1,1
"['spotify:artist:6yJCxee7QumYr820xdIsjo', 'spotify:artist:7x8nK0m0cP2ksQf0mjWdPS']",['spotify:artist:3grHWM9bx2E9vwJCdlRv9O'],"['Zac Brown Band', 'Dierks Bentley']",['Kenny Chesney'],0.017063957274977205,0.7705882352941176,17.711993659739345,4.1693303006315885,2,1
"['spotify:artist:2IvkS5MXK0vPGnwyJsrEyV', 'spotify:artist:6x2LnllRG5uGarZMsD4iO8']",['spotify:artist:3grHWM9bx2E9vwJCdlRv9O'],"['Eric Church', 'Thomas Rhett']",['Kenny Chesney'],0.017063957274977205,0.7660818713450293,17.608414749448475,4.08900937866354,2,1
"['spotify:artist:0BvkDsjIUla7X0k6CSWh1I', 'spotify:artist:1By9QBFnjZAoI83BZppHlt']",['spotify:artist:7x8nK0m0cP2ksQf0mjWdPS'],"['Luke Bryan', 'Billy Currington']",['Dierks Bentley'],0.017063957274977205,0.7443181818181819,21.481694292549555,3.7755952122501566,2,1
"['spotify:artist:3grHWM9bx2E9vwJCdlRv9O', 'spotify:artist:6x2LnllRG5uGarZMsD4iO8']",['spotify:artist:2IvkS5MXK0vPGnwyJsrEyV'],"['Kenny Chesney', 'Thomas Rhett']",['Eric Church'],0.017063957274977205,0.7318435754189945,19.307089788631,3.5878109938778175,2,1
"['spotify:artist:3grHWM9bx2E9vwJCdlRv9O', 'spotify:artist:7x8nK0m0cP2ksQf0mjWdPS']",['spotify:artist:6yJCxee7QumYr820xdIsjo'],"['Kenny Chesney', 'Dierks Bentley']",['Zac Brown Band'],0.017063957274977205,0.7158469945355191,17.01410952646805,3.371163615595034,2,1
['spotify:artist:1mfDfLsMxYcOOZkzBxvSVW'],['spotify:artist:1UTPBmNbXNTittyMJrNkvw'],['Cole Swindell'],['Blake Shelton'],0.017063957274977205,0.7005347593582888,16.965316553922975,3.201399356147305,1,1
['spotify:artist:1mfDfLsMxYcOOZkzBxvSVW'],['spotify:artist:6x2LnllRG5uGarZMsD4iO8'],['Cole Swindell'],['Thomas Rhett'],0.017063957274977205,0.7005347593582888,17.348404347076073,3.2044441653175535,1,1
"['spotify:artist:2IvkS5MXK0vPGnwyJsrEyV', 'spotify:artist:3grHWM9bx2E9vwJCdlRv9O']",['spotify:artist:6x2LnllRG5uGarZMsD4iO8'],"['Eric Church', 'Kenny Chesney']",['Thomas Rhett'],0.017063957274977205,0.6931216931216931,17.164823348694316,3.127036423171767,2,1
"['spotify:artist:0BvkDsjIUla7X0k6CSWh1I', 'spotify:artist:7x8nK0m0cP2ksQf0mjWdPS']",['spotify:artist:1By9QBFnjZAoI83BZppHlt'],"['Luke Bryan', 'Dierks Bentley']",['Billy Currington'],0.017063957274977205,0.6787564766839378,22.26843363889996,3.0180198918428314,2,1
['spotify:artist:0qSX3s5pJnAlSsgsCne8Cz'],['spotify:artist:1UTPBmNbXNTittyMJrNkvw'],['Brett Eldredge'],['Blake Shelton'],0.017063957274977205,0.6683673469387755,16.18629691624284,2.8908728369455217,1,1
"['spotify:artist:3grHWM9bx2E9vwJCdlRv9O', 'spotify:artist:6yJCxee7QumYr820xdIsjo']",['spotify:artist:7x8nK0m0cP2ksQf0mjWdPS'],"['Kenny Chesney', 'Zac Brown Band']",['Dierks Bentley'],0.017063957274977205,0.6649746192893401,19.191767489790465,2.8814266147208705,2,1
"['spotify:artist:1UTPBmNbXNTittyMJrNkvw', 'spotify:artist:6roFdX1y5BYSbp60OTJWMd']",['spotify:artist:13YmWQJFwgZrd4bf5IjMY4'],"['Blake Shelton', 'Tim McGraw']",['Brad Paisley'],0.017063957274977205,0.6485148514851485,21.00695575886703,2.7572390183225184,2,1
['spotify:artist:3r17AfJCCUqC9Lf0OAc73G'],['spotify:artist:5pKCCKE2ajJHZ9KAiaK11H'],['Fergie'],['Rihanna'],0.017063957274977205,0.6121495327102804,5.3342474036513305,2.2824302289266485,1,1
"['spotify:artist:23zg3TcAtWQy7J6upgbUnj', 'spotify:artist:5pKCCKE2ajJHZ9KAiaK11H']",['spotify:artist:7bXgB6jMjp9ATFy66eO08Z'],"['Usher', 'Rihanna']",['Chris Brown'],0.017063957274977205,0.5900900900900901,7.045290235803455,2.2352309667667227,2,1
"['spotify:artist:23zg3TcAtWQy7J6upgbUnj', 'spotify:artist:7bXgB6jMjp9ATFy66eO08Z']",['spotify:artist:5pKCCKE2ajJHZ9KAiaK11H'],"['Usher', 'Chris Brown']",['Rihanna'],0.017063957274977205,0.5874439461883408,5.118963876149707,2.14574873563609,2,1
"['spotify:artist:3TVXtAsR1Inumwj472S9r4', 'spotify:artist:7c0XG5cIJTrrAgEC3ULPiq']",['spotify:artist:0c173mlxpT3dSFRgMO8XPh'],"['Drake', 'Ty Dolla $ign']",['Big Sean'],0.017063957274977205,0.5770925110132159,7.1921091023513934,2.1748499305284184,2,1
['spotify:artist:1n2pb9Tsfe4SwAjmUac6YT'],['spotify:artist:4BYxqVkZyFjtik7crYLg5Q'],['Jake Owen'],['Chris Young'],0.017063957274977205,0.5745614035087719,19.26160652723512,2.2804010909545047,1,1
['spotify:artist:4BYxqVkZyFjtik7crYLg5Q'],['spotify:artist:1n2pb9Tsfe4SwAjmUac6YT'],['Chris Young'],['Jake Owen'],0.017063957274977205,0.5720524017467249,19.26160652723512,2.267335773699867,1,1
['spotify:artist:1URnnhqYAYcrqrcwql10ft'],['spotify:artist:2YZyLoL8N0Wb9xBt1NhZWg'],['21 Savage'],['Kendrick Lamar'],0.017063957274977205,0.5413223140495869,5.61585324994416,1.9700286452924207,1,1
"['spotify:artist:1n2pb9Tsfe4SwAjmUac6YT', 'spotify:artist:6roFdX1y5BYSbp60OTJWMd']",['spotify:artist:0BvkDsjIUla7X0k6CSWh1I'],"['Jake Owen', 'Tim McGraw']",['Luke Bryan'],0.016933698059137685,0.8965517241379312,18.452620874549325,9.19699535408798,2,1
"['spotify:artist:1anyVhU62p31KFi8MEzkbf', 'spotify:artist:6l3HvQ5sa6mXTsMTB19rO5']",['spotify:artist:3TVXtAsR1Inumwj472S9r4'],"['Chance The Rapper', 'J. Cole']",['Drake'],0.016933698059137685,0.8552631578947368,4.6336310960888465,5.633829502528212,2,1
"['spotify:artist:13ubrt8QOOCPljQ2FL1Kca', 'spotify:artist:7iZtZyCzp3LItcw1wtPI3D']",['spotify:artist:3TVXtAsR1Inumwj472S9r4'],"['A$AP Rocky', 'Rae Sremmurd']",['Drake'],0.016933698059137685,0.8496732026143791,4.603345925526174,5.424333554207655,2,1
"['spotify:artist:2kucQ9jQwuD8jWdtR9Ef38', 'spotify:artist:7x8nK0m0cP2ksQf0mjWdPS']",['spotify:artist:3b8QkneNDz4JHKKKlLgYZg'],"['Sam Hunt', 'Dierks Bentley']",['Florida Georgia Line'],0.016933698059137685,0.8496732026143791,18.119281045751634,6.34023140832866,2,1
"['spotify:artist:2kucQ9jQwuD8jWdtR9Ef38', 'spotify:artist:7x8nK0m0cP2ksQf0mjWdPS']",['spotify:artist:0BvkDsjIUla7X0k6CSWh1I'],"['Sam Hunt', 'Dierks Bentley']",['Luke Bryan'],0.016933698059137685,0.8496732026143791,17.487777953004258,6.328966817880625,2,1
"['spotify:artist:13y7CgLHjMVRMDqxdx0Xdo', 'spotify:artist:1RyvyyTE3xzB2ZywiAwp0i']",['spotify:artist:3TVXtAsR1Inumwj472S9r4'],"['Gucci Mane', 'Future']",['Drake'],0.016933698059137685,0.8387096774193549,4.543947913583901,5.055620685163476,2,1
"['spotify:artist:2IvkS5MXK0vPGnwyJsrEyV', 'spotify:artist:4BYxqVkZyFjtik7crYLg5Q']",['spotify:artist:1UTPBmNbXNTittyMJrNkvw'],"['Eric Church', 'Chris Young']",['Blake Shelton'],0.016933698059137685,0.8387096774193549,20.311590515925513,5.943988537189007,2,1
"['spotify:artist:1By9QBFnjZAoI83BZppHlt', 'spotify:artist:6yJCxee7QumYr820xdIsjo']",['spotify:artist:0BvkDsjIUla7X0k6CSWh1I'],"['Billy Currington', 'Zac Brown Band']",['Luke Bryan'],0.016933698059137685,0.8387096774193549,17.26212920522356,5.898762537449525,2,1
"['spotify:artist:1UTPBmNbXNTittyMJrNkvw', 'spotify:artist:4BYxqVkZyFjtik7crYLg5Q']",['spotify:artist:2IvkS5MXK0vPGnwyJsrEyV'],"['Blake Shelton', 'Chris Young']",['Eric Church'],0.016933698059137685,0.7926829268292683,20.912119688207195,4.640691446566905,2,1
"['spotify:artist:6l3HvQ5sa6mXTsMTB19rO5', 'spotify:artist:73sIBHcqh3Z3NyqHKZ7FOL']",['spotify:artist:3TVXtAsR1Inumwj472S9r4'],"['J. Cole', 'Childish Gambino']",['Drake'],0.016933698059137685,0.783132530120482,4.242842931358462,3.7600046314387865,2,1
"['spotify:artist:0BvkDsjIUla7X0k6CSWh1I', 'spotify:artist:1By9QBFnjZAoI83BZppHlt']",['spotify:artist:6yJCxee7QumYr820xdIsjo'],"['Luke Bryan', 'Billy Currington']",['Zac Brown Band'],0.016933698059137685,0.7386363636363636,17.555762735716296,3.6651092195207595,2,1
"['spotify:artist:13y7CgLHjMVRMDqxdx0Xdo', 'spotify:artist:3TVXtAsR1Inumwj472S9r4']",['spotify:artist:1RyvyyTE3xzB2ZywiAwp0i'],"['Gucci Mane', 'Drake']",['Future'],0.016933698059137685,0.7344632768361582,9.638418079096047,3.478985308423337,2,1
"['spotify:artist:0BvkDsjIUla7X0k6CSWh1I', 'spotify:artist:1n2pb9Tsfe4SwAjmUac6YT']",['spotify:artist:6roFdX1y5BYSbp60OTJWMd'],"['Luke Bryan', 'Jake Owen']",['Tim McGraw'],0.016933698059137685,0.7262569832402235,18.220506079526782,3.5074526879919614,2,1
"['spotify:artist:3b8QkneNDz4JHKKKlLgYZg', 'spotify:artist:7x8nK0m0cP2ksQf0mjWdPS']",['spotify:artist:2kucQ9jQwuD8jWdtR9Ef38'],"['Florida Georgia Line', 'Dierks Bentley']",['Sam Hunt'],0.016933698059137685,0.7142857142857143,16.223584108199493,3.345903347661847,2,1
"['spotify:artist:0Y5tJX1MQlPlqiwlOH1tJY', 'spotify:artist:6oMuImdp5ZcFhWP0ESe6mG']",['spotify:artist:2YZyLoL8N0Wb9xBt1NhZWg'],"['Travis Scott', 'Migos']",['Kendrick Lamar'],0.016933698059137685,0.7027027027027027,7.290065741417093,3.039409333664903,2,1
"['spotify:artist:0BvkDsjIUla7X0k6CSWh1I', 'spotify:artist:2kucQ9jQwuD8jWdtR9Ef38']",['spotify:artist:7x8nK0m0cP2ksQf0mjWdPS'],"['Luke Bryan', 'Sam Hunt']",['Dierks Bentley'],0.016933698059137685,0.6914893617021277,19.957006878899378,3.129068916108574,2,1
"['spotify:artist:0BvkDsjIUla7X0k6CSWh1I', 'spotify:artist:7x8nK0m0cP2ksQf0mjWdPS']",['spotify:artist:2kucQ9jQwuD8jWdtR9Ef38'],"['Luke Bryan', 'Dierks Bentley']",['Sam Hunt'],0.016933698059137685,0.6735751295336787,15.298923874053408,2.928613814506741,2,1
"['spotify:artist:6l3HvQ5sa6mXTsMTB19rO5', 'spotify:artist:7iZtZyCzp3LItcw1wtPI3D']",['spotify:artist:5K4W6rqBFWDnAN6FQUkS6x'],"['J. Cole', 'Rae Sremmurd']",['Kanye West'],0.016933698059137685,0.6701030927835051,5.398091755822632,2.6549596196430896,2,1
"['spotify:artist:1UTPBmNbXNTittyMJrNkvw', 'spotify:artist:2IvkS5MXK0vPGnwyJsrEyV']",['spotify:artist:4BYxqVkZyFjtik7crYLg5Q'],"['Blake Shelton', 'Eric Church']",['Chris Young'],0.016933698059137685,0.6701030927835051,22.464547787331743,2.9408297512048973,2,1
"['spotify:artist:2kucQ9jQwuD8jWdtR9Ef38', 'spotify:artist:3b8QkneNDz4JHKKKlLgYZg']",['spotify:artist:7x8nK0m0cP2ksQf0mjWdPS'],"['Sam Hunt', 'Florida Georgia Line']",['Dierks Bentley'],0.016933698059137685,0.6666666666666666,19.240601503759397,2.8960531457600625,2,1
"['spotify:artist:0BvkDsjIUla7X0k6CSWh1I', 'spotify:artist:6yJCxee7QumYr820xdIsjo']",['spotify:artist:1By9QBFnjZAoI83BZppHlt'],"['Luke Bryan', 'Zac Brown Band']",['Billy Currington'],0.016933698059137685,0.6666666666666666,21.871794871794872,2.9085580304806564,2,1
['spotify:artist:0qSX3s5pJnAlSsgsCne8Cz'],['spotify:artist:7x8nK0m0cP2ksQf0mjWdPS'],['Brett Eldredge'],['Dierks Bentley'],0.016933698059137685,0.6632653061224489,19.142435169556542,2.8668000836816776,1,1
['spotify:artist:7FY5V3XMwlNBPitEjXowHQ'],['spotify:artist:3grHWM9bx2E9vwJCdlRv9O'],['Darius Rucker'],['Kenny Chesney'],0.016933698059137685,0.6598984771573604,15.167786254901365,2.8123761808386747,1,1
"['spotify:artist:0BvkDsjIUla7X0k6CSWh1I', 'spotify:artist:6roFdX1y5BYSbp60OTJWMd']",['spotify:artist:1n2pb9Tsfe4SwAjmUac6YT'],"['Luke Bryan', 'Tim McGraw']",['Jake Owen'],0.016933698059137685,0.6220095693779905,20.943716947872073,2.5669985803394324,2,1
"['spotify:artist:0Y5tJX1MQlPlqiwlOH1tJY', 'spotify:artist:2YZyLoL8N0Wb9xBt1NhZWg']",['spotify:artist:6oMuImdp5ZcFhWP0ESe6mG'],"['Travis Scott', 'Kendrick Lamar']",['Migos'],0.016933698059137685,0.5627705627705628,9.66530114181121,2.1539586549510754,2,1
"['spotify:artist:2YZyLoL8N0Wb9xBt1NhZWg', 'spotify:artist:6oMuImdp5ZcFhWP0ESe6mG']",['spotify:artist:0Y5tJX1MQlPlqiwlOH1tJY'],"['Kendrick Lamar', 'Migos']",['Travis Scott'],0.016933698059137685,0.5462184873949579,10.252614493230054,2.086299142701383,2,1
"['spotify:artist:5K4W6rqBFWDnAN6FQUkS6x', 'spotify:artist:7iZtZyCzp3LItcw1wtPI3D']",['spotify:artist:6l3HvQ5sa6mXTsMTB19rO5'],"['Kanye West', 'Rae Sremmurd']",['J. Cole'],0.016933698059137685,0.5306122448979592,6.96326530612245,1.9680921555634845,2,1
['spotify:artist:1HY2Jd0NmPuamShAr6KMms'],['spotify:artist:5pKCCKE2ajJHZ9KAiaK11H'],['Lady Gaga'],['Rihanna'],0.016933698059137685,0.5179282868525896,4.513207103481647,1.8363276805139748,1,1
"['spotify:artist:3TVXtAsR1Inumwj472S9r4', 'spotify:artist:73sIBHcqh3Z3NyqHKZ7FOL']",['spotify:artist:6l3HvQ5sa6mXTsMTB19rO5'],"['Drake', 'Childish Gambino']",['J. Cole'],0.016933698059137685,0.5078125,6.664062500000001,1.8769236494910586,2,1
"['spotify:artist:0Y5tJX1MQlPlqiwlOH1tJY', 'spotify:artist:17lzZA2AlOHwCwFALHttmp']",['spotify:artist:3TVXtAsR1Inumwj472S9r4'],"['Travis Scott', '2 Chainz']",['Drake'],0.016803438843298164,0.8835616438356165,4.78694618188146,7.003041935805199,2,1
"['spotify:artist:6PXS4YHDkKvl1wkIl4V8DL', 'spotify:artist:6l3HvQ5sa6mXTsMTB19rO5']",['spotify:artist:3TVXtAsR1Inumwj472S9r4'],"['Fetty Wap', 'J. Cole']",['Drake'],0.016803438843298164,0.8716216216216216,4.7222577199641425,6.351713594263109,2,1
"['spotify:artist:0u2FHSq3ln94y5Q57xazwf', 'spotify:artist:3FfvYsEGaIb52QPXhg4DcH']",['spotify:artist:0BvkDsjIUla7X0k6CSWh1I'],"['Keith Urban', 'Jason Aldean']",['Luke Bryan'],0.016803438843298164,0.8657718120805369,17.819115821292982,7.088029178064346,2,1
"['spotify:artist:4BYxqVkZyFjtik7crYLg5Q', 'spotify:artist:6roFdX1y5BYSbp60OTJWMd']",['spotify:artist:1UTPBmNbXNTittyMJrNkvw'],"['Chris Young', 'Tim McGraw']",['Blake Shelton'],0.016803438843298164,0.86,20.82719242902208,6.847913061277656,2,1
"['spotify:artist:1UTPBmNbXNTittyMJrNkvw', 'spotify:artist:1n2pb9Tsfe4SwAjmUac6YT']",['spotify:artist:3b8QkneNDz4JHKKKlLgYZg'],"['Blake Shelton', 'Jake Owen']",['Florida Georgia Line'],0.016803438843298164,0.8543046357615894,18.218046357615894,6.5417776830438035,2,1
"['spotify:artist:0c173mlxpT3dSFRgMO8XPh', 'spotify:artist:50co4Is1HCEo8bhOyUWKpn']",['spotify:artist:3TVXtAsR1Inumwj472S9r4'],"['Big Sean', 'Young Thug']",['Drake'],0.016803438843298164,0.8376623376623377,4.538273652952553,5.02300377751726,2,1
"['spotify:artist:5Zq7R5qmi58ByYyBQTlNuk', 'spotify:artist:6roFdX1y5BYSbp60OTJWMd']",['spotify:artist:1UTPBmNbXNTittyMJrNkvw'],"['Lee Brice', 'Tim McGraw']",['Blake Shelton'],0.016803438843298164,0.8376623376623377,20.286226391904627,5.905640224045851,2,1
"['spotify:artist:2IvkS5MXK0vPGnwyJsrEyV', 'spotify:artist:2kucQ9jQwuD8jWdtR9Ef38']",['spotify:artist:3b8QkneNDz4JHKKKlLgYZg'],"['Eric Church', 'Sam Hunt']",['Florida Georgia Line'],0.016803438843298164,0.832258064516129,17.747903225806454,5.681982144467491,2,1
"['spotify:artist:7bXgB6jMjp9ATFy66eO08Z', 'spotify:artist:7iZtZyCzp3LItcw1wtPI3D']",['spotify:artist:3TVXtAsR1Inumwj472S9r4'],"['Chris Brown', 'Rae Sremmurd']",['Drake'],0.016803438843298164,0.826923076923077,4.480090657401879,4.71133110445342,2,1
"['spotify:artist:3b8QkneNDz4JHKKKlLgYZg', 'spotify:artist:5Zq7R5qmi58ByYyBQTlNuk']",['spotify:artist:1UTPBmNbXNTittyMJrNkvw'],"['Florida Georgia Line', 'Lee Brice']",['Blake Shelton'],0.016803438843298164,0.826923076923077,20.026146566367387,5.539200787344595,2,1
"['spotify:artist:13YmWQJFwgZrd4bf5IjMY4', 'spotify:artist:1UTPBmNbXNTittyMJrNkvw']",['spotify:artist:0BvkDsjIUla7X0k6CSWh1I'],"['Brad Paisley', 'Blake Shelton']",['Luke Bryan'],0.016803438843298164,0.8164556962025317,16.804102894763634,5.183562185300473,2,1
"['spotify:artist:0fA0VVWsXO9YnASrzqfmYu', 'spotify:artist:2YZyLoL8N0Wb9xBt1NhZWg']",['spotify:artist:3TVXtAsR1Inumwj472S9r4'],"['Kid Cudi', 'Kendrick Lamar']",['Drake'],0.016803438843298164,0.8164556962025317,4.423380649080336,4.442647765605279,2,1
"['spotify:artist:0c173mlxpT3dSFRgMO8XPh', 'spotify:artist:73sIBHcqh3Z3NyqHKZ7FOL']",['spotify:artist:3TVXtAsR1Inumwj472S9r4'],"['Big Sean', 'Childish Gambino']",['Drake'],0.016803438843298164,0.8113207547169812,4.39556064499807,4.321740263123617,2,1
"['spotify:artist:1By9QBFnjZAoI83BZppHlt', 'spotify:artist:1UTPBmNbXNTittyMJrNkvw']",['spotify:artist:3grHWM9bx2E9vwJCdlRv9O'],"['Billy Currington', 'Blake Shelton']",['Kenny Chesney'],0.016803438843298164,0.8012422360248448,18.416576784319563,4.812357528982677,2,1
"['spotify:artist:1UTPBmNbXNTittyMJrNkvw', 'spotify:artist:5Zq7R5qmi58ByYyBQTlNuk']",['spotify:artist:3b8QkneNDz4JHKKKlLgYZg'],"['Blake Shelton', 'Lee Brice']",['Florida Georgia Line'],0.016803438843298164,0.7914110429447854,16.876840490797548,4.56930556513344,2,1
"['spotify:artist:1UTPBmNbXNTittyMJrNkvw', 'spotify:artist:5Zq7R5qmi58ByYyBQTlNuk']",['spotify:artist:6roFdX1y5BYSbp60OTJWMd'],"['Blake Shelton', 'Lee Brice']",['Tim McGraw'],0.016803438843298164,0.7914110429447854,19.85510645976182,4.603027377422249,2,1
"['spotify:artist:1UTPBmNbXNTittyMJrNkvw', 'spotify:artist:4BYxqVkZyFjtik7crYLg5Q']",['spotify:artist:6roFdX1y5BYSbp60OTJWMd'],"['Blake Shelton', 'Chris Young']",['Tim McGraw'],0.016803438843298164,0.7865853658536586,19.7340387374462,4.498944900351701,2,1
"['spotify:artist:1By9QBFnjZAoI83BZppHlt', 'spotify:artist:3grHWM9bx2E9vwJCdlRv9O']",['spotify:artist:1UTPBmNbXNTittyMJrNkvw'],"['Billy Currington', 'Kenny Chesney']",['Blake Shelton'],0.016803438843298164,0.7771084337349399,18.819752194899475,4.301229717407914,2,1
"['spotify:artist:2IvkS5MXK0vPGnwyJsrEyV', 'spotify:artist:7x8nK0m0cP2ksQf0mjWdPS']",['spotify:artist:6roFdX1y5BYSbp60OTJWMd'],"['Eric Church', 'Dierks Bentley']",['Tim McGraw'],0.016803438843298164,0.7633136094674557,19.150191437521755,4.056594372801878,2,1
"['spotify:artist:6roFdX1y5BYSbp60OTJWMd', 'spotify:artist:7x8nK0m0cP2ksQf0mjWdPS']",['spotify:artist:2IvkS5MXK0vPGnwyJsrEyV'],"['Tim McGraw', 'Dierks Bentley']",['Eric Church'],0.016803438843298164,0.7588235294117647,20.018859915100062,3.989172599815095,2,1
"['spotify:artist:0BvkDsjIUla7X0k6CSWh1I', 'spotify:artist:13YmWQJFwgZrd4bf5IjMY4']",['spotify:artist:1UTPBmNbXNTittyMJrNkvw'],"['Luke Bryan', 'Brad Paisley']",['Blake Shelton'],0.016803438843298164,0.7588235294117647,18.376934496195954,3.9751300209367857,2,1
"['spotify:artist:0Y5tJX1MQlPlqiwlOH1tJY', 'spotify:artist:6l3HvQ5sa6mXTsMTB19rO5']",['spotify:artist:2YZyLoL8N0Wb9xBt1NhZWg'],"['Travis Scott', 'J. Cole']",['Kendrick Lamar'],0.016803438843298164,0.7543859649122807,7.826244665718351,3.678976162563502,2,1
"['spotify:artist:2IvkS5MXK0vPGnwyJsrEyV', 'spotify:artist:6x2LnllRG5uGarZMsD4iO8']",['spotify:artist:1UTPBmNbXNTittyMJrNkvw'],"['Eric Church', 'Thomas Rhett']",['Blake Shelton'],0.016803438843298164,0.7543859649122807,18.26946704300183,3.9033104449282647,2,1
"['spotify:artist:1n2pb9Tsfe4SwAjmUac6YT', 'spotify:artist:3b8QkneNDz4JHKKKlLgYZg']",['spotify:artist:1UTPBmNbXNTittyMJrNkvw'],"['Jake Owen', 'Florida Georgia Line']",['Blake Shelton'],0.016803438843298164,0.7329545454545455,17.75044809291655,3.5900548474442875,2,1
"['spotify:artist:1UTPBmNbXNTittyMJrNkvw', 'spotify:artist:6x2LnllRG5uGarZMsD4iO8']",['spotify:artist:2IvkS5MXK0vPGnwyJsrEyV'],"['Blake Shelton', 'Thomas Rhett']",['Eric Church'],0.016803438843298164,0.7166666666666667,18.906701030927838,3.3956278877318806,2,1
"['spotify:artist:2IvkS5MXK0vPGnwyJsrEyV', 'spotify:artist:6roFdX1y5BYSbp60OTJWMd']",['spotify:artist:7x8nK0m0cP2ksQf0mjWdPS'],"['Eric Church', 'Tim McGraw']",['Dierks Bentley'],0.016803438843298164,0.7087912087912088,20.45635379657936,3.314979072505229,2,1
"['spotify:artist:0BvkDsjIUla7X0k6CSWh1I', 'spotify:artist:0u2FHSq3ln94y5Q57xazwf']",['spotify:artist:3FfvYsEGaIb52QPXhg4DcH'],"['Luke Bryan', 'Keith Urban']",['Jason Aldean'],0.016803438843298164,0.7049180327868853,20.734313171283212,3.2736746124788327,2,1
['spotify:artist:1mfDfLsMxYcOOZkzBxvSVW'],['spotify:artist:3grHWM9bx2E9vwJCdlRv9O'],['Cole Swindell'],['Kenny Chesney'],0.016803438843298164,0.6898395721925135,15.85598322072433,3.0838667223637115,1,1
"['spotify:artist:1UTPBmNbXNTittyMJrNkvw', 'spotify:artist:2IvkS5MXK0vPGnwyJsrEyV']",['spotify:artist:6x2LnllRG5uGarZMsD4iO8'],"['Blake Shelton', 'Eric Church']",['Thomas Rhett'],0.016803438843298164,0.6649484536082474,16.4671267043565,2.864095550144788,2,1
"['spotify:artist:2kucQ9jQwuD8jWdtR9Ef38', 'spotify:artist:3b8QkneNDz4JHKKKlLgYZg']",['spotify:artist:2IvkS5MXK0vPGnwyJsrEyV'],"['Sam Hunt', 'Florida Georgia Line']",['Eric Church'],0.016803438843298164,0.6615384615384615,17.452339413164157,2.842552133290703,2,1
"['spotify:artist:2IvkS5MXK0vPGnwyJsrEyV', 'spotify:artist:3b8QkneNDz4JHKKKlLgYZg']",['spotify:artist:2kucQ9jQwuD8jWdtR9Ef38'],"['Eric Church', 'Florida Georgia Line']",['Sam Hunt'],0.016803438843298164,0.6515151515151515,14.797875201721356,2.743225104915303,2,1
"['spotify:artist:0Y5tJX1MQlPlqiwlOH1tJY', 'spotify:artist:7iZtZyCzp3LItcw1wtPI3D']",['spotify:artist:1RyvyyTE3xzB2ZywiAwp0i'],"['Travis Scott', 'Rae Sremmurd']",['Future'],0.016803438843298164,0.645,8.464384615384617,2.6022488978419167,2,1
"['spotify:artist:0BvkDsjIUla7X0k6CSWh1I', 'spotify:artist:3FfvYsEGaIb52QPXhg4DcH']",['spotify:artist:0u2FHSq3ln94y5Q57xazwf'],"['Luke Bryan', 'Jason Aldean']",['Keith Urban'],0.016803438843298164,0.6417910447761195,18.11408033362599,2.692756502105858,2,1
"['spotify:artist:1UTPBmNbXNTittyMJrNkvw', 'spotify:artist:6roFdX1y5BYSbp60OTJWMd']",['spotify:artist:4BYxqVkZyFjtik7crYLg5Q'],"['Blake Shelton', 'Tim McGraw']",['Chris Young'],0.016803438843298164,0.6386138613861386,21.408902243936186,2.68458176977665,2,1
"['spotify:artist:1UTPBmNbXNTittyMJrNkvw', 'spotify:artist:6roFdX1y5BYSbp60OTJWMd']",['spotify:artist:5Zq7R5qmi58ByYyBQTlNuk'],"['Blake Shelton', 'Tim McGraw']",['Lee Brice'],0.016803438843298164,0.6386138613861386,21.984926519557785,2.68674442963415,2,1
"['spotify:artist:1UTPBmNbXNTittyMJrNkvw', 'spotify:artist:3b8QkneNDz4JHKKKlLgYZg']",['spotify:artist:1n2pb9Tsfe4SwAjmUac6YT'],"['Blake Shelton', 'Florida Georgia Line']",['Jake Owen'],0.016803438843298164,0.6354679802955665,21.396875810215192,2.6617713845146436,2,1
"['spotify:artist:1UTPBmNbXNTittyMJrNkvw', 'spotify:artist:3b8QkneNDz4JHKKKlLgYZg']",['spotify:artist:5Zq7R5qmi58ByYyBQTlNuk'],"['Blake Shelton', 'Florida Georgia Line']",['Lee Brice'],0.016803438843298164,0.6354679802955665,21.87662638891957,2.6635580480832535,2,1
"['spotify:artist:1UTPBmNbXNTittyMJrNkvw', 'spotify:artist:3grHWM9bx2E9vwJCdlRv9O']",['spotify:artist:1By9QBFnjZAoI83BZppHlt'],"['Blake Shelton', 'Kenny Chesney']",['Billy Currington'],0.016803438843298164,0.6292682926829268,20.64484052532833,2.615150860739187,2,1
"['spotify:artist:0fA0VVWsXO9YnASrzqfmYu', 'spotify:artist:3TVXtAsR1Inumwj472S9r4']",['spotify:artist:2YZyLoL8N0Wb9xBt1NhZWg'],"['Kid Cudi', 'Drake']",['Kendrick Lamar'],0.016803438843298164,0.6,6.224594594594595,2.259020450696887,2,1
"['spotify:artist:0Y5tJX1MQlPlqiwlOH1tJY', 'spotify:artist:1RyvyyTE3xzB2ZywiAwp0i']",['spotify:artist:7iZtZyCzp3LItcw1wtPI3D'],"['Travis Scott', 'Future']",['Rae Sremmurd'],0.016803438843298164,0.5944700460829493,8.82736275392418,2.2998448731156818,2,1
"['spotify:artist:0BvkDsjIUla7X0k6CSWh1I', 'spotify:artist:1UTPBmNbXNTittyMJrNkvw']",['spotify:artist:13YmWQJFwgZrd4bf5IjMY4'],"['Luke Bryan', 'Blake Shelton']",['Brad Paisley'],0.016803438843298164,0.583710407239819,18.90778395097085,2.328015359260581,2,1
"['spotify:artist:0Y5tJX1MQlPlqiwlOH1tJY', 'spotify:artist:2YZyLoL8N0Wb9xBt1NhZWg']",['spotify:artist:6l3HvQ5sa6mXTsMTB19rO5'],"['Travis Scott', 'Kendrick Lamar']",['J. Cole'],0.016803438843298164,0.5584415584415585,7.32847152847153,2.0921315771326117,2,1
"['spotify:artist:1RyvyyTE3xzB2ZywiAwp0i', 'spotify:artist:7iZtZyCzp3LItcw1wtPI3D']",['spotify:artist:0Y5tJX1MQlPlqiwlOH1tJY'],"['Future', 'Rae Sremmurd']",['Travis Scott'],0.016803438843298164,0.5397489539748954,10.131180243680372,2.0569730126588275,2,1
"['spotify:artist:3TVXtAsR1Inumwj472S9r4', 'spotify:artist:50co4Is1HCEo8bhOyUWKpn']",['spotify:artist:0c173mlxpT3dSFRgMO8XPh'],"['Drake', 'Young Thug']",['Big Sean'],0.016803438843298164,0.526530612244898,6.561973230850783,1.9425972340129274,2,1
"['spotify:artist:3TVXtAsR1Inumwj472S9r4', 'spotify:artist:73sIBHcqh3Z3NyqHKZ7FOL']",['spotify:artist:0c173mlxpT3dSFRgMO8XPh'],"['Drake', 'Childish Gambino']",['Big Sean'],0.016803438843298164,0.50390625,6.280013443587662,1.8540050606218186,2,1
"['spotify:artist:17lzZA2AlOHwCwFALHttmp', 'spotify:artist:6l3HvQ5sa6mXTsMTB19rO5']",['spotify:artist:3TVXtAsR1Inumwj472S9r4'],"['2 Chainz', 'J. Cole']",['Drake'],0.016673179627458644,0.9078014184397164,4.91827204612682,8.844199957916262,2,1
"['spotify:artist:0u2FHSq3ln94y5Q57xazwf', 'spotify:artist:3FfvYsEGaIb52QPXhg4DcH']",['spotify:artist:3b8QkneNDz4JHKKKlLgYZg'],"['Keith Urban', 'Jason Aldean']",['Florida Georgia Line'],0.016673179627458644,0.8590604026845637,18.319463087248323,6.762518841065147,2,1
"['spotify:artist:1RyvyyTE3xzB2ZywiAwp0i', 'spotify:artist:7bXgB6jMjp9ATFy66eO08Z']",['spotify:artist:3TVXtAsR1Inumwj472S9r4'],"['Future', 'Chris Brown']",['Drake'],0.016673179627458644,0.8533333333333334,4.623175723359211,5.559700166968633,2,1
"['spotify:artist:4BYxqVkZyFjtik7crYLg5Q', 'spotify:artist:6roFdX1y5BYSbp60OTJWMd']",['spotify:artist:0BvkDsjIUla7X0k6CSWh1I'],"['Chris Young', 'Tim McGraw']",['Luke Bryan'],0.016673179627458644,0.8533333333333334,17.563109919571048,6.48690894880813,2,1
"['spotify:artist:1By9QBFnjZAoI83BZppHlt', 'spotify:artist:6x2LnllRG5uGarZMsD4iO8']",['spotify:artist:0BvkDsjIUla7X0k6CSWh1I'],"['Billy Currington', 'Thomas Rhett']",['Luke Bryan'],0.016673179627458644,0.8533333333333334,17.563109919571048,6.48690894880813,2,1
"['spotify:artist:3grHWM9bx2E9vwJCdlRv9O', 'spotify:artist:4BYxqVkZyFjtik7crYLg5Q']",['spotify:artist:0BvkDsjIUla7X0k6CSWh1I'],"['Kenny Chesney', 'Chris Young']",['Luke Bryan'],0.016673179627458644,0.8366013071895425,17.21873521526573,5.822649472450177,2,1
"['spotify:artist:1RyvyyTE3xzB2ZywiAwp0i', 'spotify:artist:6vXTefBL93Dj5IqAWq6OTv']",['spotify:artist:3TVXtAsR1Inumwj472S9r4'],"['Future', 'French Montana']",['Drake'],0.016673179627458644,0.8205128205128206,4.445361272460779,4.543069279294369,2,1
"['spotify:artist:3b8QkneNDz4JHKKKlLgYZg', 'spotify:artist:4BYxqVkZyFjtik7crYLg5Q']",['spotify:artist:1UTPBmNbXNTittyMJrNkvw'],"['Florida Georgia Line', 'Chris Young']",['Blake Shelton'],0.016673179627458644,0.8205128205128206,19.87090512011648,5.3413721877965745,2,1
"['spotify:artist:0u2FHSq3ln94y5Q57xazwf', 'spotify:artist:2IvkS5MXK0vPGnwyJsrEyV']",['spotify:artist:0BvkDsjIUla7X0k6CSWh1I'],"['Keith Urban', 'Eric Church']",['Luke Bryan'],0.016673179627458644,0.8152866242038217,16.780041324430936,5.150754829697306,2,1
"['spotify:artist:2YZyLoL8N0Wb9xBt1NhZWg', 'spotify:artist:4xRYI6VqpkE3UwrDrAZL8L']",['spotify:artist:3TVXtAsR1Inumwj472S9r4'],"['Kendrick Lamar', 'Logic']",['Drake'],0.016673179627458644,0.8101265822784811,4.389090876606845,4.294559506751772,2,1
"['spotify:artist:1By9QBFnjZAoI83BZppHlt', 'spotify:artist:6roFdX1y5BYSbp60OTJWMd']",['spotify:artist:3b8QkneNDz4JHKKKlLgYZg'],"['Billy Currington', 'Tim McGraw']",['Florida Georgia Line'],0.016673179627458644,0.8050314465408805,17.167295597484276,4.888514918882125,2,1
"['spotify:artist:0u2FHSq3ln94y5Q57xazwf', 'spotify:artist:6x2LnllRG5uGarZMsD4iO8']",['spotify:artist:2kucQ9jQwuD8jWdtR9Ef38'],"['Keith Urban', 'Thomas Rhett']",['Sam Hunt'],0.016673179627458644,0.7901234567901235,17.946088099934258,4.554927246396802,2,1
"['spotify:artist:0u2FHSq3ln94y5Q57xazwf', 'spotify:artist:6x2LnllRG5uGarZMsD4iO8']",['spotify:artist:1UTPBmNbXNTittyMJrNkvw'],"['Keith Urban', 'Thomas Rhett']",['Blake Shelton'],0.016673179627458644,0.7901234567901235,19.134945671223274,4.567960830287568,2,1
"['spotify:artist:0u2FHSq3ln94y5Q57xazwf', 'spotify:artist:6x2LnllRG5uGarZMsD4iO8']",['spotify:artist:3grHWM9bx2E9vwJCdlRv9O'],"['Keith Urban', 'Thomas Rhett']",['Kenny Chesney'],0.016673179627458644,0.7901234567901235,18.161011310711913,4.5574098338045665,2,1
"['spotify:artist:6x2LnllRG5uGarZMsD4iO8', 'spotify:artist:6yJCxee7QumYr820xdIsjo']",['spotify:artist:3grHWM9bx2E9vwJCdlRv9O'],"['Thomas Rhett', 'Zac Brown Band']",['Kenny Chesney'],0.016673179627458644,0.7804878048780489,17.939535563020303,4.357358922032625,2,1
"['spotify:artist:1UTPBmNbXNTittyMJrNkvw', 'spotify:artist:4BYxqVkZyFjtik7crYLg5Q']",['spotify:artist:3b8QkneNDz4JHKKKlLgYZg'],"['Blake Shelton', 'Chris Young']",['Florida Georgia Line'],0.016673179627458644,0.7804878048780489,16.643902439024394,4.341930441578744,2,1
['spotify:artist:5SyGEPymt1G2uto47tVWvZ'],['spotify:artist:3TVXtAsR1Inumwj472S9r4'],['MadeinTYO'],['Drake'],0.016673179627458644,0.7757575757575759,4.202887021235646,3.6363444335308364,1,1
"['spotify:artist:0u2FHSq3ln94y5Q57xazwf', 'spotify:artist:2kucQ9jQwuD8jWdtR9Ef38']",['spotify:artist:0BvkDsjIUla7X0k6CSWh1I'],"['Keith Urban', 'Sam Hunt']",['Luke Bryan'],0.016673179627458644,0.7710843373493977,15.870280047805165,4.156173944043386,2,1
"['spotify:artist:0u2FHSq3ln94y5Q57xazwf', 'spotify:artist:2kucQ9jQwuD8jWdtR9Ef38']",['spotify:artist:6x2LnllRG5uGarZMsD4iO8'],"['Keith Urban', 'Sam Hunt']",['Thomas Rhett'],0.016673179627458644,0.7710843373493977,19.09553050913331,4.192022651392063,2,1
"['spotify:artist:1By9QBFnjZAoI83BZppHlt', 'spotify:artist:3b8QkneNDz4JHKKKlLgYZg']",['spotify:artist:6roFdX1y5BYSbp60OTJWMd'],"['Billy Currington', 'Florida Georgia Line']",['Tim McGraw'],0.016673179627458644,0.7710843373493977,19.345145287030476,4.194298759795153,2,1
"['spotify:artist:0BvkDsjIUla7X0k6CSWh1I', 'spotify:artist:4BYxqVkZyFjtik7crYLg5Q']",['spotify:artist:6roFdX1y5BYSbp60OTJWMd'],"['Luke Bryan', 'Chris Young']",['Tim McGraw'],0.016673179627458644,0.7664670658682635,19.229306093694962,4.111371629542791,2,1
"['spotify:artist:0BvkDsjIUla7X0k6CSWh1I', 'spotify:artist:4BYxqVkZyFjtik7crYLg5Q']",['spotify:artist:3grHWM9bx2E9vwJCdlRv9O'],"['Luke Bryan', 'Chris Young']",['Kenny Chesney'],0.016673179627458644,0.7664670658682635,17.617268457097783,4.095753883561621,2,1
['spotify:artist:6y8XlgIV8BLlIg1tT1R10i'],['spotify:artist:6x2LnllRG5uGarZMsD4iO8'],['Old Dominion'],['Thomas Rhett'],0.016673179627458644,0.7573964497041421,18.756556594769997,3.955505358101648,1,1
"['spotify:artist:6x2LnllRG5uGarZMsD4iO8', 'spotify:artist:7x8nK0m0cP2ksQf0mjWdPS']",['spotify:artist:3grHWM9bx2E9vwJCdlRv9O'],"['Thomas Rhett', 'Dierks Bentley']",['Kenny Chesney'],0.016673179627458644,0.7529411764705882,17.306375484325468,3.871520993443619,2,1
"['spotify:artist:0u2FHSq3ln94y5Q57xazwf', 'spotify:artist:1UTPBmNbXNTittyMJrNkvw']",['spotify:artist:6x2LnllRG5uGarZMsD4iO8'],"['Keith Urban', 'Blake Shelton']",['Thomas Rhett'],0.016673179627458644,0.7529411764705882,18.646223908918405,3.8841747458394584,2,1
"['spotify:artist:0Y5tJX1MQlPlqiwlOH1tJY', 'spotify:artist:50co4Is1HCEo8bhOyUWKpn']",['spotify:artist:1RyvyyTE3xzB2ZywiAwp0i'],"['Travis Scott', 'Young Thug']",['Future'],0.016673179627458644,0.735632183908046,9.653757736516358,3.494367704775982,2,1
"['spotify:artist:0BvkDsjIUla7X0k6CSWh1I', 'spotify:artist:1By9QBFnjZAoI83BZppHlt']",['spotify:artist:6x2LnllRG5uGarZMsD4iO8'],"['Luke Bryan', 'Billy Currington']",['Thomas Rhett'],0.016673179627458644,0.7272727272727273,18.010557184750734,3.518605357995745,2,1
"['spotify:artist:0u2FHSq3ln94y5Q57xazwf', 'spotify:artist:3grHWM9bx2E9vwJCdlRv9O']",['spotify:artist:6x2LnllRG5uGarZMsD4iO8'],"['Keith Urban', 'Kenny Chesney']",['Thomas Rhett'],0.016673179627458644,0.7191011235955057,17.80819137368612,3.4162459293995058,2,1
"['spotify:artist:3grHWM9bx2E9vwJCdlRv9O', 'spotify:artist:6x2LnllRG5uGarZMsD4iO8']",['spotify:artist:7x8nK0m0cP2ksQf0mjWdPS'],"['Kenny Chesney', 'Thomas Rhett']",['Dierks Bentley'],0.016673179627458644,0.7150837988826816,20.63796362414416,3.388192896019943,2,1
"['spotify:artist:3grHWM9bx2E9vwJCdlRv9O', 'spotify:artist:6x2LnllRG5uGarZMsD4iO8']",['spotify:artist:6yJCxee7QumYr820xdIsjo'],"['Kenny Chesney', 'Thomas Rhett']",['Zac Brown Band'],0.016673179627458644,0.7150837988826816,16.99597004341284,3.3621333905452246,2,1
"['spotify:artist:4O15NlyKLIASxsJ0PrXPfz', 'spotify:artist:6oMuImdp5ZcFhWP0ESe6mG']",['spotify:artist:7iZtZyCzp3LItcw1wtPI3D'],"['Lil Uzi Vert', 'Migos']",['Rae Sremmurd'],0.016673179627458644,0.7150837988826816,10.618372000043223,3.2734396350698676,2,1
"['spotify:artist:3grHWM9bx2E9vwJCdlRv9O', 'spotify:artist:6x2LnllRG5uGarZMsD4iO8']",['spotify:artist:0u2FHSq3ln94y5Q57xazwf'],"['Kenny Chesney', 'Thomas Rhett']",['Keith Urban'],0.016673179627458644,0.7150837988826816,20.182714426552746,3.3854497901804987,2,1
"['spotify:artist:1UTPBmNbXNTittyMJrNkvw', 'spotify:artist:6x2LnllRG5uGarZMsD4iO8']",['spotify:artist:0u2FHSq3ln94y5Q57xazwf'],"['Blake Shelton', 'Thomas Rhett']",['Keith Urban'],0.016673179627458644,0.7111111111111111,20.070588235294117,3.3388943998557132,2,1
"['spotify:artist:0u2FHSq3ln94y5Q57xazwf', 'spotify:artist:3b8QkneNDz4JHKKKlLgYZg']",['spotify:artist:3FfvYsEGaIb52QPXhg4DcH'],"['Keith Urban', 'Florida Georgia Line']",['Jason Aldean'],0.016673179627458644,0.7032967032967034,20.686623721106482,3.255785680170206,2,1
"['spotify:artist:2kucQ9jQwuD8jWdtR9Ef38', 'spotify:artist:6x2LnllRG5uGarZMsD4iO8']",['spotify:artist:0u2FHSq3ln94y5Q57xazwf'],"['Sam Hunt', 'Thomas Rhett']",['Keith Urban'],0.016673179627458644,0.7032967032967034,19.850032320620556,3.250956440353341,2,1
"['spotify:artist:3grHWM9bx2E9vwJCdlRv9O', 'spotify:artist:7x8nK0m0cP2ksQf0mjWdPS']",['spotify:artist:6x2LnllRG5uGarZMsD4iO8'],"['Kenny Chesney', 'Dierks Bentley']",['Thomas Rhett'],0.016673179627458644,0.6994535519125684,17.321628767847702,3.19291626700771,2,1
"['spotify:artist:0BvkDsjIUla7X0k6CSWh1I', 'spotify:artist:0u2FHSq3ln94y5Q57xazwf']",['spotify:artist:2kucQ9jQwuD8jWdtR9Ef38'],"['Luke Bryan', 'Keith Urban']",['Sam Hunt'],0.016673179627458644,0.6994535519125684,15.886700940925408,3.180780844790225,2,1
"['spotify:artist:0BvkDsjIUla7X0k6CSWh1I', 'spotify:artist:0u2FHSq3ln94y5Q57xazwf']",['spotify:artist:2IvkS5MXK0vPGnwyJsrEyV'],"['Luke Bryan', 'Keith Urban']",['Eric Church'],0.016673179627458644,0.6994535519125684,18.452594220043945,3.201151017798147,2,1
"['spotify:artist:3FfvYsEGaIb52QPXhg4DcH', 'spotify:artist:3b8QkneNDz4JHKKKlLgYZg']",['spotify:artist:0u2FHSq3ln94y5Q57xazwf'],"['Jason Aldean', 'Florida Georgia Line']",['Keith Urban'],0.016673179627458644,0.6956521739130436,19.634271099744247,3.1692997636725666,2,1
"['spotify:artist:4O15NlyKLIASxsJ0PrXPfz', 'spotify:artist:7iZtZyCzp3LItcw1wtPI3D']",['spotify:artist:6oMuImdp5ZcFhWP0ESe6mG'],"['Lil Uzi Vert', 'Rae Sremmurd']",['Migos'],0.016673179627458644,0.6844919786096257,11.75580518967807,2.984945125545599,2,1
"['spotify:artist:3TVXtAsR1Inumwj472S9r4', 'spotify:artist:4xRYI6VqpkE3UwrDrAZL8L']",['spotify:artist:2YZyLoL8N0Wb9xBt1NhZWg'],"['Drake', 'Logic']",['Kendrick Lamar'],0.016673179627458644,0.6808510638297873,7.063369752731456,2.8313056315400993,2,1
"['spotify:artist:0BvkDsjIUla7X0k6CSWh1I', 'spotify:artist:2kucQ9jQwuD8jWdtR9Ef38']",['spotify:artist:0u2FHSq3ln94y5Q57xazwf'],"['Luke Bryan', 'Sam Hunt']",['Keith Urban'],0.016673179627458644,0.6808510638297873,19.21652065081352,3.022317745647172,2,1
"['spotify:artist:246dkjvS1zLTtiykXe5h60', 'spotify:artist:5K4W6rqBFWDnAN6FQUkS6x']",['spotify:artist:2YZyLoL8N0Wb9xBt1NhZWg'],"['Post Malone', 'Kanye West']",['Kendrick Lamar'],0.016673179627458644,0.6701570680628273,6.9524267723220605,2.739510514813368,2,1
"['spotify:artist:0Y5tJX1MQlPlqiwlOH1tJY', 'spotify:artist:246dkjvS1zLTtiykXe5h60']",['spotify:artist:2YZyLoL8N0Wb9xBt1NhZWg'],"['Travis Scott', 'Post Malone']",['Kendrick Lamar'],0.016673179627458644,0.6597938144329897,6.844915018110894,2.656060408698158,2,1
"['spotify:artist:3b8QkneNDz4JHKKKlLgYZg', 'spotify:artist:6roFdX1y5BYSbp60OTJWMd']",['spotify:artist:1By9QBFnjZAoI83BZppHlt'],"['Florida Georgia Line', 'Tim McGraw']",['Billy Currington'],0.016673179627458644,0.6564102564102564,21.535305719921105,2.8217354027051145,2,1
['spotify:artist:0qSX3s5pJnAlSsgsCne8Cz'],['spotify:artist:0u2FHSq3ln94y5Q57xazwf'],['Brett Eldredge'],['Keith Urban'],0.016673179627458644,0.653061224489796,18.43217286914766,2.780229715958287,1,1
['spotify:artist:7FY5V3XMwlNBPitEjXowHQ'],['spotify:artist:6roFdX1y5BYSbp60OTJWMd'],['Darius Rucker'],['Tim McGraw'],0.016673179627458644,0.6497461928934011,16.300985368766796,2.741271216677711,1,1
"['spotify:artist:3grHWM9bx2E9vwJCdlRv9O', 'spotify:artist:6yJCxee7QumYr820xdIsjo']",['spotify:artist:6x2LnllRG5uGarZMsD4iO8'],"['Kenny Chesney', 'Zac Brown Band']",['Thomas Rhett'],0.016673179627458644,0.6497461928934011,16.090650073685936,2.739783618676529,2,1
"['spotify:artist:5K4W6rqBFWDnAN6FQUkS6x', 'spotify:artist:6oMuImdp5ZcFhWP0ESe6mG']",['spotify:artist:7iZtZyCzp3LItcw1wtPI3D'],"['Kanye West', 'Migos']",['Rae Sremmurd'],0.016673179627458644,0.6464646464646465,9.59943731317039,2.6380840730195954,2,1
"['spotify:artist:0BvkDsjIUla7X0k6CSWh1I', 'spotify:artist:6x2LnllRG5uGarZMsD4iO8']",['spotify:artist:1By9QBFnjZAoI83BZppHlt'],"['Luke Bryan', 'Thomas Rhett']",['Billy Currington'],0.016673179627458644,0.6432160804020101,21.10243525318902,2.7173852021861533,2,1
"['spotify:artist:3TVXtAsR1Inumwj472S9r4', 'spotify:artist:6vXTefBL93Dj5IqAWq6OTv']",['spotify:artist:1RyvyyTE3xzB2ZywiAwp0i'],"['Drake', 'French Montana']",['Future'],0.016673179627458644,0.64,8.398769230769231,2.5661065520385566,2,1
"['spotify:artist:0BvkDsjIUla7X0k6CSWh1I', 'spotify:artist:2IvkS5MXK0vPGnwyJsrEyV']",['spotify:artist:0u2FHSq3ln94y5Q57xazwf'],"['Luke Bryan', 'Eric Church']",['Keith Urban'],0.016673179627458644,0.64,18.063529411764705,2.679359703587918,2,1
"['spotify:artist:1UTPBmNbXNTittyMJrNkvw', 'spotify:artist:3b8QkneNDz4JHKKKlLgYZg']",['spotify:artist:4BYxqVkZyFjtik7crYLg5Q'],"['Blake Shelton', 'Florida Georgia Line']",['Chris Young'],0.016673179627458644,0.6305418719211823,21.13829672811754,2.6259285311102425,2,1
"['spotify:artist:1RyvyyTE3xzB2ZywiAwp0i', 'spotify:artist:50co4Is1HCEo8bhOyUWKpn']",['spotify:artist:0Y5tJX1MQlPlqiwlOH1tJY'],"['Future', 'Young Thug']",['Travis Scott'],0.016673179627458644,0.6153846153846154,11.550874553319542,2.461482349876254,2,1
"['spotify:artist:0BvkDsjIUla7X0k6CSWh1I', 'spotify:artist:6roFdX1y5BYSbp60OTJWMd']",['spotify:artist:4BYxqVkZyFjtik7crYLg5Q'],"['Luke Bryan', 'Tim McGraw']",['Chris Young'],0.016673179627458644,0.6124401913875599,20.531455673721823,2.5032797984037622,2,1
"['spotify:artist:23zg3TcAtWQy7J6upgbUnj', 'spotify:artist:3TVXtAsR1Inumwj472S9r4']",['spotify:artist:7bXgB6jMjp9ATFy66eO08Z'],"['Usher', 'Drake']",['Chris Brown'],0.016673179627458644,0.6009389671361504,7.174818741375158,2.2959979771510017,2,1
"['spotify:artist:0Y5tJX1MQlPlqiwlOH1tJY', 'spotify:artist:1RyvyyTE3xzB2ZywiAwp0i']",['spotify:artist:50co4Is1HCEo8bhOyUWKpn'],"['Travis Scott', 'Future']",['Young Thug'],0.016673179627458644,0.5898617511520737,12.684506060488712,2.32481964952953,2,1
"['spotify:artist:0BvkDsjIUla7X0k6CSWh1I', 'spotify:artist:3grHWM9bx2E9vwJCdlRv9O']",['spotify:artist:4BYxqVkZyFjtik7crYLg5Q'],"['Luke Bryan', 'Kenny Chesney']",['Chris Young'],0.016673179627458644,0.5871559633027523,19.683826769760827,2.3499688825206606,2,1
"['spotify:artist:23zg3TcAtWQy7J6upgbUnj', 'spotify:artist:7bXgB6jMjp9ATFy66eO08Z']",['spotify:artist:3TVXtAsR1Inumwj472S9r4'],"['Usher', 'Chris Brown']",['Drake'],0.016673179627458644,0.5739910313901345,3.1097594551743564,1.9140974750279371,2,1
['spotify:artist:5Zq7R5qmi58ByYyBQTlNuk'],['spotify:artist:2kucQ9jQwuD8jWdtR9Ef38'],['Lee Brice'],['Sam Hunt'],0.016673179627458644,0.5739910313901345,13.037068485154032,2.2440193880559156,1,1
"['spotify:artist:246dkjvS1zLTtiykXe5h60', 'spotify:artist:2YZyLoL8N0Wb9xBt1NhZWg']",['spotify:artist:0Y5tJX1MQlPlqiwlOH1tJY'],"['Post Malone', 'Kendrick Lamar']",['Travis Scott'],0.016673179627458644,0.5638766519823789,10.584061264715704,2.170771147715267,2,1
"['spotify:artist:246dkjvS1zLTtiykXe5h60', 'spotify:artist:2YZyLoL8N0Wb9xBt1NhZWg']",['spotify:artist:5K4W6rqBFWDnAN6FQUkS6x'],"['Post Malone', 'Kendrick Lamar']",['Kanye West'],0.016673179627458644,0.5638766519823789,4.542372567962983,2.0082918543254613,2,1
"['spotify:artist:0Y5tJX1MQlPlqiwlOH1tJY', 'spotify:artist:2YZyLoL8N0Wb9xBt1NhZWg']",['spotify:artist:246dkjvS1zLTtiykXe5h60'],"['Travis Scott', 'Kendrick Lamar']",['Post Malone'],0.016673179627458644,0.5541125541125541,8.717053438364914,2.1001566904547815,2,1
"['spotify:artist:6oMuImdp5ZcFhWP0ESe6mG', 'spotify:artist:7iZtZyCzp3LItcw1wtPI3D']",['spotify:artist:5K4W6rqBFWDnAN6FQUkS6x'],"['Migos', 'Rae Sremmurd']",['Kanye West'],0.016673179627458644,0.5470085470085471,4.406489627895714,1.9335088146165589,2,1
"['spotify:artist:6oMuImdp5ZcFhWP0ESe6mG', 'spotify:artist:7iZtZyCzp3LItcw1wtPI3D']",['spotify:artist:4O15NlyKLIASxsJ0PrXPfz'],"['Migos', 'Rae Sremmurd']",['Lil Uzi Vert'],0.016673179627458644,0.5470085470085471,11.258403794596825,2.100289765312217,2,1
"['spotify:artist:5K4W6rqBFWDnAN6FQUkS6x', 'spotify:artist:7iZtZyCzp3LItcw1wtPI3D']",['spotify:artist:6oMuImdp5ZcFhWP0ESe6mG'],"['Kanye West', 'Rae Sremmurd']",['Migos'],0.016673179627458644,0.5224489795918368,8.972798246815506,1.9720911280114095,2,1
['spotify:artist:7pFeBzX627ff0VnN6bxPR4'],['spotify:artist:2YZyLoL8N0Wb9xBt1NhZWg'],['Desiigner'],['Kendrick Lamar'],0.016673179627458644,0.5203252032520326,5.39802241265656,1.8837933249879126,1,1
"['spotify:artist:0u2FHSq3ln94y5Q57xazwf', 'spotify:artist:1n2pb9Tsfe4SwAjmUac6YT']",['spotify:artist:3b8QkneNDz4JHKKKlLgYZg'],"['Keith Urban', 'Jake Owen']",['Florida Georgia Line'],0.016542920411619123,0.8943661971830987,19.07235915492958,9.022743259085592,2,1
"['spotify:artist:1n2pb9Tsfe4SwAjmUac6YT', 'spotify:artist:3FfvYsEGaIb52QPXhg4DcH']",['spotify:artist:3b8QkneNDz4JHKKKlLgYZg'],"['Jake Owen', 'Jason Aldean']",['Florida Georgia Line'],0.016542920411619123,0.8523489932885906,18.176342281879194,6.455131621016732,2,1
"['spotify:artist:1By9QBFnjZAoI83BZppHlt', 'spotify:artist:2IvkS5MXK0vPGnwyJsrEyV']",['spotify:artist:0BvkDsjIUla7X0k6CSWh1I'],"['Billy Currington', 'Eric Church']",['Luke Bryan'],0.016542920411619123,0.8523489932885906,17.542850459722548,6.443662889149407,2,1
"['spotify:artist:5pKCCKE2ajJHZ9KAiaK11H', 'spotify:artist:7iZtZyCzp3LItcw1wtPI3D']",['spotify:artist:3TVXtAsR1Inumwj472S9r4'],"['Rihanna', 'Rae Sremmurd']",['Drake'],0.016542920411619123,0.8466666666666667,4.587057163020466,5.317974072752604,2,1
"['spotify:artist:1n2pb9Tsfe4SwAjmUac6YT', 'spotify:artist:2IvkS5MXK0vPGnwyJsrEyV']",['spotify:artist:3b8QkneNDz4JHKKKlLgYZg'],"['Jake Owen', 'Eric Church']",['Florida Georgia Line'],0.016542920411619123,0.8466666666666667,18.05516666666667,6.215913145420256,2,1
"['spotify:artist:1n2pb9Tsfe4SwAjmUac6YT', 'spotify:artist:2IvkS5MXK0vPGnwyJsrEyV']",['spotify:artist:0BvkDsjIUla7X0k6CSWh1I'],"['Jake Owen', 'Eric Church']",['Luke Bryan'],0.016542920411619123,0.8466666666666667,17.425898123324398,6.204869429294732,2,1
"['spotify:artist:1By9QBFnjZAoI83BZppHlt', 'spotify:artist:6x2LnllRG5uGarZMsD4iO8']",['spotify:artist:3b8QkneNDz4JHKKKlLgYZg'],"['Billy Currington', 'Thomas Rhett']",['Florida Georgia Line'],0.016542920411619123,0.8466666666666667,18.05516666666667,6.215913145420256,2,1
"['spotify:artist:1UTPBmNbXNTittyMJrNkvw', 'spotify:artist:1n2pb9Tsfe4SwAjmUac6YT']",['spotify:artist:3grHWM9bx2E9vwJCdlRv9O'],"['Blake Shelton', 'Jake Owen']",['Kenny Chesney'],0.016542920411619123,0.8410596026490066,19.331780148312646,6.017937779514566,2,1
"['spotify:artist:3grHWM9bx2E9vwJCdlRv9O', 'spotify:artist:5Zq7R5qmi58ByYyBQTlNuk']",['spotify:artist:1UTPBmNbXNTittyMJrNkvw'],"['Kenny Chesney', 'Lee Brice']",['Blake Shelton'],0.016542920411619123,0.8410596026490066,20.368500219357802,6.031870088142068,2,1
"['spotify:artist:3grHWM9bx2E9vwJCdlRv9O', 'spotify:artist:5Zq7R5qmi58ByYyBQTlNuk']",['spotify:artist:0BvkDsjIUla7X0k6CSWh1I'],"['Kenny Chesney', 'Lee Brice']",['Luke Bryan'],0.016542920411619123,0.8410596026490066,17.310494824494434,5.985975424427943,2,1
"['spotify:artist:3grHWM9bx2E9vwJCdlRv9O', 'spotify:artist:4BYxqVkZyFjtik7crYLg5Q']",['spotify:artist:1UTPBmNbXNTittyMJrNkvw'],"['Kenny Chesney', 'Chris Young']",['Blake Shelton'],0.016542920411619123,0.8300653594771242,20.102245314529597,5.641626837406441,2,1
"['spotify:artist:5Zq7R5qmi58ByYyBQTlNuk', 'spotify:artist:6roFdX1y5BYSbp60OTJWMd']",['spotify:artist:0BvkDsjIUla7X0k6CSWh1I'],"['Lee Brice', 'Tim McGraw']",['Luke Bryan'],0.016542920411619123,0.8246753246753247,16.973277392848438,5.426579634212824,2,1
"['spotify:artist:1n2pb9Tsfe4SwAjmUac6YT', 'spotify:artist:7x8nK0m0cP2ksQf0mjWdPS']",['spotify:artist:3grHWM9bx2E9vwJCdlRv9O'],"['Jake Owen', 'Dierks Bentley']",['Kenny Chesney'],0.016542920411619123,0.8193548387096775,18.832895499323936,5.294874299856717,2,1
"['spotify:artist:2IvkS5MXK0vPGnwyJsrEyV', 'spotify:artist:4BYxqVkZyFjtik7crYLg5Q']",['spotify:artist:0BvkDsjIUla7X0k6CSWh1I'],"['Eric Church', 'Chris Young']",['Luke Bryan'],0.016542920411619123,0.8193548387096775,16.863772377410708,5.266752265579935,2,1
"['spotify:artist:0u2FHSq3ln94y5Q57xazwf', 'spotify:artist:2IvkS5MXK0vPGnwyJsrEyV']",['spotify:artist:1UTPBmNbXNTittyMJrNkvw'],"['Keith Urban', 'Eric Church']",['Blake Shelton'],0.016542920411619123,0.8089171974522293,19.590086198235852,5.017237636229431,2,1
"['spotify:artist:0u2FHSq3ln94y5Q57xazwf', 'spotify:artist:2IvkS5MXK0vPGnwyJsrEyV']",['spotify:artist:6roFdX1y5BYSbp60OTJWMd'],"['Keith Urban', 'Eric Church']",['Tim McGraw'],0.016542920411619123,0.8089171974522293,20.294304983139753,5.024736225087926,2,1
"['spotify:artist:0u2FHSq3ln94y5Q57xazwf', 'spotify:artist:2IvkS5MXK0vPGnwyJsrEyV']",['spotify:artist:3grHWM9bx2E9vwJCdlRv9O'],"['Keith Urban', 'Eric Church']",['Kenny Chesney'],0.016542920411619123,0.8089171974522293,18.59298600251726,5.005648907993574,2,1
"['spotify:artist:13YmWQJFwgZrd4bf5IjMY4', 'spotify:artist:1UTPBmNbXNTittyMJrNkvw']",['spotify:artist:3grHWM9bx2E9vwJCdlRv9O'],"['Brad Paisley', 'Blake Shelton']",['Kenny Chesney'],0.016542920411619123,0.8037974683544304,18.47530887591905,4.875030989087641,2,1
['spotify:artist:5lHRUCqkQZCIWeX7xG4sYT'],['spotify:artist:3TVXtAsR1Inumwj472S9r4'],['Rich Homie Quan'],['Drake'],0.016542920411619123,0.8037974683544304,4.3548011041333545,4.156025329114617,1,1
"['spotify:artist:2YZyLoL8N0Wb9xBt1NhZWg', 'spotify:artist:7dGJo4pcD2V6oG8kP0tJRR']",['spotify:artist:3TVXtAsR1Inumwj472S9r4'],"['Kendrick Lamar', 'Eminem']",['Drake'],0.016542920411619123,0.7937500000000001,4.300366090331687,3.9535645631776943,2,1
"['spotify:artist:13YmWQJFwgZrd4bf5IjMY4', 'spotify:artist:6roFdX1y5BYSbp60OTJWMd']",['spotify:artist:0BvkDsjIUla7X0k6CSWh1I'],"['Brad Paisley', 'Tim McGraw']",['Luke Bryan'],0.016542920411619123,0.7888198757763976,16.23530881055068,4.505221862093803,2,1
"['spotify:artist:0QHgL1lAIqAw0HtD7YldmP', 'spotify:artist:246dkjvS1zLTtiykXe5h60']",['spotify:artist:3TVXtAsR1Inumwj472S9r4'],"['DJ Khaled', 'Post Malone']",['Drake'],0.016542920411619123,0.7791411042944786,4.221218248178343,3.6920527405091694,2,1
"['spotify:artist:0u2FHSq3ln94y5Q57xazwf', 'spotify:artist:6yJCxee7QumYr820xdIsjo']",['spotify:artist:7x8nK0m0cP2ksQf0mjWdPS'],"['Keith Urban', 'Zac Brown Band']",['Dierks Bentley'],0.016542920411619123,0.7791411042944786,22.486715254393655,4.3708950255452805,2,1
"['spotify:artist:1UTPBmNbXNTittyMJrNkvw', 'spotify:artist:5Zq7R5qmi58ByYyBQTlNuk']",['spotify:artist:3grHWM9bx2E9vwJCdlRv9O'],"['Blake Shelton', 'Lee Brice']",['Kenny Chesney'],0.016542920411619123,0.7791411042944786,17.908581609786562,4.330789660312912,2,1
"['spotify:artist:1UTPBmNbXNTittyMJrNkvw', 'spotify:artist:4BYxqVkZyFjtik7crYLg5Q']",['spotify:artist:3grHWM9bx2E9vwJCdlRv9O'],"['Blake Shelton', 'Chris Young']",['Kenny Chesney'],0.016542920411619123,0.7743902439024392,17.79938294143421,4.239592464680392,2,1
"['spotify:artist:0BvkDsjIUla7X0k6CSWh1I', 'spotify:artist:5Zq7R5qmi58ByYyBQTlNuk']",['spotify:artist:6roFdX1y5BYSbp60OTJWMd'],"['Luke Bryan', 'Lee Brice']",['Tim McGraw'],0.016542920411619123,0.7743902439024392,19.428084648493545,4.255758689521881,2,1
"['spotify:artist:0BvkDsjIUla7X0k6CSWh1I', 'spotify:artist:5Zq7R5qmi58ByYyBQTlNuk']",['spotify:artist:3grHWM9bx2E9vwJCdlRv9O'],"['Luke Bryan', 'Lee Brice']",['Kenny Chesney'],0.016542920411619123,0.7743902439024392,17.79938294143421,4.239592464680392,2,1
"['spotify:artist:1n2pb9Tsfe4SwAjmUac6YT', 'spotify:artist:3grHWM9bx2E9vwJCdlRv9O']",['spotify:artist:7x8nK0m0cP2ksQf0mjWdPS'],"['Jake Owen', 'Kenny Chesney']",['Dierks Bentley'],0.016542920411619123,0.7696969696969698,22.21414900888585,4.19165586886325,2,1
"['spotify:artist:1n2pb9Tsfe4SwAjmUac6YT', 'spotify:artist:3grHWM9bx2E9vwJCdlRv9O']",['spotify:artist:1UTPBmNbXNTittyMJrNkvw'],"['Jake Owen', 'Kenny Chesney']",['Blake Shelton'],0.016542920411619123,0.7696969696969698,18.640263837109266,4.162810308302998,2,1
"['spotify:artist:0u2FHSq3ln94y5Q57xazwf', 'spotify:artist:7x8nK0m0cP2ksQf0mjWdPS']",['spotify:artist:6yJCxee7QumYr820xdIsjo'],"['Keith Urban', 'Dierks Bentley']",['Zac Brown Band'],0.016542920411619123,0.7650602409638555,18.183800216345258,4.07732721449017,2,1
"['spotify:artist:1By9QBFnjZAoI83BZppHlt', 'spotify:artist:3b8QkneNDz4JHKKKlLgYZg']",['spotify:artist:6x2LnllRG5uGarZMsD4iO8'],"['Billy Currington', 'Florida Georgia Line']",['Thomas Rhett'],0.016542920411619123,0.7650602409638555,18.946346677030704,4.084534891099957,2,1
"['spotify:artist:0BvkDsjIUla7X0k6CSWh1I', 'spotify:artist:4BYxqVkZyFjtik7crYLg5Q']",['spotify:artist:2IvkS5MXK0vPGnwyJsrEyV'],"['Luke Bryan', 'Chris Young']",['Eric Church'],0.016542920411619123,0.7604790419161678,20.062534724365705,4.016744822196173,2,1
"['spotify:artist:6yJCxee7QumYr820xdIsjo', 'spotify:artist:7x8nK0m0cP2ksQf0mjWdPS']",['spotify:artist:0u2FHSq3ln94y5Q57xazwf'],"['Zac Brown Band', 'Dierks Bentley']",['Keith Urban'],0.016542920411619123,0.7470588235294118,21.08518598615917,3.8134142758041993,2,1
"['spotify:artist:0BvkDsjIUla7X0k6CSWh1I', 'spotify:artist:13YmWQJFwgZrd4bf5IjMY4']",['spotify:artist:6roFdX1y5BYSbp60OTJWMd'],"['Luke Bryan', 'Brad Paisley']",['Tim McGraw'],0.016542920411619123,0.7470588235294118,18.742387543252594,3.7959050137680963,2,1
"['spotify:artist:0u2FHSq3ln94y5Q57xazwf', 'spotify:artist:1UTPBmNbXNTittyMJrNkvw']",['spotify:artist:2IvkS5MXK0vPGnwyJsrEyV'],"['Keith Urban', 'Blake Shelton']",['Eric Church'],0.016542920411619123,0.7470588235294118,19.70848999393572,3.8036296881957887,2,1
"['spotify:artist:13YmWQJFwgZrd4bf5IjMY4', 'spotify:artist:3grHWM9bx2E9vwJCdlRv9O']",['spotify:artist:1UTPBmNbXNTittyMJrNkvw'],"['Brad Paisley', 'Kenny Chesney']",['Blake Shelton'],0.016542920411619123,0.7426900584795322,17.986219491947534,3.7258872428860705,2,1
"['spotify:artist:1n2pb9Tsfe4SwAjmUac6YT', 'spotify:artist:3b8QkneNDz4JHKKKlLgYZg']",['spotify:artist:3FfvYsEGaIb52QPXhg4DcH'],"['Jake Owen', 'Florida Georgia Line']",['Jason Aldean'],0.016542920411619123,0.7215909090909092,21.224725705329156,3.4697227073713433,2,1
"['spotify:artist:1n2pb9Tsfe4SwAjmUac6YT', 'spotify:artist:3b8QkneNDz4JHKKKlLgYZg']",['spotify:artist:2IvkS5MXK0vPGnwyJsrEyV'],"['Jake Owen', 'Florida Georgia Line']",['Eric Church'],0.016542920411619123,0.7215909090909092,19.03660965323337,3.455686612276799,2,1
"['spotify:artist:1n2pb9Tsfe4SwAjmUac6YT', 'spotify:artist:3b8QkneNDz4JHKKKlLgYZg']",['spotify:artist:0u2FHSq3ln94y5Q57xazwf'],"['Jake Owen', 'Florida Georgia Line']",['Keith Urban'],0.016542920411619123,0.7215909090909092,20.366372827540108,3.4645761391700107,2,1
"['spotify:artist:2YZyLoL8N0Wb9xBt1NhZWg', 'spotify:artist:50co4Is1HCEo8bhOyUWKpn']",['spotify:artist:1RyvyyTE3xzB2ZywiAwp0i'],"['Kendrick Lamar', 'Young Thug']",['Future'],0.016542920411619123,0.7215909090909092,9.469493006993009,3.318132880350265,2,1
"['spotify:artist:0BvkDsjIUla7X0k6CSWh1I', 'spotify:artist:1By9QBFnjZAoI83BZppHlt']",['spotify:artist:2IvkS5MXK0vPGnwyJsrEyV'],"['Luke Bryan', 'Billy Currington']",['Eric Church'],0.016542920411619123,0.7215909090909092,19.03660965323337,3.455686612276799,2,1
"['spotify:artist:0u2FHSq3ln94y5Q57xazwf', 'spotify:artist:3grHWM9bx2E9vwJCdlRv9O']",['spotify:artist:2IvkS5MXK0vPGnwyJsrEyV'],"['Keith Urban', 'Kenny Chesney']",['Eric Church'],0.016542920411619123,0.7134831460674158,18.8227151627476,3.357898688979305,2,1
"['spotify:artist:0BvkDsjIUla7X0k6CSWh1I', 'spotify:artist:1n2pb9Tsfe4SwAjmUac6YT']",['spotify:artist:2IvkS5MXK0vPGnwyJsrEyV'],"['Luke Bryan', 'Jake Owen']",['Eric Church'],0.016542920411619123,0.7094972067039107,18.71756032943616,3.3118255328102935,2,1
"['spotify:artist:0u2FHSq3ln94y5Q57xazwf', 'spotify:artist:6roFdX1y5BYSbp60OTJWMd']",['spotify:artist:2IvkS5MXK0vPGnwyJsrEyV'],"['Keith Urban', 'Tim McGraw']",['Eric Church'],0.016542920411619123,0.7094972067039107,18.71756032943616,3.3118255328102935,2,1
"['spotify:artist:0u2FHSq3ln94y5Q57xazwf', 'spotify:artist:3b8QkneNDz4JHKKKlLgYZg']",['spotify:artist:1n2pb9Tsfe4SwAjmUac6YT'],"['Keith Urban', 'Florida Georgia Line']",['Jake Owen'],0.016542920411619123,0.6978021978021979,23.495734528629267,3.21081388326406,2,1
"['spotify:artist:2IvkS5MXK0vPGnwyJsrEyV', 'spotify:artist:6roFdX1y5BYSbp60OTJWMd']",['spotify:artist:0u2FHSq3ln94y5Q57xazwf'],"['Eric Church', 'Tim McGraw']",['Keith Urban'],0.016542920411619123,0.6978021978021979,19.69495394311571,3.1918481414378257,2,1
['spotify:artist:2bA6fzP0lMAQ4kz6CF61w8'],['spotify:artist:6roFdX1y5BYSbp60OTJWMd'],['Toby Keith'],['Tim McGraw'],0.016542920411619123,0.6978021978021979,17.506625727213965,3.17719279548119,1,1
"['spotify:artist:3grHWM9bx2E9vwJCdlRv9O', 'spotify:artist:7x8nK0m0cP2ksQf0mjWdPS']",['spotify:artist:1n2pb9Tsfe4SwAjmUac6YT'],"['Kenny Chesney', 'Dierks Bentley']",['Jake Owen'],0.016542920411619123,0.6939890710382515,23.367342536669547,3.170804722826998,2,1
"['spotify:artist:3FfvYsEGaIb52QPXhg4DcH', 'spotify:artist:3b8QkneNDz4JHKKKlLgYZg']",['spotify:artist:1n2pb9Tsfe4SwAjmUac6YT'],"['Jason Aldean', 'Florida Georgia Line']",['Jake Owen'],0.016542920411619123,0.6902173913043479,23.24034610983982,3.13219939258071,2,1
['spotify:artist:1mfDfLsMxYcOOZkzBxvSVW'],['spotify:artist:2kucQ9jQwuD8jWdtR9Ef38'],['Cole Swindell'],['Sam Hunt'],0.016542920411619123,0.679144385026738,15.425418472929788,2.9794472667274547,1,1
['spotify:artist:1mfDfLsMxYcOOZkzBxvSVW'],['spotify:artist:3FfvYsEGaIb52QPXhg4DcH'],['Cole Swindell'],['Jason Aldean'],0.016542920411619123,0.679144385026738,19.976212428545086,3.0107073075420088,1,1
"['spotify:artist:2IvkS5MXK0vPGnwyJsrEyV', 'spotify:artist:3grHWM9bx2E9vwJCdlRv9O']",['spotify:artist:0u2FHSq3ln94y5Q57xazwf'],"['Eric Church', 'Kenny Chesney']",['Keith Urban'],0.016542920411619123,0.6719576719576721,18.965511204481796,2.9403811972922904,2,1
"['spotify:artist:1UTPBmNbXNTittyMJrNkvw', 'spotify:artist:2IvkS5MXK0vPGnwyJsrEyV']",['spotify:artist:0u2FHSq3ln94y5Q57xazwf'],"['Blake Shelton', 'Eric Church']",['Keith Urban'],0.016542920411619123,0.654639175257732,18.476709369314737,2.792932562665376,2,1
['spotify:artist:0qSX3s5pJnAlSsgsCne8Cz'],['spotify:artist:2kucQ9jQwuD8jWdtR9Ef38'],['Brett Eldredge'],['Sam Hunt'],0.016542920411619123,0.6479591836734694,14.717108441009541,2.7155157604212095,1,1
"['spotify:artist:5K4W6rqBFWDnAN6FQUkS6x', 'spotify:artist:6oMuImdp5ZcFhWP0ESe6mG']",['spotify:artist:1RyvyyTE3xzB2ZywiAwp0i'],"['Kanye West', 'Migos']",['Future'],0.016542920411619123,0.6414141414141414,8.417327117327119,2.5762264088634974,2,1
"['spotify:artist:2IvkS5MXK0vPGnwyJsrEyV', 'spotify:artist:3b8QkneNDz4JHKKKlLgYZg']",['spotify:artist:1n2pb9Tsfe4SwAjmUac6YT'],"['Eric Church', 'Florida Georgia Line']",['Jake Owen'],0.016542920411619123,0.6414141414141414,21.59708931419458,2.705909548734376,2,1
"['spotify:artist:0BvkDsjIUla7X0k6CSWh1I', 'spotify:artist:2IvkS5MXK0vPGnwyJsrEyV']",['spotify:artist:1n2pb9Tsfe4SwAjmUac6YT'],"['Luke Bryan', 'Eric Church']",['Jake Owen'],0.016542920411619123,0.635,21.381118421052633,2.658358626818053,2,1
"['spotify:artist:0BvkDsjIUla7X0k6CSWh1I', 'spotify:artist:2IvkS5MXK0vPGnwyJsrEyV']",['spotify:artist:4BYxqVkZyFjtik7crYLg5Q'],"['Luke Bryan', 'Eric Church']",['Chris Young'],0.016542920411619123,0.635,21.287751091703058,2.658001752254109,2,1
"['spotify:artist:0BvkDsjIUla7X0k6CSWh1I', 'spotify:artist:2IvkS5MXK0vPGnwyJsrEyV']",['spotify:artist:1By9QBFnjZAoI83BZppHlt'],"['Luke Bryan', 'Eric Church']",['Billy Currington'],0.016542920411619123,0.635,20.832884615384618,2.6562173794343895,2,1
"['spotify:artist:3b8QkneNDz4JHKKKlLgYZg', 'spotify:artist:6x2LnllRG5uGarZMsD4iO8']",['spotify:artist:1By9QBFnjZAoI83BZppHlt'],"['Florida Georgia Line', 'Thomas Rhett']",['Billy Currington'],0.016542920411619123,0.625615763546798,20.525009473285337,2.589637193805146,2,1
"['spotify:artist:1UTPBmNbXNTittyMJrNkvw', 'spotify:artist:3grHWM9bx2E9vwJCdlRv9O']",['spotify:artist:13YmWQJFwgZrd4bf5IjMY4'],"['Blake Shelton', 'Kenny Chesney']",['Brad Paisley'],0.016542920411619123,0.6195121951219513,20.067489966038906,2.5470686666466276,2,1
"['spotify:artist:1UTPBmNbXNTittyMJrNkvw', 'spotify:artist:3grHWM9bx2E9vwJCdlRv9O']",['spotify:artist:1n2pb9Tsfe4SwAjmUac6YT'],"['Blake Shelton', 'Kenny Chesney']",['Jake Owen'],0.016542920411619123,0.6195121951219513,20.85962772785623,2.550149798098216,2,1
"['spotify:artist:1UTPBmNbXNTittyMJrNkvw', 'spotify:artist:3grHWM9bx2E9vwJCdlRv9O']",['spotify:artist:4BYxqVkZyFjtik7crYLg5Q'],"['Blake Shelton', 'Kenny Chesney']",['Chris Young'],0.016542920411619123,0.6195121951219513,20.76853765044201,2.549807450159151,2,1
"['spotify:artist:1UTPBmNbXNTittyMJrNkvw', 'spotify:artist:3grHWM9bx2E9vwJCdlRv9O']",['spotify:artist:5Zq7R5qmi58ByYyBQTlNuk'],"['Blake Shelton', 'Kenny Chesney']",['Lee Brice'],0.016542920411619123,0.6195121951219513,21.327332385431482,2.551861537793543,2,1
"['spotify:artist:1RyvyyTE3xzB2ZywiAwp0i', 'spotify:artist:50co4Is1HCEo8bhOyUWKpn']",['spotify:artist:2YZyLoL8N0Wb9xBt1NhZWg'],"['Future', 'Young Thug']",['Kendrick Lamar'],0.016542920411619123,0.6105769230769231,6.334323024948025,2.3203765617034695,2,1
"['spotify:artist:0BvkDsjIUla7X0k6CSWh1I', 'spotify:artist:6roFdX1y5BYSbp60OTJWMd']",['spotify:artist:13YmWQJFwgZrd4bf5IjMY4'],"['Luke Bryan', 'Tim McGraw']",['Brad Paisley'],0.016542920411619123,0.6076555023923446,19.683423172430505,2.470095978802696,2,1
"['spotify:artist:0BvkDsjIUla7X0k6CSWh1I', 'spotify:artist:6roFdX1y5BYSbp60OTJWMd']",['spotify:artist:5Zq7R5qmi58ByYyBQTlNuk'],"['Luke Bryan', 'Tim McGraw']",['Lee Brice'],0.016542920411619123,0.6076555023923446,20.919153775183986,2.4747440088703354,2,1
"['spotify:artist:0BvkDsjIUla7X0k6CSWh1I', 'spotify:artist:3grHWM9bx2E9vwJCdlRv9O']",['spotify:artist:5Zq7R5qmi58ByYyBQTlNuk'],"['Luke Bryan', 'Kenny Chesney']",['Lee Brice'],0.016542920411619123,0.5825688073394496,20.055518986300246,2.3260173459470064,2,1
['spotify:artist:46SHBwWsqBkxI7EeeBEQG7'],['spotify:artist:2YZyLoL8N0Wb9xBt1NhZWg'],['Kodak Black'],['Kendrick Lamar'],0.016542920411619123,0.5644444444444445,5.855729729729731,2.0746106179869375,1,1
['spotify:artist:13YmWQJFwgZrd4bf5IjMY4'],['spotify:artist:6x2LnllRG5uGarZMsD4iO8'],['Brad Paisley'],['Thomas Rhett'],0.016542920411619123,0.5358649789029537,13.270436913025728,2.0675441401115497,1,1
"['spotify:artist:1RyvyyTE3xzB2ZywiAwp0i', 'spotify:artist:6oMuImdp5ZcFhWP0ESe6mG']",['spotify:artist:5K4W6rqBFWDnAN6FQUkS6x'],"['Future', 'Migos']",['Kanye West'],0.016542920411619123,0.5247933884297521,4.227532888746282,1.843120331198215,2,1
"['spotify:artist:3TVXtAsR1Inumwj472S9r4', 'spotify:artist:7dGJo4pcD2V6oG8kP0tJRR']",['spotify:artist:2YZyLoL8N0Wb9xBt1NhZWg'],"['Drake', 'Eminem']",['Kendrick Lamar'],0.016542920411619123,0.5183673469387756,5.3777109762824065,1.8761356285448727,2,1
"['spotify:artist:0u2FHSq3ln94y5Q57xazwf', 'spotify:artist:1By9QBFnjZAoI83BZppHlt']",['spotify:artist:0BvkDsjIUla7X0k6CSWh1I'],"['Keith Urban', 'Billy Currington']",['Luke Bryan'],0.016412661195779603,0.8811188811188813,18.134985657773864,8.003064922725645,2,1
"['spotify:artist:1n2pb9Tsfe4SwAjmUac6YT', 'spotify:artist:6roFdX1y5BYSbp60OTJWMd']",['spotify:artist:3grHWM9bx2E9vwJCdlRv9O'],"['Jake Owen', 'Tim McGraw']",['Kenny Chesney'],0.016412661195779603,0.8689655172413795,19.973198430724764,7.299555061941695,2,1
"['spotify:artist:5pKCCKE2ajJHZ9KAiaK11H', 'spotify:artist:6l3HvQ5sa6mXTsMTB19rO5']",['spotify:artist:3TVXtAsR1Inumwj472S9r4'],"['Rihanna', 'J. Cole']",['Drake'],0.016412661195779603,0.84,4.550938602681722,5.096391819721244,2,1
"['spotify:artist:1n2pb9Tsfe4SwAjmUac6YT', 'spotify:artist:2IvkS5MXK0vPGnwyJsrEyV']",['spotify:artist:3grHWM9bx2E9vwJCdlRv9O'],"['Jake Owen', 'Eric Church']",['Kenny Chesney'],0.016412661195779603,0.84,19.3074251497006,5.978083886934999,2,1
"['spotify:artist:2kucQ9jQwuD8jWdtR9Ef38', 'spotify:artist:6roFdX1y5BYSbp60OTJWMd']",['spotify:artist:3b8QkneNDz4JHKKKlLgYZg'],"['Sam Hunt', 'Tim McGraw']",['Florida Georgia Line'],0.016412661195779603,0.8344370860927153,17.794370860927152,5.756764361078547,2,1
"['spotify:artist:4BYxqVkZyFjtik7crYLg5Q', 'spotify:artist:6x2LnllRG5uGarZMsD4iO8']",['spotify:artist:3b8QkneNDz4JHKKKlLgYZg'],"['Chris Young', 'Thomas Rhett']",['Florida Georgia Line'],0.016412661195779603,0.8289473684210527,17.677302631578947,5.572008296510055,2,1
"['spotify:artist:1n2pb9Tsfe4SwAjmUac6YT', 'spotify:artist:6x2LnllRG5uGarZMsD4iO8']",['spotify:artist:3grHWM9bx2E9vwJCdlRv9O'],"['Jake Owen', 'Thomas Rhett']",['Kenny Chesney'],0.016412661195779603,0.823529411764706,18.928848185980982,5.420129390821069,2,1
"['spotify:artist:1By9QBFnjZAoI83BZppHlt', 'spotify:artist:6yJCxee7QumYr820xdIsjo']",['spotify:artist:6roFdX1y5BYSbp60OTJWMd'],"['Billy Currington', 'Zac Brown Band']",['Tim McGraw'],0.016412661195779603,0.8129032258064517,20.394307400379507,5.131786392852814,2,1
"['spotify:artist:3b8QkneNDz4JHKKKlLgYZg', 'spotify:artist:4BYxqVkZyFjtik7crYLg5Q']",['spotify:artist:6x2LnllRG5uGarZMsD4iO8'],"['Florida Georgia Line', 'Chris Young']",['Thomas Rhett'],0.016412661195779603,0.8076923076923077,20.00210918114144,4.9900221440666925,2,1
"['spotify:artist:1By9QBFnjZAoI83BZppHlt', 'spotify:artist:6roFdX1y5BYSbp60OTJWMd']",['spotify:artist:6yJCxee7QumYr820xdIsjo'],"['Billy Currington', 'Tim McGraw']",['Zac Brown Band'],0.016412661195779603,0.7924528301886793,18.834861849407094,4.615462953094841,2,1
"['spotify:artist:3FfvYsEGaIb52QPXhg4DcH', 'spotify:artist:6x2LnllRG5uGarZMsD4iO8']",['spotify:artist:7x8nK0m0cP2ksQf0mjWdPS'],"['Jason Aldean', 'Thomas Rhett']",['Dierks Bentley'],0.016412661195779603,0.7875000000000001,22.72796052631579,4.542828463937355,2,1
"['spotify:artist:3FfvYsEGaIb52QPXhg4DcH', 'spotify:artist:6x2LnllRG5uGarZMsD4iO8']",['spotify:artist:1UTPBmNbXNTittyMJrNkvw'],"['Jason Aldean', 'Thomas Rhett']",['Blake Shelton'],0.016412661195779603,0.7875000000000001,19.07141167192429,4.51156625213587,2,1
"['spotify:artist:1n2pb9Tsfe4SwAjmUac6YT', 'spotify:artist:3grHWM9bx2E9vwJCdlRv9O']",['spotify:artist:2IvkS5MXK0vPGnwyJsrEyV'],"['Jake Owen', 'Kenny Chesney']",['Eric Church'],0.016412661195779603,0.7636363636363638,20.14582942830366,4.070400096191423,2,1
"['spotify:artist:1n2pb9Tsfe4SwAjmUac6YT', 'spotify:artist:3grHWM9bx2E9vwJCdlRv9O']",['spotify:artist:6x2LnllRG5uGarZMsD4iO8'],"['Jake Owen', 'Kenny Chesney']",['Thomas Rhett'],0.016412661195779603,0.7636363636363638,18.911085043988273,4.059929259225862,2,1
"['spotify:artist:1n2pb9Tsfe4SwAjmUac6YT', 'spotify:artist:3grHWM9bx2E9vwJCdlRv9O']",['spotify:artist:6roFdX1y5BYSbp60OTJWMd'],"['Jake Owen', 'Kenny Chesney']",['Tim McGraw'],0.016412661195779603,0.7636363636363638,19.158288770053478,4.062133645955454,2,1
"['spotify:artist:2IvkS5MXK0vPGnwyJsrEyV', 'spotify:artist:3FfvYsEGaIb52QPXhg4DcH']",['spotify:artist:3grHWM9bx2E9vwJCdlRv9O'],"['Eric Church', 'Jason Aldean']",['Kenny Chesney'],0.016412661195779603,0.7590361445783134,17.446468508765605,3.9694477009248423,2,1
"['spotify:artist:50co4Is1HCEo8bhOyUWKpn', 'spotify:artist:6oMuImdp5ZcFhWP0ESe6mG']",['spotify:artist:1RyvyyTE3xzB2ZywiAwp0i'],"['Young Thug', 'Migos']",['Future'],0.016412661195779603,0.7590361445783134,9.960889712696943,3.833763188745605,2,1
"['spotify:artist:2IvkS5MXK0vPGnwyJsrEyV', 'spotify:artist:6yJCxee7QumYr820xdIsjo']",['spotify:artist:1UTPBmNbXNTittyMJrNkvw'],"['Eric Church', 'Zac Brown Band']",['Blake Shelton'],0.016412661195779603,0.7544910179640719,18.272011182681958,3.904980667626138,2,1
"['spotify:artist:3FfvYsEGaIb52QPXhg4DcH', 'spotify:artist:6roFdX1y5BYSbp60OTJWMd']",['spotify:artist:7x8nK0m0cP2ksQf0mjWdPS'],"['Jason Aldean', 'Tim McGraw']",['Dierks Bentley'],0.016412661195779603,0.7500000000000001,21.645676691729324,3.861404194346752,2,1
"['spotify:artist:3FfvYsEGaIb52QPXhg4DcH', 'spotify:artist:7x8nK0m0cP2ksQf0mjWdPS']",['spotify:artist:6roFdX1y5BYSbp60OTJWMd'],"['Jason Aldean', 'Dierks Bentley']",['Tim McGraw'],0.016412661195779603,0.7500000000000001,18.81617647058824,3.8405627198124286,2,1
"['spotify:artist:3FfvYsEGaIb52QPXhg4DcH', 'spotify:artist:7x8nK0m0cP2ksQf0mjWdPS']",['spotify:artist:6x2LnllRG5uGarZMsD4iO8'],"['Jason Aldean', 'Dierks Bentley']",['Thomas Rhett'],0.016412661195779603,0.7500000000000001,18.573387096774194,3.838478572358996,2,1
"['spotify:artist:6roFdX1y5BYSbp60OTJWMd', 'spotify:artist:7x8nK0m0cP2ksQf0mjWdPS']",['spotify:artist:3FfvYsEGaIb52QPXhg4DcH'],"['Tim McGraw', 'Dierks Bentley']",['Jason Aldean'],0.016412661195779603,0.7411764705882353,21.80081135902637,3.732281786209102,2,1
"['spotify:artist:6x2LnllRG5uGarZMsD4iO8', 'spotify:artist:7x8nK0m0cP2ksQf0mjWdPS']",['spotify:artist:3FfvYsEGaIb52QPXhg4DcH'],"['Thomas Rhett', 'Dierks Bentley']",['Jason Aldean'],0.016412661195779603,0.7411764705882353,21.80081135902637,3.732281786209102,2,1
"['spotify:artist:3FfvYsEGaIb52QPXhg4DcH', 'spotify:artist:3grHWM9bx2E9vwJCdlRv9O']",['spotify:artist:2IvkS5MXK0vPGnwyJsrEyV'],"['Jason Aldean', 'Kenny Chesney']",['Eric Church'],0.016412661195779603,0.7325581395348837,19.325941021337808,3.5973970810608757,2,1
"['spotify:artist:1UTPBmNbXNTittyMJrNkvw', 'spotify:artist:6yJCxee7QumYr820xdIsjo']",['spotify:artist:2IvkS5MXK0vPGnwyJsrEyV'],"['Blake Shelton', 'Zac Brown Band']",['Eric Church'],0.016412661195779603,0.7241379310344828,19.103803768218985,3.487592809691286,2,1
"['spotify:artist:0BvkDsjIUla7X0k6CSWh1I', 'spotify:artist:1By9QBFnjZAoI83BZppHlt']",['spotify:artist:0u2FHSq3ln94y5Q57xazwf'],"['Luke Bryan', 'Billy Currington']",['Keith Urban'],0.016412661195779603,0.7159090909090909,20.206007687165776,3.39528461638661,2,1
"['spotify:artist:3grHWM9bx2E9vwJCdlRv9O', 'spotify:artist:6x2LnllRG5uGarZMsD4iO8']",['spotify:artist:1n2pb9Tsfe4SwAjmUac6YT'],"['Kenny Chesney', 'Thomas Rhett']",['Jake Owen'],0.016412661195779603,0.7039106145251397,23.70141134960306,3.2770539789275,2,1
"['spotify:artist:4O15NlyKLIASxsJ0PrXPfz', 'spotify:artist:6oMuImdp5ZcFhWP0ESe6mG']",['spotify:artist:1RyvyyTE3xzB2ZywiAwp0i'],"['Lil Uzi Vert', 'Migos']",['Future'],0.016412661195779603,0.7039106145251397,9.237473141383758,3.119998230440842,2,1
"['spotify:artist:1UTPBmNbXNTittyMJrNkvw', 'spotify:artist:6x2LnllRG5uGarZMsD4iO8']",['spotify:artist:3FfvYsEGaIb52QPXhg4DcH'],"['Blake Shelton', 'Thomas Rhett']",['Jason Aldean'],0.016412661195779603,0.7000000000000001,20.589655172413796,3.220007815552951,2,1
"['spotify:artist:1UTPBmNbXNTittyMJrNkvw', 'spotify:artist:3FfvYsEGaIb52QPXhg4DcH']",['spotify:artist:6x2LnllRG5uGarZMsD4iO8'],"['Blake Shelton', 'Jason Aldean']",['Thomas Rhett'],0.016412661195779603,0.696132596685083,17.239386918552846,3.158021007258992,2,1
"['spotify:artist:0BvkDsjIUla7X0k6CSWh1I', 'spotify:artist:0u2FHSq3ln94y5Q57xazwf']",['spotify:artist:1By9QBFnjZAoI83BZppHlt'],"['Luke Bryan', 'Keith Urban']",['Billy Currington'],0.016412661195779603,0.6885245901639345,22.588902900378315,3.1126673659529844,2,1
"['spotify:artist:0Y5tJX1MQlPlqiwlOH1tJY', 'spotify:artist:6oMuImdp5ZcFhWP0ESe6mG']",['spotify:artist:7iZtZyCzp3LItcw1wtPI3D'],"['Travis Scott', 'Migos']",['Rae Sremmurd'],0.016412661195779603,0.6810810810810811,10.113461236865492,2.9244297847632046,2,1
"['spotify:artist:6roFdX1y5BYSbp60OTJWMd', 'spotify:artist:6yJCxee7QumYr820xdIsjo']",['spotify:artist:1By9QBFnjZAoI83BZppHlt'],"['Tim McGraw', 'Zac Brown Band']",['Billy Currington'],0.016412661195779603,0.6774193548387097,22.224565756823825,3.0055099648300123,2,1
"['spotify:artist:0QHgL1lAIqAw0HtD7YldmP', 'spotify:artist:1RyvyyTE3xzB2ZywiAwp0i']",['spotify:artist:2YZyLoL8N0Wb9xBt1NhZWg'],"['DJ Khaled', 'Future']",['Kendrick Lamar'],0.016412661195779603,0.6666666666666667,6.916216216216217,2.710824540836265,2,1
"['spotify:artist:2IvkS5MXK0vPGnwyJsrEyV', 'spotify:artist:3grHWM9bx2E9vwJCdlRv9O']",['spotify:artist:3FfvYsEGaIb52QPXhg4DcH'],"['Eric Church', 'Kenny Chesney']",['Jason Aldean'],0.016412661195779603,0.6666666666666667,19.60919540229885,2.898007033997656,2,1
"['spotify:artist:2IvkS5MXK0vPGnwyJsrEyV', 'spotify:artist:3grHWM9bx2E9vwJCdlRv9O']",['spotify:artist:1n2pb9Tsfe4SwAjmUac6YT'],"['Eric Church', 'Kenny Chesney']",['Jake Owen'],0.016412661195779603,0.6666666666666667,22.447368421052634,2.9109026963657683,2,1
"['spotify:artist:2YZyLoL8N0Wb9xBt1NhZWg', 'spotify:artist:4O15NlyKLIASxsJ0PrXPfz']",['spotify:artist:1RyvyyTE3xzB2ZywiAwp0i'],"['Kendrick Lamar', 'Lil Uzi Vert']",['Future'],0.016412661195779603,0.6528497409326425,8.567397369469909,2.6610907945617748,2,1
"['spotify:artist:1UTPBmNbXNTittyMJrNkvw', 'spotify:artist:2IvkS5MXK0vPGnwyJsrEyV']",['spotify:artist:6yJCxee7QumYr820xdIsjo'],"['Blake Shelton', 'Eric Church']",['Zac Brown Band'],0.016412661195779603,0.6494845360824743,15.436819763173855,2.73290730907447,2,1
"['spotify:artist:2kucQ9jQwuD8jWdtR9Ef38', 'spotify:artist:3b8QkneNDz4JHKKKlLgYZg']",['spotify:artist:6roFdX1y5BYSbp60OTJWMd'],"['Sam Hunt', 'Florida Georgia Line']",['Tim McGraw'],0.016412661195779603,0.6461538461538462,16.210859728506787,2.713441052041389,2,1
"['spotify:artist:3b8QkneNDz4JHKKKlLgYZg', 'spotify:artist:6roFdX1y5BYSbp60OTJWMd']",['spotify:artist:2kucQ9jQwuD8jWdtR9Ef38'],"['Florida Georgia Line', 'Tim McGraw']",['Sam Hunt'],0.016412661195779603,0.6461538461538462,14.676103777878927,2.7016610881741627,2,1
['spotify:artist:0qSX3s5pJnAlSsgsCne8Cz'],['spotify:artist:6roFdX1y5BYSbp60OTJWMd'],['Brett Eldredge'],['Tim McGraw'],0.016412661195779603,0.6428571428571429,16.128151260504204,2.688393903868699,1,1
['spotify:artist:0qSX3s5pJnAlSsgsCne8Cz'],['spotify:artist:4BYxqVkZyFjtik7crYLg5Q'],['Brett Eldredge'],['Chris Young'],0.016412661195779603,0.6428571428571429,21.551154086088587,2.7164777908036997,1,1
"['spotify:artist:1RyvyyTE3xzB2ZywiAwp0i', 'spotify:artist:4O15NlyKLIASxsJ0PrXPfz']",['spotify:artist:6oMuImdp5ZcFhWP0ESe6mG'],"['Future', 'Lil Uzi Vert']",['Migos'],0.016412661195779603,0.6363636363636364,10.929225137278829,2.589878858929269,2,1
"['spotify:artist:1RyvyyTE3xzB2ZywiAwp0i', 'spotify:artist:4O15NlyKLIASxsJ0PrXPfz']",['spotify:artist:2YZyLoL8N0Wb9xBt1NhZWg'],"['Future', 'Lil Uzi Vert']",['Kendrick Lamar'],0.016412661195779603,0.6363636363636364,6.601842751842752,2.4849224957665754,2,1
"['spotify:artist:0Y5tJX1MQlPlqiwlOH1tJY', 'spotify:artist:7iZtZyCzp3LItcw1wtPI3D']",['spotify:artist:6oMuImdp5ZcFhWP0ESe6mG'],"['Travis Scott', 'Rae Sremmurd']",['Migos'],0.016412661195779603,0.63,10.81993288590604,2.545335487891174,2,1
"['spotify:artist:3b8QkneNDz4JHKKKlLgYZg', 'spotify:artist:6x2LnllRG5uGarZMsD4iO8']",['spotify:artist:4BYxqVkZyFjtik7crYLg5Q'],"['Florida Georgia Line', 'Thomas Rhett']",['Chris Young'],0.016412661195779603,0.6206896551724138,20.808010841740703,2.5577225952372493,2,1
"['spotify:artist:1RyvyyTE3xzB2ZywiAwp0i', 'spotify:artist:50co4Is1HCEo8bhOyUWKpn']",['spotify:artist:6oMuImdp5ZcFhWP0ESe6mG'],"['Future', 'Young Thug']",['Migos'],0.016412661195779603,0.6057692307692308,10.403781621063501,2.3888904774159117,2,1
"['spotify:artist:3grHWM9bx2E9vwJCdlRv9O', 'spotify:artist:6roFdX1y5BYSbp60OTJWMd']",['spotify:artist:1n2pb9Tsfe4SwAjmUac6YT'],"['Kenny Chesney', 'Tim McGraw']",['Jake Owen'],0.016412661195779603,0.6028708133971292,20.29929488793755,2.4432878053833154,2,1
"['spotify:artist:0QHgL1lAIqAw0HtD7YldmP', 'spotify:artist:2YZyLoL8N0Wb9xBt1NhZWg']",['spotify:artist:1RyvyyTE3xzB2ZywiAwp0i'],"['DJ Khaled', 'Kendrick Lamar']",['Future'],0.016412661195779603,0.5625,7.38173076923077,2.111539105677441,2,1
"['spotify:artist:1RyvyyTE3xzB2ZywiAwp0i', 'spotify:artist:6l3HvQ5sa6mXTsMTB19rO5']",['spotify:artist:0c173mlxpT3dSFRgMO8XPh'],"['Future', 'J. Cole']",['Big Sean'],0.016412661195779603,0.5526315789473685,6.88726076555024,2.055934839742853,2,1
['spotify:artist:1n2pb9Tsfe4SwAjmUac6YT'],['spotify:artist:13YmWQJFwgZrd4bf5IjMY4'],['Jake Owen'],['Brad Paisley'],0.016412661195779603,0.5526315789473685,17.901065956029317,2.1662873824793696,1,1
['spotify:artist:4BYxqVkZyFjtik7crYLg5Q'],['spotify:artist:0qSX3s5pJnAlSsgsCne8Cz'],['Chris Young'],['Brett Eldredge'],0.016412661195779603,0.5502183406113538,21.551154086088584,2.166538304429699,1,1
"['spotify:artist:6oMuImdp5ZcFhWP0ESe6mG', 'spotify:artist:7iZtZyCzp3LItcw1wtPI3D']",['spotify:artist:0Y5tJX1MQlPlqiwlOH1tJY'],"['Migos', 'Rae Sremmurd']",['Travis Scott'],0.016412661195779603,0.5384615384615385,10.1070152341546,2.0512352915635454,2,1
['spotify:artist:13YmWQJFwgZrd4bf5IjMY4'],['spotify:artist:1n2pb9Tsfe4SwAjmUac6YT'],['Brad Paisley'],['Jake Owen'],0.016412661195779603,0.5316455696202532,17.901065956029317,2.071723540656718,1,1
['spotify:artist:0a1gHP0HAqALbEyxaD5Ngn'],['spotify:artist:6x2LnllRG5uGarZMsD4iO8'],['Rascal Flatts'],['Thomas Rhett'],0.016412661195779603,0.5228215767634855,12.947423370365414,2.0110289911706904,1,1
"['spotify:artist:0c173mlxpT3dSFRgMO8XPh', 'spotify:artist:6l3HvQ5sa6mXTsMTB19rO5']",['spotify:artist:1RyvyyTE3xzB2ZywiAwp0i'],"['Big Sean', 'J. Cole']",['Future'],0.016412661195779603,0.5206611570247934,6.832676414494597,1.927234507013785,2,1
['spotify:artist:1URnnhqYAYcrqrcwql10ft'],['spotify:artist:7iZtZyCzp3LItcw1wtPI3D'],['21 Savage'],['Rae Sremmurd'],0.016412661195779603,0.5206611570247934,7.731364995124447,1.9457133488746055,1,1
"['spotify:artist:1RyvyyTE3xzB2ZywiAwp0i', 'spotify:artist:6oMuImdp5ZcFhWP0ESe6mG']",['spotify:artist:4O15NlyKLIASxsJ0PrXPfz'],"['Future', 'Migos']",['Lil Uzi Vert'],0.016412661195779603,0.5206611570247934,10.716127888684555,1.9848450139916367,2,1
"['spotify:artist:1RyvyyTE3xzB2ZywiAwp0i', 'spotify:artist:6oMuImdp5ZcFhWP0ESe6mG']",['spotify:artist:50co4Is1HCEo8bhOyUWKpn'],"['Future', 'Migos']",['Young Thug'],0.016412661195779603,0.5206611570247934,11.196402527953332,1.989192976782418,2,1
['spotify:artist:2qxJFvFYMEDqd7ui6kSAcq'],['spotify:artist:69GGBxA162lTqCwzJG5jLp'],['Zedd'],['The Chainsmokers'],0.016412661195779603,0.5080645161290324,6.152068281265901,1.8649105161895125,1,1
"['spotify:artist:0c173mlxpT3dSFRgMO8XPh', 'spotify:artist:1RyvyyTE3xzB2ZywiAwp0i']",['spotify:artist:6l3HvQ5sa6mXTsMTB19rO5'],"['Big Sean', 'Future']",['J. Cole'],0.016412661195779603,0.5,6.561538461538462,1.8475967174677608,2,1
"['spotify:artist:2kucQ9jQwuD8jWdtR9Ef38', 'spotify:artist:3FfvYsEGaIb52QPXhg4DcH']",['spotify:artist:3b8QkneNDz4JHKKKlLgYZg'],"['Sam Hunt', 'Jason Aldean']",['Florida Georgia Line'],0.016282401979940082,0.9057971014492755,19.3161231884058,10.117594012084062,2,1
"['spotify:artist:20sxb77xiYeusSH8cVdatc', 'spotify:artist:2YZyLoL8N0Wb9xBt1NhZWg']",['spotify:artist:3TVXtAsR1Inumwj472S9r4'],"['Meek Mill', 'Kendrick Lamar']",['Drake'],0.016282401979940082,0.8992805755395684,4.872107959362927,8.095982433614326,2,1
"['spotify:artist:1RyvyyTE3xzB2ZywiAwp0i', 'spotify:artist:1anyVhU62p31KFi8MEzkbf']",['spotify:artist:3TVXtAsR1Inumwj472S9r4'],"['Future', 'Chance The Rapper']",['Drake'],0.016282401979940082,0.892857142857143,4.837307188224621,7.61061178411707,2,1
"['spotify:artist:1n2pb9Tsfe4SwAjmUac6YT', 'spotify:artist:2kucQ9jQwuD8jWdtR9Ef38']",['spotify:artist:3b8QkneNDz4JHKKKlLgYZg'],"['Jake Owen', 'Sam Hunt']",['Florida Georgia Line'],0.016282401979940082,0.8865248226950356,18.905141843971634,8.399252637749132,2,1
"['spotify:artist:1anyVhU62p31KFi8MEzkbf', 'spotify:artist:246dkjvS1zLTtiykXe5h60']",['spotify:artist:3TVXtAsR1Inumwj472S9r4'],"['Chance The Rapper', 'Post Malone']",['Drake'],0.016282401979940082,0.8802816901408452,4.7691761010665275,6.811177773180402,2,1
"['spotify:artist:3FfvYsEGaIb52QPXhg4DcH', 'spotify:artist:4BYxqVkZyFjtik7crYLg5Q']",['spotify:artist:0BvkDsjIUla7X0k6CSWh1I'],"['Jason Aldean', 'Chris Young']",['Luke Bryan'],0.016282401979940082,0.8741258741258743,17.991057200172484,7.558450204796443,2,1
"['spotify:artist:1By9QBFnjZAoI83BZppHlt', 'spotify:artist:3FfvYsEGaIb52QPXhg4DcH']",['spotify:artist:0BvkDsjIUla7X0k6CSWh1I'],"['Billy Currington', 'Jason Aldean']",['Luke Bryan'],0.016282401979940082,0.8741258741258743,17.991057200172484,7.558450204796443,2,1
"['spotify:artist:1n2pb9Tsfe4SwAjmUac6YT', 'spotify:artist:6yJCxee7QumYr820xdIsjo']",['spotify:artist:0BvkDsjIUla7X0k6CSWh1I'],"['Jake Owen', 'Zac Brown Band']",['Luke Bryan'],0.016282401979940082,0.8620689655172415,17.74290468706666,6.897746515565984,2,1
"['spotify:artist:1n2pb9Tsfe4SwAjmUac6YT', 'spotify:artist:6roFdX1y5BYSbp60OTJWMd']",['spotify:artist:3b8QkneNDz4JHKKKlLgYZg'],"['Jake Owen', 'Tim McGraw']",['Florida Georgia Line'],0.016282401979940082,0.8620689655172415,18.383620689655174,6.910023446658859,2,1
"['spotify:artist:6l3HvQ5sa6mXTsMTB19rO5', 'spotify:artist:7bXgB6jMjp9ATFy66eO08Z']",['spotify:artist:3TVXtAsR1Inumwj472S9r4'],"['J. Cole', 'Chris Brown']",['Drake'],0.016282401979940082,0.856164383561644,4.638513742133198,5.669129186128021,2,1
"['spotify:artist:0Y5tJX1MQlPlqiwlOH1tJY', 'spotify:artist:1Xyo4u8uXC1ZmMpatF05PJ']",['spotify:artist:3TVXtAsR1Inumwj472S9r4'],"['Travis Scott', 'The Weeknd']",['Drake'],0.016282401979940082,0.856164383561644,4.638513742133198,5.669129186128021,2,1
"['spotify:artist:2kucQ9jQwuD8jWdtR9Ef38', 'spotify:artist:6roFdX1y5BYSbp60OTJWMd']",['spotify:artist:1UTPBmNbXNTittyMJrNkvw'],"['Sam Hunt', 'Tim McGraw']",['Blake Shelton'],0.016282401979940082,0.8278145695364238,20.047736436375793,5.567880081361911,2,1
"['spotify:artist:3grHWM9bx2E9vwJCdlRv9O', 'spotify:artist:5Zq7R5qmi58ByYyBQTlNuk']",['spotify:artist:6roFdX1y5BYSbp60OTJWMd'],"['Kenny Chesney', 'Lee Brice']",['Tim McGraw'],0.016282401979940082,0.8278145695364238,20.768406700428514,5.57620164126612,2,1
"['spotify:artist:5IcR3N7QB1j6KBL8eImZ8m', 'spotify:artist:5K4W6rqBFWDnAN6FQUkS6x']",['spotify:artist:3TVXtAsR1Inumwj472S9r4'],"['ScHoolboy Q', 'Kanye West']",['Drake'],0.016282401979940082,0.8116883116883118,4.397551989295109,4.330175670273502,2,1
"['spotify:artist:0c173mlxpT3dSFRgMO8XPh', 'spotify:artist:4O15NlyKLIASxsJ0PrXPfz']",['spotify:artist:3TVXtAsR1Inumwj472S9r4'],"['Big Sean', 'Lil Uzi Vert']",['Drake'],0.016282401979940082,0.8116883116883118,4.397551989295109,4.330175670273502,2,1
"['spotify:artist:5Zq7R5qmi58ByYyBQTlNuk', 'spotify:artist:6roFdX1y5BYSbp60OTJWMd']",['spotify:artist:3grHWM9bx2E9vwJCdlRv9O'],"['Lee Brice', 'Tim McGraw']",['Kenny Chesney'],0.016282401979940082,0.8116883116883118,18.656680146201108,5.079309895657879,2,1
"['spotify:artist:13YmWQJFwgZrd4bf5IjMY4', 'spotify:artist:3b8QkneNDz4JHKKKlLgYZg']",['spotify:artist:3grHWM9bx2E9vwJCdlRv9O'],"['Brad Paisley', 'Florida Georgia Line']",['Kenny Chesney'],0.016282401979940082,0.8064516129032259,18.53631446783852,4.941882679866269,2,1
"['spotify:artist:2IvkS5MXK0vPGnwyJsrEyV', 'spotify:artist:2kucQ9jQwuD8jWdtR9Ef38']",['spotify:artist:6x2LnllRG5uGarZMsD4iO8'],"['Eric Church', 'Sam Hunt']",['Thomas Rhett'],0.016282401979940082,0.8064516129032259,19.971383975026015,4.958034822630369,2,1
"['spotify:artist:1By9QBFnjZAoI83BZppHlt', 'spotify:artist:6yJCxee7QumYr820xdIsjo']",['spotify:artist:3grHWM9bx2E9vwJCdlRv9O'],"['Billy Currington', 'Zac Brown Band']",['Kenny Chesney'],0.016282401979940082,0.8064516129032259,18.53631446783852,4.941882679866269,2,1
"['spotify:artist:2kucQ9jQwuD8jWdtR9Ef38', 'spotify:artist:3grHWM9bx2E9vwJCdlRv9O']",['spotify:artist:6x2LnllRG5uGarZMsD4iO8'],"['Sam Hunt', 'Kenny Chesney']",['Thomas Rhett'],0.016282401979940082,0.7763975155279504,19.2271087958325,4.291632292706933,2,1
"['spotify:artist:0u2FHSq3ln94y5Q57xazwf', 'spotify:artist:6x2LnllRG5uGarZMsD4iO8']",['spotify:artist:7x8nK0m0cP2ksQf0mjWdPS'],"['Keith Urban', 'Thomas Rhett']",['Dierks Bentley'],0.016282401979940082,0.771604938271605,22.26921470342523,4.22667215867685,2,1
"['spotify:artist:0u2FHSq3ln94y5Q57xazwf', 'spotify:artist:6x2LnllRG5uGarZMsD4iO8']",['spotify:artist:6roFdX1y5BYSbp60OTJWMd'],"['Keith Urban', 'Thomas Rhett']",['Tim McGraw'],0.016282401979940082,0.771604938271605,19.358206245461147,4.203859193308198,2,1
"['spotify:artist:0u2FHSq3ln94y5Q57xazwf', 'spotify:artist:7x8nK0m0cP2ksQf0mjWdPS']",['spotify:artist:6x2LnllRG5uGarZMsD4iO8'],"['Keith Urban', 'Dierks Bentley']",['Thomas Rhett'],0.016282401979940082,0.7530120481927712,18.6479790128255,3.8852892866560573,2,1
"['spotify:artist:2IvkS5MXK0vPGnwyJsrEyV', 'spotify:artist:3FfvYsEGaIb52QPXhg4DcH']",['spotify:artist:6roFdX1y5BYSbp60OTJWMd'],"['Eric Church', 'Jason Aldean']",['Tim McGraw'],0.016282401979940082,0.7530120481927712,18.8917434443657,3.887398850541849,2,1
"['spotify:artist:1By9QBFnjZAoI83BZppHlt', 'spotify:artist:3grHWM9bx2E9vwJCdlRv9O']",['spotify:artist:6yJCxee7QumYr820xdIsjo'],"['Billy Currington', 'Kenny Chesney']",['Zac Brown Band'],0.016282401979940082,0.7530120481927712,17.89744115782014,3.8784332040272362,2,1
"['spotify:artist:0BvkDsjIUla7X0k6CSWh1I', 'spotify:artist:4BYxqVkZyFjtik7crYLg5Q']",['spotify:artist:3FfvYsEGaIb52QPXhg4DcH'],"['Luke Bryan', 'Chris Young']",['Jason Aldean'],0.016282401979940082,0.7485029940119762,22.01631220317985,3.841009322838164,2,1
"['spotify:artist:3FfvYsEGaIb52QPXhg4DcH', 'spotify:artist:6roFdX1y5BYSbp60OTJWMd']",['spotify:artist:2IvkS5MXK0vPGnwyJsrEyV'],"['Jason Aldean', 'Tim McGraw']",['Eric Church'],0.016282401979940082,0.7440476190476192,19.629050073637707,3.7588811036287813,2,1
"['spotify:artist:3nFkdlSjzX9mRTtwJOzDYB', 'spotify:artist:6l3HvQ5sa6mXTsMTB19rO5']",['spotify:artist:5K4W6rqBFWDnAN6FQUkS6x'],"['JAY Z', 'J. Cole']",['Kanye West'],0.016282401979940082,0.7440476190476192,5.99376030580123,3.4219762443541737,2,1
"['spotify:artist:6roFdX1y5BYSbp60OTJWMd', 'spotify:artist:6x2LnllRG5uGarZMsD4iO8']",['spotify:artist:0u2FHSq3ln94y5Q57xazwf'],"['Tim McGraw', 'Thomas Rhett']",['Keith Urban'],0.016282401979940082,0.7440476190476192,21.000196953781515,3.7685505784417987,2,1
"['spotify:artist:1UTPBmNbXNTittyMJrNkvw', 'spotify:artist:2kucQ9jQwuD8jWdtR9Ef38']",['spotify:artist:6roFdX1y5BYSbp60OTJWMd'],"['Blake Shelton', 'Sam Hunt']",['Tim McGraw'],0.016282401979940082,0.7440476190476192,18.666841736694682,3.7512473077237676,2,1
"['spotify:artist:6x2LnllRG5uGarZMsD4iO8', 'spotify:artist:7x8nK0m0cP2ksQf0mjWdPS']",['spotify:artist:0u2FHSq3ln94y5Q57xazwf'],"['Thomas Rhett', 'Dierks Bentley']",['Keith Urban'],0.016282401979940082,0.7352941176470589,20.75313581314879,3.643929196879569,2,1
"['spotify:artist:13YmWQJFwgZrd4bf5IjMY4', 'spotify:artist:3grHWM9bx2E9vwJCdlRv9O']",['spotify:artist:3b8QkneNDz4JHKKKlLgYZg'],"['Brad Paisley', 'Kenny Chesney']",['Florida Georgia Line'],0.016282401979940082,0.7309941520467836,15.588450292397662,3.543070492889546,2,1
"['spotify:artist:2IvkS5MXK0vPGnwyJsrEyV', 'spotify:artist:6x2LnllRG5uGarZMsD4iO8']",['spotify:artist:2kucQ9jQwuD8jWdtR9Ef38'],"['Eric Church', 'Thomas Rhett']",['Sam Hunt'],0.016282401979940082,0.7309941520467836,16.603083151666148,3.553723431367552,2,1
"['spotify:artist:3nFkdlSjzX9mRTtwJOzDYB', 'spotify:artist:7bXgB6jMjp9ATFy66eO08Z']",['spotify:artist:5K4W6rqBFWDnAN6FQUkS6x'],"['JAY Z', 'Chris Brown']",['Kanye West'],0.016282401979940082,0.7183908045977012,5.787078915946014,3.110207271654266,2,1
"['spotify:artist:1n2pb9Tsfe4SwAjmUac6YT', 'spotify:artist:3b8QkneNDz4JHKKKlLgYZg']",['spotify:artist:2kucQ9jQwuD8jWdtR9Ef38'],"['Jake Owen', 'Florida Georgia Line']",['Sam Hunt'],0.016282401979940082,0.7102272727272728,16.131404653039272,3.2990419562380127,2,1
"['spotify:artist:1n2pb9Tsfe4SwAjmUac6YT', 'spotify:artist:3b8QkneNDz4JHKKKlLgYZg']",['spotify:artist:6roFdX1y5BYSbp60OTJWMd'],"['Jake Owen', 'Florida Georgia Line']",['Tim McGraw'],0.016282401979940082,0.7102272727272728,17.818348930481285,3.31342666023033,2,1
"['spotify:artist:0BvkDsjIUla7X0k6CSWh1I', 'spotify:artist:1By9QBFnjZAoI83BZppHlt']",['spotify:artist:3FfvYsEGaIb52QPXhg4DcH'],"['Luke Bryan', 'Billy Currington']",['Jason Aldean'],0.016282401979940082,0.7102272727272728,20.890478056426335,3.333655150219526,2,1
"['spotify:artist:0BvkDsjIUla7X0k6CSWh1I', 'spotify:artist:1n2pb9Tsfe4SwAjmUac6YT']",['spotify:artist:6yJCxee7QumYr820xdIsjo'],"['Luke Bryan', 'Jake Owen']",['Zac Brown Band'],0.016282401979940082,0.6983240223463688,16.59762699552035,3.1753482021816017,2,1
"['spotify:artist:3grHWM9bx2E9vwJCdlRv9O', 'spotify:artist:6x2LnllRG5uGarZMsD4iO8']",['spotify:artist:2kucQ9jQwuD8jWdtR9Ef38'],"['Kenny Chesney', 'Thomas Rhett']",['Sam Hunt'],0.016282401979940082,0.6983240223463688,15.861045915837497,3.1688714245051366,2,1
"['spotify:artist:0u2FHSq3ln94y5Q57xazwf', 'spotify:artist:6roFdX1y5BYSbp60OTJWMd']",['spotify:artist:6x2LnllRG5uGarZMsD4iO8'],"['Keith Urban', 'Tim McGraw']",['Thomas Rhett'],0.016282401979940082,0.6983240223463688,17.29365651468733,3.1809614095012044,2,1
"['spotify:artist:2IvkS5MXK0vPGnwyJsrEyV', 'spotify:artist:6roFdX1y5BYSbp60OTJWMd']",['spotify:artist:3FfvYsEGaIb52QPXhg4DcH'],"['Eric Church', 'Tim McGraw']",['Jason Aldean'],0.016282401979940082,0.6868131868131869,20.20178097764305,3.084428539108617,2,1
"['spotify:artist:2kucQ9jQwuD8jWdtR9Ef38', 'spotify:artist:6x2LnllRG5uGarZMsD4iO8']",['spotify:artist:3grHWM9bx2E9vwJCdlRv9O'],"['Sam Hunt', 'Thomas Rhett']",['Kenny Chesney'],0.016282401979940082,0.6868131868131869,15.786421662170168,3.054066715571005,2,1
"['spotify:artist:2kucQ9jQwuD8jWdtR9Ef38', 'spotify:artist:6x2LnllRG5uGarZMsD4iO8']",['spotify:artist:2IvkS5MXK0vPGnwyJsrEyV'],"['Sam Hunt', 'Thomas Rhett']",['Eric Church'],0.016282401979940082,0.6868131868131869,18.119123144896346,3.071951077380831,2,1
"['spotify:artist:0c173mlxpT3dSFRgMO8XPh', 'spotify:artist:13ubrt8QOOCPljQ2FL1Kca']",['spotify:artist:2YZyLoL8N0Wb9xBt1NhZWg'],"['Big Sean', 'A$AP Rocky']",['Kendrick Lamar'],0.016282401979940082,0.6830601092896176,7.0862871067789115,2.851039603293313,2,1
"['spotify:artist:3FfvYsEGaIb52QPXhg4DcH', 'spotify:artist:3b8QkneNDz4JHKKKlLgYZg']",['spotify:artist:2kucQ9jQwuD8jWdtR9Ef38'],"['Jason Aldean', 'Florida Georgia Line']",['Sam Hunt'],0.016282401979940082,0.6793478260869567,15.430039233341914,2.9813376076018407,2,1
"['spotify:artist:0hCNtLu0JehylgoiP8L4Gh', 'spotify:artist:7bXgB6jMjp9ATFy66eO08Z']",['spotify:artist:3TVXtAsR1Inumwj472S9r4'],"['Nicki Minaj', 'Chris Brown']",['Drake'],0.016282401979940082,0.6756756756756758,3.66066489919701,2.514219964395815,2,1
"['spotify:artist:0Y5tJX1MQlPlqiwlOH1tJY', 'spotify:artist:6oMuImdp5ZcFhWP0ESe6mG']",['spotify:artist:1RyvyyTE3xzB2ZywiAwp0i'],"['Travis Scott', 'Migos']",['Future'],0.016282401979940082,0.6756756756756758,8.866943866943869,2.848378272762799,2,1
"['spotify:artist:2kucQ9jQwuD8jWdtR9Ef38', 'spotify:artist:3b8QkneNDz4JHKKKlLgYZg']",['spotify:artist:3FfvYsEGaIb52QPXhg4DcH'],"['Sam Hunt', 'Florida Georgia Line']",['Jason Aldean'],0.016282401979940082,0.6410256410256411,18.85499557913351,2.6910065315692515,2,1
"['spotify:artist:0BvkDsjIUla7X0k6CSWh1I', 'spotify:artist:6yJCxee7QumYr820xdIsjo']",['spotify:artist:1n2pb9Tsfe4SwAjmUac6YT'],"['Luke Bryan', 'Zac Brown Band']",['Jake Owen'],0.016282401979940082,0.6410256410256411,21.584008097165995,2.7029810751967847,2,1
"['spotify:artist:2kucQ9jQwuD8jWdtR9Ef38', 'spotify:artist:3b8QkneNDz4JHKKKlLgYZg']",['spotify:artist:1n2pb9Tsfe4SwAjmUac6YT'],"['Sam Hunt', 'Florida Georgia Line']",['Jake Owen'],0.016282401979940082,0.6410256410256411,21.584008097165995,2.7029810751967847,2,1
"['spotify:artist:3b8QkneNDz4JHKKKlLgYZg', 'spotify:artist:6roFdX1y5BYSbp60OTJWMd']",['spotify:artist:1n2pb9Tsfe4SwAjmUac6YT'],"['Florida Georgia Line', 'Tim McGraw']",['Jake Owen'],0.016282401979940082,0.6410256410256411,21.584008097165995,2.7029810751967847,2,1
['spotify:artist:7FY5V3XMwlNBPitEjXowHQ'],['spotify:artist:6yJCxee7QumYr820xdIsjo'],['Darius Rucker'],['Zac Brown Band'],0.016282401979940082,0.6345177664974619,15.08109254922915,2.6209927199571594,1,1
"['spotify:artist:3grHWM9bx2E9vwJCdlRv9O', 'spotify:artist:6yJCxee7QumYr820xdIsjo']",['spotify:artist:1By9QBFnjZAoI83BZppHlt'],"['Kenny Chesney', 'Zac Brown Band']",['Billy Currington'],0.016282401979940082,0.6345177664974619,20.817063647012887,2.652712648169858,2,1
"['spotify:artist:20sxb77xiYeusSH8cVdatc', 'spotify:artist:3TVXtAsR1Inumwj472S9r4']",['spotify:artist:2YZyLoL8N0Wb9xBt1NhZWg'],"['Meek Mill', 'Drake']",['Kendrick Lamar'],0.016282401979940082,0.625,6.483952702702703,2.4096218140766794,2,1
"['spotify:artist:0BvkDsjIUla7X0k6CSWh1I', 'spotify:artist:3FfvYsEGaIb52QPXhg4DcH']",['spotify:artist:4BYxqVkZyFjtik7crYLg5Q'],"['Luke Bryan', 'Jason Aldean']",['Chris Young'],0.016282401979940082,0.6218905472636816,20.848269569184648,2.565846033606878,2,1
"['spotify:artist:0BvkDsjIUla7X0k6CSWh1I', 'spotify:artist:3FfvYsEGaIb52QPXhg4DcH']",['spotify:artist:1By9QBFnjZAoI83BZppHlt'],"['Luke Bryan', 'Jason Aldean']",['Billy Currington'],0.016282401979940082,0.6218905472636816,20.40279372368925,2.5641235268711053,2,1
"['spotify:artist:3TVXtAsR1Inumwj472S9r4', 'spotify:artist:5IcR3N7QB1j6KBL8eImZ8m']",['spotify:artist:5K4W6rqBFWDnAN6FQUkS6x'],"['Drake', 'ScHoolboy Q']",['Kanye West'],0.016282401979940082,0.6188118811881189,4.984909561260429,2.297718433709056,2,1
"['spotify:artist:1UTPBmNbXNTittyMJrNkvw', 'spotify:artist:6roFdX1y5BYSbp60OTJWMd']",['spotify:artist:2kucQ9jQwuD8jWdtR9Ef38'],"['Blake Shelton', 'Tim McGraw']",['Sam Hunt'],0.016282401979940082,0.6188118811881189,14.055085242252039,2.5078756075239084,2,1
"['spotify:artist:3b8QkneNDz4JHKKKlLgYZg', 'spotify:artist:3grHWM9bx2E9vwJCdlRv9O']",['spotify:artist:13YmWQJFwgZrd4bf5IjMY4'],"['Florida Georgia Line', 'Kenny Chesney']",['Brad Paisley'],0.016282401979940082,0.6097560975609757,19.751466502006796,2.4833919499804615,2,1
"['spotify:artist:3grHWM9bx2E9vwJCdlRv9O', 'spotify:artist:6roFdX1y5BYSbp60OTJWMd']",['spotify:artist:5Zq7R5qmi58ByYyBQTlNuk'],"['Kenny Chesney', 'Tim McGraw']",['Lee Brice'],0.016282401979940082,0.598086124401914,20.58971828266141,2.415821532468661,2,1
"['spotify:artist:0Y5tJX1MQlPlqiwlOH1tJY', 'spotify:artist:1RyvyyTE3xzB2ZywiAwp0i']",['spotify:artist:6oMuImdp5ZcFhWP0ESe6mG'],"['Travis Scott', 'Future']",['Migos'],0.016282401979940082,0.5760368663594471,9.893143228280705,2.2213585469867647,2,1
['spotify:artist:5Zq7R5qmi58ByYyBQTlNuk'],['spotify:artist:13YmWQJFwgZrd4bf5IjMY4'],['Lee Brice'],['Brad Paisley'],0.016282401979940082,0.5605381165919283,18.15717772606006,2.205261940649648,1,1
"['spotify:artist:13ubrt8QOOCPljQ2FL1Kca', 'spotify:artist:2YZyLoL8N0Wb9xBt1NhZWg']",['spotify:artist:0c173mlxpT3dSFRgMO8XPh'],"['A$AP Rocky', 'Kendrick Lamar']",['Big Sean'],0.016282401979940082,0.5341880341880343,6.657405094905096,1.9745313357066805,2,1
"['spotify:artist:3TVXtAsR1Inumwj472S9r4', 'spotify:artist:4O15NlyKLIASxsJ0PrXPfz']",['spotify:artist:0c173mlxpT3dSFRgMO8XPh'],"['Drake', 'Lil Uzi Vert']",['Big Sean'],0.016282401979940082,0.5274261603375529,6.573134144336677,1.946278540724614,2,1
['spotify:artist:13YmWQJFwgZrd4bf5IjMY4'],['spotify:artist:5Zq7R5qmi58ByYyBQTlNuk'],['Brad Paisley'],['Lee Brice'],0.016282401979940082,0.5274261603375529,18.15717772606006,2.0546041980684424,1,1
"['spotify:artist:1RyvyyTE3xzB2ZywiAwp0i', 'spotify:artist:6oMuImdp5ZcFhWP0ESe6mG']",['spotify:artist:0Y5tJX1MQlPlqiwlOH1tJY'],"['Future', 'Migos']",['Travis Scott'],0.016282401979940082,0.5165289256198348,9.695336337367902,1.9581812250823587,2,1
"['spotify:artist:1By9QBFnjZAoI83BZppHlt', 'spotify:artist:1n2pb9Tsfe4SwAjmUac6YT']",['spotify:artist:0BvkDsjIUla7X0k6CSWh1I'],"['Billy Currington', 'Jake Owen']",['Luke Bryan'],0.01615214276410056,0.9185185185185184,18.9047363717605,11.676436107854613,2,1
"['spotify:artist:0u2FHSq3ln94y5Q57xazwf', 'spotify:artist:1n2pb9Tsfe4SwAjmUac6YT']",['spotify:artist:3grHWM9bx2E9vwJCdlRv9O'],"['Keith Urban', 'Jake Owen']",['Kenny Chesney'],0.01615214276410056,0.8732394366197183,20.071434595597538,7.545670328397953,2,1
"['spotify:artist:0u2FHSq3ln94y5Q57xazwf', 'spotify:artist:1n2pb9Tsfe4SwAjmUac6YT']",['spotify:artist:0BvkDsjIUla7X0k6CSWh1I'],"['Keith Urban', 'Jake Owen']",['Luke Bryan'],0.01615214276410056,0.8732394366197183,17.972812747800475,7.505593909657994,2,1
"['spotify:artist:3KV3p5EY4AvKxOlhGHORLg', 'spotify:artist:7iZtZyCzp3LItcw1wtPI3D']",['spotify:artist:3TVXtAsR1Inumwj472S9r4'],"['Jeremih', 'Rae Sremmurd']",['Drake'],0.01615214276410056,0.8493150684931506,4.601405632196131,5.411441495849466,2,1
"['spotify:artist:0c173mlxpT3dSFRgMO8XPh', 'spotify:artist:3KV3p5EY4AvKxOlhGHORLg']",['spotify:artist:3TVXtAsR1Inumwj472S9r4'],"['Big Sean', 'Jeremih']",['Drake'],0.01615214276410056,0.8493150684931506,4.601405632196131,5.411441495849466,2,1
"['spotify:artist:1n2pb9Tsfe4SwAjmUac6YT', 'spotify:artist:3FfvYsEGaIb52QPXhg4DcH']",['spotify:artist:3grHWM9bx2E9vwJCdlRv9O'],"['Jake Owen', 'Jason Aldean']",['Kenny Chesney'],0.01615214276410056,0.8322147651006709,19.128481292448658,5.700700794581209,2,1
"['spotify:artist:4BYxqVkZyFjtik7crYLg5Q', 'spotify:artist:6roFdX1y5BYSbp60OTJWMd']",['spotify:artist:3grHWM9bx2E9vwJCdlRv9O'],"['Chris Young', 'Tim McGraw']",['Kenny Chesney'],0.01615214276410056,0.8266666666666665,19.000958083832334,5.518231280247689,2,1
"['spotify:artist:1By9QBFnjZAoI83BZppHlt', 'spotify:artist:7x8nK0m0cP2ksQf0mjWdPS']",['spotify:artist:3b8QkneNDz4JHKKKlLgYZg'],"['Billy Currington', 'Dierks Bentley']",['Florida Georgia Line'],0.01615214276410056,0.8266666666666665,17.628666666666664,5.498692397871761,2,1
"['spotify:artist:2kucQ9jQwuD8jWdtR9Ef38', 'spotify:artist:6roFdX1y5BYSbp60OTJWMd']",['spotify:artist:0BvkDsjIUla7X0k6CSWh1I'],"['Sam Hunt', 'Tim McGraw']",['Luke Bryan'],0.01615214276410056,0.8211920529801323,16.90158549793157,5.320867043935947,2,1
"['spotify:artist:4BYxqVkZyFjtik7crYLg5Q', 'spotify:artist:7x8nK0m0cP2ksQf0mjWdPS']",['spotify:artist:1UTPBmNbXNTittyMJrNkvw'],"['Chris Young', 'Dierks Bentley']",['Blake Shelton'],0.01615214276410056,0.8211920529801323,19.887354544884783,5.361662300570724,2,1
"['spotify:artist:4BYxqVkZyFjtik7crYLg5Q', 'spotify:artist:7x8nK0m0cP2ksQf0mjWdPS']",['spotify:artist:0BvkDsjIUla7X0k6CSWh1I'],"['Chris Young', 'Dierks Bentley']",['Luke Bryan'],0.01615214276410056,0.8211920529801323,16.90158549793157,5.320867043935947,2,1
"['spotify:artist:1Xyo4u8uXC1ZmMpatF05PJ', 'spotify:artist:6PXS4YHDkKvl1wkIl4V8DL']",['spotify:artist:3TVXtAsR1Inumwj472S9r4'],"['The Weeknd', 'Fetty Wap']",['Drake'],0.01615214276410056,0.8104575163398692,4.390883805886504,4.302057646440552,2,1
"['spotify:artist:3grHWM9bx2E9vwJCdlRv9O', 'spotify:artist:4BYxqVkZyFjtik7crYLg5Q']",['spotify:artist:6roFdX1y5BYSbp60OTJWMd'],"['Kenny Chesney', 'Chris Young']",['Tim McGraw'],0.01615214276410056,0.8104575163398692,20.332948865820835,5.065569794235353,2,1
"['spotify:artist:1UTPBmNbXNTittyMJrNkvw', 'spotify:artist:4BYxqVkZyFjtik7crYLg5Q']",['spotify:artist:7x8nK0m0cP2ksQf0mjWdPS'],"['Blake Shelton', 'Chris Young']",['Dierks Bentley'],0.01615214276410056,0.7560975609756098,21.821657803044197,3.9579392992054188,2,1
"['spotify:artist:1n2pb9Tsfe4SwAjmUac6YT', 'spotify:artist:3grHWM9bx2E9vwJCdlRv9O']",['spotify:artist:3FfvYsEGaIb52QPXhg4DcH'],"['Jake Owen', 'Kenny Chesney']",['Jason Aldean'],0.01615214276410056,0.7515151515151515,22.104911180773247,3.8875704114602687,2,1
"['spotify:artist:1n2pb9Tsfe4SwAjmUac6YT', 'spotify:artist:3grHWM9bx2E9vwJCdlRv9O']",['spotify:artist:0u2FHSq3ln94y5Q57xazwf'],"['Jake Owen', 'Kenny Chesney']",['Keith Urban'],0.01615214276410056,0.7515151515151515,21.21096256684492,3.8818040583688362,2,1
['spotify:artist:31W5EY0aAly4Qieq6OFu6I'],['spotify:artist:3TVXtAsR1Inumwj472S9r4'],['A Boogie Wit da Hoodie'],['Drake'],0.01615214276410056,0.7515151515151515,4.0715468018220315,3.2815791229424596,1,1
"['spotify:artist:1By9QBFnjZAoI83BZppHlt', 'spotify:artist:3b8QkneNDz4JHKKKlLgYZg']",['spotify:artist:7x8nK0m0cP2ksQf0mjWdPS'],"['Billy Currington', 'Florida Georgia Line']",['Dierks Bentley'],0.01615214276410056,0.7469879518072289,21.55874626324848,3.8154350967950026,2,1
"['spotify:artist:0BvkDsjIUla7X0k6CSWh1I', 'spotify:artist:4BYxqVkZyFjtik7crYLg5Q']",['spotify:artist:7x8nK0m0cP2ksQf0mjWdPS'],"['Luke Bryan', 'Chris Young']",['Dierks Bentley'],0.01615214276410056,0.7425149700598802,21.429651974246994,3.749154072418065,2,1
"['spotify:artist:2IvkS5MXK0vPGnwyJsrEyV', 'spotify:artist:7x8nK0m0cP2ksQf0mjWdPS']",['spotify:artist:6x2LnllRG5uGarZMsD4iO8'],"['Eric Church', 'Dierks Bentley']",['Thomas Rhett'],0.01615214276410056,0.7337278106508875,18.17041420118343,3.6039048818259443,2,1
"['spotify:artist:6x2LnllRG5uGarZMsD4iO8', 'spotify:artist:7x8nK0m0cP2ksQf0mjWdPS']",['spotify:artist:2IvkS5MXK0vPGnwyJsrEyV'],"['Thomas Rhett', 'Dierks Bentley']",['Eric Church'],0.01615214276410056,0.7294117647058822,19.242935112189205,3.5555668824438875,2,1
"['spotify:artist:6yJCxee7QumYr820xdIsjo', 'spotify:artist:7x8nK0m0cP2ksQf0mjWdPS']",['spotify:artist:1UTPBmNbXNTittyMJrNkvw'],"['Zac Brown Band', 'Dierks Bentley']",['Blake Shelton'],0.01615214276410056,0.7294117647058822,17.664650213397657,3.5430506708349596,2,1
"['spotify:artist:2IvkS5MXK0vPGnwyJsrEyV', 'spotify:artist:6x2LnllRG5uGarZMsD4iO8']",['spotify:artist:7x8nK0m0cP2ksQf0mjWdPS'],"['Eric Church', 'Thomas Rhett']",['Dierks Bentley'],0.01615214276410056,0.7251461988304092,20.928373565492674,3.512234666134542,2,1
"['spotify:artist:3FfvYsEGaIb52QPXhg4DcH', 'spotify:artist:3grHWM9bx2E9vwJCdlRv9O']",['spotify:artist:1n2pb9Tsfe4SwAjmUac6YT'],"['Jason Aldean', 'Kenny Chesney']",['Jake Owen'],0.01615214276410056,0.7209302325581394,24.27447980416156,3.476911553992443,2,1
"['spotify:artist:1UTPBmNbXNTittyMJrNkvw', 'spotify:artist:6yJCxee7QumYr820xdIsjo']",['spotify:artist:7x8nK0m0cP2ksQf0mjWdPS'],"['Blake Shelton', 'Zac Brown Band']",['Dierks Bentley'],0.01615214276410056,0.7126436781609194,20.56753953850142,3.3594216490816713,2,1
"['spotify:artist:0BvkDsjIUla7X0k6CSWh1I', 'spotify:artist:1By9QBFnjZAoI83BZppHlt']",['spotify:artist:1n2pb9Tsfe4SwAjmUac6YT'],"['Luke Bryan', 'Billy Currington']",['Jake Owen'],0.01615214276410056,0.7045454545454545,23.72278708133971,3.2840953497459937,2,1
"['spotify:artist:0u2FHSq3ln94y5Q57xazwf', 'spotify:artist:3grHWM9bx2E9vwJCdlRv9O']",['spotify:artist:1n2pb9Tsfe4SwAjmUac6YT'],"['Keith Urban', 'Kenny Chesney']",['Jake Owen'],0.01615214276410056,0.696629213483146,23.456238911886455,3.1983992589697934,2,1
"['spotify:artist:0BvkDsjIUla7X0k6CSWh1I', 'spotify:artist:1n2pb9Tsfe4SwAjmUac6YT']",['spotify:artist:0u2FHSq3ln94y5Q57xazwf'],"['Luke Bryan', 'Jake Owen']",['Keith Urban'],0.01615214276410056,0.6927374301675977,19.55200460072297,3.1392352599855524,2,1
"['spotify:artist:0BvkDsjIUla7X0k6CSWh1I', 'spotify:artist:1n2pb9Tsfe4SwAjmUac6YT']",['spotify:artist:1By9QBFnjZAoI83BZppHlt'],"['Luke Bryan', 'Jake Owen']",['Billy Currington'],0.01615214276410056,0.6927374301675977,22.727116458960033,3.155344772460833,2,1
"['spotify:artist:246dkjvS1zLTtiykXe5h60', 'spotify:artist:6l3HvQ5sa6mXTsMTB19rO5']",['spotify:artist:2YZyLoL8N0Wb9xBt1NhZWg'],"['Post Malone', 'J. Cole']",['Kendrick Lamar'],0.01615214276410056,0.6850828729281767,7.107271912796774,2.869352291762361,2,1
"['spotify:artist:1UTPBmNbXNTittyMJrNkvw', 'spotify:artist:7x8nK0m0cP2ksQf0mjWdPS']",['spotify:artist:6yJCxee7QumYr820xdIsjo'],"['Blake Shelton', 'Dierks Bentley']",['Zac Brown Band'],0.01615214276410056,0.6813186813186812,16.19344741945361,3.0059065816837567,2,1
"['spotify:artist:1UTPBmNbXNTittyMJrNkvw', 'spotify:artist:7x8nK0m0cP2ksQf0mjWdPS']",['spotify:artist:4BYxqVkZyFjtik7crYLg5Q'],"['Blake Shelton', 'Dierks Bentley']",['Chris Young'],0.01615214276410056,0.6813186813186812,22.84053937329046,3.044328558659317,2,1
['spotify:artist:2bA6fzP0lMAQ4kz6CF61w8'],['spotify:artist:0BvkDsjIUla7X0k6CSWh1I'],['Toby Keith'],['Luke Bryan'],0.01615214276410056,0.6813186813186812,14.02274401202015,2.9854693598882456,1,1
"['spotify:artist:3b8QkneNDz4JHKKKlLgYZg', 'spotify:artist:7x8nK0m0cP2ksQf0mjWdPS']",['spotify:artist:1By9QBFnjZAoI83BZppHlt'],"['Florida Georgia Line', 'Dierks Bentley']",['Billy Currington'],0.01615214276410056,0.6813186813186812,22.352493660185967,3.0422848364797663,2,1
"['spotify:artist:0BvkDsjIUla7X0k6CSWh1I', 'spotify:artist:0u2FHSq3ln94y5Q57xazwf']",['spotify:artist:1n2pb9Tsfe4SwAjmUac6YT'],"['Luke Bryan', 'Keith Urban']",['Jake Owen'],0.01615214276410056,0.6775956284153005,22.815358067299396,3.0095773640391834,2,1
"['spotify:artist:4O15NlyKLIASxsJ0PrXPfz', 'spotify:artist:7iZtZyCzp3LItcw1wtPI3D']",['spotify:artist:1RyvyyTE3xzB2ZywiAwp0i'],"['Lil Uzi Vert', 'Rae Sremmurd']",['Future'],0.01615214276410056,0.6631016042780749,8.701933360756891,2.742068144178343,2,1
"['spotify:artist:0BvkDsjIUla7X0k6CSWh1I', 'spotify:artist:2kucQ9jQwuD8jWdtR9Ef38']",['spotify:artist:6roFdX1y5BYSbp60OTJWMd'],"['Luke Bryan', 'Sam Hunt']",['Tim McGraw'],0.01615214276410056,0.6595744680851063,16.54755944931164,2.8204132473622505,2,1
['spotify:artist:4qBgvVog0wzW75IQ48mU7v'],['spotify:artist:3TVXtAsR1Inumwj472S9r4'],['KYLE'],['Drake'],0.01615214276410056,0.6458333333333333,3.4989855328158077,2.3023699514975973,1,1
"['spotify:artist:0BvkDsjIUla7X0k6CSWh1I', 'spotify:artist:7x8nK0m0cP2ksQf0mjWdPS']",['spotify:artist:4BYxqVkZyFjtik7crYLg5Q'],"['Luke Bryan', 'Dierks Bentley']",['Chris Young'],0.01615214276410056,0.6424870466321242,21.538746973776497,2.7136657019933423,2,1
"['spotify:artist:0Y5tJX1MQlPlqiwlOH1tJY', 'spotify:artist:246dkjvS1zLTtiykXe5h60']",['spotify:artist:1RyvyyTE3xzB2ZywiAwp0i'],"['Travis Scott', 'Post Malone']",['Future'],0.01615214276410056,0.6391752577319587,8.387946074544013,2.560241165633897,2,1
['spotify:artist:0qSX3s5pJnAlSsgsCne8Cz'],['spotify:artist:6yJCxee7QumYr820xdIsjo'],['Brett Eldredge'],['Zac Brown Band'],0.01615214276410056,0.6326530612244897,15.036772603778353,2.607688188383772,1,1
"['spotify:artist:1RyvyyTE3xzB2ZywiAwp0i', 'spotify:artist:4O15NlyKLIASxsJ0PrXPfz']",['spotify:artist:7iZtZyCzp3LItcw1wtPI3D'],"['Future', 'Lil Uzi Vert']",['Rae Sremmurd'],0.01615214276410056,0.6262626262626262,9.299454897133812,2.495484933937454,2,1
"['spotify:artist:0BvkDsjIUla7X0k6CSWh1I', 'spotify:artist:6roFdX1y5BYSbp60OTJWMd']",['spotify:artist:2kucQ9jQwuD8jWdtR9Ef38'],"['Luke Bryan', 'Tim McGraw']",['Sam Hunt'],0.01615214276410056,0.5933014354066986,13.475666034370489,2.3505673938195835,2,1
"['spotify:artist:3grHWM9bx2E9vwJCdlRv9O', 'spotify:artist:6roFdX1y5BYSbp60OTJWMd']",['spotify:artist:4BYxqVkZyFjtik7crYLg5Q'],"['Kenny Chesney', 'Tim McGraw']",['Chris Young'],0.01615214276410056,0.5933014354066986,19.889847683918013,2.3854783961259374,2,1
"['spotify:artist:23zg3TcAtWQy7J6upgbUnj', 'spotify:artist:3TVXtAsR1Inumwj472S9r4']",['spotify:artist:5pKCCKE2ajJHZ9KAiaK11H'],"['Usher', 'Drake']",['Rihanna'],0.01615214276410056,0.5821596244131455,5.0729165001358885,2.118611992922095,2,1
"['spotify:artist:1RyvyyTE3xzB2ZywiAwp0i', 'spotify:artist:246dkjvS1zLTtiykXe5h60']",['spotify:artist:0Y5tJX1MQlPlqiwlOH1tJY'],"['Future', 'Post Malone']",['Travis Scott'],0.01615214276410056,0.5821596244131455,10.92723578635628,2.265755144873129,2,1
"['spotify:artist:0Y5tJX1MQlPlqiwlOH1tJY', 'spotify:artist:1RyvyyTE3xzB2ZywiAwp0i']",['spotify:artist:246dkjvS1zLTtiykXe5h60'],"['Travis Scott', 'Future']",['Post Malone'],0.01615214276410056,0.5714285714285713,8.989461358313816,2.185011506230732,2,1
"['spotify:artist:23zg3TcAtWQy7J6upgbUnj', 'spotify:artist:5pKCCKE2ajJHZ9KAiaK11H']",['spotify:artist:3TVXtAsR1Inumwj472S9r4'],"['Usher', 'Rihanna']",['Drake'],0.01615214276410056,0.5585585585585585,3.026149650002861,1.847182014658149,2,1
"['spotify:artist:246dkjvS1zLTtiykXe5h60', 'spotify:artist:2YZyLoL8N0Wb9xBt1NhZWg']",['spotify:artist:6l3HvQ5sa6mXTsMTB19rO5'],"['Post Malone', 'Kendrick Lamar']",['J. Cole'],0.01615214276410056,0.5462555066079294,7.168553032870213,2.0359439556562213,2,1
['spotify:artist:4BYxqVkZyFjtik7crYLg5Q'],['spotify:artist:13YmWQJFwgZrd4bf5IjMY4'],['Chris Young'],['Brad Paisley'],0.01615214276410056,0.5414847161572052,17.539992261345418,2.1136232531308727,1,1
['spotify:artist:13YmWQJFwgZrd4bf5IjMY4'],['spotify:artist:4BYxqVkZyFjtik7crYLg5Q'],['Brad Paisley'],['Chris Young'],0.01615214276410056,0.5232067510548523,17.539992261345418,2.034782668838422,1,1
"['spotify:artist:1RyvyyTE3xzB2ZywiAwp0i', 'spotify:artist:7iZtZyCzp3LItcw1wtPI3D']",['spotify:artist:4O15NlyKLIASxsJ0PrXPfz'],"['Future', 'Rae Sremmurd']",['Lil Uzi Vert'],0.01615214276410056,0.5188284518828451,10.678407574006975,1.977285058135254,2,1
['spotify:artist:2qxJFvFYMEDqd7ui6kSAcq'],['spotify:artist:7CajNmpbOovFoOoasH2HaY'],['Zedd'],['Calvin Harris'],0.01615214276410056,0.5,7.134758364312267,1.8598410837566757,1,1
"['spotify:artist:2kucQ9jQwuD8jWdtR9Ef38', 'spotify:artist:3FfvYsEGaIb52QPXhg4DcH']",['spotify:artist:0BvkDsjIUla7X0k6CSWh1I'],"['Sam Hunt', 'Jason Aldean']",['Luke Bryan'],0.016021883548261038,0.8913043478260869,18.344620585149784,8.753002474925097,2,1
"['spotify:artist:1anyVhU62p31KFi8MEzkbf', 'spotify:artist:7iZtZyCzp3LItcw1wtPI3D']",['spotify:artist:3TVXtAsR1Inumwj472S9r4'],"['Chance The Rapper', 'Rae Sremmurd']",['Drake'],0.016021883548261038,0.8723404255319148,4.72615204432499,6.387477747383957,2,1
"['spotify:artist:1mfDfLsMxYcOOZkzBxvSVW', 'spotify:artist:3b8QkneNDz4JHKKKlLgYZg']",['spotify:artist:0BvkDsjIUla7X0k6CSWh1I'],"['Cole Swindell', 'Florida Georgia Line']",['Luke Bryan'],0.016021883548261038,0.8661971830985915,17.82787070951176,7.110562651254942,2,1
"['spotify:artist:0qSX3s5pJnAlSsgsCne8Cz', 'spotify:artist:3b8QkneNDz4JHKKKlLgYZg']",['spotify:artist:0BvkDsjIUla7X0k6CSWh1I'],"['Brett Eldredge', 'Florida Georgia Line']",['Luke Bryan'],0.016021883548261038,0.8601398601398601,17.70320028496972,6.802605184316788,2,1
"['spotify:artist:0BvkDsjIUla7X0k6CSWh1I', 'spotify:artist:0qSX3s5pJnAlSsgsCne8Cz']",['spotify:artist:3b8QkneNDz4JHKKKlLgYZg'],"['Luke Bryan', 'Brett Eldredge']",['Florida Georgia Line'],0.016021883548261038,0.8601398601398601,18.342482517482516,6.8147127784290715,2,1
"['spotify:artist:0BvkDsjIUla7X0k6CSWh1I', 'spotify:artist:1mfDfLsMxYcOOZkzBxvSVW']",['spotify:artist:3b8QkneNDz4JHKKKlLgYZg'],"['Luke Bryan', 'Cole Swindell']",['Florida Georgia Line'],0.016021883548261038,0.8541666666666666,18.215104166666666,6.535588678613296,2,1
"['spotify:artist:0hCNtLu0JehylgoiP8L4Gh', 'spotify:artist:7iZtZyCzp3LItcw1wtPI3D']",['spotify:artist:3TVXtAsR1Inumwj472S9r4'],"['Nicki Minaj', 'Rae Sremmurd']",['Drake'],0.016021883548261038,0.8482758620689655,4.59577543620568,5.3743768280696775,2,1
"['spotify:artist:13ubrt8QOOCPljQ2FL1Kca', 'spotify:artist:3nFkdlSjzX9mRTtwJOzDYB']",['spotify:artist:3TVXtAsR1Inumwj472S9r4'],"['A$AP Rocky', 'JAY Z']",['Drake'],0.016021883548261038,0.8310810810810809,4.502617826012321,4.827302331639959,2,1
"['spotify:artist:0u2FHSq3ln94y5Q57xazwf', 'spotify:artist:3FfvYsEGaIb52QPXhg4DcH']",['spotify:artist:7x8nK0m0cP2ksQf0mjWdPS'],"['Keith Urban', 'Jason Aldean']",['Dierks Bentley'],0.016021883548261038,0.8255033557046978,23.824771660695358,5.5322040861313955,2,1
"['spotify:artist:0u2FHSq3ln94y5Q57xazwf', 'spotify:artist:3FfvYsEGaIb52QPXhg4DcH']",['spotify:artist:6roFdX1y5BYSbp60OTJWMd'],"['Keith Urban', 'Jason Aldean']",['Tim McGraw'],0.016021883548261038,0.8255033557046978,20.710422424003152,5.502344665885105,2,1
"['spotify:artist:3FfvYsEGaIb52QPXhg4DcH', 'spotify:artist:6yJCxee7QumYr820xdIsjo']",['spotify:artist:3b8QkneNDz4JHKKKlLgYZg'],"['Jason Aldean', 'Zac Brown Band']",['Florida Georgia Line'],0.016021883548261038,0.8199999999999998,17.486499999999996,5.295037123876509,2,1
"['spotify:artist:1By9QBFnjZAoI83BZppHlt', 'spotify:artist:7x8nK0m0cP2ksQf0mjWdPS']",['spotify:artist:3grHWM9bx2E9vwJCdlRv9O'],"['Billy Currington', 'Dierks Bentley']",['Kenny Chesney'],0.016021883548261038,0.8199999999999998,18.8477245508982,5.313852343942218,2,1
"['spotify:artist:13YmWQJFwgZrd4bf5IjMY4', 'spotify:artist:6yJCxee7QumYr820xdIsjo']",['spotify:artist:6roFdX1y5BYSbp60OTJWMd'],"['Brad Paisley', 'Zac Brown Band']",['Tim McGraw'],0.016021883548261038,0.8145695364238409,20.436112193221653,5.177901524032821,2,1
"['spotify:artist:2kucQ9jQwuD8jWdtR9Ef38', 'spotify:artist:6roFdX1y5BYSbp60OTJWMd']",['spotify:artist:3grHWM9bx2E9vwJCdlRv9O'],"['Sam Hunt', 'Tim McGraw']",['Kenny Chesney'],0.016021883548261038,0.8145695364238409,18.72290518301146,5.158232382441053,2,1
"['spotify:artist:4BYxqVkZyFjtik7crYLg5Q', 'spotify:artist:6x2LnllRG5uGarZMsD4iO8']",['spotify:artist:0BvkDsjIUla7X0k6CSWh1I'],"['Chris Young', 'Thomas Rhett']",['Luke Bryan'],0.016021883548261038,0.8092105263157894,16.65498447862283,4.986718051681464,2,1
"['spotify:artist:2kucQ9jQwuD8jWdtR9Ef38', 'spotify:artist:7x8nK0m0cP2ksQf0mjWdPS']",['spotify:artist:6x2LnllRG5uGarZMsD4iO8'],"['Sam Hunt', 'Dierks Bentley']",['Thomas Rhett'],0.016021883548261038,0.8039215686274509,19.90872865275142,4.894060179757716,2,1
"['spotify:artist:2IvkS5MXK0vPGnwyJsrEyV', 'spotify:artist:4BYxqVkZyFjtik7crYLg5Q']",['spotify:artist:3b8QkneNDz4JHKKKlLgYZg'],"['Eric Church', 'Chris Young']",['Florida Georgia Line'],0.016021883548261038,0.7935483870967741,16.92241935483871,4.6166104923798335,2,1
"['spotify:artist:3b8QkneNDz4JHKKKlLgYZg', 'spotify:artist:4BYxqVkZyFjtik7crYLg5Q']",['spotify:artist:2IvkS5MXK0vPGnwyJsrEyV'],"['Florida Georgia Line', 'Chris Young']",['Eric Church'],0.016021883548261038,0.7884615384615383,20.800753370341,4.548083413265122,2,1
"['spotify:artist:2kucQ9jQwuD8jWdtR9Ef38', 'spotify:artist:3grHWM9bx2E9vwJCdlRv9O']",['spotify:artist:1UTPBmNbXNTittyMJrNkvw'],"['Sam Hunt', 'Kenny Chesney']",['Blake Shelton'],0.016021883548261038,0.763975155279503,18.501694848835157,4.061893694768377,2,1
"['spotify:artist:13YmWQJFwgZrd4bf5IjMY4', 'spotify:artist:6roFdX1y5BYSbp60OTJWMd']",['spotify:artist:6yJCxee7QumYr820xdIsjo'],"['Brad Paisley', 'Tim McGraw']",['Zac Brown Band'],0.016021883548261038,0.763975155279503,18.158010114801066,4.058582368386772,2,1
"['spotify:artist:2kucQ9jQwuD8jWdtR9Ef38', 'spotify:artist:3grHWM9bx2E9vwJCdlRv9O']",['spotify:artist:6roFdX1y5BYSbp60OTJWMd'],"['Sam Hunt', 'Kenny Chesney']",['Tim McGraw'],0.016021883548261038,0.763975155279503,19.166788454512236,4.067964459801319,2,1
"['spotify:artist:0u2FHSq3ln94y5Q57xazwf', 'spotify:artist:6yJCxee7QumYr820xdIsjo']",['spotify:artist:1UTPBmNbXNTittyMJrNkvw'],"['Keith Urban', 'Zac Brown Band']",['Blake Shelton'],0.016021883548261038,0.754601226993865,18.274680188113255,3.9067344014589027,2,1
"['spotify:artist:6x2LnllRG5uGarZMsD4iO8', 'spotify:artist:6yJCxee7QumYr820xdIsjo']",['spotify:artist:7x8nK0m0cP2ksQf0mjWdPS'],"['Thomas Rhett', 'Zac Brown Band']",['Dierks Bentley'],0.016021883548261038,0.75,21.645676691729324,3.86140419434675,2,1
"['spotify:artist:0u2FHSq3ln94y5Q57xazwf', 'spotify:artist:7x8nK0m0cP2ksQf0mjWdPS']",['spotify:artist:3FfvYsEGaIb52QPXhg4DcH'],"['Keith Urban', 'Dierks Bentley']",['Jason Aldean'],0.016021883548261038,0.7409638554216867,21.794557540506855,3.72921835382644,2,1
"['spotify:artist:1By9QBFnjZAoI83BZppHlt', 'spotify:artist:3grHWM9bx2E9vwJCdlRv9O']",['spotify:artist:7x8nK0m0cP2ksQf0mjWdPS'],"['Billy Currington', 'Kenny Chesney']",['Dierks Bentley'],0.016021883548261038,0.7409638554216867,21.384885406286802,3.7267040480323286,2,1
"['spotify:artist:0BvkDsjIUla7X0k6CSWh1I', 'spotify:artist:4BYxqVkZyFjtik7crYLg5Q']",['spotify:artist:6x2LnllRG5uGarZMsD4iO8'],"['Luke Bryan', 'Chris Young']",['Thomas Rhett'],0.016021883548261038,0.7365269461077844,18.2397334363531,3.6421927362724538,2,1
"['spotify:artist:1UTPBmNbXNTittyMJrNkvw', 'spotify:artist:2kucQ9jQwuD8jWdtR9Ef38']",['spotify:artist:3grHWM9bx2E9vwJCdlRv9O'],"['Blake Shelton', 'Sam Hunt']",['Kenny Chesney'],0.016021883548261038,0.7321428571428571,16.828325491873397,3.570908775129173,2,1
"['spotify:artist:3FfvYsEGaIb52QPXhg4DcH', 'spotify:artist:7x8nK0m0cP2ksQf0mjWdPS']",['spotify:artist:0u2FHSq3ln94y5Q57xazwf'],"['Jason Aldean', 'Dierks Bentley']",['Keith Urban'],0.016021883548261038,0.7321428571428571,20.66419380252101,3.601059441622161,2,1
"['spotify:artist:3FfvYsEGaIb52QPXhg4DcH', 'spotify:artist:6roFdX1y5BYSbp60OTJWMd']",['spotify:artist:0u2FHSq3ln94y5Q57xazwf'],"['Jason Aldean', 'Tim McGraw']",['Keith Urban'],0.016021883548261038,0.7321428571428571,20.66419380252101,3.601059441622161,2,1
"['spotify:artist:6x2LnllRG5uGarZMsD4iO8', 'spotify:artist:7x8nK0m0cP2ksQf0mjWdPS']",['spotify:artist:6yJCxee7QumYr820xdIsjo'],"['Thomas Rhett', 'Dierks Bentley']",['Zac Brown Band'],0.016021883548261038,0.7235294117647058,17.196703696958657,3.464839711877699,2,1
"['spotify:artist:6yJCxee7QumYr820xdIsjo', 'spotify:artist:7x8nK0m0cP2ksQf0mjWdPS']",['spotify:artist:6x2LnllRG5uGarZMsD4iO8'],"['Zac Brown Band', 'Dierks Bentley']",['Thomas Rhett'],0.016021883548261038,0.7235294117647058,17.917855787476277,3.4709646664948335,2,1
"['spotify:artist:6x2LnllRG5uGarZMsD4iO8', 'spotify:artist:7x8nK0m0cP2ksQf0mjWdPS']",['spotify:artist:2kucQ9jQwuD8jWdtR9Ef38'],"['Thomas Rhett', 'Dierks Bentley']",['Sam Hunt'],0.016021883548261038,0.7235294117647058,16.433536373129133,3.4577724565502357,2,1
"['spotify:artist:0u2FHSq3ln94y5Q57xazwf', 'spotify:artist:1UTPBmNbXNTittyMJrNkvw']",['spotify:artist:6yJCxee7QumYr820xdIsjo'],"['Keith Urban', 'Blake Shelton']",['Zac Brown Band'],0.016021883548261038,0.7235294117647058,17.196703696958657,3.464839711877699,2,1
"['spotify:artist:1UTPBmNbXNTittyMJrNkvw', 'spotify:artist:6yJCxee7QumYr820xdIsjo']",['spotify:artist:0u2FHSq3ln94y5Q57xazwf'],"['Blake Shelton', 'Zac Brown Band']",['Keith Urban'],0.016021883548261038,0.7068965517241378,19.951635395537522,3.2908841535832765,2,1
"['spotify:artist:0u2FHSq3ln94y5Q57xazwf', 'spotify:artist:6roFdX1y5BYSbp60OTJWMd']",['spotify:artist:3FfvYsEGaIb52QPXhg4DcH'],"['Keith Urban', 'Tim McGraw']",['Jason Aldean'],0.016021883548261038,0.6871508379888267,20.211712579464454,3.0877574945570245,2,1
"['spotify:artist:2kucQ9jQwuD8jWdtR9Ef38', 'spotify:artist:6x2LnllRG5uGarZMsD4iO8']",['spotify:artist:7x8nK0m0cP2ksQf0mjWdPS'],"['Sam Hunt', 'Thomas Rhett']",['Dierks Bentley'],0.016021883548261038,0.6758241758241758,19.50489548045939,2.977862556657239,2,1
"['spotify:artist:3grHWM9bx2E9vwJCdlRv9O', 'spotify:artist:7x8nK0m0cP2ksQf0mjWdPS']",['spotify:artist:1By9QBFnjZAoI83BZppHlt'],"['Kenny Chesney', 'Dierks Bentley']",['Billy Currington'],0.016021883548261038,0.6721311475409836,22.051071878940732,2.957033997655334,2,1
['spotify:artist:6icQOAFXDZKsumw3YXyusw'],['spotify:artist:3TVXtAsR1Inumwj472S9r4'],['Lil Yachty'],['Drake'],0.016021883548261038,0.6721311475409836,3.6414614112012216,2.4870392080239676,1,1
"['spotify:artist:3FfvYsEGaIb52QPXhg4DcH', 'spotify:artist:3b8QkneNDz4JHKKKlLgYZg']",['spotify:artist:6yJCxee7QumYr820xdIsjo'],"['Jason Aldean', 'Florida Georgia Line']",['Zac Brown Band'],0.016021883548261038,0.6684782608695652,15.888258850450935,2.8894825292496,2,1
"['spotify:artist:23zg3TcAtWQy7J6upgbUnj', 'spotify:artist:6vWDO969PvNqNYHIOW5v0m']",['spotify:artist:5pKCCKE2ajJHZ9KAiaK11H'],"['Usher', 'Beyoncé']",['Rihanna'],0.016021883548261038,0.6684782608695652,5.825093766964417,2.6702370504188577,2,1
"['spotify:artist:6roFdX1y5BYSbp60OTJWMd', 'spotify:artist:6yJCxee7QumYr820xdIsjo']",['spotify:artist:13YmWQJFwgZrd4bf5IjMY4'],"['Tim McGraw', 'Zac Brown Band']",['Brad Paisley'],0.016021883548261038,0.6612903225806451,21.42078399346672,2.861236718212099,2,1
"['spotify:artist:0BvkDsjIUla7X0k6CSWh1I', 'spotify:artist:2kucQ9jQwuD8jWdtR9Ef38']",['spotify:artist:3FfvYsEGaIb52QPXhg4DcH'],"['Luke Bryan', 'Sam Hunt']",['Jason Aldean'],0.016021883548261038,0.6542553191489361,19.244130594277326,2.7939760122644053,2,1
"['spotify:artist:3b8QkneNDz4JHKKKlLgYZg', 'spotify:artist:6yJCxee7QumYr820xdIsjo']",['spotify:artist:3FfvYsEGaIb52QPXhg4DcH'],"['Florida Georgia Line', 'Zac Brown Band']",['Jason Aldean'],0.016021883548261038,0.6507936507936508,19.142309797482213,2.7662794415432166,2,1
['spotify:artist:0qSX3s5pJnAlSsgsCne8Cz'],['spotify:artist:1n2pb9Tsfe4SwAjmUac6YT'],['Brett Eldredge'],['Jake Owen'],0.016021883548261038,0.6275510204081631,21.130303437164336,2.605191454281691,1,1
"['spotify:artist:2IvkS5MXK0vPGnwyJsrEyV', 'spotify:artist:3b8QkneNDz4JHKKKlLgYZg']",['spotify:artist:4BYxqVkZyFjtik7crYLg5Q'],"['Eric Church', 'Florida Georgia Line']",['Chris Young'],0.016021883548261038,0.6212121212121211,20.825526002381896,2.5612504884720586,2,1
"['spotify:artist:0BvkDsjIUla7X0k6CSWh1I', 'spotify:artist:6x2LnllRG5uGarZMsD4iO8']",['spotify:artist:4BYxqVkZyFjtik7crYLg5Q'],"['Luke Bryan', 'Thomas Rhett']",['Chris Young'],0.016021883548261038,0.6180904522613064,20.720875117947816,2.540315227302331,2,1
"['spotify:artist:0BvkDsjIUla7X0k6CSWh1I', 'spotify:artist:3FfvYsEGaIb52QPXhg4DcH']",['spotify:artist:2kucQ9jQwuD8jWdtR9Ef38'],"['Luke Bryan', 'Jason Aldean']",['Sam Hunt'],0.016021883548261038,0.6119402985074626,13.899010862845534,2.4634672999268536,2,1
"['spotify:artist:1UTPBmNbXNTittyMJrNkvw', 'spotify:artist:3grHWM9bx2E9vwJCdlRv9O']",['spotify:artist:2kucQ9jQwuD8jWdtR9Ef38'],"['Blake Shelton', 'Kenny Chesney']",['Sam Hunt'],0.016021883548261038,0.6,13.627810650887575,2.389930962615605,2,1
"['spotify:artist:3grHWM9bx2E9vwJCdlRv9O', 'spotify:artist:6roFdX1y5BYSbp60OTJWMd']",['spotify:artist:2kucQ9jQwuD8jWdtR9Ef38'],"['Kenny Chesney', 'Tim McGraw']",['Sam Hunt'],0.016021883548261038,0.5885167464114832,13.366991308286854,2.323235214821681,2,1
"['spotify:artist:23zg3TcAtWQy7J6upgbUnj', 'spotify:artist:5pKCCKE2ajJHZ9KAiaK11H']",['spotify:artist:6vWDO969PvNqNYHIOW5v0m'],"['Usher', 'Rihanna']",['Beyoncé'],0.016021883548261038,0.554054054054054,7.663915266617968,2.0803107274385115,2,1
['spotify:artist:1n2pb9Tsfe4SwAjmUac6YT'],['spotify:artist:0qSX3s5pJnAlSsgsCne8Cz'],['Jake Owen'],['Brett Eldredge'],0.016021883548261038,0.5394736842105262,21.130303437164336,2.115990249167271,1,1
['spotify:artist:13YmWQJFwgZrd4bf5IjMY4'],['spotify:artist:0u2FHSq3ln94y5Q57xazwf'],['Brad Paisley'],['Keith Urban'],0.016021883548261038,0.5189873417721519,14.64803611317945,2.0052892097379047,1,1
['spotify:artist:0a1gHP0HAqALbEyxaD5Ngn'],['spotify:artist:6yJCxee7QumYr820xdIsjo'],['Rascal Flatts'],['Zac Brown Band'],0.016021883548261038,0.5103734439834025,12.130454889970839,1.9564426428932558,1,1
"['spotify:artist:0BvkDsjIUla7X0k6CSWh1I', 'spotify:artist:3b8QkneNDz4JHKKKlLgYZg']",['spotify:artist:0qSX3s5pJnAlSsgsCne8Cz'],"['Luke Bryan', 'Florida Georgia Line']",['Brett Eldredge'],0.016021883548261038,0.5,19.584183673469386,1.9489383873909079,2,1
"['spotify:artist:0BvkDsjIUla7X0k6CSWh1I', 'spotify:artist:3b8QkneNDz4JHKKKlLgYZg']",['spotify:artist:1mfDfLsMxYcOOZkzBxvSVW'],"['Luke Bryan', 'Florida Georgia Line']",['Cole Swindell'],0.016021883548261038,0.5,20.52673796791444,1.9512830532760193,2,1
"['spotify:artist:1By9QBFnjZAoI83BZppHlt', 'spotify:artist:2kucQ9jQwuD8jWdtR9Ef38']",['spotify:artist:0BvkDsjIUla7X0k6CSWh1I'],"['Billy Currington', 'Sam Hunt']",['Luke Bryan'],0.015891624332421517,0.8905109489051094,18.328291031486664,8.68957492075897,2,1
"['spotify:artist:1By9QBFnjZAoI83BZppHlt', 'spotify:artist:4BYxqVkZyFjtik7crYLg5Q']",['spotify:artist:0BvkDsjIUla7X0k6CSWh1I'],"['Billy Currington', 'Chris Young']",['Luke Bryan'],0.015891624332421517,0.8840579710144927,18.19547732835995,8.205939820242277,2,1
"['spotify:artist:1n2pb9Tsfe4SwAjmUac6YT', 'spotify:artist:6yJCxee7QumYr820xdIsjo']",['spotify:artist:3b8QkneNDz4JHKKKlLgYZg'],"['Jake Owen', 'Zac Brown Band']",['Florida Georgia Line'],0.015891624332421517,0.8413793103448276,17.942413793103448,6.0087160405729145,2,1
"['spotify:artist:1By9QBFnjZAoI83BZppHlt', 'spotify:artist:2IvkS5MXK0vPGnwyJsrEyV']",['spotify:artist:3b8QkneNDz4JHKKKlLgYZg'],"['Billy Currington', 'Eric Church']",['Florida Georgia Line'],0.015891624332421517,0.8187919463087246,17.460738255033554,5.2597368763839984,2,1
['spotify:artist:2hJPr4lk7Q8SSvCVBl9fWM'],['spotify:artist:0BvkDsjIUla7X0k6CSWh1I'],['Kip Moore'],['Luke Bryan'],0.015891624332421517,0.8187919463087246,16.85218705579646,5.2503919837513635,1,1
"['spotify:artist:3FfvYsEGaIb52QPXhg4DcH', 'spotify:artist:6yJCxee7QumYr820xdIsjo']",['spotify:artist:3grHWM9bx2E9vwJCdlRv9O'],"['Jason Aldean', 'Zac Brown Band']",['Kenny Chesney'],0.015891624332421517,0.8133333333333332,18.694491017964072,5.124071903087141,2,1
"['spotify:artist:1By9QBFnjZAoI83BZppHlt', 'spotify:artist:6x2LnllRG5uGarZMsD4iO8']",['spotify:artist:3grHWM9bx2E9vwJCdlRv9O'],"['Billy Currington', 'Thomas Rhett']",['Kenny Chesney'],0.015891624332421517,0.8133333333333332,18.694491017964072,5.124071903087141,2,1
"['spotify:artist:0QHgL1lAIqAw0HtD7YldmP', 'spotify:artist:1Xyo4u8uXC1ZmMpatF05PJ']",['spotify:artist:3TVXtAsR1Inumwj472S9r4'],"['DJ Khaled', 'The Weeknd']",['Drake'],0.015891624332421517,0.8079470198675496,4.377282478139152,4.245821598774663,2,1
"['spotify:artist:13YmWQJFwgZrd4bf5IjMY4', 'spotify:artist:6yJCxee7QumYr820xdIsjo']",['spotify:artist:0BvkDsjIUla7X0k6CSWh1I'],"['Brad Paisley', 'Zac Brown Band']",['Luke Bryan'],0.015891624332421517,0.8079470198675496,16.628979280223,4.953910696078297,2,1
"['spotify:artist:2kucQ9jQwuD8jWdtR9Ef38', 'spotify:artist:7x8nK0m0cP2ksQf0mjWdPS']",['spotify:artist:1UTPBmNbXNTittyMJrNkvw'],"['Sam Hunt', 'Dierks Bentley']",['Blake Shelton'],0.015891624332421517,0.7973856209150326,19.310818333642604,4.731687024921528,2,1
"['spotify:artist:2kucQ9jQwuD8jWdtR9Ef38', 'spotify:artist:7x8nK0m0cP2ksQf0mjWdPS']",['spotify:artist:3grHWM9bx2E9vwJCdlRv9O'],"['Sam Hunt', 'Dierks Bentley']",['Kenny Chesney'],0.015891624332421517,0.7973856209150326,18.32793237055301,4.7207578565215735,2,1
"['spotify:artist:0u2FHSq3ln94y5Q57xazwf', 'spotify:artist:2IvkS5MXK0vPGnwyJsrEyV']",['spotify:artist:7x8nK0m0cP2ksQf0mjWdPS'],"['Keith Urban', 'Eric Church']",['Dierks Bentley'],0.015891624332421517,0.7770700636942675,22.4269431540635,4.330288989374568,2,1
"['spotify:artist:3FfvYsEGaIb52QPXhg4DcH', 'spotify:artist:6x2LnllRG5uGarZMsD4iO8']",['spotify:artist:3grHWM9bx2E9vwJCdlRv9O'],"['Jason Aldean', 'Thomas Rhett']",['Kenny Chesney'],0.015891624332421517,0.7625,17.526085329341317,4.027340723829894,2,1
"['spotify:artist:2kucQ9jQwuD8jWdtR9Ef38', 'spotify:artist:3grHWM9bx2E9vwJCdlRv9O']",['spotify:artist:7x8nK0m0cP2ksQf0mjWdPS'],"['Sam Hunt', 'Kenny Chesney']",['Dierks Bentley'],0.015891624332421517,0.7577639751552795,21.869752019801055,3.985167149293761,2,1
"['spotify:artist:6l3HvQ5sa6mXTsMTB19rO5', 'spotify:artist:6oMuImdp5ZcFhWP0ESe6mG']",['spotify:artist:2YZyLoL8N0Wb9xBt1NhZWg'],"['J. Cole', 'Migos']",['Kendrick Lamar'],0.015891624332421517,0.7530864197530863,7.812762762762762,3.6596131301289554,2,1
"['spotify:artist:6x2LnllRG5uGarZMsD4iO8', 'spotify:artist:6yJCxee7QumYr820xdIsjo']",['spotify:artist:6roFdX1y5BYSbp60OTJWMd'],"['Thomas Rhett', 'Zac Brown Band']",['Tim McGraw'],0.015891624332421517,0.7439024390243902,18.66319942611191,3.7491207502930832,2,1
"['spotify:artist:0u2FHSq3ln94y5Q57xazwf', 'spotify:artist:7x8nK0m0cP2ksQf0mjWdPS']",['spotify:artist:2IvkS5MXK0vPGnwyJsrEyV'],"['Keith Urban', 'Dierks Bentley']",['Eric Church'],0.015891624332421517,0.7349397590361445,19.38877158117004,3.62972041635582,2,1
"['spotify:artist:1By9QBFnjZAoI83BZppHlt', 'spotify:artist:3b8QkneNDz4JHKKKlLgYZg']",['spotify:artist:2IvkS5MXK0vPGnwyJsrEyV'],"['Billy Currington', 'Florida Georgia Line']",['Eric Church'],0.015891624332421517,0.7349397590361445,19.38877158117004,3.62972041635582,2,1
"['spotify:artist:1By9QBFnjZAoI83BZppHlt', 'spotify:artist:3grHWM9bx2E9vwJCdlRv9O']",['spotify:artist:6x2LnllRG5uGarZMsD4iO8'],"['Billy Currington', 'Kenny Chesney']",['Thomas Rhett'],0.015891624332421517,0.7349397590361445,18.20042751651768,3.6203831989295048,2,1
"['spotify:artist:2IvkS5MXK0vPGnwyJsrEyV', 'spotify:artist:6yJCxee7QumYr820xdIsjo']",['spotify:artist:7x8nK0m0cP2ksQf0mjWdPS'],"['Eric Church', 'Zac Brown Band']",['Dierks Bentley'],0.015891624332421517,0.7305389221556886,21.08401242627527,3.582525002532818,2,1
"['spotify:artist:0BvkDsjIUla7X0k6CSWh1I', 'spotify:artist:4BYxqVkZyFjtik7crYLg5Q']",['spotify:artist:1By9QBFnjZAoI83BZppHlt'],"['Luke Bryan', 'Chris Young']",['Billy Currington'],0.015891624332421517,0.7305389221556886,23.967296176877017,3.5979940080760713,2,1
"['spotify:artist:6roFdX1y5BYSbp60OTJWMd', 'spotify:artist:6x2LnllRG5uGarZMsD4iO8']",['spotify:artist:7x8nK0m0cP2ksQf0mjWdPS'],"['Tim McGraw', 'Thomas Rhett']",['Dierks Bentley'],0.015891624332421517,0.7261904761904762,20.958512352309345,3.525629916577467,2,1
"['spotify:artist:1UTPBmNbXNTittyMJrNkvw', 'spotify:artist:2kucQ9jQwuD8jWdtR9Ef38']",['spotify:artist:7x8nK0m0cP2ksQf0mjWdPS'],"['Blake Shelton', 'Sam Hunt']",['Dierks Bentley'],0.015891624332421517,0.7261904761904762,20.958512352309345,3.525629916577467,2,1
"['spotify:artist:6roFdX1y5BYSbp60OTJWMd', 'spotify:artist:6x2LnllRG5uGarZMsD4iO8']",['spotify:artist:6yJCxee7QumYr820xdIsjo'],"['Tim McGraw', 'Thomas Rhett']",['Zac Brown Band'],0.015891624332421517,0.7261904761904762,17.259951348960637,3.4985133459061792,2,1
"['spotify:artist:2IvkS5MXK0vPGnwyJsrEyV', 'spotify:artist:7x8nK0m0cP2ksQf0mjWdPS']",['spotify:artist:6yJCxee7QumYr820xdIsjo'],"['Eric Church', 'Dierks Bentley']",['Zac Brown Band'],0.015891624332421517,0.7218934911242604,17.157821459321816,3.444458301807832,2,1
"['spotify:artist:2IvkS5MXK0vPGnwyJsrEyV', 'spotify:artist:7x8nK0m0cP2ksQf0mjWdPS']",['spotify:artist:0u2FHSq3ln94y5Q57xazwf'],"['Eric Church', 'Dierks Bentley']",['Keith Urban'],0.015891624332421517,0.7218934911242604,20.374912982944657,3.468345624814658,2,1
"['spotify:artist:6x2LnllRG5uGarZMsD4iO8', 'spotify:artist:7x8nK0m0cP2ksQf0mjWdPS']",['spotify:artist:6roFdX1y5BYSbp60OTJWMd'],"['Thomas Rhett', 'Dierks Bentley']",['Tim McGraw'],0.015891624332421517,0.7176470588235293,18.00449826989619,3.400498241500585,2,1
"['spotify:artist:6roFdX1y5BYSbp60OTJWMd', 'spotify:artist:7x8nK0m0cP2ksQf0mjWdPS']",['spotify:artist:6x2LnllRG5uGarZMsD4iO8'],"['Tim McGraw', 'Dierks Bentley']",['Thomas Rhett'],0.015891624332421517,0.7176470588235293,17.772182163187853,3.3986529026095247,2,1
"['spotify:artist:6yJCxee7QumYr820xdIsjo', 'spotify:artist:7x8nK0m0cP2ksQf0mjWdPS']",['spotify:artist:2IvkS5MXK0vPGnwyJsrEyV'],"['Zac Brown Band', 'Dierks Bentley']",['Eric Church'],0.015891624332421517,0.7176470588235293,18.932565191024864,3.4074182623420595,2,1
"['spotify:artist:0BvkDsjIUla7X0k6CSWh1I', 'spotify:artist:13YmWQJFwgZrd4bf5IjMY4']",['spotify:artist:6yJCxee7QumYr820xdIsjo'],"['Luke Bryan', 'Brad Paisley']",['Zac Brown Band'],0.015891624332421517,0.7176470588235293,17.056893097796394,3.3926555512135805,2,1
"['spotify:artist:3FfvYsEGaIb52QPXhg4DcH', 'spotify:artist:3grHWM9bx2E9vwJCdlRv9O']",['spotify:artist:6x2LnllRG5uGarZMsD4iO8'],"['Jason Aldean', 'Kenny Chesney']",['Thomas Rhett'],0.015891624332421517,0.7093023255813953,17.56552888222055,3.301091572228734,2,1
"['spotify:artist:3FfvYsEGaIb52QPXhg4DcH', 'spotify:artist:3grHWM9bx2E9vwJCdlRv9O']",['spotify:artist:6yJCxee7QumYr820xdIsjo'],"['Jason Aldean', 'Kenny Chesney']",['Zac Brown Band'],0.015891624332421517,0.7093023255813953,16.858557131542945,3.295266380096391,2,1
"['spotify:artist:55Aa2cqylxrFIXC767Z865', 'spotify:artist:6l3HvQ5sa6mXTsMTB19rO5']",['spotify:artist:2YZyLoL8N0Wb9xBt1NhZWg'],"['Lil Wayne', 'J. Cole']",['Kendrick Lamar'],0.015891624332421517,0.7052023121387282,7.315997500390563,3.0651806899651866,2,1
"['spotify:artist:3nFkdlSjzX9mRTtwJOzDYB', 'spotify:artist:7bXgB6jMjp9ATFy66eO08Z']",['spotify:artist:3TVXtAsR1Inumwj472S9r4'],"['JAY Z', 'Chris Brown']",['Drake'],0.015891624332421517,0.7011494252873562,3.79867617355754,2.728529774250758,2,1
"['spotify:artist:50co4Is1HCEo8bhOyUWKpn', 'spotify:artist:7iZtZyCzp3LItcw1wtPI3D']",['spotify:artist:1RyvyyTE3xzB2ZywiAwp0i'],"['Young Thug', 'Rae Sremmurd']",['Future'],0.015891624332421517,0.7011494252873562,9.201237842617152,3.0911714311479837,2,1
"['spotify:artist:1n2pb9Tsfe4SwAjmUac6YT', 'spotify:artist:3b8QkneNDz4JHKKKlLgYZg']",['spotify:artist:6yJCxee7QumYr820xdIsjo'],"['Jake Owen', 'Florida Georgia Line']",['Zac Brown Band'],0.015891624332421517,0.6931818181818181,16.475408105826062,3.1221300758880535,2,1
"['spotify:artist:0BvkDsjIUla7X0k6CSWh1I', 'spotify:artist:1By9QBFnjZAoI83BZppHlt']",['spotify:artist:4BYxqVkZyFjtik7crYLg5Q'],"['Luke Bryan', 'Billy Currington']",['Chris Young'],0.015891624332421517,0.6931818181818181,23.238239380706627,3.1620376400889616,2,1
"['spotify:artist:0BvkDsjIUla7X0k6CSWh1I', 'spotify:artist:1By9QBFnjZAoI83BZppHlt']",['spotify:artist:2kucQ9jQwuD8jWdtR9Ef38'],"['Luke Bryan', 'Billy Currington']",['Sam Hunt'],0.015891624332421517,0.6931818181818181,15.744250941366326,3.1157618475581215,2,1
"['spotify:artist:3grHWM9bx2E9vwJCdlRv9O', 'spotify:artist:6x2LnllRG5uGarZMsD4iO8']",['spotify:artist:3FfvYsEGaIb52QPXhg4DcH'],"['Kenny Chesney', 'Thomas Rhett']",['Jason Aldean'],0.015891624332421517,0.6815642458100558,20.047389712964744,3.0335863104419896,2,1
"['spotify:artist:3grHWM9bx2E9vwJCdlRv9O', 'spotify:artist:6x2LnllRG5uGarZMsD4iO8']",['spotify:artist:1By9QBFnjZAoI83BZppHlt'],"['Kenny Chesney', 'Thomas Rhett']",['Billy Currington'],0.015891624332421517,0.6815642458100558,22.36055006446068,3.0446309207955404,2,1
"['spotify:artist:1UTPBmNbXNTittyMJrNkvw', 'spotify:artist:7x8nK0m0cP2ksQf0mjWdPS']",['spotify:artist:2kucQ9jQwuD8jWdtR9Ef38'],"['Blake Shelton', 'Dierks Bentley']",['Sam Hunt'],0.015891624332421517,0.6703296703296703,15.225209701541063,2.8997829013069336,2,1
"['spotify:artist:3grHWM9bx2E9vwJCdlRv9O', 'spotify:artist:7x8nK0m0cP2ksQf0mjWdPS']",['spotify:artist:2kucQ9jQwuD8jWdtR9Ef38'],"['Kenny Chesney', 'Dierks Bentley']",['Sam Hunt'],0.015891624332421517,0.6666666666666666,15.142011834319527,2.8679171551387257,2,1
"['spotify:artist:17lzZA2AlOHwCwFALHttmp', 'spotify:artist:5K4W6rqBFWDnAN6FQUkS6x']",['spotify:artist:2YZyLoL8N0Wb9xBt1NhZWg'],"['2 Chainz', 'Kanye West']",['Kendrick Lamar'],0.015891624332421517,0.6666666666666666,6.916216216216216,2.710824540836264,2,1
"['spotify:artist:6roFdX1y5BYSbp60OTJWMd', 'spotify:artist:6yJCxee7QumYr820xdIsjo']",['spotify:artist:6x2LnllRG5uGarZMsD4iO8'],"['Tim McGraw', 'Zac Brown Band']",['Thomas Rhett'],0.015891624332421517,0.6559139784946236,16.243392299687823,2.7888945877295814,2,1
"['spotify:artist:17lzZA2AlOHwCwFALHttmp', 'spotify:artist:1RyvyyTE3xzB2ZywiAwp0i']",['spotify:artist:2YZyLoL8N0Wb9xBt1NhZWg'],"['2 Chainz', 'Future']",['Kendrick Lamar'],0.015891624332421517,0.6524064171122994,6.768275762393409,2.599611226340417,2,1
"['spotify:artist:0BvkDsjIUla7X0k6CSWh1I', 'spotify:artist:2kucQ9jQwuD8jWdtR9Ef38']",['spotify:artist:1By9QBFnjZAoI83BZppHlt'],"['Luke Bryan', 'Sam Hunt']",['Billy Currington'],0.015891624332421517,0.648936170212766,21.29009819967267,2.7616611602543606,2,1
"['spotify:artist:3b8QkneNDz4JHKKKlLgYZg', 'spotify:artist:6yJCxee7QumYr820xdIsjo']",['spotify:artist:1n2pb9Tsfe4SwAjmUac6YT'],"['Florida Georgia Line', 'Zac Brown Band']",['Jake Owen'],0.015891624332421517,0.6455026455026455,21.734753550543022,2.737117460761841,2,1
"['spotify:artist:17lzZA2AlOHwCwFALHttmp', 'spotify:artist:2YZyLoL8N0Wb9xBt1NhZWg']",['spotify:artist:1RyvyyTE3xzB2ZywiAwp0i'],"['2 Chainz', 'Kendrick Lamar']",['Future'],0.015891624332421517,0.6321243523316061,8.295416500597847,2.511170186417449,2,1
"['spotify:artist:17lzZA2AlOHwCwFALHttmp', 'spotify:artist:2YZyLoL8N0Wb9xBt1NhZWg']",['spotify:artist:5K4W6rqBFWDnAN6FQUkS6x'],"['2 Chainz', 'Kendrick Lamar']",['Kanye West'],0.015891624332421517,0.6321243523316061,5.0921496881949,2.380866939293701,2,1
"['spotify:artist:0BvkDsjIUla7X0k6CSWh1I', 'spotify:artist:6yJCxee7QumYr820xdIsjo']",['spotify:artist:13YmWQJFwgZrd4bf5IjMY4'],"['Luke Bryan', 'Zac Brown Band']",['Brad Paisley'],0.015891624332421517,0.6256410256410255,20.266017526777016,2.588768086848993,2,1
"['spotify:artist:3grHWM9bx2E9vwJCdlRv9O', 'spotify:artist:6yJCxee7QumYr820xdIsjo']",['spotify:artist:3FfvYsEGaIb52QPXhg4DcH'],"['Kenny Chesney', 'Zac Brown Band']",['Jason Aldean'],0.015891624332421517,0.6192893401015228,18.215648520917206,2.5373661586557246,2,1
['spotify:artist:7FY5V3XMwlNBPitEjXowHQ'],['spotify:artist:0u2FHSq3ln94y5Q57xazwf'],['Darius Rucker'],['Keith Urban'],0.015891624332421517,0.6192893401015228,17.478986264556582,2.5336025357127347,1,1
"['spotify:artist:2IvkS5MXK0vPGnwyJsrEyV', 'spotify:artist:3b8QkneNDz4JHKKKlLgYZg']",['spotify:artist:1By9QBFnjZAoI83BZppHlt'],"['Eric Church', 'Florida Georgia Line']",['Billy Currington'],0.015891624332421517,0.6161616161616161,20.214840714840715,2.5258530264700436,2,1
"['spotify:artist:1RyvyyTE3xzB2ZywiAwp0i', 'spotify:artist:50co4Is1HCEo8bhOyUWKpn']",['spotify:artist:7iZtZyCzp3LItcw1wtPI3D'],"['Future', 'Young Thug']",['Rae Sremmurd'],0.015891624332421517,0.5865384615384615,8.709585627138816,2.2557261042497823,2,1
"['spotify:artist:55Aa2cqylxrFIXC767Z865', 'spotify:artist:7bXgB6jMjp9ATFy66eO08Z']",['spotify:artist:5K4W6rqBFWDnAN6FQUkS6x'],"['Lil Wayne', 'Chris Brown']",['Kanye West'],0.015891624332421517,0.5837320574162679,4.702320046993377,2.1040845996176065,2,1
"['spotify:artist:5K4W6rqBFWDnAN6FQUkS6x', 'spotify:artist:6vWDO969PvNqNYHIOW5v0m']",['spotify:artist:3TVXtAsR1Inumwj472S9r4'],"['Kanye West', 'Beyoncé']",['Drake'],0.015891624332421517,0.5781990521327014,3.1325576028389195,1.9331931217279688,2,1
"['spotify:artist:2YZyLoL8N0Wb9xBt1NhZWg', 'spotify:artist:55Aa2cqylxrFIXC767Z865']",['spotify:artist:6l3HvQ5sa6mXTsMTB19rO5'],"['Kendrick Lamar', 'Lil Wayne']",['J. Cole'],0.015891624332421517,0.5700934579439252,7.48138030194105,2.148835312707069,2,1
"['spotify:artist:3TVXtAsR1Inumwj472S9r4', 'spotify:artist:6vWDO969PvNqNYHIOW5v0m']",['spotify:artist:5K4W6rqBFWDnAN6FQUkS6x'],"['Drake', 'Beyoncé']",['Kanye West'],0.015891624332421517,0.5398230088495575,4.348605707175291,1.9033176020280356,2,1
['spotify:artist:13YmWQJFwgZrd4bf5IjMY4'],['spotify:artist:2kucQ9jQwuD8jWdtR9Ef38'],['Brad Paisley'],['Sam Hunt'],0.015891624332421517,0.5147679324894514,11.691933188525203,1.9701343935300812,1,1
"['spotify:artist:2YZyLoL8N0Wb9xBt1NhZWg', 'spotify:artist:6oMuImdp5ZcFhWP0ESe6mG']",['spotify:artist:6l3HvQ5sa6mXTsMTB19rO5'],"['Kendrick Lamar', 'Migos']",['J. Cole'],0.015891624332421517,0.5126050420168067,6.726955397543633,1.8953793911953751,2,1
"['spotify:artist:1RyvyyTE3xzB2ZywiAwp0i', 'spotify:artist:7iZtZyCzp3LItcw1wtPI3D']",['spotify:artist:50co4Is1HCEo8bhOyUWKpn'],"['Future', 'Rae Sremmurd']",['Young Thug'],0.015891624332421517,0.510460251046025,10.977040188460318,1.9477426745890984,2,1
['spotify:artist:0a1gHP0HAqALbEyxaD5Ngn'],['spotify:artist:2kucQ9jQwuD8jWdtR9Ef38'],['Rascal Flatts'],['Sam Hunt'],0.015891624332421517,0.5062240663900415,11.497876206143044,1.9360449142533136,1,1
['spotify:artist:0a1gHP0HAqALbEyxaD5Ngn'],['spotify:artist:7x8nK0m0cP2ksQf0mjWdPS'],['Rascal Flatts'],['Dierks Bentley'],0.015891624332421517,0.5062240663900415,14.610083299535145,1.9550386782301823,1,1
['spotify:artist:1URnnhqYAYcrqrcwql10ft'],['spotify:artist:0Y5tJX1MQlPlqiwlOH1tJY'],['21 Savage'],['Travis Scott'],0.015891624332421517,0.5041322314049587,9.46264826527107,1.9092266944552994,1,1
"['spotify:artist:1RyvyyTE3xzB2ZywiAwp0i', 'spotify:artist:3nFkdlSjzX9mRTtwJOzDYB']",['spotify:artist:3TVXtAsR1Inumwj472S9r4'],"['Future', 'JAY Z']",['Drake'],0.015761365116581997,0.9029850746268656,4.892178135434332,8.405126201140265,2,1
"['spotify:artist:55Aa2cqylxrFIXC767Z865', 'spotify:artist:6oMuImdp5ZcFhWP0ESe6mG']",['spotify:artist:3TVXtAsR1Inumwj472S9r4'],"['Lil Wayne', 'Migos']",['Drake'],0.015761365116581997,0.8832116788321167,4.785050147067156,6.982056793018101,2,1
"['spotify:artist:3FfvYsEGaIb52QPXhg4DcH', 'spotify:artist:5Zq7R5qmi58ByYyBQTlNuk']",['spotify:artist:0BvkDsjIUla7X0k6CSWh1I'],"['Jason Aldean', 'Lee Brice']",['Luke Bryan'],0.015761365116581997,0.8832116788321167,18.17805913778595,8.146476488211535,2,1
"['spotify:artist:0qSX3s5pJnAlSsgsCne8Cz', 'spotify:artist:6x2LnllRG5uGarZMsD4iO8']",['spotify:artist:3b8QkneNDz4JHKKKlLgYZg'],"['Brett Eldredge', 'Thomas Rhett']",['Florida Georgia Line'],0.015761365116581997,0.8705035971223021,18.56348920863309,7.36010160218835,2,1
"['spotify:artist:0qSX3s5pJnAlSsgsCne8Cz', 'spotify:artist:3b8QkneNDz4JHKKKlLgYZg']",['spotify:artist:6x2LnllRG5uGarZMsD4iO8'],"['Brett Eldredge', 'Florida Georgia Line']",['Thomas Rhett'],0.015761365116581997,0.8461538461538461,20.954590570719603,6.237527680083366,2,1
"['spotify:artist:0u2FHSq3ln94y5Q57xazwf', 'spotify:artist:1By9QBFnjZAoI83BZppHlt']",['spotify:artist:6roFdX1y5BYSbp60OTJWMd'],"['Keith Urban', 'Billy Currington']",['Tim McGraw'],0.015761365116581997,0.8461538461538461,21.228506787330314,6.240914419695193,2,1
"['spotify:artist:0u2FHSq3ln94y5Q57xazwf', 'spotify:artist:1By9QBFnjZAoI83BZppHlt']",['spotify:artist:3grHWM9bx2E9vwJCdlRv9O'],"['Keith Urban', 'Billy Currington']",['Kenny Chesney'],0.015761365116581997,0.8461538461538461,19.448871487793646,6.2172072424124005,2,1
"['spotify:artist:1RyvyyTE3xzB2ZywiAwp0i', 'spotify:artist:5pKCCKE2ajJHZ9KAiaK11H']",['spotify:artist:3TVXtAsR1Inumwj472S9r4'],"['Future', 'Rihanna']",['Drake'],0.015761365116581997,0.8402777777777778,4.552443542695837,5.1052551098425,2,1
"['spotify:artist:1n2pb9Tsfe4SwAjmUac6YT', 'spotify:artist:3FfvYsEGaIb52QPXhg4DcH']",['spotify:artist:7x8nK0m0cP2ksQf0mjWdPS'],"['Jake Owen', 'Jason Aldean']",['Dierks Bentley'],0.015761365116581997,0.8120805369127515,23.43737699954584,5.137046651407725,2,1
"['spotify:artist:1By9QBFnjZAoI83BZppHlt', 'spotify:artist:2IvkS5MXK0vPGnwyJsrEyV']",['spotify:artist:3grHWM9bx2E9vwJCdlRv9O'],"['Billy Currington', 'Eric Church']",['Kenny Chesney'],0.015761365116581997,0.8120805369127515,18.665695454728123,5.089911423733224,2,1
"['spotify:artist:3FfvYsEGaIb52QPXhg4DcH', 'spotify:artist:6yJCxee7QumYr820xdIsjo']",['spotify:artist:6roFdX1y5BYSbp60OTJWMd'],"['Jason Aldean', 'Zac Brown Band']",['Tim McGraw'],0.015761365116581997,0.8066666666666665,20.2378431372549,4.966244896309169,2,1
"['spotify:artist:1By9QBFnjZAoI83BZppHlt', 'spotify:artist:7x8nK0m0cP2ksQf0mjWdPS']",['spotify:artist:1UTPBmNbXNTittyMJrNkvw'],"['Billy Currington', 'Dierks Bentley']",['Blake Shelton'],0.015761365116581997,0.8066666666666665,19.535583596214508,4.95883359609761,2,1
"['spotify:artist:13YmWQJFwgZrd4bf5IjMY4', 'spotify:artist:6yJCxee7QumYr820xdIsjo']",['spotify:artist:3grHWM9bx2E9vwJCdlRv9O'],"['Brad Paisley', 'Zac Brown Band']",['Kenny Chesney'],0.015761365116581997,0.8013245033112582,18.418467700360868,4.81435022361165,2,1
"['spotify:artist:2kucQ9jQwuD8jWdtR9Ef38', 'spotify:artist:6roFdX1y5BYSbp60OTJWMd']",['spotify:artist:6x2LnllRG5uGarZMsD4iO8'],"['Sam Hunt', 'Tim McGraw']",['Thomas Rhett'],0.015761365116581997,0.8013245033112582,19.844413586840414,4.830085536885065,2,1
"['spotify:artist:3grHWM9bx2E9vwJCdlRv9O', 'spotify:artist:5Zq7R5qmi58ByYyBQTlNuk']",['spotify:artist:3b8QkneNDz4JHKKKlLgYZg'],"['Kenny Chesney', 'Lee Brice']",['Florida Georgia Line'],0.015761365116581997,0.8013245033112582,17.08824503311258,4.797303634232119,2,1
"['spotify:artist:02kJSzxNuaWGqwubyUba0Z', 'spotify:artist:1Xyo4u8uXC1ZmMpatF05PJ']",['spotify:artist:3TVXtAsR1Inumwj472S9r4'],"['G-Eazy', 'The Weeknd']",['Drake'],0.015761365116581997,0.7960526315789472,4.312841250975002,3.9982015824393744,2,1
"['spotify:artist:2kucQ9jQwuD8jWdtR9Ef38', 'spotify:artist:6yJCxee7QumYr820xdIsjo']",['spotify:artist:3b8QkneNDz4JHKKKlLgYZg'],"['Sam Hunt', 'Zac Brown Band']",['Florida Georgia Line'],0.015761365116581997,0.7960526315789472,16.97582236842105,4.673297280943914,2,1
"['spotify:artist:1n2pb9Tsfe4SwAjmUac6YT', 'spotify:artist:6x2LnllRG5uGarZMsD4iO8']",['spotify:artist:7x8nK0m0cP2ksQf0mjWdPS'],"['Jake Owen', 'Thomas Rhett']",['Dierks Bentley'],0.015761365116581997,0.7908496732026142,22.82463511720477,4.615584701055097,2,1
"['spotify:artist:3grHWM9bx2E9vwJCdlRv9O', 'spotify:artist:4BYxqVkZyFjtik7crYLg5Q']",['spotify:artist:2IvkS5MXK0vPGnwyJsrEyV'],"['Kenny Chesney', 'Chris Young']",['Eric Church'],0.015761365116581997,0.7908496732026142,20.86375581160299,4.600014654161779,2,1
"['spotify:artist:5IcR3N7QB1j6KBL8eImZ8m', 'spotify:artist:5K4W6rqBFWDnAN6FQUkS6x']",['spotify:artist:2YZyLoL8N0Wb9xBt1NhZWg'],"['ScHoolboy Q', 'Kanye West']",['Kendrick Lamar'],0.015761365116581997,0.7857142857142856,8.151254826254824,4.216838174634186,2,1
"['spotify:artist:13YmWQJFwgZrd4bf5IjMY4', 'spotify:artist:3b8QkneNDz4JHKKKlLgYZg']",['spotify:artist:1UTPBmNbXNTittyMJrNkvw'],"['Brad Paisley', 'Florida Georgia Line']",['Blake Shelton'],0.015761365116581997,0.7806451612903225,18.90540348020759,4.37057980675662,2,1
"['spotify:artist:1n2pb9Tsfe4SwAjmUac6YT', 'spotify:artist:7x8nK0m0cP2ksQf0mjWdPS']",['spotify:artist:3FfvYsEGaIb52QPXhg4DcH'],"['Jake Owen', 'Dierks Bentley']",['Jason Aldean'],0.015761365116581997,0.7806451612903225,22.961735261401554,4.403834218329768,2,1
"['spotify:artist:1n2pb9Tsfe4SwAjmUac6YT', 'spotify:artist:7x8nK0m0cP2ksQf0mjWdPS']",['spotify:artist:6x2LnllRG5uGarZMsD4iO8'],"['Jake Owen', 'Dierks Bentley']",['Thomas Rhett'],0.015761365116581997,0.7806451612903225,19.332299687825177,4.374736608203263,2,1
"['spotify:artist:2IvkS5MXK0vPGnwyJsrEyV', 'spotify:artist:4BYxqVkZyFjtik7crYLg5Q']",['spotify:artist:3grHWM9bx2E9vwJCdlRv9O'],"['Eric Church', 'Chris Young']",['Kenny Chesney'],0.015761365116581997,0.7806451612903225,17.943152404867682,4.360484717529057,2,1
['spotify:artist:1dID9zgn0OV0Y8ud7Mh2tS'],['spotify:artist:6roFdX1y5BYSbp60OTJWMd'],['Dustin Lynch'],['Tim McGraw'],0.015761365116581997,0.7756410256410255,19.459464555052786,4.279484173505274,1,1
"['spotify:artist:3b8QkneNDz4JHKKKlLgYZg', 'spotify:artist:5Zq7R5qmi58ByYyBQTlNuk']",['spotify:artist:3grHWM9bx2E9vwJCdlRv9O'],"['Florida Georgia Line', 'Lee Brice']",['Kenny Chesney'],0.015761365116581997,0.7756410256410255,17.82813219714417,4.263227823368501,2,1
"['spotify:artist:13YmWQJFwgZrd4bf5IjMY4', 'spotify:artist:1UTPBmNbXNTittyMJrNkvw']",['spotify:artist:3b8QkneNDz4JHKKKlLgYZg'],"['Brad Paisley', 'Blake Shelton']",['Florida Georgia Line'],0.015761365116581997,0.7658227848101266,16.33117088607595,4.0700231298121095,2,1
"['spotify:artist:1By9QBFnjZAoI83BZppHlt', 'spotify:artist:6roFdX1y5BYSbp60OTJWMd']",['spotify:artist:0u2FHSq3ln94y5Q57xazwf'],"['Billy Currington', 'Tim McGraw']",['Keith Urban'],0.015761365116581997,0.761006289308176,21.478842952275247,4.03596182719401,2,1
"['spotify:artist:1By9QBFnjZAoI83BZppHlt', 'spotify:artist:1UTPBmNbXNTittyMJrNkvw']",['spotify:artist:7x8nK0m0cP2ksQf0mjWdPS'],"['Billy Currington', 'Blake Shelton']",['Dierks Bentley'],0.015761365116581997,0.7515527950310559,21.69049175734367,3.885537970561417,2,1
['spotify:artist:2HPaUgqeutzr3jx5a9WyDV'],['spotify:artist:3TVXtAsR1Inumwj472S9r4'],['PARTYNEXTDOOR'],['Drake'],0.015761365116581997,0.7378048780487805,3.997267500903661,3.1099842174298944,1,1
"['spotify:artist:0BvkDsjIUla7X0k6CSWh1I', 'spotify:artist:5Zq7R5qmi58ByYyBQTlNuk']",['spotify:artist:3FfvYsEGaIb52QPXhg4DcH'],"['Luke Bryan', 'Lee Brice']",['Jason Aldean'],0.015761365116581997,0.7378048780487805,21.701640033641713,3.6842880122140733,2,1
"['spotify:artist:2IvkS5MXK0vPGnwyJsrEyV', 'spotify:artist:3FfvYsEGaIb52QPXhg4DcH']",['spotify:artist:7x8nK0m0cP2ksQf0mjWdPS'],"['Eric Church', 'Jason Aldean']",['Dierks Bentley'],0.015761365116581997,0.7289156626506024,21.037163692363436,3.561072757008669,2,1
"['spotify:artist:1By9QBFnjZAoI83BZppHlt', 'spotify:artist:3grHWM9bx2E9vwJCdlRv9O']",['spotify:artist:0u2FHSq3ln94y5Q57xazwf'],"['Billy Currington', 'Kenny Chesney']",['Keith Urban'],0.015761365116581997,0.7289156626506024,20.573108610914243,3.5581896863647544,2,1
"['spotify:artist:1By9QBFnjZAoI83BZppHlt', 'spotify:artist:3grHWM9bx2E9vwJCdlRv9O']",['spotify:artist:2IvkS5MXK0vPGnwyJsrEyV'],"['Billy Currington', 'Kenny Chesney']",['Eric Church'],0.015761365116581997,0.7289156626506024,19.229847223947335,3.5490599626590242,2,1
"['spotify:artist:3FfvYsEGaIb52QPXhg4DcH', 'spotify:artist:7x8nK0m0cP2ksQf0mjWdPS']",['spotify:artist:2IvkS5MXK0vPGnwyJsrEyV'],"['Jason Aldean', 'Dierks Bentley']",['Eric Church'],0.015761365116581997,0.7202380952380952,19.000920471281297,3.438976328851862,2,1
"['spotify:artist:3FfvYsEGaIb52QPXhg4DcH', 'spotify:artist:6roFdX1y5BYSbp60OTJWMd']",['spotify:artist:6yJCxee7QumYr820xdIsjo'],"['Jason Aldean', 'Tim McGraw']",['Zac Brown Band'],0.015761365116581997,0.7202380952380952,17.118476337903584,3.424076891737963,2,1
"['spotify:artist:3FfvYsEGaIb52QPXhg4DcH', 'spotify:artist:7x8nK0m0cP2ksQf0mjWdPS']",['spotify:artist:1n2pb9Tsfe4SwAjmUac6YT'],"['Jason Aldean', 'Dierks Bentley']",['Jake Owen'],0.015761365116581997,0.7202380952380952,24.251174812030076,3.468309595669851,2,1
"['spotify:artist:6roFdX1y5BYSbp60OTJWMd', 'spotify:artist:6x2LnllRG5uGarZMsD4iO8']",['spotify:artist:2kucQ9jQwuD8jWdtR9Ef38'],"['Tim McGraw', 'Thomas Rhett']",['Sam Hunt'],0.015761365116581997,0.7202380952380952,16.35878064243449,3.4170927805908224,2,1
"['spotify:artist:2IvkS5MXK0vPGnwyJsrEyV', 'spotify:artist:7x8nK0m0cP2ksQf0mjWdPS']",['spotify:artist:3FfvYsEGaIb52QPXhg4DcH'],"['Eric Church', 'Dierks Bentley']",['Jason Aldean'],0.015761365116581997,0.7159763313609467,21.05957967761681,3.4011332551778035,2,1
['spotify:artist:6y8XlgIV8BLlIg1tT1R10i'],['spotify:artist:7x8nK0m0cP2ksQf0mjWdPS'],['Old Dominion'],['Dierks Bentley'],0.015761365116581997,0.7159763313609467,20.663722916759355,3.3988401502322954,1,1
['spotify:artist:6y8XlgIV8BLlIg1tT1R10i'],['spotify:artist:0BvkDsjIUla7X0k6CSWh1I'],['Old Dominion'],['Luke Bryan'],0.015761365116581997,0.7159763313609467,14.7360597744182,3.3497677043984195,1,1
"['spotify:artist:6x2LnllRG5uGarZMsD4iO8', 'spotify:artist:7x8nK0m0cP2ksQf0mjWdPS']",['spotify:artist:1n2pb9Tsfe4SwAjmUac6YT'],"['Thomas Rhett', 'Dierks Bentley']",['Jake Owen'],0.015761365116581997,0.7117647058823529,23.965866873065014,3.366350057021635,2,1
"['spotify:artist:13YmWQJFwgZrd4bf5IjMY4', 'spotify:artist:3grHWM9bx2E9vwJCdlRv9O']",['spotify:artist:6yJCxee7QumYr820xdIsjo'],"['Brad Paisley', 'Kenny Chesney']",['Zac Brown Band'],0.015761365116581997,0.7076023391812865,16.81815219162457,3.2761078546307143,2,1
"['spotify:artist:4O15NlyKLIASxsJ0PrXPfz', 'spotify:artist:5K4W6rqBFWDnAN6FQUkS6x']",['spotify:artist:2YZyLoL8N0Wb9xBt1NhZWg'],"['Lil Uzi Vert', 'Kanye West']",['Kendrick Lamar'],0.015761365116581997,0.7076023391812865,7.340896159317211,3.09033997655334,2,1
"['spotify:artist:246dkjvS1zLTtiykXe5h60', 'spotify:artist:6oMuImdp5ZcFhWP0ESe6mG']",['spotify:artist:2YZyLoL8N0Wb9xBt1NhZWg'],"['Post Malone', 'Migos']",['Kendrick Lamar'],0.015761365116581997,0.6836158192090395,7.092052221713238,2.8560472840953492,2,1
"['spotify:artist:2YZyLoL8N0Wb9xBt1NhZWg', 'spotify:artist:5IcR3N7QB1j6KBL8eImZ8m']",['spotify:artist:5K4W6rqBFWDnAN6FQUkS6x'],"['Kendrick Lamar', 'ScHoolboy Q']",['Kanye West'],0.015761365116581997,0.6797752808988763,5.476007168374263,2.735151020706644,2,1
"['spotify:artist:0u2FHSq3ln94y5Q57xazwf', 'spotify:artist:3grHWM9bx2E9vwJCdlRv9O']",['spotify:artist:1By9QBFnjZAoI83BZppHlt'],"['Keith Urban', 'Kenny Chesney']",['Billy Currington'],0.015761365116581997,0.6797752808988763,22.301858254105444,3.0276218095061793,2,1
"['spotify:artist:0u2FHSq3ln94y5Q57xazwf', 'spotify:artist:6roFdX1y5BYSbp60OTJWMd']",['spotify:artist:1By9QBFnjZAoI83BZppHlt'],"['Keith Urban', 'Tim McGraw']",['Billy Currington'],0.015761365116581997,0.6759776536312848,22.177266867211,2.9921372842301,2,1
"['spotify:artist:2kucQ9jQwuD8jWdtR9Ef38', 'spotify:artist:6x2LnllRG5uGarZMsD4iO8']",['spotify:artist:6roFdX1y5BYSbp60OTJWMd'],"['Sam Hunt', 'Thomas Rhett']",['Tim McGraw'],0.015761365116581997,0.6648351648351648,16.679541047188106,2.8646820287125476,2,1
"['spotify:artist:1UTPBmNbXNTittyMJrNkvw', 'spotify:artist:7x8nK0m0cP2ksQf0mjWdPS']",['spotify:artist:1By9QBFnjZAoI83BZppHlt'],"['Blake Shelton', 'Dierks Bentley']",['Billy Currington'],0.015761365116581997,0.6648351648351648,21.811707523245985,2.8926642707512538,2,1
"['spotify:artist:6roFdX1y5BYSbp60OTJWMd', 'spotify:artist:6yJCxee7QumYr820xdIsjo']",['spotify:artist:3FfvYsEGaIb52QPXhg4DcH'],"['Tim McGraw', 'Zac Brown Band']",['Jason Aldean'],0.015761365116581997,0.6505376344086021,19.134779384501297,2.7642528631977634,2,1
['spotify:artist:1mfDfLsMxYcOOZkzBxvSVW'],['spotify:artist:0u2FHSq3ln94y5Q57xazwf'],['Cole Swindell'],['Keith Urban'],0.015761365116581997,0.6470588235294117,18.26275951557093,2.7329468976596756,1,1
"['spotify:artist:3b8QkneNDz4JHKKKlLgYZg', 'spotify:artist:6yJCxee7QumYr820xdIsjo']",['spotify:artist:2kucQ9jQwuD8jWdtR9Ef38'],"['Florida Georgia Line', 'Zac Brown Band']",['Sam Hunt'],0.015761365116581997,0.6402116402116402,14.541138348830659,2.657040893731467,2,1
"['spotify:artist:2IvkS5MXK0vPGnwyJsrEyV', 'spotify:artist:3grHWM9bx2E9vwJCdlRv9O']",['spotify:artist:4BYxqVkZyFjtik7crYLg5Q'],"['Eric Church', 'Kenny Chesney']",['Chris Young'],0.015761365116581997,0.6402116402116402,21.462466209191103,2.696503689400731,2,1
"['spotify:artist:2IvkS5MXK0vPGnwyJsrEyV', 'spotify:artist:3grHWM9bx2E9vwJCdlRv9O']",['spotify:artist:1By9QBFnjZAoI83BZppHlt'],"['Eric Church', 'Kenny Chesney']",['Billy Currington'],0.015761365116581997,0.6402116402116402,21.003866503866504,2.6946934694159026,2,1
"['spotify:artist:2YZyLoL8N0Wb9xBt1NhZWg', 'spotify:artist:4O15NlyKLIASxsJ0PrXPfz']",['spotify:artist:5K4W6rqBFWDnAN6FQUkS6x'],"['Kendrick Lamar', 'Lil Uzi Vert']",['Kanye West'],0.015761365116581997,0.626943005181347,5.0504107563244505,2.347799342914622,2,1
"['spotify:artist:6l3HvQ5sa6mXTsMTB19rO5', 'spotify:artist:7iZtZyCzp3LItcw1wtPI3D']",['spotify:artist:0c173mlxpT3dSFRgMO8XPh'],"['J. Cole', 'Rae Sremmurd']",['Big Sean'],0.015761365116581997,0.6237113402061855,7.7731038291605286,2.4442945571275874,2,1
"['spotify:artist:6l3HvQ5sa6mXTsMTB19rO5', 'spotify:artist:7iZtZyCzp3LItcw1wtPI3D']",['spotify:artist:1RyvyyTE3xzB2ZywiAwp0i'],"['J. Cole', 'Rae Sremmurd']",['Future'],0.015761365116581997,0.6237113402061855,8.185011895321173,2.45502577526538,2,1
"['spotify:artist:2kucQ9jQwuD8jWdtR9Ef38', 'spotify:artist:3b8QkneNDz4JHKKKlLgYZg']",['spotify:artist:6yJCxee7QumYr820xdIsjo'],"['Sam Hunt', 'Florida Georgia Line']",['Zac Brown Band'],0.015761365116581997,0.6205128205128204,14.748225768040008,2.524265179599294,2,1
['spotify:artist:0qSX3s5pJnAlSsgsCne8Cz'],['spotify:artist:3FfvYsEGaIb52QPXhg4DcH'],['Brett Eldredge'],['Jason Aldean'],0.015761365116581997,0.6173469387755102,18.158515130190004,2.5244861273935126,1,1
['spotify:artist:0qSX3s5pJnAlSsgsCne8Cz'],['spotify:artist:1By9QBFnjZAoI83BZppHlt'],['Brett Eldredge'],['Billy Currington'],0.015761365116581997,0.6173469387755102,20.2537284144427,2.5336772176631492,1,1
"['spotify:artist:3grHWM9bx2E9vwJCdlRv9O', 'spotify:artist:6yJCxee7QumYr820xdIsjo']",['spotify:artist:13YmWQJFwgZrd4bf5IjMY4'],"['Kenny Chesney', 'Zac Brown Band']",['Brad Paisley'],0.015761365116581997,0.6142131979695431,19.89584270384887,2.5120832562061657,2,1
['spotify:artist:7FY5V3XMwlNBPitEjXowHQ'],['spotify:artist:7x8nK0m0cP2ksQf0mjWdPS'],['Darius Rucker'],['Dierks Bentley'],0.015761365116581997,0.6142131979695431,17.72674707072249,2.502291533836545,1,1
"['spotify:artist:0BvkDsjIUla7X0k6CSWh1I', 'spotify:artist:3FfvYsEGaIb52QPXhg4DcH']",['spotify:artist:5Zq7R5qmi58ByYyBQTlNuk'],"['Luke Bryan', 'Jason Aldean']",['Lee Brice'],0.015761365116581997,0.6019900497512437,20.724114851750215,2.439517389605314,2,1
"['spotify:artist:1UTPBmNbXNTittyMJrNkvw', 'spotify:artist:3b8QkneNDz4JHKKKlLgYZg']",['spotify:artist:13YmWQJFwgZrd4bf5IjMY4'],"['Blake Shelton', 'Florida Georgia Line']",['Brad Paisley'],0.015761365116581997,0.5960591133004925,19.307788239695704,2.399184132521278,2,1
"['spotify:artist:3b8QkneNDz4JHKKKlLgYZg', 'spotify:artist:6x2LnllRG5uGarZMsD4iO8']",['spotify:artist:0qSX3s5pJnAlSsgsCne8Cz'],"['Florida Georgia Line', 'Thomas Rhett']",['Brett Eldredge'],0.015761365116581997,0.5960591133004925,23.34666231024429,2.412405442928989,2,1
"['spotify:artist:3b8QkneNDz4JHKKKlLgYZg', 'spotify:artist:3grHWM9bx2E9vwJCdlRv9O']",['spotify:artist:5Zq7R5qmi58ByYyBQTlNuk'],"['Florida Georgia Line', 'Kenny Chesney']",['Lee Brice'],0.015761365116581997,0.5902439024390244,20.31974187903314,2.3695857136654324,2,1
['spotify:artist:46SHBwWsqBkxI7EeeBEQG7'],['spotify:artist:7iZtZyCzp3LItcw1wtPI3D'],['Kodak Black'],['Rae Sremmurd'],0.015761365116581997,0.5377777777777777,7.985531914893615,2.017765353052574,1,1
"['spotify:artist:246dkjvS1zLTtiykXe5h60', 'spotify:artist:2YZyLoL8N0Wb9xBt1NhZWg']",['spotify:artist:6oMuImdp5ZcFhWP0ESe6mG'],"['Post Malone', 'Kendrick Lamar']",['Migos'],0.015761365116581997,0.5330396475770924,9.154687638589124,2.0168181851696194,2,1
"['spotify:artist:1RyvyyTE3xzB2ZywiAwp0i', 'spotify:artist:6l3HvQ5sa6mXTsMTB19rO5']",['spotify:artist:7iZtZyCzp3LItcw1wtPI3D'],"['Future', 'J. Cole']",['Rae Sremmurd'],0.015761365116581997,0.5307017543859649,7.880459126539753,1.987341725922436,2,1
['spotify:artist:13y7CgLHjMVRMDqxdx0Xdo'],['spotify:artist:50co4Is1HCEo8bhOyUWKpn'],['Gucci Mane'],['Young Thug'],0.015761365116581997,0.5307017543859649,11.412317558602387,2.0317515968927697,1,1
['spotify:artist:1By9QBFnjZAoI83BZppHlt'],['spotify:artist:0qSX3s5pJnAlSsgsCne8Cz'],['Billy Currington'],['Brett Eldredge'],0.015761365116581997,0.517094017094017,20.253728414442698,2.0179273568560725,1,1
"['spotify:artist:2YZyLoL8N0Wb9xBt1NhZWg', 'spotify:artist:6oMuImdp5ZcFhWP0ESe6mG']",['spotify:artist:246dkjvS1zLTtiykXe5h60'],"['Kendrick Lamar', 'Migos']",['Post Malone'],0.015761365116581997,0.5084033613445378,7.997976649676264,1.9048818259447409,2,1
"['spotify:artist:1RyvyyTE3xzB2ZywiAwp0i', 'spotify:artist:7iZtZyCzp3LItcw1wtPI3D']",['spotify:artist:6l3HvQ5sa6mXTsMTB19rO5'],"['Future', 'Rae Sremmurd']",['J. Cole'],0.015761365116581997,0.506276150627615,6.6439008690054715,1.871083116418622,2,1
"['spotify:artist:0c173mlxpT3dSFRgMO8XPh', 'spotify:artist:6l3HvQ5sa6mXTsMTB19rO5']",['spotify:artist:7iZtZyCzp3LItcw1wtPI3D'],"['Big Sean', 'J. Cole']",['Rae Sremmurd'],0.015761365116581997,0.5,7.424564796905222,1.8653119708219357,2,1
"['spotify:artist:17lzZA2AlOHwCwFALHttmp', 'spotify:artist:55Aa2cqylxrFIXC767Z865']",['spotify:artist:3TVXtAsR1Inumwj472S9r4'],"['2 Chainz', 'Lil Wayne']",['Drake'],0.015631105900742476,0.909090909090909,4.925258228010521,8.969649602709378,2,1
"['spotify:artist:55Aa2cqylxrFIXC767Z865', 'spotify:artist:6PXS4YHDkKvl1wkIl4V8DL']",['spotify:artist:3TVXtAsR1Inumwj472S9r4'],"['Lil Wayne', 'Fetty Wap']",['Drake'],0.015631105900742476,0.8955223880597014,4.851746911174543,7.804760043915958,2,1
"['spotify:artist:1By9QBFnjZAoI83BZppHlt', 'spotify:artist:1n2pb9Tsfe4SwAjmUac6YT']",['spotify:artist:3b8QkneNDz4JHKKKlLgYZg'],"['Billy Currington', 'Jake Owen']",['Florida Georgia Line'],0.015631105900742476,0.8888888888888888,18.955555555555556,8.577960140679949,2,1
"['spotify:artist:02kJSzxNuaWGqwubyUba0Z', 'spotify:artist:7iZtZyCzp3LItcw1wtPI3D']",['spotify:artist:3TVXtAsR1Inumwj472S9r4'],"['G-Eazy', 'Rae Sremmurd']",['Drake'],0.015631105900742476,0.8888888888888888,4.815808045165843,7.33880422039859,2,1
"['spotify:artist:1By9QBFnjZAoI83BZppHlt', 'spotify:artist:5Zq7R5qmi58ByYyBQTlNuk']",['spotify:artist:0BvkDsjIUla7X0k6CSWh1I'],"['Billy Currington', 'Lee Brice']",['Luke Bryan'],0.015631105900742476,0.8888888888888888,18.29490616621984,8.562719812426725,2,1
"['spotify:artist:0c173mlxpT3dSFRgMO8XPh', 'spotify:artist:1anyVhU62p31KFi8MEzkbf']",['spotify:artist:3TVXtAsR1Inumwj472S9r4'],"['Big Sean', 'Chance The Rapper']",['Drake'],0.015631105900742476,0.8633093525179856,4.677223640988409,5.965460740557919,2,1
"['spotify:artist:1n2pb9Tsfe4SwAjmUac6YT', 'spotify:artist:2kucQ9jQwuD8jWdtR9Ef38']",['spotify:artist:0BvkDsjIUla7X0k6CSWh1I'],"['Jake Owen', 'Sam Hunt']",['Luke Bryan'],0.015631105900742476,0.851063829787234,17.516399520848783,6.388060812445338,2,1
"['spotify:artist:2IvkS5MXK0vPGnwyJsrEyV', 'spotify:artist:5Zq7R5qmi58ByYyBQTlNuk']",['spotify:artist:1UTPBmNbXNTittyMJrNkvw'],"['Eric Church', 'Lee Brice']",['Blake Shelton'],0.015631105900742476,0.851063829787234,20.610779246929326,6.437038277600998,2,1
"['spotify:artist:0QHgL1lAIqAw0HtD7YldmP', 'spotify:artist:0Y5tJX1MQlPlqiwlOH1tJY']",['spotify:artist:3TVXtAsR1Inumwj472S9r4'],"['DJ Khaled', 'Travis Scott']",['Drake'],0.015631105900742476,0.8391608391608392,4.546392210471251,5.069801949357482,2,1
"['spotify:artist:0u2FHSq3ln94y5Q57xazwf', 'spotify:artist:1By9QBFnjZAoI83BZppHlt']",['spotify:artist:3b8QkneNDz4JHKKKlLgYZg'],"['Keith Urban', 'Billy Currington']",['Florida Georgia Line'],0.015631105900742476,0.8391608391608392,17.895104895104897,5.925837198633977,2,1
"['spotify:artist:1By9QBFnjZAoI83BZppHlt', 'spotify:artist:3FfvYsEGaIb52QPXhg4DcH']",['spotify:artist:3b8QkneNDz4JHKKKlLgYZg'],"['Billy Currington', 'Jason Aldean']",['Florida Georgia Line'],0.015631105900742476,0.8391608391608392,17.895104895104897,5.925837198633977,2,1
"['spotify:artist:7c0XG5cIJTrrAgEC3ULPiq', 'spotify:artist:7iZtZyCzp3LItcw1wtPI3D']",['spotify:artist:3TVXtAsR1Inumwj472S9r4'],"['Ty Dolla $ign', 'Rae Sremmurd']",['Drake'],0.015631105900742476,0.8219178082191781,4.452973192447869,4.578912034949552,2,1
"['spotify:artist:3FfvYsEGaIb52QPXhg4DcH', 'spotify:artist:6yJCxee7QumYr820xdIsjo']",['spotify:artist:1UTPBmNbXNTittyMJrNkvw'],"['Jason Aldean', 'Zac Brown Band']",['Blake Shelton'],0.015631105900742476,0.7999999999999999,19.374132492113564,4.793539142894358,2,1
"['spotify:artist:2kucQ9jQwuD8jWdtR9Ef38', 'spotify:artist:6roFdX1y5BYSbp60OTJWMd']",['spotify:artist:0u2FHSq3ln94y5Q57xazwf'],"['Sam Hunt', 'Tim McGraw']",['Keith Urban'],0.015631105900742476,0.7947019867549668,22.429879236462796,4.6983868866786835,2,1
"['spotify:artist:2kucQ9jQwuD8jWdtR9Ef38', 'spotify:artist:6yJCxee7QumYr820xdIsjo']",['spotify:artist:0BvkDsjIUla7X0k6CSWh1I'],"['Sam Hunt', 'Zac Brown Band']",['Luke Bryan'],0.015631105900742476,0.7894736842105262,16.24876534499788,4.519213234336327,2,1
"['spotify:artist:5Zq7R5qmi58ByYyBQTlNuk', 'spotify:artist:6roFdX1y5BYSbp60OTJWMd']",['spotify:artist:3b8QkneNDz4JHKKKlLgYZg'],"['Lee Brice', 'Tim McGraw']",['Florida Georgia Line'],0.015631105900742476,0.7792207792207791,16.616883116883116,4.317012619819321,2,1
"['spotify:artist:13YmWQJFwgZrd4bf5IjMY4', 'spotify:artist:3b8QkneNDz4JHKKKlLgYZg']",['spotify:artist:6roFdX1y5BYSbp60OTJWMd'],"['Brad Paisley', 'Florida Georgia Line']",['Tim McGraw'],0.015631105900742476,0.7741935483870968,19.42314990512334,4.2520515826494725,2,1
"['spotify:artist:2IvkS5MXK0vPGnwyJsrEyV', 'spotify:artist:2kucQ9jQwuD8jWdtR9Ef38']",['spotify:artist:0BvkDsjIUla7X0k6CSWh1I'],"['Eric Church', 'Sam Hunt']",['Luke Bryan'],0.015631105900742476,0.7741935483870968,15.934273112514054,4.213401812463946,2,1
"['spotify:artist:1By9QBFnjZAoI83BZppHlt', 'spotify:artist:6yJCxee7QumYr820xdIsjo']",['spotify:artist:3b8QkneNDz4JHKKKlLgYZg'],"['Billy Currington', 'Zac Brown Band']",['Florida Georgia Line'],0.015631105900742476,0.7741935483870968,16.509677419354837,4.220901021604421,2,1
['spotify:artist:1dID9zgn0OV0Y8ud7Mh2tS'],['spotify:artist:1UTPBmNbXNTittyMJrNkvw'],['Dustin Lynch'],['Blake Shelton'],0.015631105900742476,0.7692307692307692,18.628973550109194,4.154400590508444,1,1
"['spotify:artist:3b8QkneNDz4JHKKKlLgYZg', 'spotify:artist:5Zq7R5qmi58ByYyBQTlNuk']",['spotify:artist:6roFdX1y5BYSbp60OTJWMd'],"['Florida Georgia Line', 'Lee Brice']",['Tim McGraw'],0.015631105900742476,0.7692307692307692,19.29864253393665,4.160609613130128,2,1
"['spotify:artist:3FfvYsEGaIb52QPXhg4DcH', 'spotify:artist:6x2LnllRG5uGarZMsD4iO8']",['spotify:artist:6roFdX1y5BYSbp60OTJWMd'],"['Jason Aldean', 'Thomas Rhett']",['Tim McGraw'],0.015631105900742476,0.75,18.816176470588236,3.840562719812427,2,1
"['spotify:artist:13YmWQJFwgZrd4bf5IjMY4', 'spotify:artist:6roFdX1y5BYSbp60OTJWMd']",['spotify:artist:3b8QkneNDz4JHKKKlLgYZg'],"['Brad Paisley', 'Tim McGraw']",['Florida Georgia Line'],0.015631105900742476,0.7453416149068323,15.894409937888199,3.742687215852228,2,1
"['spotify:artist:2kucQ9jQwuD8jWdtR9Ef38', 'spotify:artist:3grHWM9bx2E9vwJCdlRv9O']",['spotify:artist:0u2FHSq3ln94y5Q57xazwf'],"['Sam Hunt', 'Kenny Chesney']",['Keith Urban'],0.015631105900742476,0.7453416149068323,21.036719035440264,3.787699717559895,2,1
"['spotify:artist:1UTPBmNbXNTittyMJrNkvw', 'spotify:artist:5Zq7R5qmi58ByYyBQTlNuk']",['spotify:artist:2IvkS5MXK0vPGnwyJsrEyV'],"['Blake Shelton', 'Lee Brice']",['Eric Church'],0.015631105900742476,0.7361963190184049,19.421921447093798,3.647009642211256,2,1
"['spotify:artist:0BvkDsjIUla7X0k6CSWh1I', 'spotify:artist:5Zq7R5qmi58ByYyBQTlNuk']",['spotify:artist:1By9QBFnjZAoI83BZppHlt'],"['Luke Bryan', 'Lee Brice']",['Billy Currington'],0.015631105900742476,0.7317073170731707,24.00562851782364,3.613663007566876,2,1
"['spotify:artist:1By9QBFnjZAoI83BZppHlt', 'spotify:artist:3b8QkneNDz4JHKKKlLgYZg']",['spotify:artist:1n2pb9Tsfe4SwAjmUac6YT'],"['Billy Currington', 'Florida Georgia Line']",['Jake Owen'],0.015631105900742476,0.7228915662650602,24.340519974635384,3.501520634758822,2,1
"['spotify:artist:0u2FHSq3ln94y5Q57xazwf', 'spotify:artist:2kucQ9jQwuD8jWdtR9Ef38']",['spotify:artist:1UTPBmNbXNTittyMJrNkvw'],"['Keith Urban', 'Sam Hunt']",['Blake Shelton'],0.015631105900742476,0.7228915662650602,17.506746227813462,3.4596847726976683,2,1
"['spotify:artist:0u2FHSq3ln94y5Q57xazwf', 'spotify:artist:2kucQ9jQwuD8jWdtR9Ef38']",['spotify:artist:6roFdX1y5BYSbp60OTJWMd'],"['Keith Urban', 'Sam Hunt']",['Tim McGraw'],0.015631105900742476,0.7228915662650602,18.13607370659107,3.464855497222081,2,1
"['spotify:artist:0u2FHSq3ln94y5Q57xazwf', 'spotify:artist:2kucQ9jQwuD8jWdtR9Ef38']",['spotify:artist:3grHWM9bx2E9vwJCdlRv9O'],"['Keith Urban', 'Sam Hunt']",['Kenny Chesney'],0.015631105900742476,0.7228915662650602,16.61568429406248,3.451693652978122,2,1
"['spotify:artist:1By9QBFnjZAoI83BZppHlt', 'spotify:artist:3b8QkneNDz4JHKKKlLgYZg']",['spotify:artist:0u2FHSq3ln94y5Q57xazwf'],"['Billy Currington', 'Florida Georgia Line']",['Keith Urban'],0.015631105900742476,0.7228915662650602,20.403082919914954,3.480837736661173,2,1
"['spotify:artist:1By9QBFnjZAoI83BZppHlt', 'spotify:artist:3b8QkneNDz4JHKKKlLgYZg']",['spotify:artist:6yJCxee7QumYr820xdIsjo'],"['Billy Currington', 'Florida Georgia Line']",['Zac Brown Band'],0.015631105900742476,0.7228915662650602,17.18154351150733,3.4568643775025345,2,1
"['spotify:artist:1By9QBFnjZAoI83BZppHlt', 'spotify:artist:3b8QkneNDz4JHKKKlLgYZg']",['spotify:artist:3FfvYsEGaIb52QPXhg4DcH'],"['Billy Currington', 'Florida Georgia Line']",['Jason Aldean'],0.015631105900742476,0.7228915662650602,21.26298296634815,3.4860084611855853,2,1
"['spotify:artist:6roFdX1y5BYSbp60OTJWMd', 'spotify:artist:6x2LnllRG5uGarZMsD4iO8']",['spotify:artist:3FfvYsEGaIb52QPXhg4DcH'],"['Tim McGraw', 'Thomas Rhett']",['Jason Aldean'],0.015631105900742476,0.7142857142857143,21.00985221674877,3.381008206330598,2,1
"['spotify:artist:3FfvYsEGaIb52QPXhg4DcH', 'spotify:artist:6roFdX1y5BYSbp60OTJWMd']",['spotify:artist:6x2LnllRG5uGarZMsD4iO8'],"['Jason Aldean', 'Tim McGraw']",['Thomas Rhett'],0.015631105900742476,0.7142857142857143,17.6889400921659,3.35866875081412,2,1
"['spotify:artist:1UTPBmNbXNTittyMJrNkvw', 'spotify:artist:2kucQ9jQwuD8jWdtR9Ef38']",['spotify:artist:0u2FHSq3ln94y5Q57xazwf'],"['Blake Shelton', 'Sam Hunt']",['Keith Urban'],0.015631105900742476,0.7142857142857143,20.160189075630253,3.3759932265207766,2,1
['spotify:artist:6y8XlgIV8BLlIg1tT1R10i'],['spotify:artist:2kucQ9jQwuD8jWdtR9Ef38'],['Old Dominion'],['Sam Hunt'],0.015631105900742476,0.7100591715976331,16.127586569097723,3.297129246383977,1,1
['spotify:artist:6y8XlgIV8BLlIg1tT1R10i'],['spotify:artist:3b8QkneNDz4JHKKKlLgYZg'],['Old Dominion'],['Florida Georgia Line'],0.015631105900742476,0.7100591715976331,15.142011834319526,3.2872454960882354,1,1
"['spotify:artist:0u2FHSq3ln94y5Q57xazwf', 'spotify:artist:1UTPBmNbXNTittyMJrNkvw']",['spotify:artist:2kucQ9jQwuD8jWdtR9Ef38'],"['Keith Urban', 'Blake Shelton']",['Sam Hunt'],0.015631105900742476,0.7058823529411764,16.03271841280891,3.250306109157222,2,1
"['spotify:artist:1UTPBmNbXNTittyMJrNkvw', 'spotify:artist:6yJCxee7QumYr820xdIsjo']",['spotify:artist:3FfvYsEGaIb52QPXhg4DcH'],"['Blake Shelton', 'Zac Brown Band']",['Jason Aldean'],0.015631105900742476,0.689655172413793,20.285374554102255,3.1126742217011847,2,1
"['spotify:artist:1n2pb9Tsfe4SwAjmUac6YT', 'spotify:artist:3b8QkneNDz4JHKKKlLgYZg']",['spotify:artist:1By9QBFnjZAoI83BZppHlt'],"['Jake Owen', 'Florida Georgia Line']",['Billy Currington'],0.015631105900742476,0.6818181818181818,22.368881118881117,3.0470607938368777,2,1
"['spotify:artist:0BvkDsjIUla7X0k6CSWh1I', 'spotify:artist:1By9QBFnjZAoI83BZppHlt']",['spotify:artist:5Zq7R5qmi58ByYyBQTlNuk'],"['Luke Bryan', 'Billy Currington']",['Lee Brice'],0.015631105900742476,0.6818181818181818,23.472278842233997,3.051564041013044,2,1
"['spotify:artist:0u2FHSq3ln94y5Q57xazwf', 'spotify:artist:3grHWM9bx2E9vwJCdlRv9O']",['spotify:artist:2kucQ9jQwuD8jWdtR9Ef38'],"['Keith Urban', 'Kenny Chesney']",['Sam Hunt'],0.015631105900742476,0.6741573033707865,15.312146798750083,2.933846285141915,2,1
"['spotify:artist:0BvkDsjIUla7X0k6CSWh1I', 'spotify:artist:1n2pb9Tsfe4SwAjmUac6YT']",['spotify:artist:2kucQ9jQwuD8jWdtR9Ef38'],"['Luke Bryan', 'Jake Owen']",['Sam Hunt'],0.015631105900742476,0.6703910614525139,15.226604079203993,2.9003229986996155,2,1
"['spotify:artist:4O15NlyKLIASxsJ0PrXPfz', 'spotify:artist:6oMuImdp5ZcFhWP0ESe6mG']",['spotify:artist:2YZyLoL8N0Wb9xBt1NhZWg'],"['Lil Uzi Vert', 'Migos']",['Kendrick Lamar'],0.015631105900742476,0.6703910614525139,6.9548542956364185,2.7414553266084254,2,1
"['spotify:artist:0u2FHSq3ln94y5Q57xazwf', 'spotify:artist:6roFdX1y5BYSbp60OTJWMd']",['spotify:artist:2kucQ9jQwuD8jWdtR9Ef38'],"['Keith Urban', 'Tim McGraw']",['Sam Hunt'],0.015631105900742476,0.6703910614525139,15.226604079203993,2.9003229986996155,2,1
"['spotify:artist:1UTPBmNbXNTittyMJrNkvw', 'spotify:artist:3FfvYsEGaIb52QPXhg4DcH']",['spotify:artist:6yJCxee7QumYr820xdIsjo'],"['Blake Shelton', 'Jason Aldean']",['Zac Brown Band'],0.015631105900742476,0.6629834254143646,15.757658690111695,2.842371401055313,2,1
['spotify:artist:2bA6fzP0lMAQ4kz6CF61w8'],['spotify:artist:6yJCxee7QumYr820xdIsjo'],['Toby Keith'],['Zac Brown Band'],0.015631105900742476,0.6593406593406593,15.671078147858333,2.8119771248009346,1,1
"['spotify:artist:0u2FHSq3ln94y5Q57xazwf', 'spotify:artist:3b8QkneNDz4JHKKKlLgYZg']",['spotify:artist:1By9QBFnjZAoI83BZppHlt'],"['Keith Urban', 'Florida Georgia Line']",['Billy Currington'],0.015631105900742476,0.6593406593406593,21.631445477599325,2.8460083954165563,2,1
"['spotify:artist:3FfvYsEGaIb52QPXhg4DcH', 'spotify:artist:3b8QkneNDz4JHKKKlLgYZg']",['spotify:artist:1By9QBFnjZAoI83BZppHlt'],"['Jason Aldean', 'Florida Georgia Line']",['Billy Currington'],0.015631105900742476,0.6521739130434783,21.396321070234116,2.7873681125439624,2,1
"['spotify:artist:0BvkDsjIUla7X0k6CSWh1I', 'spotify:artist:2kucQ9jQwuD8jWdtR9Ef38']",['spotify:artist:1n2pb9Tsfe4SwAjmUac6YT'],"['Luke Bryan', 'Sam Hunt']",['Jake Owen'],0.015631105900742476,0.6382978723404256,21.49216125419933,2.6825966025331587,2,1
"['spotify:artist:0BvkDsjIUla7X0k6CSWh1I', 'spotify:artist:2kucQ9jQwuD8jWdtR9Ef38']",['spotify:artist:6yJCxee7QumYr820xdIsjo'],"['Luke Bryan', 'Sam Hunt']",['Zac Brown Band'],0.015631105900742476,0.6382978723404256,15.170937355905409,2.6483844026082495,2,1
"['spotify:artist:0BvkDsjIUla7X0k6CSWh1I', 'spotify:artist:2kucQ9jQwuD8jWdtR9Ef38']",['spotify:artist:2IvkS5MXK0vPGnwyJsrEyV'],"['Luke Bryan', 'Sam Hunt']",['Eric Church'],0.015631105900742476,0.6382978723404256,16.839219127001538,2.65990851205664,2,1
"['spotify:artist:3b8QkneNDz4JHKKKlLgYZg', 'spotify:artist:6yJCxee7QumYr820xdIsjo']",['spotify:artist:1By9QBFnjZAoI83BZppHlt'],"['Florida Georgia Line', 'Zac Brown Band']",['Billy Currington'],0.015631105900742476,0.6349206349206349,20.83028083028083,2.655639940873643,2,1
"['spotify:artist:2YZyLoL8N0Wb9xBt1NhZWg', 'spotify:artist:4O15NlyKLIASxsJ0PrXPfz']",['spotify:artist:6oMuImdp5ZcFhWP0ESe6mG'],"['Kendrick Lamar', 'Lil Uzi Vert']",['Migos'],0.015631105900742476,0.621761658031088,10.678443509406403,2.4898959889083376,2,1
"['spotify:artist:1UTPBmNbXNTittyMJrNkvw', 'spotify:artist:2IvkS5MXK0vPGnwyJsrEyV']",['spotify:artist:5Zq7R5qmi58ByYyBQTlNuk'],"['Blake Shelton', 'Eric Church']",['Lee Brice'],0.015631105900742476,0.6185567010309277,21.29443853728445,2.54546926762636,2,1
"['spotify:artist:3b8QkneNDz4JHKKKlLgYZg', 'spotify:artist:6roFdX1y5BYSbp60OTJWMd']",['spotify:artist:13YmWQJFwgZrd4bf5IjMY4'],"['Florida Georgia Line', 'Tim McGraw']",['Brad Paisley'],0.015631105900742476,0.6153846153846153,19.933787731256086,2.519734271199687,2,1
"['spotify:artist:0BvkDsjIUla7X0k6CSWh1I', 'spotify:artist:6yJCxee7QumYr820xdIsjo']",['spotify:artist:2kucQ9jQwuD8jWdtR9Ef38'],"['Luke Bryan', 'Zac Brown Band']",['Sam Hunt'],0.015631105900742476,0.6153846153846153,13.977241693218025,2.485528201120229,2,1
"['spotify:artist:3b8QkneNDz4JHKKKlLgYZg', 'spotify:artist:6roFdX1y5BYSbp60OTJWMd']",['spotify:artist:5Zq7R5qmi58ByYyBQTlNuk'],"['Florida Georgia Line', 'Tim McGraw']",['Lee Brice'],0.015631105900742476,0.6153846153846153,21.1852362883753,2.5244757066562458,2,1
"['spotify:artist:0BvkDsjIUla7X0k6CSWh1I', 'spotify:artist:2IvkS5MXK0vPGnwyJsrEyV']",['spotify:artist:2kucQ9jQwuD8jWdtR9Ef38'],"['Luke Bryan', 'Eric Church']",['Sam Hunt'],0.015631105900742476,0.6,13.627810650887575,2.389930962615605,2,1
"['spotify:artist:1Xyo4u8uXC1ZmMpatF05PJ', 'spotify:artist:2YZyLoL8N0Wb9xBt1NhZWg']",['spotify:artist:5K4W6rqBFWDnAN6FQUkS6x'],"['The Weeknd', 'Kendrick Lamar']",['Kanye West'],0.015631105900742476,0.5687203791469194,4.581391763600105,2.0308471000147437,2,1
"['spotify:artist:1Xyo4u8uXC1ZmMpatF05PJ', 'spotify:artist:5K4W6rqBFWDnAN6FQUkS6x']",['spotify:artist:2YZyLoL8N0Wb9xBt1NhZWg'],"['The Weeknd', 'Kanye West']",['Kendrick Lamar'],0.015631105900742476,0.5660377358490566,5.872259051504335,2.0822275458597392,2,1
"['spotify:artist:3TVXtAsR1Inumwj472S9r4', 'spotify:artist:7c0XG5cIJTrrAgEC3ULPiq']",['spotify:artist:7iZtZyCzp3LItcw1wtPI3D'],"['Drake', 'Ty Dolla $ign']",['Rae Sremmurd'],0.015631105900742476,0.5286343612334802,7.849760137697151,1.9786253148438289,2,1
"['spotify:artist:2YZyLoL8N0Wb9xBt1NhZWg', 'spotify:artist:6oMuImdp5ZcFhWP0ESe6mG']",['spotify:artist:4O15NlyKLIASxsJ0PrXPfz'],"['Kendrick Lamar', 'Migos']",['Lil Uzi Vert'],0.015631105900742476,0.5042016806722689,10.377362741343186,1.9189522743479863,2,1
"['spotify:artist:0Y5tJX1MQlPlqiwlOH1tJY', 'spotify:artist:6PXS4YHDkKvl1wkIl4V8DL']",['spotify:artist:3TVXtAsR1Inumwj472S9r4'],"['Travis Scott', 'Fetty Wap']",['Drake'],0.015500846684902958,0.9153846153846154,4.959356169589056,9.636813622745624,2,1
"['spotify:artist:3b8QkneNDz4JHKKKlLgYZg', 'spotify:artist:5q8HGNo0BjLWaTAhRtbwxa']",['spotify:artist:0BvkDsjIUla7X0k6CSWh1I'],"['Florida Georgia Line', 'Brantley Gilbert']",['Luke Bryan'],0.015500846684902958,0.9083969465648855,18.696416511470847,10.386261994702787,2,1
"['spotify:artist:2YZyLoL8N0Wb9xBt1NhZWg', 'spotify:artist:7c0XG5cIJTrrAgEC3ULPiq']",['spotify:artist:3TVXtAsR1Inumwj472S9r4'],"['Kendrick Lamar', 'Ty Dolla $ign']",['Drake'],0.015500846684902958,0.8947368421052632,4.847490992831409,7.746515565976293,2,1
"['spotify:artist:0BvkDsjIUla7X0k6CSWh1I', 'spotify:artist:5q8HGNo0BjLWaTAhRtbwxa']",['spotify:artist:3b8QkneNDz4JHKKKlLgYZg'],"['Luke Bryan', 'Brantley Gilbert']",['Florida Georgia Line'],0.015500846684902958,0.8880597014925373,18.93787313432836,8.514419695193435,2,1
"['spotify:artist:0c173mlxpT3dSFRgMO8XPh', 'spotify:artist:20sxb77xiYeusSH8cVdatc']",['spotify:artist:3TVXtAsR1Inumwj472S9r4'],"['Big Sean', 'Meek Mill']",['Drake'],0.015500846684902958,0.8686131386861314,4.705958409099105,6.206272704904985,2,1
"['spotify:artist:1By9QBFnjZAoI83BZppHlt', 'spotify:artist:2kucQ9jQwuD8jWdtR9Ef38']",['spotify:artist:3b8QkneNDz4JHKKKlLgYZg'],"['Billy Currington', 'Sam Hunt']",['Florida Georgia Line'],0.015500846684902958,0.8686131386861314,18.523175182481754,7.254200859710827,2,1
"['spotify:artist:1RyvyyTE3xzB2ZywiAwp0i', 'spotify:artist:7pFeBzX627ff0VnN6bxPR4']",['spotify:artist:3TVXtAsR1Inumwj472S9r4'],"['Future', 'Desiigner']",['Drake'],0.015500846684902958,0.8623188405797102,4.671857261207082,5.922543756812902,2,1
"['spotify:artist:5K4W6rqBFWDnAN6FQUkS6x', 'spotify:artist:7pFeBzX627ff0VnN6bxPR4']",['spotify:artist:3TVXtAsR1Inumwj472S9r4'],"['Kanye West', 'Desiigner']",['Drake'],0.015500846684902958,0.8561151079136692,4.6382467773135065,5.667187703530029,2,1
"['spotify:artist:5Zq7R5qmi58ByYyBQTlNuk', 'spotify:artist:7x8nK0m0cP2ksQf0mjWdPS']",['spotify:artist:0BvkDsjIUla7X0k6CSWh1I'],"['Lee Brice', 'Dierks Bentley']",['Luke Bryan'],0.015500846684902958,0.8561151079136692,17.62036376260922,6.612322521818424,2,1
"['spotify:artist:0qSX3s5pJnAlSsgsCne8Cz', 'spotify:artist:6x2LnllRG5uGarZMsD4iO8']",['spotify:artist:0BvkDsjIUla7X0k6CSWh1I'],"['Brett Eldredge', 'Thomas Rhett']",['Luke Bryan'],0.015500846684902958,0.8561151079136692,17.62036376260922,6.612322521818424,2,1
"['spotify:artist:0u2FHSq3ln94y5Q57xazwf', 'spotify:artist:5Zq7R5qmi58ByYyBQTlNuk']",['spotify:artist:6roFdX1y5BYSbp60OTJWMd'],"['Keith Urban', 'Lee Brice']",['Tim McGraw'],0.015500846684902958,0.8500000000000001,21.325000000000003,6.400937866354049,2,1
"['spotify:artist:0u2FHSq3ln94y5Q57xazwf', 'spotify:artist:4BYxqVkZyFjtik7crYLg5Q']",['spotify:artist:0BvkDsjIUla7X0k6CSWh1I'],"['Keith Urban', 'Chris Young']",['Luke Bryan'],0.015500846684902958,0.8380281690140846,17.248102556356912,5.873943059732349,2,1
"['spotify:artist:0BvkDsjIUla7X0k6CSWh1I', 'spotify:artist:0qSX3s5pJnAlSsgsCne8Cz']",['spotify:artist:6x2LnllRG5uGarZMsD4iO8'],"['Luke Bryan', 'Brett Eldredge']",['Thomas Rhett'],0.015500846684902958,0.8321678321678323,20.60823370178209,5.71773370674309,2,1
"['spotify:artist:0a1gHP0HAqALbEyxaD5Ngn', 'spotify:artist:3b8QkneNDz4JHKKKlLgYZg']",['spotify:artist:0BvkDsjIUla7X0k6CSWh1I'],"['Rascal Flatts', 'Florida Georgia Line']",['Luke Bryan'],0.015500846684902958,0.8321678321678323,17.127486454564206,5.66883765359733,2,1
"['spotify:artist:1n2pb9Tsfe4SwAjmUac6YT', 'spotify:artist:6yJCxee7QumYr820xdIsjo']",['spotify:artist:3grHWM9bx2E9vwJCdlRv9O'],"['Jake Owen', 'Zac Brown Band']",['Kenny Chesney'],0.015500846684902958,0.8206896551724139,18.863576295684496,5.334290237572772,2,1
"['spotify:artist:1n2pb9Tsfe4SwAjmUac6YT', 'spotify:artist:6roFdX1y5BYSbp60OTJWMd']",['spotify:artist:1UTPBmNbXNTittyMJrNkvw'],"['Jake Owen', 'Tim McGraw']",['Blake Shelton'],0.015500846684902958,0.8206896551724139,19.875187642771674,5.346639813228327,2,1
"['spotify:artist:0BvkDsjIUla7X0k6CSWh1I', 'spotify:artist:0a1gHP0HAqALbEyxaD5Ngn']",['spotify:artist:3b8QkneNDz4JHKKKlLgYZg'],"['Luke Bryan', 'Rascal Flatts']",['Florida Georgia Line'],0.015500846684902958,0.8150684931506851,17.38133561643836,5.153836133906478,2,1
"['spotify:artist:2YZyLoL8N0Wb9xBt1NhZWg', 'spotify:artist:6vXTefBL93Dj5IqAWq6OTv']",['spotify:artist:3TVXtAsR1Inumwj472S9r4'],"['Kendrick Lamar', 'French Montana']",['Drake'],0.015500846684902958,0.8040540540540541,4.356191230044441,4.161467527275831,2,1
"['spotify:artist:0u2FHSq3ln94y5Q57xazwf', 'spotify:artist:3FfvYsEGaIb52QPXhg4DcH']",['spotify:artist:3grHWM9bx2E9vwJCdlRv9O'],"['Keith Urban', 'Jason Aldean']",['Kenny Chesney'],0.015500846684902958,0.7986577181208053,18.35717156291444,4.750583995484346,2,1
"['spotify:artist:1n2pb9Tsfe4SwAjmUac6YT', 'spotify:artist:3FfvYsEGaIb52QPXhg4DcH']",['spotify:artist:1UTPBmNbXNTittyMJrNkvw'],"['Jake Owen', 'Jason Aldean']",['Blake Shelton'],0.015500846684902958,0.7986577181208053,19.341625558401965,4.761582215275063,2,1
"['spotify:artist:1By9QBFnjZAoI83BZppHlt', 'spotify:artist:2IvkS5MXK0vPGnwyJsrEyV']",['spotify:artist:1UTPBmNbXNTittyMJrNkvw'],"['Billy Currington', 'Eric Church']",['Blake Shelton'],0.015500846684902958,0.7986577181208053,19.341625558401965,4.761582215275063,2,1
"['spotify:artist:3FfvYsEGaIb52QPXhg4DcH', 'spotify:artist:6yJCxee7QumYr820xdIsjo']",['spotify:artist:7x8nK0m0cP2ksQf0mjWdPS'],"['Jason Aldean', 'Zac Brown Band']",['Dierks Bentley'],0.015500846684902958,0.7933333333333333,22.896315789473682,4.671053460903327,2,1
"['spotify:artist:1By9QBFnjZAoI83BZppHlt', 'spotify:artist:7x8nK0m0cP2ksQf0mjWdPS']",['spotify:artist:6roFdX1y5BYSbp60OTJWMd'],"['Billy Currington', 'Dierks Bentley']",['Tim McGraw'],0.015500846684902958,0.7933333333333333,19.903333333333332,4.645841999773097,2,1
"['spotify:artist:1UTPBmNbXNTittyMJrNkvw', 'spotify:artist:1n2pb9Tsfe4SwAjmUac6YT']",['spotify:artist:7x8nK0m0cP2ksQf0mjWdPS'],"['Blake Shelton', 'Jake Owen']",['Dierks Bentley'],0.015500846684902958,0.7880794701986755,22.74468455907982,4.555250260518433,2,1
"['spotify:artist:1UTPBmNbXNTittyMJrNkvw', 'spotify:artist:1n2pb9Tsfe4SwAjmUac6YT']",['spotify:artist:3FfvYsEGaIb52QPXhg4DcH'],"['Blake Shelton', 'Jake Owen']",['Jason Aldean'],0.015500846684902958,0.7880794701986755,23.18040648549897,4.558323563892146,2,1
"['spotify:artist:1UTPBmNbXNTittyMJrNkvw', 'spotify:artist:1n2pb9Tsfe4SwAjmUac6YT']",['spotify:artist:6roFdX1y5BYSbp60OTJWMd'],"['Blake Shelton', 'Jake Owen']",['Tim McGraw'],0.015500846684902958,0.7880794701986755,19.771523178807946,4.530663833528723,2,1
"['spotify:artist:4BYxqVkZyFjtik7crYLg5Q', 'spotify:artist:7x8nK0m0cP2ksQf0mjWdPS']",['spotify:artist:3b8QkneNDz4JHKKKlLgYZg'],"['Chris Young', 'Dierks Bentley']",['Florida Georgia Line'],0.015500846684902958,0.7880794701986755,16.805794701986756,4.497472157092615,2,1
"['spotify:artist:4BYxqVkZyFjtik7crYLg5Q', 'spotify:artist:6x2LnllRG5uGarZMsD4iO8']",['spotify:artist:1UTPBmNbXNTittyMJrNkvw'],"['Chris Young', 'Thomas Rhett']",['Blake Shelton'],0.015500846684902958,0.7828947368421053,18.959882948696663,4.415866361939047,2,1
"['spotify:artist:3grHWM9bx2E9vwJCdlRv9O', 'spotify:artist:4BYxqVkZyFjtik7crYLg5Q']",['spotify:artist:3b8QkneNDz4JHKKKlLgYZg'],"['Kenny Chesney', 'Chris Young']",['Florida Georgia Line'],0.015500846684902958,0.7777777777777778,16.586111111111112,4.288980070339977,2,1
"['spotify:artist:5Zq7R5qmi58ByYyBQTlNuk', 'spotify:artist:6roFdX1y5BYSbp60OTJWMd']",['spotify:artist:0u2FHSq3ln94y5Q57xazwf'],"['Lee Brice', 'Tim McGraw']",['Keith Urban'],0.015500846684902958,0.7727272727272727,21.80965909090909,4.244105770483261,2,1
"['spotify:artist:1n2pb9Tsfe4SwAjmUac6YT', 'spotify:artist:7x8nK0m0cP2ksQf0mjWdPS']",['spotify:artist:1UTPBmNbXNTittyMJrNkvw'],"['Jake Owen', 'Dierks Bentley']",['Blake Shelton'],0.015500846684902958,0.767741935483871,18.592917472270276,4.127769817492367,2,1
"['spotify:artist:2IvkS5MXK0vPGnwyJsrEyV', 'spotify:artist:2kucQ9jQwuD8jWdtR9Ef38']",['spotify:artist:1UTPBmNbXNTittyMJrNkvw'],"['Eric Church', 'Sam Hunt']",['Blake Shelton'],0.015500846684902958,0.767741935483871,18.592917472270276,4.127769817492367,2,1
['spotify:artist:1dID9zgn0OV0Y8ud7Mh2tS'],['spotify:artist:3b8QkneNDz4JHKKKlLgYZg'],['Dustin Lynch'],['Florida Georgia Line'],0.015500846684902958,0.7628205128205129,16.26714743589744,4.018503849687907,1,1
"['spotify:artist:3b8QkneNDz4JHKKKlLgYZg', 'spotify:artist:4BYxqVkZyFjtik7crYLg5Q']",['spotify:artist:7x8nK0m0cP2ksQf0mjWdPS'],"['Florida Georgia Line', 'Chris Young']",['Dierks Bentley'],0.015500846684902958,0.7628205128205129,22.015688259109314,4.0701287453925215,2,1
"['spotify:artist:3b8QkneNDz4JHKKKlLgYZg', 'spotify:artist:4BYxqVkZyFjtik7crYLg5Q']",['spotify:artist:3grHWM9bx2E9vwJCdlRv9O'],"['Florida Georgia Line', 'Chris Young']",['Kenny Chesney'],0.015500846684902958,0.7628205128205129,17.533452326117,4.032783076159396,2,1
"['spotify:artist:1By9QBFnjZAoI83BZppHlt', 'spotify:artist:6roFdX1y5BYSbp60OTJWMd']",['spotify:artist:7x8nK0m0cP2ksQf0mjWdPS'],"['Billy Currington', 'Tim McGraw']",['Dierks Bentley'],0.015500846684902958,0.7484276729559749,21.600297914597817,3.837270418132084,2,1
"['spotify:artist:0QHgL1lAIqAw0HtD7YldmP', 'spotify:artist:6l3HvQ5sa6mXTsMTB19rO5']",['spotify:artist:2YZyLoL8N0Wb9xBt1NhZWg'],"['DJ Khaled', 'J. Cole']",['Kendrick Lamar'],0.015500846684902958,0.74375,7.715903716216217,3.5262758254780677,2,1
"['spotify:artist:3FfvYsEGaIb52QPXhg4DcH', 'spotify:artist:6x2LnllRG5uGarZMsD4iO8']",['spotify:artist:2IvkS5MXK0vPGnwyJsrEyV'],"['Jason Aldean', 'Thomas Rhett']",['Eric Church'],0.015500846684902958,0.74375,19.62119845360825,3.7545153880612667,2,1
"['spotify:artist:1By9QBFnjZAoI83BZppHlt', 'spotify:artist:1UTPBmNbXNTittyMJrNkvw']",['spotify:artist:2IvkS5MXK0vPGnwyJsrEyV'],"['Billy Currington', 'Blake Shelton']",['Eric Church'],0.015500846684902958,0.7391304347826088,19.499327655759753,3.688029178064349,2,1
"['spotify:artist:1UTPBmNbXNTittyMJrNkvw', 'spotify:artist:4BYxqVkZyFjtik7crYLg5Q']",['spotify:artist:6x2LnllRG5uGarZMsD4iO8'],"['Blake Shelton', 'Chris Young']",['Thomas Rhett'],0.015500846684902958,0.7256097560975611,17.969374508261215,3.497280477038196,2,1
"['spotify:artist:0BvkDsjIUla7X0k6CSWh1I', 'spotify:artist:5Zq7R5qmi58ByYyBQTlNuk']",['spotify:artist:7x8nK0m0cP2ksQf0mjWdPS'],"['Luke Bryan', 'Lee Brice']",['Dierks Bentley'],0.015500846684902958,0.7256097560975611,20.941752246469836,3.5181682659603735,2,1
"['spotify:artist:1n2pb9Tsfe4SwAjmUac6YT', 'spotify:artist:3grHWM9bx2E9vwJCdlRv9O']",['spotify:artist:6yJCxee7QumYr820xdIsjo'],"['Jake Owen', 'Kenny Chesney']",['Zac Brown Band'],0.015500846684902958,0.7212121212121213,17.141626794258375,3.436039893300713,2,1
"['spotify:artist:2IvkS5MXK0vPGnwyJsrEyV', 'spotify:artist:3FfvYsEGaIb52QPXhg4DcH']",['spotify:artist:6x2LnllRG5uGarZMsD4iO8'],"['Eric Church', 'Jason Aldean']",['Thomas Rhett'],0.015500846684902958,0.7168674698795181,17.75287602020987,3.3892949096361336,2,1
"['spotify:artist:6l3HvQ5sa6mXTsMTB19rO5', 'spotify:artist:73sIBHcqh3Z3NyqHKZ7FOL']",['spotify:artist:2YZyLoL8N0Wb9xBt1NhZWg'],"['J. Cole', 'Childish Gambino']",['Kendrick Lamar'],0.015500846684902958,0.7168674698795181,7.43701563008792,3.1914671899207088,2,1
"['spotify:artist:2iojnBLj0qIMiKPvVhLnsH', 'spotify:artist:7bXgB6jMjp9ATFy66eO08Z']",['spotify:artist:3TVXtAsR1Inumwj472S9r4'],"['Trey Songz', 'Chris Brown']",['Drake'],0.015500846684902958,0.7168674698795181,3.8838331448588996,2.8800035474850274,2,1
"['spotify:artist:1By9QBFnjZAoI83BZppHlt', 'spotify:artist:3b8QkneNDz4JHKKKlLgYZg']",['spotify:artist:2kucQ9jQwuD8jWdtR9Ef38'],"['Billy Currington', 'Florida Georgia Line']",['Sam Hunt'],0.015500846684902958,0.7168674698795181,16.28222356883154,3.3764131046314083,2,1
"['spotify:artist:0BvkDsjIUla7X0k6CSWh1I', 'spotify:artist:4BYxqVkZyFjtik7crYLg5Q']",['spotify:artist:0u2FHSq3ln94y5Q57xazwf'],"['Luke Bryan', 'Chris Young']",['Keith Urban'],0.015500846684902958,0.7125748502994013,20.11190119760479,3.355898028743868,2,1
"['spotify:artist:3FfvYsEGaIb52QPXhg4DcH', 'spotify:artist:7x8nK0m0cP2ksQf0mjWdPS']",['spotify:artist:6yJCxee7QumYr820xdIsjo'],"['Jason Aldean', 'Dierks Bentley']",['Zac Brown Band'],0.015500846684902958,0.7083333333333334,16.835526315789476,3.2843186512588627,2,1
"['spotify:artist:6roFdX1y5BYSbp60OTJWMd', 'spotify:artist:6x2LnllRG5uGarZMsD4iO8']",['spotify:artist:2IvkS5MXK0vPGnwyJsrEyV'],"['Tim McGraw', 'Thomas Rhett']",['Eric Church'],0.015500846684902958,0.7083333333333334,18.686855670103096,3.2986099480823987,2,1
"['spotify:artist:1UTPBmNbXNTittyMJrNkvw', 'spotify:artist:2kucQ9jQwuD8jWdtR9Ef38']",['spotify:artist:2IvkS5MXK0vPGnwyJsrEyV'],"['Blake Shelton', 'Sam Hunt']",['Eric Church'],0.015500846684902958,0.7083333333333334,18.686855670103096,3.2986099480823987,2,1
"['spotify:artist:6yJCxee7QumYr820xdIsjo', 'spotify:artist:7x8nK0m0cP2ksQf0mjWdPS']",['spotify:artist:3FfvYsEGaIb52QPXhg4DcH'],"['Zac Brown Band', 'Dierks Bentley']",['Jason Aldean'],0.015500846684902958,0.7,20.589655172413792,3.22000781555295,2,1
"['spotify:artist:6roFdX1y5BYSbp60OTJWMd', 'spotify:artist:7x8nK0m0cP2ksQf0mjWdPS']",['spotify:artist:1By9QBFnjZAoI83BZppHlt'],"['Tim McGraw', 'Dierks Bentley']",['Billy Currington'],0.015500846684902958,0.7,22.965384615384615,3.231731144978507,2,1
"['spotify:artist:2IvkS5MXK0vPGnwyJsrEyV', 'spotify:artist:6x2LnllRG5uGarZMsD4iO8']",['spotify:artist:3FfvYsEGaIb52QPXhg4DcH'],"['Eric Church', 'Thomas Rhett']",['Jason Aldean'],0.015500846684902958,0.695906432748538,20.469247832224237,3.17666155649743,2,1
"['spotify:artist:4O15NlyKLIASxsJ0PrXPfz', 'spotify:artist:5K4W6rqBFWDnAN6FQUkS6x']",['spotify:artist:1RyvyyTE3xzB2ZywiAwp0i'],"['Lil Uzi Vert', 'Kanye West']",['Future'],0.015500846684902958,0.695906432748538,9.132433648223122,3.0378753719902605,2,1
"['spotify:artist:2IvkS5MXK0vPGnwyJsrEyV', 'spotify:artist:6x2LnllRG5uGarZMsD4iO8']",['spotify:artist:6roFdX1y5BYSbp60OTJWMd'],"['Eric Church', 'Thomas Rhett']",['Tim McGraw'],0.015500846684902958,0.695906432748538,17.45906432748538,3.157385697538101,2,1
"['spotify:artist:3FfvYsEGaIb52QPXhg4DcH', 'spotify:artist:3grHWM9bx2E9vwJCdlRv9O']",['spotify:artist:0u2FHSq3ln94y5Q57xazwf'],"['Jason Aldean', 'Kenny Chesney']",['Keith Urban'],0.015500846684902958,0.6918604651162791,19.527252906976745,3.130300997097432,2,1
"['spotify:artist:0u2FHSq3ln94y5Q57xazwf', 'spotify:artist:3grHWM9bx2E9vwJCdlRv9O']",['spotify:artist:3FfvYsEGaIb52QPXhg4DcH'],"['Keith Urban', 'Kenny Chesney']",['Jason Aldean'],0.015500846684902958,0.6685393258426966,19.664277411855867,2.914379955093687,2,1
['spotify:artist:6f4XkbvYlXMH0QgVRzW0sM'],['spotify:artist:3TVXtAsR1Inumwj472S9r4'],['Waka Flocka Flame'],['Drake'],0.015500846684902958,0.6685393258426966,3.6220016968908837,2.4600887970451026,1,1
"['spotify:artist:0u2FHSq3ln94y5Q57xazwf', 'spotify:artist:6roFdX1y5BYSbp60OTJWMd']",['spotify:artist:5Zq7R5qmi58ByYyBQTlNuk'],"['Keith Urban', 'Tim McGraw']",['Lee Brice'],0.015500846684902958,0.664804469273743,22.886564621589798,2.896674048022231,2,1
"['spotify:artist:1UTPBmNbXNTittyMJrNkvw', 'spotify:artist:6x2LnllRG5uGarZMsD4iO8']",['spotify:artist:4BYxqVkZyFjtik7crYLg5Q'],"['Blake Shelton', 'Thomas Rhett']",['Chris Young'],0.015500846684902958,0.6611111111111111,22.163100436681223,2.8627986085753268,2,1
"['spotify:artist:1UTPBmNbXNTittyMJrNkvw', 'spotify:artist:3FfvYsEGaIb52QPXhg4DcH']",['spotify:artist:1n2pb9Tsfe4SwAjmUac6YT'],"['Blake Shelton', 'Jason Aldean']",['Jake Owen'],0.015500846684902958,0.6574585635359116,22.13732189589997,2.832652623882817,2,1
"['spotify:artist:2iojnBLj0qIMiKPvVhLnsH', 'spotify:artist:3TVXtAsR1Inumwj472S9r4']",['spotify:artist:7bXgB6jMjp9ATFy66eO08Z'],"['Trey Songz', 'Drake']",['Chris Brown'],0.015500846684902958,0.6574585635359116,7.849625804455977,2.674839381983049,2,1
"['spotify:artist:246dkjvS1zLTtiykXe5h60', 'spotify:artist:7iZtZyCzp3LItcw1wtPI3D']",['spotify:artist:1RyvyyTE3xzB2ZywiAwp0i'],"['Post Malone', 'Rae Sremmurd']",['Future'],0.015500846684902958,0.6574585635359116,8.627879303017425,2.696895208561812,2,1
"['spotify:artist:1UTPBmNbXNTittyMJrNkvw', 'spotify:artist:7x8nK0m0cP2ksQf0mjWdPS']",['spotify:artist:1n2pb9Tsfe4SwAjmUac6YT'],"['Blake Shelton', 'Dierks Bentley']",['Jake Owen'],0.015500846684902958,0.6538461538461539,22.01568825910931,2.803091485389258,2,1
"['spotify:artist:2IvkS5MXK0vPGnwyJsrEyV', 'spotify:artist:6roFdX1y5BYSbp60OTJWMd']",['spotify:artist:6x2LnllRG5uGarZMsD4iO8'],"['Eric Church', 'Tim McGraw']",['Thomas Rhett'],0.015500846684902958,0.6538461538461539,16.192183622828782,2.772234524481496,2,1
"['spotify:artist:3b8QkneNDz4JHKKKlLgYZg', 'spotify:artist:7x8nK0m0cP2ksQf0mjWdPS']",['spotify:artist:4BYxqVkZyFjtik7crYLg5Q'],"['Florida Georgia Line', 'Dierks Bentley']",['Chris Young'],0.015500846684902958,0.6538461538461539,21.91954988243198,2.802715180987944,2,1
"['spotify:artist:0BvkDsjIUla7X0k6CSWh1I', 'spotify:artist:0u2FHSq3ln94y5Q57xazwf']",['spotify:artist:4BYxqVkZyFjtik7crYLg5Q'],"['Luke Bryan', 'Keith Urban']",['Chris Young'],0.015500846684902958,0.6502732240437159,21.799770921325795,2.774081672528332,2,1
"['spotify:artist:3TVXtAsR1Inumwj472S9r4', 'spotify:artist:7pFeBzX627ff0VnN6bxPR4']",['spotify:artist:5K4W6rqBFWDnAN6FQUkS6x'],"['Drake', 'Desiigner']",['Kanye West'],0.015500846684902958,0.6432432432432433,5.181719179830408,2.455070438657778,2,1
"['spotify:artist:3TVXtAsR1Inumwj472S9r4', 'spotify:artist:7pFeBzX627ff0VnN6bxPR4']",['spotify:artist:1RyvyyTE3xzB2ZywiAwp0i'],"['Drake', 'Desiigner']",['Future'],0.015500846684902958,0.6432432432432433,8.441330561330563,2.589434793420726,2,1
"['spotify:artist:0BvkDsjIUla7X0k6CSWh1I', 'spotify:artist:7x8nK0m0cP2ksQf0mjWdPS']",['spotify:artist:5Zq7R5qmi58ByYyBQTlNuk'],"['Luke Bryan', 'Dierks Bentley']",['Lee Brice'],0.015500846684902958,0.616580310880829,21.226399312251676,2.5323482920200386,2,1
"['spotify:artist:1UTPBmNbXNTittyMJrNkvw', 'spotify:artist:2IvkS5MXK0vPGnwyJsrEyV']",['spotify:artist:2kucQ9jQwuD8jWdtR9Ef38'],"['Blake Shelton', 'Eric Church']",['Sam Hunt'],0.015500846684902958,0.6134020618556701,13.932211919721835,2.4727819026529465,2,1
"['spotify:artist:1UTPBmNbXNTittyMJrNkvw', 'spotify:artist:2IvkS5MXK0vPGnwyJsrEyV']",['spotify:artist:1By9QBFnjZAoI83BZppHlt'],"['Blake Shelton', 'Eric Church']",['Billy Currington'],0.015500846684902958,0.6134020618556701,20.12430610626487,2.5078233685033218,2,1
"['spotify:artist:2kucQ9jQwuD8jWdtR9Ef38', 'spotify:artist:3b8QkneNDz4JHKKKlLgYZg']",['spotify:artist:1By9QBFnjZAoI83BZppHlt'],"['Sam Hunt', 'Florida Georgia Line']",['Billy Currington'],0.015500846684902958,0.6102564102564103,20.021104536489155,2.487582526068983,2,1
"['spotify:artist:3grHWM9bx2E9vwJCdlRv9O', 'spotify:artist:6yJCxee7QumYr820xdIsjo']",['spotify:artist:1n2pb9Tsfe4SwAjmUac6YT'],"['Kenny Chesney', 'Zac Brown Band']",['Jake Owen'],0.015500846684902958,0.6040609137055838,20.33936681806038,2.4506317571968217,2,1
"['spotify:artist:1RyvyyTE3xzB2ZywiAwp0i', 'spotify:artist:4O15NlyKLIASxsJ0PrXPfz']",['spotify:artist:5K4W6rqBFWDnAN6FQUkS6x'],"['Future', 'Lil Uzi Vert']",['Kanye West'],0.015500846684902958,0.601010101010101,4.841505294285986,2.195200854764272,2,1
"['spotify:artist:0BvkDsjIUla7X0k6CSWh1I', 'spotify:artist:6x2LnllRG5uGarZMsD4iO8']",['spotify:artist:0qSX3s5pJnAlSsgsCne8Cz'],"['Luke Bryan', 'Thomas Rhett']",['Brett Eldredge'],0.015500846684902958,0.5979899497487438,23.422290021536252,2.423992119317442,2,1
"['spotify:artist:20sxb77xiYeusSH8cVdatc', 'spotify:artist:3TVXtAsR1Inumwj472S9r4']",['spotify:artist:0c173mlxpT3dSFRgMO8XPh'],"['Meek Mill', 'Drake']",['Big Sean'],0.015500846684902958,0.595,7.415284090909091,2.2710131433156917,2,1
"['spotify:artist:0Y5tJX1MQlPlqiwlOH1tJY', 'spotify:artist:7iZtZyCzp3LItcw1wtPI3D']",['spotify:artist:5K4W6rqBFWDnAN6FQUkS6x'],"['Travis Scott', 'Rae Sremmurd']",['Kanye West'],0.015500846684902958,0.595,4.793090241343126,2.1626246106294738,2,1
"['spotify:artist:3TVXtAsR1Inumwj472S9r4', 'spotify:artist:6vXTefBL93Dj5IqAWq6OTv']",['spotify:artist:2YZyLoL8N0Wb9xBt1NhZWg'],"['Drake', 'French Montana']",['Kendrick Lamar'],0.015500846684902958,0.595,6.172722972972973,2.2311313093302587,2,1
"['spotify:artist:1UTPBmNbXNTittyMJrNkvw', 'spotify:artist:6roFdX1y5BYSbp60OTJWMd']",['spotify:artist:1n2pb9Tsfe4SwAjmUac6YT'],"['Blake Shelton', 'Tim McGraw']",['Jake Owen'],0.015500846684902958,0.5891089108910892,19.835917144346016,2.3614551994613864,2,1
"['spotify:artist:0Y5tJX1MQlPlqiwlOH1tJY', 'spotify:artist:5K4W6rqBFWDnAN6FQUkS6x']",['spotify:artist:7iZtZyCzp3LItcw1wtPI3D'],"['Travis Scott', 'Kanye West']",['Rae Sremmurd'],0.015500846684902958,0.5862068965517242,8.704662175681985,2.253918631409839,2,1
"['spotify:artist:3b8QkneNDz4JHKKKlLgYZg', 'spotify:artist:3grHWM9bx2E9vwJCdlRv9O']",['spotify:artist:4BYxqVkZyFjtik7crYLg5Q'],"['Florida Georgia Line', 'Kenny Chesney']",['Chris Young'],0.015500846684902958,0.5804878048780489,19.460283310256685,2.3126160594466714,2,1
"['spotify:artist:2YZyLoL8N0Wb9xBt1NhZWg', 'spotify:artist:73sIBHcqh3Z3NyqHKZ7FOL']",['spotify:artist:6l3HvQ5sa6mXTsMTB19rO5'],"['Kendrick Lamar', 'Childish Gambino']",['J. Cole'],0.015500846684902958,0.5721153846153847,7.507914201183434,2.1589894226589568,2,1
"['spotify:artist:1RyvyyTE3xzB2ZywiAwp0i', 'spotify:artist:246dkjvS1zLTtiykXe5h60']",['spotify:artist:7iZtZyCzp3LItcw1wtPI3D'],"['Future', 'Post Malone']",['Rae Sremmurd'],0.015500846684902958,0.5586854460093897,8.295992589969217,2.1133587754525127,2,1
"['spotify:artist:0QHgL1lAIqAw0HtD7YldmP', 'spotify:artist:2YZyLoL8N0Wb9xBt1NhZWg']",['spotify:artist:6l3HvQ5sa6mXTsMTB19rO5'],"['DJ Khaled', 'Kendrick Lamar']",['J. Cole'],0.015500846684902958,0.53125,6.971634615384616,1.9707698319656115,2,1
"['spotify:artist:3TVXtAsR1Inumwj472S9r4', 'spotify:artist:7c0XG5cIJTrrAgEC3ULPiq']",['spotify:artist:2YZyLoL8N0Wb9xBt1NhZWg'],"['Drake', 'Ty Dolla $ign']",['Kendrick Lamar'],0.015500846684902958,0.5242290748898679,5.438522443147995,1.899250527067383,2,1
"['spotify:artist:50co4Is1HCEo8bhOyUWKpn', 'spotify:artist:6l3HvQ5sa6mXTsMTB19rO5']",['spotify:artist:3TVXtAsR1Inumwj472S9r4'],"['Young Thug', 'J. Cole']",['Drake'],0.015370587469063435,0.8872180451127819,4.8067557744042535,7.230081194911203,2,1
"['spotify:artist:6PXS4YHDkKvl1wkIl4V8DL', 'spotify:artist:6oMuImdp5ZcFhWP0ESe6mG']",['spotify:artist:3TVXtAsR1Inumwj472S9r4'],"['Fetty Wap', 'Migos']",['Drake'],0.015370587469063435,0.8805970149253731,4.770884462654968,6.829165038426468,2,1
"['spotify:artist:1n2pb9Tsfe4SwAjmUac6YT', 'spotify:artist:5Zq7R5qmi58ByYyBQTlNuk']",['spotify:artist:0BvkDsjIUla7X0k6CSWh1I'],"['Jake Owen', 'Lee Brice']",['Luke Bryan'],0.015370587469063435,0.8805970149253731,18.124244728102116,7.968086492119316,2,1
"['spotify:artist:13ubrt8QOOCPljQ2FL1Kca', 'spotify:artist:6oMuImdp5ZcFhWP0ESe6mG']",['spotify:artist:3TVXtAsR1Inumwj472S9r4'],"['A$AP Rocky', 'Migos']",['Drake'],0.015370587469063435,0.8613138686131386,4.666412540115078,5.879626773067876,2,1
"['spotify:artist:4BYxqVkZyFjtik7crYLg5Q', 'spotify:artist:5Zq7R5qmi58ByYyBQTlNuk']",['spotify:artist:0BvkDsjIUla7X0k6CSWh1I'],"['Chris Young', 'Lee Brice']",['Luke Bryan'],0.015370587469063435,0.855072463768116,17.59890430120061,6.564751856193826,2,1
"['spotify:artist:1n2pb9Tsfe4SwAjmUac6YT', 'spotify:artist:2kucQ9jQwuD8jWdtR9Ef38']",['spotify:artist:6x2LnllRG5uGarZMsD4iO8'],"['Jake Owen', 'Sam Hunt']",['Thomas Rhett'],0.015370587469063435,0.8368794326241135,20.724914207275223,5.8828856380719365,2,1
"['spotify:artist:0u2FHSq3ln94y5Q57xazwf', 'spotify:artist:4BYxqVkZyFjtik7crYLg5Q']",['spotify:artist:1UTPBmNbXNTittyMJrNkvw'],"['Keith Urban', 'Chris Young']",['Blake Shelton'],0.015370587469063435,0.8309859154929577,20.124539032301062,5.672354652424993,2,1
"['spotify:artist:0u2FHSq3ln94y5Q57xazwf', 'spotify:artist:1By9QBFnjZAoI83BZppHlt']",['spotify:artist:7x8nK0m0cP2ksQf0mjWdPS'],"['Keith Urban', 'Billy Currington']",['Dierks Bentley'],0.015370587469063435,0.8251748251748252,23.81528997318471,5.521807997915854,2,1
"['spotify:artist:1By9QBFnjZAoI83BZppHlt', 'spotify:artist:3FfvYsEGaIb52QPXhg4DcH']",['spotify:artist:1UTPBmNbXNTittyMJrNkvw'],"['Billy Currington', 'Jason Aldean']",['Blake Shelton'],0.015370587469063435,0.8251748251748252,19.98380799011714,5.483808779471149,2,1
"['spotify:artist:1n2pb9Tsfe4SwAjmUac6YT', 'spotify:artist:3FfvYsEGaIb52QPXhg4DcH']",['spotify:artist:6x2LnllRG5uGarZMsD4iO8'],"['Jake Owen', 'Jason Aldean']",['Thomas Rhett'],0.015370587469063435,0.7919463087248321,19.612167135743665,4.612365381302337,2,1
"['spotify:artist:1n2pb9Tsfe4SwAjmUac6YT', 'spotify:artist:2IvkS5MXK0vPGnwyJsrEyV']",['spotify:artist:7x8nK0m0cP2ksQf0mjWdPS'],"['Jake Owen', 'Eric Church']",['Dierks Bentley'],0.015370587469063435,0.7866666666666666,22.703909774436088,4.525083040250097,2,1
"['spotify:artist:4BYxqVkZyFjtik7crYLg5Q', 'spotify:artist:6roFdX1y5BYSbp60OTJWMd']",['spotify:artist:2IvkS5MXK0vPGnwyJsrEyV'],"['Chris Young', 'Tim McGraw']",['Eric Church'],0.015370587469063435,0.7866666666666666,20.75340206185567,4.509818288393903,2,1
"['spotify:artist:1By9QBFnjZAoI83BZppHlt', 'spotify:artist:7x8nK0m0cP2ksQf0mjWdPS']",['spotify:artist:0u2FHSq3ln94y5Q57xazwf'],"['Billy Currington', 'Dierks Bentley']",['Keith Urban'],0.015370587469063435,0.7866666666666666,22.203088235294118,4.521419499804611,2,1
"['spotify:artist:1By9QBFnjZAoI83BZppHlt', 'spotify:artist:6x2LnllRG5uGarZMsD4iO8']",['spotify:artist:6roFdX1y5BYSbp60OTJWMd'],"['Billy Currington', 'Thomas Rhett']",['Tim McGraw'],0.015370587469063435,0.7866666666666666,19.736078431372547,4.500659437280187,2,1
"['spotify:artist:1Xyo4u8uXC1ZmMpatF05PJ', 'spotify:artist:3KV3p5EY4AvKxOlhGHORLg']",['spotify:artist:3TVXtAsR1Inumwj472S9r4'],"['The Weeknd', 'Jeremih']",['Drake'],0.015370587469063435,0.781456953642384,4.233765019839508,3.731176556498946,2,1
"['spotify:artist:1UTPBmNbXNTittyMJrNkvw', 'spotify:artist:1n2pb9Tsfe4SwAjmUac6YT']",['spotify:artist:6x2LnllRG5uGarZMsD4iO8'],"['Blake Shelton', 'Jake Owen']",['Thomas Rhett'],0.015370587469063435,0.781456953642384,19.352403332621233,4.390986851713696,2,1
"['spotify:artist:4BYxqVkZyFjtik7crYLg5Q', 'spotify:artist:7x8nK0m0cP2ksQf0mjWdPS']",['spotify:artist:3grHWM9bx2E9vwJCdlRv9O'],"['Chris Young', 'Dierks Bentley']",['Kenny Chesney'],0.015370587469063435,0.781456953642384,17.961811476384977,4.376682021465137,2,1
"['spotify:artist:2kucQ9jQwuD8jWdtR9Ef38', 'spotify:artist:7x8nK0m0cP2ksQf0mjWdPS']",['spotify:artist:0u2FHSq3ln94y5Q57xazwf'],"['Sam Hunt', 'Dierks Bentley']",['Keith Urban'],0.015370587469063435,0.7712418300653594,21.767733564013838,4.216546642103499,2,1
"['spotify:artist:1n2pb9Tsfe4SwAjmUac6YT', 'spotify:artist:6x2LnllRG5uGarZMsD4iO8']",['spotify:artist:1UTPBmNbXNTittyMJrNkvw'],"['Jake Owen', 'Thomas Rhett']",['Blake Shelton'],0.015370587469063435,0.7712418300653594,18.67767674893301,4.190922793501924,2,1
"['spotify:artist:1n2pb9Tsfe4SwAjmUac6YT', 'spotify:artist:6x2LnllRG5uGarZMsD4iO8']",['spotify:artist:3FfvYsEGaIb52QPXhg4DcH'],"['Jake Owen', 'Thomas Rhett']",['Jason Aldean'],0.015370587469063435,0.7712418300653594,22.685147622267294,4.222810249539439,2,1
"['spotify:artist:1n2pb9Tsfe4SwAjmUac6YT', 'spotify:artist:6x2LnllRG5uGarZMsD4iO8']",['spotify:artist:2kucQ9jQwuD8jWdtR9Ef38'],"['Jake Owen', 'Thomas Rhett']",['Sam Hunt'],0.015370587469063435,0.7712418300653594,17.517229376957882,4.178964997487856,2,1
"['spotify:artist:3grHWM9bx2E9vwJCdlRv9O', 'spotify:artist:4BYxqVkZyFjtik7crYLg5Q']",['spotify:artist:7x8nK0m0cP2ksQf0mjWdPS'],"['Kenny Chesney', 'Chris Young']",['Dierks Bentley'],0.015370587469063435,0.7712418300653594,22.258735072976556,4.219963155250375,2,1
"['spotify:artist:1n2pb9Tsfe4SwAjmUac6YT', 'spotify:artist:7x8nK0m0cP2ksQf0mjWdPS']",['spotify:artist:2IvkS5MXK0vPGnwyJsrEyV'],"['Jake Owen', 'Dierks Bentley']",['Eric Church'],0.015370587469063435,0.7612903225806451,20.083937479215166,4.030396164042118,2,1
"['spotify:artist:2IvkS5MXK0vPGnwyJsrEyV', 'spotify:artist:4BYxqVkZyFjtik7crYLg5Q']",['spotify:artist:6roFdX1y5BYSbp60OTJWMd'],"['Eric Church', 'Chris Young']",['Tim McGraw'],0.015370587469063435,0.7612903225806451,19.09943074003795,4.022210956560311,2,1
['spotify:artist:1dID9zgn0OV0Y8ud7Mh2tS'],['spotify:artist:3grHWM9bx2E9vwJCdlRv9O'],['Dustin Lynch'],['Kenny Chesney'],0.015370587469063435,0.7564102564102564,17.386112390603408,3.926657205734147,1,1
"['spotify:artist:1By9QBFnjZAoI83BZppHlt', 'spotify:artist:6roFdX1y5BYSbp60OTJWMd']",['spotify:artist:6x2LnllRG5uGarZMsD4iO8'],"['Billy Currington', 'Tim McGraw']",['Thomas Rhett'],0.015370587469063435,0.7421383647798742,18.37869750456482,3.721451786616341,2,1
"['spotify:artist:3FfvYsEGaIb52QPXhg4DcH', 'spotify:artist:6x2LnllRG5uGarZMsD4iO8']",['spotify:artist:1n2pb9Tsfe4SwAjmUac6YT'],"['Jason Aldean', 'Thomas Rhett']",['Jake Owen'],0.015370587469063435,0.7374999999999999,24.832401315789472,3.696384376337482,2,1
"['spotify:artist:55Aa2cqylxrFIXC767Z865', 'spotify:artist:7dGJo4pcD2V6oG8kP0tJRR']",['spotify:artist:3TVXtAsR1Inumwj472S9r4'],"['Lil Wayne', 'Eminem']",['Drake'],0.015370587469063435,0.7374999999999999,3.9956157374735355,3.1063721567824722,2,1
"['spotify:artist:4O15NlyKLIASxsJ0PrXPfz', 'spotify:artist:50co4Is1HCEo8bhOyUWKpn']",['spotify:artist:3TVXtAsR1Inumwj472S9r4'],"['Lil Uzi Vert', 'Young Thug']",['Drake'],0.015370587469063435,0.7374999999999999,3.9956157374735355,3.1063721567824722,2,1
"['spotify:artist:1By9QBFnjZAoI83BZppHlt', 'spotify:artist:1UTPBmNbXNTittyMJrNkvw']",['spotify:artist:3FfvYsEGaIb52QPXhg4DcH'],"['Billy Currington', 'Blake Shelton']",['Jason Aldean'],0.015370587469063435,0.732919254658385,21.557935318055254,3.6168924997955223,2,1
"['spotify:artist:1UTPBmNbXNTittyMJrNkvw', 'spotify:artist:4BYxqVkZyFjtik7crYLg5Q']",['spotify:artist:0u2FHSq3ln94y5Q57xazwf'],"['Blake Shelton', 'Chris Young']",['Keith Urban'],0.015370587469063435,0.7195121951219512,20.307702654232425,3.4388999326050143,2,1
"['spotify:artist:0BvkDsjIUla7X0k6CSWh1I', 'spotify:artist:5Zq7R5qmi58ByYyBQTlNuk']",['spotify:artist:4BYxqVkZyFjtik7crYLg5Q'],"['Luke Bryan', 'Lee Brice']",['Chris Young'],0.015370587469063435,0.7195121951219512,24.120939397166897,3.458869236737629,2,1
"['spotify:artist:0BvkDsjIUla7X0k6CSWh1I', 'spotify:artist:5Zq7R5qmi58ByYyBQTlNuk']",['spotify:artist:1n2pb9Tsfe4SwAjmUac6YT'],"['Luke Bryan', 'Lee Brice']",['Jake Owen'],0.015370587469063435,0.7195121951219512,24.22673299101412,3.459333639159318,2,1
"['spotify:artist:0u2FHSq3ln94y5Q57xazwf', 'spotify:artist:2kucQ9jQwuD8jWdtR9Ef38']",['spotify:artist:7x8nK0m0cP2ksQf0mjWdPS'],"['Keith Urban', 'Sam Hunt']",['Dierks Bentley'],0.015370587469063435,0.7108433734939759,20.515581121478395,3.338505709695627,2,1
"['spotify:artist:0u2FHSq3ln94y5Q57xazwf', 'spotify:artist:7x8nK0m0cP2ksQf0mjWdPS']",['spotify:artist:2kucQ9jQwuD8jWdtR9Ef38'],"['Keith Urban', 'Dierks Bentley']",['Sam Hunt'],0.015370587469063435,0.7108433734939759,16.1453981606901,3.3060711649515864,2,1
"['spotify:artist:0u2FHSq3ln94y5Q57xazwf', 'spotify:artist:7x8nK0m0cP2ksQf0mjWdPS']",['spotify:artist:1By9QBFnjZAoI83BZppHlt'],"['Keith Urban', 'Dierks Bentley']",['Billy Currington'],0.015370587469063435,0.7108433734939759,23.321130676552364,3.352921062915201,2,1
"['spotify:artist:0BvkDsjIUla7X0k6CSWh1I', 'spotify:artist:4BYxqVkZyFjtik7crYLg5Q']",['spotify:artist:5Zq7R5qmi58ByYyBQTlNuk'],"['Luke Bryan', 'Chris Young']",['Lee Brice'],0.015370587469063435,0.7065868263473054,24.324964420933917,3.3091636029167435,2,1
"['spotify:artist:6roFdX1y5BYSbp60OTJWMd', 'spotify:artist:6x2LnllRG5uGarZMsD4iO8']",['spotify:artist:1By9QBFnjZAoI83BZppHlt'],"['Tim McGraw', 'Thomas Rhett']",['Billy Currington'],0.015370587469063435,0.7023809523809524,23.04349816849817,3.257584994138336,2,1
"['spotify:artist:2IvkS5MXK0vPGnwyJsrEyV', 'spotify:artist:7x8nK0m0cP2ksQf0mjWdPS']",['spotify:artist:1n2pb9Tsfe4SwAjmUac6YT'],"['Eric Church', 'Dierks Bentley']",['Jake Owen'],0.015370587469063435,0.6982248520710059,23.509965742759267,3.2153108214759136,2,1
"['spotify:artist:0u2FHSq3ln94y5Q57xazwf', 'spotify:artist:1UTPBmNbXNTittyMJrNkvw']",['spotify:artist:4BYxqVkZyFjtik7crYLg5Q'],"['Keith Urban', 'Blake Shelton']",['Chris Young'],0.015370587469063435,0.6941176470588234,23.269612124325707,3.1717117062955267,2,1
"['spotify:artist:246dkjvS1zLTtiykXe5h60', 'spotify:artist:6oMuImdp5ZcFhWP0ESe6mG']",['spotify:artist:1RyvyyTE3xzB2ZywiAwp0i'],"['Post Malone', 'Migos']",['Future'],0.015370587469063435,0.6666666666666666,8.74871794871795,2.771395076201641,2,1
"['spotify:artist:0BvkDsjIUla7X0k6CSWh1I', 'spotify:artist:1n2pb9Tsfe4SwAjmUac6YT']",['spotify:artist:5Zq7R5qmi58ByYyBQTlNuk'],"['Luke Bryan', 'Jake Owen']",['Lee Brice'],0.015370587469063435,0.659217877094972,22.69424054913946,2.8491875882185878,2,1
"['spotify:artist:1UTPBmNbXNTittyMJrNkvw', 'spotify:artist:6x2LnllRG5uGarZMsD4iO8']",['spotify:artist:1n2pb9Tsfe4SwAjmUac6YT'],"['Blake Shelton', 'Thomas Rhett']",['Jake Owen'],0.015370587469063435,0.6555555555555556,22.073245614035088,2.817002609386227,2,1
"['spotify:artist:246dkjvS1zLTtiykXe5h60', 'spotify:artist:7iZtZyCzp3LItcw1wtPI3D']",['spotify:artist:2YZyLoL8N0Wb9xBt1NhZWg'],"['Post Malone', 'Rae Sremmurd']",['Kendrick Lamar'],0.015370587469063435,0.6519337016574586,6.76337165895177,2.596080644927851,2,1
"['spotify:artist:1UTPBmNbXNTittyMJrNkvw', 'spotify:artist:3FfvYsEGaIb52QPXhg4DcH']",['spotify:artist:1By9QBFnjZAoI83BZppHlt'],"['Blake Shelton', 'Jason Aldean']",['Billy Currington'],0.015370587469063435,0.6519337016574586,21.388440288992776,2.785444463052904,2,1
"['spotify:artist:2kucQ9jQwuD8jWdtR9Ef38', 'spotify:artist:6x2LnllRG5uGarZMsD4iO8']",['spotify:artist:1n2pb9Tsfe4SwAjmUac6YT'],"['Sam Hunt', 'Thomas Rhett']",['Jake Owen'],0.015370587469063435,0.6483516483516484,21.83068247541932,2.759293180930051,2,1
"['spotify:artist:2IvkS5MXK0vPGnwyJsrEyV', 'spotify:artist:6roFdX1y5BYSbp60OTJWMd']",['spotify:artist:4BYxqVkZyFjtik7crYLg5Q'],"['Eric Church', 'Tim McGraw']",['Chris Young'],0.015370587469063435,0.6483516483516484,21.735351984260284,2.758922756285007,2,1
"['spotify:artist:3grHWM9bx2E9vwJCdlRv9O', 'spotify:artist:7x8nK0m0cP2ksQf0mjWdPS']",['spotify:artist:4BYxqVkZyFjtik7crYLg5Q'],"['Kenny Chesney', 'Dierks Bentley']",['Chris Young'],0.015370587469063435,0.6448087431693988,21.616579569045744,2.731403492950972,2,1
"['spotify:artist:3nFkdlSjzX9mRTtwJOzDYB', 'spotify:artist:5pKCCKE2ajJHZ9KAiaK11H']",['spotify:artist:3TVXtAsR1Inumwj472S9r4'],"['JAY Z', 'Rihanna']",['Drake'],0.015370587469063435,0.6310160427807486,3.4187086523837737,2.2099136702327487,2,1
"['spotify:artist:3nFkdlSjzX9mRTtwJOzDYB', 'spotify:artist:5pKCCKE2ajJHZ9KAiaK11H']",['spotify:artist:5K4W6rqBFWDnAN6FQUkS6x'],"['JAY Z', 'Rihanna']",['Kanye West'],0.015370587469063435,0.6310160427807486,5.083221574425821,2.373715578058307,2,1
['spotify:artist:1mfDfLsMxYcOOZkzBxvSVW'],['spotify:artist:1By9QBFnjZAoI83BZppHlt'],['Cole Swindell'],['Billy Currington'],0.015370587469063435,0.6310160427807486,20.702180172768408,2.627537930917308,1,1
['spotify:artist:1mfDfLsMxYcOOZkzBxvSVW'],['spotify:artist:4BYxqVkZyFjtik7crYLg5Q'],['Cole Swindell'],['Chris Young'],0.015370587469063435,0.6310160427807486,21.1541928402961,2.629303037682669,1,1
['spotify:artist:7FY5V3XMwlNBPitEjXowHQ'],['spotify:artist:2IvkS5MXK0vPGnwyJsrEyV'],['Darius Rucker'],['Eric Church'],0.015370587469063435,0.598984771573604,15.802082788214976,2.399147214348959,1,1
"['spotify:artist:1RyvyyTE3xzB2ZywiAwp0i', 'spotify:artist:246dkjvS1zLTtiykXe5h60']",['spotify:artist:6oMuImdp5ZcFhWP0ESe6mG'],"['Future', 'Post Malone']",['Migos'],0.015370587469063435,0.5539906103286385,9.514509878060307,2.111556734744246,2,1
['spotify:artist:46SHBwWsqBkxI7EeeBEQG7'],['spotify:artist:246dkjvS1zLTtiykXe5h60'],['Kodak Black'],['Post Malone'],0.015370587469063435,0.5244444444444444,8.250327868852459,1.969135870101127,1,1
['spotify:artist:1gPhS1zisyXr5dHTYZyiMe'],['spotify:artist:1RyvyyTE3xzB2ZywiAwp0i'],['Kevin Gates'],['Future'],0.015370587469063435,0.5198237885462554,6.821687563537783,1.923873646170558,1,1
"['spotify:artist:246dkjvS1zLTtiykXe5h60', 'spotify:artist:2YZyLoL8N0Wb9xBt1NhZWg']",['spotify:artist:7iZtZyCzp3LItcw1wtPI3D'],"['Post Malone', 'Kendrick Lamar']",['Rae Sremmurd'],0.015370587469063435,0.5198237885462554,7.718930802068864,1.942320263195318,2,1
['spotify:artist:13y7CgLHjMVRMDqxdx0Xdo'],['spotify:artist:4O15NlyKLIASxsJ0PrXPfz'],['Gucci Mane'],['Lil Uzi Vert'],0.015370587469063435,0.5175438596491228,10.651968392831945,1.9720203204376707,1,1
['spotify:artist:4BYxqVkZyFjtik7crYLg5Q'],['spotify:artist:0a1gHP0HAqALbEyxaD5Ngn'],['Chris Young'],['Rascal Flatts'],0.015370587469063435,0.5152838427947598,16.414249216329342,1.9982984156489432,1,1
['spotify:artist:4BYxqVkZyFjtik7crYLg5Q'],['spotify:artist:1mfDfLsMxYcOOZkzBxvSVW'],['Chris Young'],['Cole Swindell'],0.015370587469063435,0.5152838427947598,21.1541928402961,2.012809996397335,1,1
['spotify:artist:1By9QBFnjZAoI83BZppHlt'],['spotify:artist:1mfDfLsMxYcOOZkzBxvSVW'],['Billy Currington'],['Cole Swindell'],0.015370587469063435,0.5042735042735043,20.702180172768408,1.968104458907709,1,1
"['spotify:artist:1mfDfLsMxYcOOZkzBxvSVW', 'spotify:artist:6x2LnllRG5uGarZMsD4iO8']",['spotify:artist:3b8QkneNDz4JHKKKlLgYZg'],"['Cole Swindell', 'Thomas Rhett']",['Florida Georgia Line'],0.015240328253223915,0.8931297709923663,19.04599236641221,8.918355384357723,2,1
"['spotify:artist:13YmWQJFwgZrd4bf5IjMY4', 'spotify:artist:3FfvYsEGaIb52QPXhg4DcH']",['spotify:artist:0BvkDsjIUla7X0k6CSWh1I'],"['Brad Paisley', 'Jason Aldean']",['Luke Bryan'],0.015240328253223915,0.8796992481203006,18.105767098711926,7.9086231600885695,2,1
"['spotify:artist:3KV3p5EY4AvKxOlhGHORLg', 'spotify:artist:6l3HvQ5sa6mXTsMTB19rO5']",['spotify:artist:3TVXtAsR1Inumwj472S9r4'],"['Jeremih', 'J. Cole']",['Drake'],0.015240328253223915,0.8666666666666666,4.695412844036697,6.1156701836654905,2,1
"['spotify:artist:1By9QBFnjZAoI83BZppHlt', 'spotify:artist:5Zq7R5qmi58ByYyBQTlNuk']",['spotify:artist:1UTPBmNbXNTittyMJrNkvw'],"['Billy Currington', 'Lee Brice']",['Blake Shelton'],0.015240328253223915,0.8666666666666666,20.988643533123028,7.190308714341535,2,1
"['spotify:artist:20sxb77xiYeusSH8cVdatc', 'spotify:artist:5K4W6rqBFWDnAN6FQUkS6x']",['spotify:artist:3TVXtAsR1Inumwj472S9r4'],"['Meek Mill', 'Kanye West']",['Drake'],0.015240328253223915,0.8602941176470588,4.6608877495952505,5.836709789322855,2,1
"['spotify:artist:13YmWQJFwgZrd4bf5IjMY4', 'spotify:artist:7x8nK0m0cP2ksQf0mjWdPS']",['spotify:artist:3grHWM9bx2E9vwJCdlRv9O'],"['Brad Paisley', 'Dierks Bentley']",['Kenny Chesney'],0.015240328253223915,0.8357142857142857,19.20891787852866,5.822133872493219,2,1
"['spotify:artist:0hCNtLu0JehylgoiP8L4Gh', 'spotify:artist:55Aa2cqylxrFIXC767Z865']",['spotify:artist:3TVXtAsR1Inumwj472S9r4'],"['Nicki Minaj', 'Lil Wayne']",['Drake'],0.015240328253223915,0.8357142857142857,4.5277195281782445,4.963442467902431,2,1
['spotify:artist:56x8mYvS3cyDGAi8N2FxbB'],['spotify:artist:0BvkDsjIUla7X0k6CSWh1I'],['Randy Houser'],['Luke Bryan'],0.015240328253223915,0.8357142857142857,17.200478743776333,5.79121146734175,1,1
"['spotify:artist:2IvkS5MXK0vPGnwyJsrEyV', 'spotify:artist:5Zq7R5qmi58ByYyBQTlNuk']",['spotify:artist:0BvkDsjIUla7X0k6CSWh1I'],"['Eric Church', 'Lee Brice']",['Luke Bryan'],0.015240328253223915,0.8297872340425532,17.07848953282756,5.58955321088967,2,1
"['spotify:artist:0u2FHSq3ln94y5Q57xazwf', 'spotify:artist:4BYxqVkZyFjtik7crYLg5Q']",['spotify:artist:3b8QkneNDz4JHKKKlLgYZg'],"['Keith Urban', 'Chris Young']",['Florida Georgia Line'],0.015240328253223915,0.823943661971831,17.570598591549295,5.413645955451348,2,1
"['spotify:artist:1mfDfLsMxYcOOZkzBxvSVW', 'spotify:artist:3b8QkneNDz4JHKKKlLgYZg']",['spotify:artist:6x2LnllRG5uGarZMsD4iO8'],"['Cole Swindell', 'Florida Georgia Line']",['Thomas Rhett'],0.015240328253223915,0.823943661971831,20.40456610631531,5.450639572749772,2,1
"['spotify:artist:3FfvYsEGaIb52QPXhg4DcH', 'spotify:artist:4BYxqVkZyFjtik7crYLg5Q']",['spotify:artist:3b8QkneNDz4JHKKKlLgYZg'],"['Jason Aldean', 'Chris Young']",['Florida Georgia Line'],0.015240328253223915,0.8181818181818182,17.447727272727274,5.24208675263775,2,1
"['spotify:artist:0QHgL1lAIqAw0HtD7YldmP', 'spotify:artist:4O15NlyKLIASxsJ0PrXPfz']",['spotify:artist:3TVXtAsR1Inumwj472S9r4'],"['DJ Khaled', 'Lil Uzi Vert']",['Drake'],0.015240328253223915,0.8125,4.401949541284404,4.348921019495463,2,1
"['spotify:artist:246dkjvS1zLTtiykXe5h60', 'spotify:artist:50co4Is1HCEo8bhOyUWKpn']",['spotify:artist:3TVXtAsR1Inumwj472S9r4'],"['Post Malone', 'Young Thug']",['Drake'],0.015240328253223915,0.8125,4.401949541284404,4.348921019495463,2,1
"['spotify:artist:0u2FHSq3ln94y5Q57xazwf', 'spotify:artist:3FfvYsEGaIb52QPXhg4DcH']",['spotify:artist:6x2LnllRG5uGarZMsD4iO8'],"['Keith Urban', 'Jason Aldean']",['Thomas Rhett'],0.015240328253223915,0.7852348993288589,19.445962329508546,4.468228963136639,2,1
"['spotify:artist:0u2FHSq3ln94y5Q57xazwf', 'spotify:artist:3FfvYsEGaIb52QPXhg4DcH']",['spotify:artist:1UTPBmNbXNTittyMJrNkvw'],"['Keith Urban', 'Jason Aldean']",['Blake Shelton'],0.015240328253223915,0.7852348993288589,19.016556221285963,4.46398332682037,2,1
['spotify:artist:2hJPr4lk7Q8SSvCVBl9fWM'],['spotify:artist:3b8QkneNDz4JHKKKlLgYZg'],['Kip Moore'],['Florida Georgia Line'],0.015240328253223915,0.7852348993288589,16.745134228187915,4.437902989449,1,1
"['spotify:artist:4BYxqVkZyFjtik7crYLg5Q', 'spotify:artist:6roFdX1y5BYSbp60OTJWMd']",['spotify:artist:3b8QkneNDz4JHKKKlLgYZg'],"['Chris Young', 'Tim McGraw']",['Florida Georgia Line'],0.015240328253223915,0.7799999999999999,16.633499999999998,4.33230310135351,2,1
"['spotify:artist:1By9QBFnjZAoI83BZppHlt', 'spotify:artist:6x2LnllRG5uGarZMsD4iO8']",['spotify:artist:7x8nK0m0cP2ksQf0mjWdPS'],"['Billy Currington', 'Thomas Rhett']",['Dierks Bentley'],0.015240328253223915,0.7799999999999999,22.511503759398494,4.387959311757669,2,1
"['spotify:artist:1By9QBFnjZAoI83BZppHlt', 'spotify:artist:7x8nK0m0cP2ksQf0mjWdPS']",['spotify:artist:6x2LnllRG5uGarZMsD4iO8'],"['Billy Currington', 'Dierks Bentley']",['Thomas Rhett'],0.015240328253223915,0.7799999999999999,19.31632258064516,4.361907468589765,2,1
"['spotify:artist:3b8QkneNDz4JHKKKlLgYZg', 'spotify:artist:4BYxqVkZyFjtik7crYLg5Q']",['spotify:artist:6roFdX1y5BYSbp60OTJWMd'],"['Florida Georgia Line', 'Chris Young']",['Tim McGraw'],0.015240328253223915,0.75,18.816176470588236,3.840562719812427,2,1
"['spotify:artist:3b8QkneNDz4JHKKKlLgYZg', 'spotify:artist:4BYxqVkZyFjtik7crYLg5Q']",['spotify:artist:3FfvYsEGaIb52QPXhg4DcH'],"['Florida Georgia Line', 'Chris Young']",['Jason Aldean'],0.015240328253223915,0.75,22.060344827586206,3.8640093786635403,2,1
"['spotify:artist:3b8QkneNDz4JHKKKlLgYZg', 'spotify:artist:4BYxqVkZyFjtik7crYLg5Q']",['spotify:artist:0u2FHSq3ln94y5Q57xazwf'],"['Florida Georgia Line', 'Chris Young']",['Keith Urban'],0.015240328253223915,0.75,21.168198529411764,3.8582779731666017,2,1
"['spotify:artist:3FfvYsEGaIb52QPXhg4DcH', 'spotify:artist:6x2LnllRG5uGarZMsD4iO8']",['spotify:artist:0u2FHSq3ln94y5Q57xazwf'],"['Jason Aldean', 'Thomas Rhett']",['Keith Urban'],0.015240328253223915,0.73125,20.63899356617647,3.589095788992187,2,1
"['spotify:artist:17lzZA2AlOHwCwFALHttmp', 'spotify:artist:6oMuImdp5ZcFhWP0ESe6mG']",['spotify:artist:1RyvyyTE3xzB2ZywiAwp0i'],"['2 Chainz', 'Migos']",['Future'],0.015240328253223915,0.73125,9.59625,3.4373892418004846,2,1
"['spotify:artist:1By9QBFnjZAoI83BZppHlt', 'spotify:artist:1UTPBmNbXNTittyMJrNkvw']",['spotify:artist:5Zq7R5qmi58ByYyBQTlNuk'],"['Billy Currington', 'Blake Shelton']",['Lee Brice'],0.015240328253223915,0.7267080745341615,25.01765869147425,3.5528023494025844,2,1
"['spotify:artist:0u2FHSq3ln94y5Q57xazwf', 'spotify:artist:6x2LnllRG5uGarZMsD4iO8']",['spotify:artist:3FfvYsEGaIb52QPXhg4DcH'],"['Keith Urban', 'Thomas Rhett']",['Jason Aldean'],0.015240328253223915,0.7222222222222222,21.243295019157088,3.4776084407971863,2,1
"['spotify:artist:0u2FHSq3ln94y5Q57xazwf', 'spotify:artist:6x2LnllRG5uGarZMsD4iO8']",['spotify:artist:6yJCxee7QumYr820xdIsjo'],"['Keith Urban', 'Thomas Rhett']",['Zac Brown Band'],0.015240328253223915,0.7222222222222222,17.1656346749226,3.448534583821805,2,1
"['spotify:artist:0u2FHSq3ln94y5Q57xazwf', 'spotify:artist:6yJCxee7QumYr820xdIsjo']",['spotify:artist:6x2LnllRG5uGarZMsD4iO8'],"['Keith Urban', 'Zac Brown Band']",['Thomas Rhett'],0.015240328253223915,0.7177914110429447,17.775756976053827,3.400391343991935,2,1
"['spotify:artist:1UTPBmNbXNTittyMJrNkvw', 'spotify:artist:5Zq7R5qmi58ByYyBQTlNuk']",['spotify:artist:1By9QBFnjZAoI83BZppHlt'],"['Blake Shelton', 'Lee Brice']",['Billy Currington'],0.015240328253223915,0.7177914110429447,23.549079754601227,3.4354707171619343,2,1
"['spotify:artist:6x2LnllRG5uGarZMsD4iO8', 'spotify:artist:6yJCxee7QumYr820xdIsjo']",['spotify:artist:0u2FHSq3ln94y5Q57xazwf'],"['Thomas Rhett', 'Zac Brown Band']",['Keith Urban'],0.015240328253223915,0.7134146341463414,20.135603479196554,3.365731848932567,2,1
"['spotify:artist:6x2LnllRG5uGarZMsD4iO8', 'spotify:artist:6yJCxee7QumYr820xdIsjo']",['spotify:artist:2IvkS5MXK0vPGnwyJsrEyV'],"['Thomas Rhett', 'Zac Brown Band']",['Eric Church'],0.015240328253223915,0.7134146341463414,18.820907719386472,3.3570959400696743,2,1
"['spotify:artist:0BvkDsjIUla7X0k6CSWh1I', 'spotify:artist:5Zq7R5qmi58ByYyBQTlNuk']",['spotify:artist:2IvkS5MXK0vPGnwyJsrEyV'],"['Luke Bryan', 'Lee Brice']",['Eric Church'],0.015240328253223915,0.7134146341463414,18.820907719386472,3.3570959400696743,2,1
['spotify:artist:5vngPClqofybhPERIqQMYd'],['spotify:artist:3grHWM9bx2E9vwJCdlRv9O'],['George Strait'],['Kenny Chesney'],0.015240328253223915,0.7134146341463414,16.397856725573245,3.3375515147483914,1,1
"['spotify:artist:2IvkS5MXK0vPGnwyJsrEyV', 'spotify:artist:6yJCxee7QumYr820xdIsjo']",['spotify:artist:6x2LnllRG5uGarZMsD4iO8'],"['Eric Church', 'Zac Brown Band']",['Thomas Rhett'],0.015240328253223915,0.7005988023952096,17.34999034189685,3.2051296079197598,2,1
"['spotify:artist:0u2FHSq3ln94y5Q57xazwf', 'spotify:artist:1UTPBmNbXNTittyMJrNkvw']",['spotify:artist:3FfvYsEGaIb52QPXhg4DcH'],"['Keith Urban', 'Blake Shelton']",['Jason Aldean'],0.015240328253223915,0.688235294117647,20.243610547667338,3.0984980866641587,2,1
"['spotify:artist:0BvkDsjIUla7X0k6CSWh1I', 'spotify:artist:13YmWQJFwgZrd4bf5IjMY4']",['spotify:artist:3FfvYsEGaIb52QPXhg4DcH'],"['Luke Bryan', 'Brad Paisley']",['Jason Aldean'],0.015240328253223915,0.688235294117647,20.243610547667338,3.0984980866641587,2,1
"['spotify:artist:6x2LnllRG5uGarZMsD4iO8', 'spotify:artist:7x8nK0m0cP2ksQf0mjWdPS']",['spotify:artist:1By9QBFnjZAoI83BZppHlt'],"['Thomas Rhett', 'Dierks Bentley']",['Billy Currington'],0.015240328253223915,0.688235294117647,22.57941176470588,3.109779026300072,2,1
"['spotify:artist:13YmWQJFwgZrd4bf5IjMY4', 'spotify:artist:3grHWM9bx2E9vwJCdlRv9O']",['spotify:artist:7x8nK0m0cP2ksQf0mjWdPS'],"['Brad Paisley', 'Kenny Chesney']",['Dierks Bentley'],0.015240328253223915,0.6842105263157894,19.74693312227938,3.0569449871911765,2,1
"['spotify:artist:0c173mlxpT3dSFRgMO8XPh', 'spotify:artist:17lzZA2AlOHwCwFALHttmp']",['spotify:artist:5K4W6rqBFWDnAN6FQUkS6x'],"['Big Sean', '2 Chainz']",['Kanye West'],0.015240328253223915,0.6842105263157894,5.511735792787319,2.773566063132299,2,1
"['spotify:artist:2IvkS5MXK0vPGnwyJsrEyV', 'spotify:artist:6x2LnllRG5uGarZMsD4iO8']",['spotify:artist:6yJCxee7QumYr820xdIsjo'],"['Eric Church', 'Thomas Rhett']",['Zac Brown Band'],0.015240328253223915,0.6842105263157894,16.262180218347726,3.033433198732143,2,1
"['spotify:artist:0Y5tJX1MQlPlqiwlOH1tJY', 'spotify:artist:4O15NlyKLIASxsJ0PrXPfz']",['spotify:artist:1RyvyyTE3xzB2ZywiAwp0i'],"['Travis Scott', 'Lil Uzi Vert']",['Future'],0.015240328253223915,0.6724137931034482,8.824137931034482,2.820016042450792,2,1
"['spotify:artist:13ubrt8QOOCPljQ2FL1Kca', 'spotify:artist:6l3HvQ5sa6mXTsMTB19rO5']",['spotify:artist:5K4W6rqBFWDnAN6FQUkS6x'],"['A$AP Rocky', 'J. Cole']",['Kanye West'],0.015240328253223915,0.6685714285714285,5.385753260380752,2.6426899875579983,2,1
"['spotify:artist:246dkjvS1zLTtiykXe5h60', 'spotify:artist:6oMuImdp5ZcFhWP0ESe6mG']",['spotify:artist:7iZtZyCzp3LItcw1wtPI3D'],"['Post Malone', 'Migos']",['Rae Sremmurd'],0.015240328253223915,0.6610169491525423,9.815526341671308,2.7513351569623543,2,1
"['spotify:artist:246dkjvS1zLTtiykXe5h60', 'spotify:artist:7iZtZyCzp3LItcw1wtPI3D']",['spotify:artist:6oMuImdp5ZcFhWP0ESe6mG'],"['Post Malone', 'Rae Sremmurd']",['Migos'],0.015240328253223915,0.6464088397790055,11.10174644962735,2.6634549628761235,2,1
"['spotify:artist:0QHgL1lAIqAw0HtD7YldmP', 'spotify:artist:0c173mlxpT3dSFRgMO8XPh']",['spotify:artist:2YZyLoL8N0Wb9xBt1NhZWg'],"['DJ Khaled', 'Big Sean']",['Kendrick Lamar'],0.015240328253223915,0.6464088397790055,6.706054949977602,2.5555168848508534,2,1
"['spotify:artist:1UTPBmNbXNTittyMJrNkvw', 'spotify:artist:3FfvYsEGaIb52QPXhg4DcH']",['spotify:artist:0u2FHSq3ln94y5Q57xazwf'],"['Blake Shelton', 'Jason Aldean']",['Keith Urban'],0.015240328253223915,0.6464088397790055,18.244414202144945,2.7279230982154488,2,1
"['spotify:artist:0u2FHSq3ln94y5Q57xazwf', 'spotify:artist:3b8QkneNDz4JHKKKlLgYZg']",['spotify:artist:4BYxqVkZyFjtik7crYLg5Q'],"['Keith Urban', 'Florida Georgia Line']",['Chris Young'],0.015240328253223915,0.6428571428571428,21.551154086088584,2.7164777908036988,2,1
['spotify:artist:2bA6fzP0lMAQ4kz6CF61w8'],['spotify:artist:13YmWQJFwgZrd4bf5IjMY4'],['Toby Keith'],['Brad Paisley'],0.015240328253223915,0.6428571428571428,20.823688969258587,2.7135599843688936,1,1
"['spotify:artist:3grHWM9bx2E9vwJCdlRv9O', 'spotify:artist:7x8nK0m0cP2ksQf0mjWdPS']",['spotify:artist:13YmWQJFwgZrd4bf5IjMY4'],"['Kenny Chesney', 'Dierks Bentley']",['Brad Paisley'],0.015240328253223915,0.6393442622950819,20.70989831915335,2.6871292053003653,2,1
"['spotify:artist:17lzZA2AlOHwCwFALHttmp', 'spotify:artist:5K4W6rqBFWDnAN6FQUkS6x']",['spotify:artist:0c173mlxpT3dSFRgMO8XPh'],"['2 Chainz', 'Kanye West']",['Big Sean'],0.015240328253223915,0.6393442622950819,7.967931658505428,2.550244532073371,2,1
"['spotify:artist:3FfvYsEGaIb52QPXhg4DcH', 'spotify:artist:3b8QkneNDz4JHKKKlLgYZg']",['spotify:artist:4BYxqVkZyFjtik7crYLg5Q'],"['Jason Aldean', 'Florida Georgia Line']",['Chris Young'],0.015240328253223915,0.6358695652173912,21.316902411239795,2.664349219125163,2,1
"['spotify:artist:17lzZA2AlOHwCwFALHttmp', 'spotify:artist:1RyvyyTE3xzB2ZywiAwp0i']",['spotify:artist:6oMuImdp5ZcFhWP0ESe6mG'],"['2 Chainz', 'Future']",['Migos'],0.015240328253223915,0.6256684491978609,10.745540681190107,2.515882320102718,2,1
"['spotify:artist:0QHgL1lAIqAw0HtD7YldmP', 'spotify:artist:1RyvyyTE3xzB2ZywiAwp0i']",['spotify:artist:5K4W6rqBFWDnAN6FQUkS6x'],"['DJ Khaled', 'Future']",['Kanye West'],0.015240328253223915,0.6190476190476191,4.986808574426623,2.2991402891754595,2,1
"['spotify:artist:1Xyo4u8uXC1ZmMpatF05PJ', 'spotify:artist:6l3HvQ5sa6mXTsMTB19rO5']",['spotify:artist:2YZyLoL8N0Wb9xBt1NhZWg'],"['The Weeknd', 'J. Cole']",['Kendrick Lamar'],0.015240328253223915,0.6093749999999999,6.321853885135134,2.3132369415136114,2,1
"['spotify:artist:3b8QkneNDz4JHKKKlLgYZg', 'spotify:artist:6roFdX1y5BYSbp60OTJWMd']",['spotify:artist:4BYxqVkZyFjtik7crYLg5Q'],"['Florida Georgia Line', 'Tim McGraw']",['Chris Young'],0.015240328253223915,0.6,20.114410480349346,2.425426598931874,2,1
['spotify:artist:7FY5V3XMwlNBPitEjXowHQ'],['spotify:artist:3FfvYsEGaIb52QPXhg4DcH'],['Darius Rucker'],['Jason Aldean'],0.015240328253223915,0.5939086294416244,17.469105548748466,2.378780773739742,1,1
"['spotify:artist:6vWDO969PvNqNYHIOW5v0m', 'spotify:artist:7bXgB6jMjp9ATFy66eO08Z']",['spotify:artist:3TVXtAsR1Inumwj472S9r4'],"['Beyoncé', 'Chris Brown']",['Drake'],0.015240328253223915,0.5909090909090908,3.2014178482068387,1.9932554672687532,2,1
"['spotify:artist:1RyvyyTE3xzB2ZywiAwp0i', 'spotify:artist:4O15NlyKLIASxsJ0PrXPfz']",['spotify:artist:0Y5tJX1MQlPlqiwlOH1tJY'],"['Future', 'Lil Uzi Vert']",['Travis Scott'],0.015240328253223915,0.5909090909090908,11.091464769948876,2.3142141750973324,2,1
"['spotify:artist:20sxb77xiYeusSH8cVdatc', 'spotify:artist:3TVXtAsR1Inumwj472S9r4']",['spotify:artist:5K4W6rqBFWDnAN6FQUkS6x'],"['Meek Mill', 'Drake']",['Kanye West'],0.015240328253223915,0.585,4.712534102833158,2.1105131742287635,2,1
"['spotify:artist:0BvkDsjIUla7X0k6CSWh1I', 'spotify:artist:2IvkS5MXK0vPGnwyJsrEyV']",['spotify:artist:5Zq7R5qmi58ByYyBQTlNuk'],"['Luke Bryan', 'Eric Church']",['Lee Brice'],0.015240328253223915,0.585,20.13921524663677,2.3396438430549082,2,1
"['spotify:artist:0BvkDsjIUla7X0k6CSWh1I', 'spotify:artist:3FfvYsEGaIb52QPXhg4DcH']",['spotify:artist:13YmWQJFwgZrd4bf5IjMY4'],"['Luke Bryan', 'Jason Aldean']",['Brad Paisley'],0.015240328253223915,0.582089552238806,18.855280559229172,2.3189862111315804,2,1
"['spotify:artist:3b8QkneNDz4JHKKKlLgYZg', 'spotify:artist:6x2LnllRG5uGarZMsD4iO8']",['spotify:artist:1mfDfLsMxYcOOZkzBxvSVW'],"['Florida Georgia Line', 'Thomas Rhett']",['Cole Swindell'],0.015240328253223915,0.5763546798029556,23.661362977792997,2.3029677896222784,2,1
['spotify:artist:0z4gvV4rjIZ9wHck67ucSV'],['spotify:artist:7bXgB6jMjp9ATFy66eO08Z'],['Akon'],['Chris Brown'],0.015240328253223915,0.5735294117647058,6.847566553837709,2.1484326222976824,1,1
"['spotify:artist:1Xyo4u8uXC1ZmMpatF05PJ', 'spotify:artist:2YZyLoL8N0Wb9xBt1NhZWg']",['spotify:artist:6l3HvQ5sa6mXTsMTB19rO5'],"['The Weeknd', 'Kendrick Lamar']",['J. Cole'],0.015240328253223915,0.5545023696682464,7.276777251184834,2.0736324860941355,2,1
"['spotify:artist:0QHgL1lAIqAw0HtD7YldmP', 'spotify:artist:5K4W6rqBFWDnAN6FQUkS6x']",['spotify:artist:1RyvyyTE3xzB2ZywiAwp0i'],"['DJ Khaled', 'Kanye West']",['Future'],0.015240328253223915,0.5441860465116278,7.141395348837209,2.026700480895758,2,1
"['spotify:artist:13ubrt8QOOCPljQ2FL1Kca', 'spotify:artist:5K4W6rqBFWDnAN6FQUkS6x']",['spotify:artist:6l3HvQ5sa6mXTsMTB19rO5'],"['A$AP Rocky', 'Kanye West']",['J. Cole'],0.015240328253223915,0.5391705069124424,7.07557603686636,2.0046424384525205,2,1
"['spotify:artist:0Y5tJX1MQlPlqiwlOH1tJY', 'spotify:artist:1RyvyyTE3xzB2ZywiAwp0i']",['spotify:artist:4O15NlyKLIASxsJ0PrXPfz'],"['Travis Scott', 'Future']",['Lil Uzi Vert'],0.015240328253223915,0.5391705069124424,11.097083060500859,2.0645668881073336,2,1
"['spotify:artist:0QHgL1lAIqAw0HtD7YldmP', 'spotify:artist:2YZyLoL8N0Wb9xBt1NhZWg']",['spotify:artist:0c173mlxpT3dSFRgMO8XPh'],"['DJ Khaled', 'Kendrick Lamar']",['Big Sean'],0.015240328253223915,0.5223214285714285,6.509515596011131,1.9254795547813042,2,1
['spotify:artist:46SHBwWsqBkxI7EeeBEQG7'],['spotify:artist:0Y5tJX1MQlPlqiwlOH1tJY'],['Kodak Black'],['Travis Scott'],0.015240328253223915,0.52,9.760488997555013,1.9723416265034086,1,1
"['spotify:artist:3TVXtAsR1Inumwj472S9r4', 'spotify:artist:6vWDO969PvNqNYHIOW5v0m']",['spotify:artist:7bXgB6jMjp9ATFy66eO08Z'],"['Drake', 'Beyoncé']",['Chris Brown'],0.015240328253223915,0.5176991150442478,6.180989278685367,1.899733864886537,2,1
"['spotify:artist:6oMuImdp5ZcFhWP0ESe6mG', 'spotify:artist:7iZtZyCzp3LItcw1wtPI3D']",['spotify:artist:246dkjvS1zLTtiykXe5h60'],"['Migos', 'Rae Sremmurd']",['Post Malone'],0.015240328253223915,0.5,7.865778688524591,1.8728670053406278,2,1
"['spotify:artist:13YmWQJFwgZrd4bf5IjMY4', 'spotify:artist:2IvkS5MXK0vPGnwyJsrEyV']",['spotify:artist:3grHWM9bx2E9vwJCdlRv9O'],"['Brad Paisley', 'Eric Church']",['Kenny Chesney'],0.015110069037384394,0.8467153284671532,19.461777175575858,6.239980895315009,2,1
"['spotify:artist:0Y5tJX1MQlPlqiwlOH1tJY', 'spotify:artist:13ubrt8QOOCPljQ2FL1Kca']",['spotify:artist:3TVXtAsR1Inumwj472S9r4'],"['Travis Scott', 'A$AP Rocky']",['Drake'],0.015110069037384394,0.8467153284671532,4.587320802147026,5.319662318489984,2,1
"['spotify:artist:3FfvYsEGaIb52QPXhg4DcH', 'spotify:artist:5Zq7R5qmi58ByYyBQTlNuk']",['spotify:artist:1UTPBmNbXNTittyMJrNkvw'],"['Jason Aldean', 'Lee Brice']",['Blake Shelton'],0.015110069037384394,0.8467153284671532,20.505468696032604,6.254427262633592,2,1
"['spotify:artist:2kucQ9jQwuD8jWdtR9Ef38', 'spotify:artist:4BYxqVkZyFjtik7crYLg5Q']",['spotify:artist:0BvkDsjIUla7X0k6CSWh1I'],"['Sam Hunt', 'Chris Young']",['Luke Bryan'],0.015110069037384394,0.8405797101449275,17.300617787620936,5.967956232903476,2,1
"['spotify:artist:1By9QBFnjZAoI83BZppHlt', 'spotify:artist:4BYxqVkZyFjtik7crYLg5Q']",['spotify:artist:1UTPBmNbXNTittyMJrNkvw'],"['Billy Currington', 'Chris Young']",['Blake Shelton'],0.015110069037384394,0.8405797101449275,20.3568783431628,6.013712742903832,2,1
"['spotify:artist:4BYxqVkZyFjtik7crYLg5Q', 'spotify:artist:5Zq7R5qmi58ByYyBQTlNuk']",['spotify:artist:1UTPBmNbXNTittyMJrNkvw'],"['Chris Young', 'Lee Brice']",['Blake Shelton'],0.015110069037384394,0.8405797101449275,20.3568783431628,6.013712742903832,2,1
"['spotify:artist:5Zq7R5qmi58ByYyBQTlNuk', 'spotify:artist:7x8nK0m0cP2ksQf0mjWdPS']",['spotify:artist:3b8QkneNDz4JHKKKlLgYZg'],"['Lee Brice', 'Dierks Bentley']",['Florida Georgia Line'],0.015110069037384394,0.8345323741007195,17.796402877697844,5.760079514756105,2,1
"['spotify:artist:0u2FHSq3ln94y5Q57xazwf', 'spotify:artist:5Zq7R5qmi58ByYyBQTlNuk']",['spotify:artist:1UTPBmNbXNTittyMJrNkvw'],"['Keith Urban', 'Lee Brice']",['Blake Shelton'],0.015110069037384394,0.8285714285714286,20.066065795403336,5.592462333376755,2,1
"['spotify:artist:0u2FHSq3ln94y5Q57xazwf', 'spotify:artist:5Zq7R5qmi58ByYyBQTlNuk']",['spotify:artist:0BvkDsjIUla7X0k6CSWh1I'],"['Keith Urban', 'Lee Brice']",['Luke Bryan'],0.015110069037384394,0.8285714285714286,17.053466104940636,5.549910989535845,2,1
"['spotify:artist:0u2FHSq3ln94y5Q57xazwf', 'spotify:artist:4BYxqVkZyFjtik7crYLg5Q']",['spotify:artist:6roFdX1y5BYSbp60OTJWMd'],"['Keith Urban', 'Chris Young']",['Tim McGraw'],0.015110069037384394,0.8169014084507042,20.494614747307374,5.2438452520515835,2,1
"['spotify:artist:0u2FHSq3ln94y5Q57xazwf', 'spotify:artist:1By9QBFnjZAoI83BZppHlt']",['spotify:artist:1UTPBmNbXNTittyMJrNkvw'],"['Keith Urban', 'Billy Currington']",['Blake Shelton'],0.015110069037384394,0.8111888111888113,19.645099380115155,5.077600721732546,2,1
"['spotify:artist:1n2pb9Tsfe4SwAjmUac6YT', 'spotify:artist:6roFdX1y5BYSbp60OTJWMd']",['spotify:artist:3FfvYsEGaIb52QPXhg4DcH'],"['Jake Owen', 'Tim McGraw']",['Jason Aldean'],0.015110069037384394,0.8,23.53103448275862,4.830011723329426,2,1
"['spotify:artist:1n2pb9Tsfe4SwAjmUac6YT', 'spotify:artist:3FfvYsEGaIb52QPXhg4DcH']",['spotify:artist:6roFdX1y5BYSbp60OTJWMd'],"['Jake Owen', 'Jason Aldean']",['Tim McGraw'],0.015110069037384394,0.7785234899328858,19.531780497433868,4.335180645848873,2,1
"['spotify:artist:1By9QBFnjZAoI83BZppHlt', 'spotify:artist:2IvkS5MXK0vPGnwyJsrEyV']",['spotify:artist:6roFdX1y5BYSbp60OTJWMd'],"['Billy Currington', 'Eric Church']",['Tim McGraw'],0.015110069037384394,0.7785234899328858,19.531780497433868,4.335180645848873,2,1
['spotify:artist:2hJPr4lk7Q8SSvCVBl9fWM'],['spotify:artist:1UTPBmNbXNTittyMJrNkvw'],['Kip Moore'],['Blake Shelton'],0.015110069037384394,0.7785234899328858,18.854021552727964,4.32871110479551,1,1
"['spotify:artist:4BYxqVkZyFjtik7crYLg5Q', 'spotify:artist:6roFdX1y5BYSbp60OTJWMd']",['spotify:artist:0u2FHSq3ln94y5Q57xazwf'],"['Chris Young', 'Tim McGraw']",['Keith Urban'],0.015110069037384394,0.7733333333333332,21.82676470588235,4.255453646874926,2,1
"['spotify:artist:4BYxqVkZyFjtik7crYLg5Q', 'spotify:artist:7x8nK0m0cP2ksQf0mjWdPS']",['spotify:artist:6x2LnllRG5uGarZMsD4iO8'],"['Chris Young', 'Dierks Bentley']",['Thomas Rhett'],0.015110069037384394,0.7682119205298013,19.02439649647511,4.140073317330057,2,1
"['spotify:artist:5K4W6rqBFWDnAN6FQUkS6x', 'spotify:artist:7CajNmpbOovFoOoasH2HaY']",['spotify:artist:3TVXtAsR1Inumwj472S9r4'],"['Kanye West', 'Calvin Harris']",['Drake'],0.015110069037384394,0.763157894736842,4.134624670356201,3.4428958071005735,2,1
"['spotify:artist:2kucQ9jQwuD8jWdtR9Ef38', 'spotify:artist:6yJCxee7QumYr820xdIsjo']",['spotify:artist:3grHWM9bx2E9vwJCdlRv9O'],"['Sam Hunt', 'Zac Brown Band']",['Kenny Chesney'],0.015110069037384394,0.763157894736842,17.541207059565078,4.038527781396088,2,1
"['spotify:artist:4BYxqVkZyFjtik7crYLg5Q', 'spotify:artist:6x2LnllRG5uGarZMsD4iO8']",['spotify:artist:7x8nK0m0cP2ksQf0mjWdPS'],"['Chris Young', 'Thomas Rhett']",['Dierks Bentley'],0.015110069037384394,0.763157894736842,22.02542540561931,4.075926649588235,2,1
['spotify:artist:0NbfKEOTQCcwd6o7wSDOHI'],['spotify:artist:3TVXtAsR1Inumwj472S9r4'],['The Game'],['Drake'],0.015110069037384394,0.7581699346405228,4.107600979700278,3.371883020183137,1,1
"['spotify:artist:1By9QBFnjZAoI83BZppHlt', 'spotify:artist:6yJCxee7QumYr820xdIsjo']",['spotify:artist:1UTPBmNbXNTittyMJrNkvw'],"['Billy Currington', 'Zac Brown Band']",['Blake Shelton'],0.015110069037384394,0.7483870967741935,18.1241884603643,3.8102490623006435,2,1
['spotify:artist:1dID9zgn0OV0Y8ud7Mh2tS'],['spotify:artist:6x2LnllRG5uGarZMsD4iO8'],['Dustin Lynch'],['Thomas Rhett'],0.015110069037384394,0.7435897435897435,18.414640198511165,3.742516608050018,1,1
"['spotify:artist:3b8QkneNDz4JHKKKlLgYZg', 'spotify:artist:5Zq7R5qmi58ByYyBQTlNuk']",['spotify:artist:7x8nK0m0cP2ksQf0mjWdPS'],"['Florida Georgia Line', 'Lee Brice']",['Dierks Bentley'],0.015110069037384394,0.7435897435897435,21.460670908039326,3.76486908948808,2,1
"['spotify:artist:0u2FHSq3ln94y5Q57xazwf', 'spotify:artist:2IvkS5MXK0vPGnwyJsrEyV']",['spotify:artist:6x2LnllRG5uGarZMsD4iO8'],"['Keith Urban', 'Eric Church']",['Thomas Rhett'],0.015110069037384394,0.7388535031847133,18.29734949660982,3.67464107231928,2,1
"['spotify:artist:0fA0VVWsXO9YnASrzqfmYu', 'spotify:artist:2YZyLoL8N0Wb9xBt1NhZWg']",['spotify:artist:5K4W6rqBFWDnAN6FQUkS6x'],"['Kid Cudi', 'Kendrick Lamar']",['Kanye West'],0.015110069037384394,0.7341772151898734,5.914248143769841,3.294913067480477,2,1
"['spotify:artist:1By9QBFnjZAoI83BZppHlt', 'spotify:artist:6roFdX1y5BYSbp60OTJWMd']",['spotify:artist:2IvkS5MXK0vPGnwyJsrEyV'],"['Billy Currington', 'Tim McGraw']",['Eric Church'],0.015110069037384394,0.7295597484276729,19.246839136354794,3.557512473077237,2,1
"['spotify:artist:2kucQ9jQwuD8jWdtR9Ef38', 'spotify:artist:3grHWM9bx2E9vwJCdlRv9O']",['spotify:artist:6yJCxee7QumYr820xdIsjo'],"['Sam Hunt', 'Kenny Chesney']",['Zac Brown Band'],0.015110069037384394,0.7204968944099379,17.124627425340847,3.427247333304387,2,1
"['spotify:artist:1By9QBFnjZAoI83BZppHlt', 'spotify:artist:1UTPBmNbXNTittyMJrNkvw']",['spotify:artist:4BYxqVkZyFjtik7crYLg5Q'],"['Billy Currington', 'Blake Shelton']",['Chris Young'],0.015110069037384394,0.7204968944099379,24.15395047329735,3.4710549549158385,2,1
"['spotify:artist:1By9QBFnjZAoI83BZppHlt', 'spotify:artist:1UTPBmNbXNTittyMJrNkvw']",['spotify:artist:0u2FHSq3ln94y5Q57xazwf'],"['Billy Currington', 'Blake Shelton']",['Keith Urban'],0.015110069037384394,0.7204968944099379,20.335495067592255,3.4510152982212383,2,1
"['spotify:artist:1By9QBFnjZAoI83BZppHlt', 'spotify:artist:1UTPBmNbXNTittyMJrNkvw']",['spotify:artist:6yJCxee7QumYr820xdIsjo'],"['Billy Currington', 'Blake Shelton']",['Zac Brown Band'],0.015110069037384394,0.7204968944099379,17.124627425340847,3.427247333304387,2,1
"['spotify:artist:0u2FHSq3ln94y5Q57xazwf', 'spotify:artist:6x2LnllRG5uGarZMsD4iO8']",['spotify:artist:2IvkS5MXK0vPGnwyJsrEyV'],"['Keith Urban', 'Thomas Rhett']",['Eric Church'],0.015110069037384394,0.7160493827160493,18.890416189385263,3.3882460879759413,2,1
"['spotify:artist:1UTPBmNbXNTittyMJrNkvw', 'spotify:artist:5Zq7R5qmi58ByYyBQTlNuk']",['spotify:artist:0u2FHSq3ln94y5Q57xazwf'],"['Blake Shelton', 'Lee Brice']",['Keith Urban'],0.015110069037384394,0.7116564417177914,20.085979790689283,3.345209093756149,2,1
"['spotify:artist:1UTPBmNbXNTittyMJrNkvw', 'spotify:artist:5Zq7R5qmi58ByYyBQTlNuk']",['spotify:artist:4BYxqVkZyFjtik7crYLg5Q'],"['Blake Shelton', 'Lee Brice']",['Chris Young'],0.015110069037384394,0.7116564417177914,23.857582982827445,3.3646343457523025,2,1
"['spotify:artist:1UTPBmNbXNTittyMJrNkvw', 'spotify:artist:5Zq7R5qmi58ByYyBQTlNuk']",['spotify:artist:3FfvYsEGaIb52QPXhg4DcH'],"['Blake Shelton', 'Lee Brice']",['Jason Aldean'],0.015110069037384394,0.7116564417177914,20.93251533742331,3.350178344266793,2,1
"['spotify:artist:6x2LnllRG5uGarZMsD4iO8', 'spotify:artist:6yJCxee7QumYr820xdIsjo']",['spotify:artist:1UTPBmNbXNTittyMJrNkvw'],"['Thomas Rhett', 'Zac Brown Band']",['Blake Shelton'],0.015110069037384394,0.7073170731707317,17.129568361929675,3.275585080977812,2,1
"['spotify:artist:1UTPBmNbXNTittyMJrNkvw', 'spotify:artist:4BYxqVkZyFjtik7crYLg5Q']",['spotify:artist:1By9QBFnjZAoI83BZppHlt'],"['Blake Shelton', 'Chris Young']",['Billy Currington'],0.015110069037384394,0.7073170731707317,23.205440900562852,3.3125244236029694,2,1
"['spotify:artist:0BvkDsjIUla7X0k6CSWh1I', 'spotify:artist:5Zq7R5qmi58ByYyBQTlNuk']",['spotify:artist:0u2FHSq3ln94y5Q57xazwf'],"['Luke Bryan', 'Lee Brice']",['Keith Urban'],0.015110069037384394,0.7073170731707317,19.963504304160686,3.2956124354131386,2,1
"['spotify:artist:1UTPBmNbXNTittyMJrNkvw', 'spotify:artist:4BYxqVkZyFjtik7crYLg5Q']",['spotify:artist:5Zq7R5qmi58ByYyBQTlNuk'],"['Blake Shelton', 'Chris Young']",['Lee Brice'],0.015110069037384394,0.7073170731707317,24.35010390462649,3.317419999131605,2,1
['spotify:artist:5vngPClqofybhPERIqQMYd'],['spotify:artist:6roFdX1y5BYSbp60OTJWMd'],['George Strait'],['Tim McGraw'],0.015110069037384394,0.7073170731707317,17.745337159253943,3.2804806565064473,1,1
"['spotify:artist:0BvkDsjIUla7X0k6CSWh1I', 'spotify:artist:4BYxqVkZyFjtik7crYLg5Q']",['spotify:artist:2kucQ9jQwuD8jWdtR9Ef38'],"['Luke Bryan', 'Chris Young']",['Sam Hunt'],0.015110069037384394,0.6946107784431138,15.776706941147292,3.1303409471122046,2,1
"['spotify:artist:3FfvYsEGaIb52QPXhg4DcH', 'spotify:artist:6roFdX1y5BYSbp60OTJWMd']",['spotify:artist:1n2pb9Tsfe4SwAjmUac6YT'],"['Jason Aldean', 'Tim McGraw']",['Jake Owen'],0.015110069037384394,0.6904761904761905,23.24906015037594,3.1348182883939035,2,1
"['spotify:artist:17lzZA2AlOHwCwFALHttmp', 'spotify:artist:7iZtZyCzp3LItcw1wtPI3D']",['spotify:artist:1RyvyyTE3xzB2ZywiAwp0i'],"['2 Chainz', 'Rae Sremmurd']",['Future'],0.015110069037384394,0.6904761904761905,9.061172161172161,2.9845793128325364,2,1
"['spotify:artist:0QHgL1lAIqAw0HtD7YldmP', 'spotify:artist:7iZtZyCzp3LItcw1wtPI3D']",['spotify:artist:2YZyLoL8N0Wb9xBt1NhZWg'],"['DJ Khaled', 'Rae Sremmurd']",['Kendrick Lamar'],0.015110069037384394,0.6863905325443788,7.120837997761075,2.8813166503228222,2,1
"['spotify:artist:6x2LnllRG5uGarZMsD4iO8', 'spotify:artist:7x8nK0m0cP2ksQf0mjWdPS']",['spotify:artist:4BYxqVkZyFjtik7crYLg5Q'],"['Thomas Rhett', 'Dierks Bentley']",['Chris Young'],0.015110069037384394,0.6823529411764705,22.875211918828665,3.054240902358656,2,1
"['spotify:artist:0u2FHSq3ln94y5Q57xazwf', 'spotify:artist:1UTPBmNbXNTittyMJrNkvw']",['spotify:artist:5Zq7R5qmi58ByYyBQTlNuk'],"['Keith Urban', 'Blake Shelton']",['Lee Brice'],0.015110069037384394,0.6823529411764705,23.490688472698494,3.0567013542134025,2,1
"['spotify:artist:0u2FHSq3ln94y5Q57xazwf', 'spotify:artist:1UTPBmNbXNTittyMJrNkvw']",['spotify:artist:1By9QBFnjZAoI83BZppHlt'],"['Keith Urban', 'Blake Shelton']",['Billy Currington'],0.015110069037384394,0.6823529411764705,22.386425339366514,3.052190525813034,2,1
"['spotify:artist:13YmWQJFwgZrd4bf5IjMY4', 'spotify:artist:3grHWM9bx2E9vwJCdlRv9O']",['spotify:artist:2IvkS5MXK0vPGnwyJsrEyV'],"['Brad Paisley', 'Kenny Chesney']",['Eric Church'],0.015110069037384394,0.6783625730994152,17.896183758364984,2.991239475647447,2,1
"['spotify:artist:2IvkS5MXK0vPGnwyJsrEyV', 'spotify:artist:6x2LnllRG5uGarZMsD4iO8']",['spotify:artist:0u2FHSq3ln94y5Q57xazwf'],"['Eric Church', 'Thomas Rhett']",['Keith Urban'],0.015110069037384394,0.6783625730994152,19.14628482972136,2.9989342427794945,2,1
"['spotify:artist:31TPClRtHm23RisEBtV3X7', 'spotify:artist:6vWDO969PvNqNYHIOW5v0m']",['spotify:artist:5pKCCKE2ajJHZ9KAiaK11H'],"['Justin Timberlake', 'Beyoncé']",['Rihanna'],0.015110069037384394,0.6744186046511628,5.8768576934244905,2.7189564375965314,2,1
"['spotify:artist:0Y5tJX1MQlPlqiwlOH1tJY', 'spotify:artist:0c173mlxpT3dSFRgMO8XPh']",['spotify:artist:2YZyLoL8N0Wb9xBt1NhZWg'],"['Travis Scott', 'Big Sean']",['Kendrick Lamar'],0.015110069037384394,0.6744186046511628,6.996637335009428,2.7753679822847466,2,1
"['spotify:artist:1UTPBmNbXNTittyMJrNkvw', 'spotify:artist:6yJCxee7QumYr820xdIsjo']",['spotify:artist:6x2LnllRG5uGarZMsD4iO8'],"['Blake Shelton', 'Zac Brown Band']",['Thomas Rhett'],0.015110069037384394,0.6666666666666666,16.509677419354837,2.8788589292692452,2,1
"['spotify:artist:1UTPBmNbXNTittyMJrNkvw', 'spotify:artist:6yJCxee7QumYr820xdIsjo']",['spotify:artist:1By9QBFnjZAoI83BZppHlt'],"['Blake Shelton', 'Zac Brown Band']",['Billy Currington'],0.015110069037384394,0.6666666666666666,21.871794871794872,2.9085580304806564,2,1
"['spotify:artist:0c173mlxpT3dSFRgMO8XPh', 'spotify:artist:246dkjvS1zLTtiykXe5h60']",['spotify:artist:2YZyLoL8N0Wb9xBt1NhZWg'],"['Big Sean', 'Post Malone']",['Kendrick Lamar'],0.015110069037384394,0.6590909090909091,6.83762285012285,2.650583995484347,2,1
"['spotify:artist:0u2FHSq3ln94y5Q57xazwf', 'spotify:artist:6roFdX1y5BYSbp60OTJWMd']",['spotify:artist:4BYxqVkZyFjtik7crYLg5Q'],"['Keith Urban', 'Tim McGraw']",['Chris Young'],0.015110069037384394,0.6480446927374302,21.72506159888756,2.756516579103527,2,1
"['spotify:artist:1UTPBmNbXNTittyMJrNkvw', 'spotify:artist:6x2LnllRG5uGarZMsD4iO8']",['spotify:artist:6yJCxee7QumYr820xdIsjo'],"['Blake Shelton', 'Thomas Rhett']",['Zac Brown Band'],0.015110069037384394,0.6444444444444444,15.317027863777088,2.694167643610785,2,1
"['spotify:artist:0QHgL1lAIqAw0HtD7YldmP', 'spotify:artist:0c173mlxpT3dSFRgMO8XPh']",['spotify:artist:1RyvyyTE3xzB2ZywiAwp0i'],"['DJ Khaled', 'Big Sean']",['Future'],0.015110069037384394,0.6408839779005525,8.410369740756483,2.5724231220128058,2,1
"['spotify:artist:0QHgL1lAIqAw0HtD7YldmP', 'spotify:artist:0c173mlxpT3dSFRgMO8XPh']",['spotify:artist:5K4W6rqBFWDnAN6FQUkS6x'],"['DJ Khaled', 'Big Sean']",['Kanye West'],0.015110069037384394,0.6408839779005525,5.162713849257651,2.438941493572209,2,1
"['spotify:artist:1UTPBmNbXNTittyMJrNkvw', 'spotify:artist:3FfvYsEGaIb52QPXhg4DcH']",['spotify:artist:5Zq7R5qmi58ByYyBQTlNuk'],"['Blake Shelton', 'Jason Aldean']",['Lee Brice'],0.015110069037384394,0.6408839779005525,22.063077571042786,2.7037284195549147,2,1
"['spotify:artist:1RyvyyTE3xzB2ZywiAwp0i', 'spotify:artist:55Aa2cqylxrFIXC767Z865']",['spotify:artist:2YZyLoL8N0Wb9xBt1NhZWg'],"['Future', 'Lil Wayne']",['Kendrick Lamar'],0.015110069037384394,0.6373626373626373,6.612206712206712,2.491768012283839,2,1
"['spotify:artist:3b8QkneNDz4JHKKKlLgYZg', 'spotify:artist:7x8nK0m0cP2ksQf0mjWdPS']",['spotify:artist:5Zq7R5qmi58ByYyBQTlNuk'],"['Florida Georgia Line', 'Dierks Bentley']",['Lee Brice'],0.015110069037384394,0.6373626373626373,21.94185187010299,2.677474234332382,2,1
"['spotify:artist:2IvkS5MXK0vPGnwyJsrEyV', 'spotify:artist:6roFdX1y5BYSbp60OTJWMd']",['spotify:artist:1By9QBFnjZAoI83BZppHlt'],"['Eric Church', 'Tim McGraw']",['Billy Currington'],0.015110069037384394,0.6373626373626373,20.91039729501268,2.673523038118583,2,1
"['spotify:artist:17lzZA2AlOHwCwFALHttmp', 'spotify:artist:5K4W6rqBFWDnAN6FQUkS6x']",['spotify:artist:1RyvyyTE3xzB2ZywiAwp0i'],"['2 Chainz', 'Kanye West']",['Future'],0.015110069037384394,0.6338797814207651,8.318453131567887,2.5232104425119424,2,1
"['spotify:artist:0BvkDsjIUla7X0k6CSWh1I', 'spotify:artist:0u2FHSq3ln94y5Q57xazwf']",['spotify:artist:5Zq7R5qmi58ByYyBQTlNuk'],"['Luke Bryan', 'Keith Urban']",['Lee Brice'],0.015110069037384394,0.6338797814207651,21.82195104021172,2.6520037561314185,2,1
"['spotify:artist:0fA0VVWsXO9YnASrzqfmYu', 'spotify:artist:5K4W6rqBFWDnAN6FQUkS6x']",['spotify:artist:2YZyLoL8N0Wb9xBt1NhZWg'],"['Kid Cudi', 'Kanye West']",['Kendrick Lamar'],0.015110069037384394,0.6236559139784946,6.470008718395816,2.4010160218835486,2,1
"['spotify:artist:246dkjvS1zLTtiykXe5h60', 'spotify:artist:4O15NlyKLIASxsJ0PrXPfz']",['spotify:artist:1RyvyyTE3xzB2ZywiAwp0i'],"['Post Malone', 'Lil Uzi Vert']",['Future'],0.015110069037384394,0.6236559139784946,8.18428453267163,2.454664210350025,2,1
"['spotify:artist:17lzZA2AlOHwCwFALHttmp', 'spotify:artist:1RyvyyTE3xzB2ZywiAwp0i']",['spotify:artist:5K4W6rqBFWDnAN6FQUkS6x'],"['2 Chainz', 'Future']",['Kanye West'],0.015110069037384394,0.6203208556149733,4.997065276554197,2.306850350507369,2,1
"['spotify:artist:17lzZA2AlOHwCwFALHttmp', 'spotify:artist:1RyvyyTE3xzB2ZywiAwp0i']",['spotify:artist:7iZtZyCzp3LItcw1wtPI3D'],"['2 Chainz', 'Future']",['Rae Sremmurd'],0.015110069037384394,0.6203208556149733,9.211224774770116,2.4564319615753663,2,1
"['spotify:artist:4O15NlyKLIASxsJ0PrXPfz', 'spotify:artist:7iZtZyCzp3LItcw1wtPI3D']",['spotify:artist:2YZyLoL8N0Wb9xBt1NhZWg'],"['Lil Uzi Vert', 'Rae Sremmurd']",['Kendrick Lamar'],0.015110069037384394,0.6203208556149733,6.435409741292095,2.3799257705933403,2,1
['spotify:artist:1mfDfLsMxYcOOZkzBxvSVW'],['spotify:artist:1n2pb9Tsfe4SwAjmUac6YT'],['Cole Swindell'],['Jake Owen'],0.015110069037384394,0.6203208556149733,20.886856177877853,2.555581240471355,1,1
"['spotify:artist:0BvkDsjIUla7X0k6CSWh1I', 'spotify:artist:2kucQ9jQwuD8jWdtR9Ef38']",['spotify:artist:4BYxqVkZyFjtik7crYLg5Q'],"['Luke Bryan', 'Sam Hunt']",['Chris Young'],0.015110069037384394,0.6170212765957447,20.685032054259967,2.53322333666218,2,1
"['spotify:artist:0QHgL1lAIqAw0HtD7YldmP', 'spotify:artist:1RyvyyTE3xzB2ZywiAwp0i']",['spotify:artist:0c173mlxpT3dSFRgMO8XPh'],"['DJ Khaled', 'Future']",['Big Sean'],0.015110069037384394,0.6137566137566137,7.64904143475572,2.3812972747273924,2,1
"['spotify:artist:2IvkS5MXK0vPGnwyJsrEyV', 'spotify:artist:3grHWM9bx2E9vwJCdlRv9O']",['spotify:artist:13YmWQJFwgZrd4bf5IjMY4'],"['Eric Church', 'Kenny Chesney']",['Brad Paisley'],0.015110069037384394,0.6137566137566137,19.88105284307816,2.5091136841767168,2,1
"['spotify:artist:2YZyLoL8N0Wb9xBt1NhZWg', 'spotify:artist:4O15NlyKLIASxsJ0PrXPfz']",['spotify:artist:7iZtZyCzp3LItcw1wtPI3D'],"['Kendrick Lamar', 'Lil Uzi Vert']",['Rae Sremmurd'],0.015110069037384394,0.6010362694300517,8.92486545534721,2.3376961712248927,2,1
['spotify:artist:0qSX3s5pJnAlSsgsCne8Cz'],['spotify:artist:2IvkS5MXK0vPGnwyJsrEyV'],['Brett Eldredge'],['Eric Church'],0.015110069037384394,0.5918367346938775,15.613507258573534,2.3571316920672136,1,1
"['spotify:artist:3grHWM9bx2E9vwJCdlRv9O', 'spotify:artist:6yJCxee7QumYr820xdIsjo']",['spotify:artist:2kucQ9jQwuD8jWdtR9Ef38'],"['Kenny Chesney', 'Zac Brown Band']",['Sam Hunt'],0.015110069037384394,0.5888324873096447,13.374162736911664,2.3250192574581443,2,1
"['spotify:artist:1RyvyyTE3xzB2ZywiAwp0i', 'spotify:artist:4O15NlyKLIASxsJ0PrXPfz']",['spotify:artist:246dkjvS1zLTtiykXe5h60'],"['Future', 'Lil Uzi Vert']",['Post Malone'],0.015110069037384394,0.5858585858585859,9.216467958271238,2.26114431132588,2,1
"['spotify:artist:1uNFoZAHBGtllmzznpCI3s', 'spotify:artist:5pKCCKE2ajJHZ9KAiaK11H']",['spotify:artist:3TVXtAsR1Inumwj472S9r4'],"['Justin Bieber', 'Rihanna']",['Drake'],0.015110069037384394,0.5658536585365853,3.0656729263128906,1.8782208054703013,2,1
"['spotify:artist:31TPClRtHm23RisEBtV3X7', 'spotify:artist:5pKCCKE2ajJHZ9KAiaK11H']",['spotify:artist:6vWDO969PvNqNYHIOW5v0m'],"['Justin Timberlake', 'Rihanna']",['Beyoncé'],0.015110069037384394,0.5523809523809524,7.640772200772202,2.0725349829138713,2,1
"['spotify:artist:1RyvyyTE3xzB2ZywiAwp0i', 'spotify:artist:246dkjvS1zLTtiykXe5h60']",['spotify:artist:4O15NlyKLIASxsJ0PrXPfz'],"['Future', 'Post Malone']",['Lil Uzi Vert'],0.015110069037384394,0.5446009389671361,11.208850960993844,2.0891859336161436,2,1
"['spotify:artist:2YZyLoL8N0Wb9xBt1NhZWg', 'spotify:artist:55Aa2cqylxrFIXC767Z865']",['spotify:artist:1RyvyyTE3xzB2ZywiAwp0i'],"['Kendrick Lamar', 'Lil Wayne']",['Future'],0.015110069037384394,0.5420560747663552,7.113443565780016,2.017273967031127,2,1
"['spotify:artist:1uNFoZAHBGtllmzznpCI3s', 'spotify:artist:3TVXtAsR1Inumwj472S9r4']",['spotify:artist:5pKCCKE2ajJHZ9KAiaK11H'],"['Justin Bieber', 'Drake']",['Rihanna'],0.015110069037384394,0.5420560747663552,4.723455716210339,1.9330786632746106,2,1
"['spotify:artist:0QHgL1lAIqAw0HtD7YldmP', 'spotify:artist:5K4W6rqBFWDnAN6FQUkS6x']",['spotify:artist:0c173mlxpT3dSFRgMO8XPh'],"['DJ Khaled', 'Kanye West']",['Big Sean'],0.015110069037384394,0.5395348837209302,6.724041075203865,1.9974592874163015,2,1
['spotify:artist:5Zq7R5qmi58ByYyBQTlNuk'],['spotify:artist:0a1gHP0HAqALbEyxaD5Ngn'],['Lee Brice'],['Rascal Flatts'],0.015110069037384394,0.5201793721973094,16.57019518821056,2.018686719281651,1,1
"['spotify:artist:0QHgL1lAIqAw0HtD7YldmP', 'spotify:artist:2YZyLoL8N0Wb9xBt1NhZWg']",['spotify:artist:7iZtZyCzp3LItcw1wtPI3D'],"['DJ Khaled', 'Kendrick Lamar']",['Rae Sremmurd'],0.015110069037384394,0.5178571428571428,7.689727825366122,1.934397599370896,2,1
"['spotify:artist:246dkjvS1zLTtiykXe5h60', 'spotify:artist:2YZyLoL8N0Wb9xBt1NhZWg']",['spotify:artist:0c173mlxpT3dSFRgMO8XPh'],"['Post Malone', 'Kendrick Lamar']",['Big Sean'],0.015110069037384394,0.5110132158590308,6.368585159334057,1.880951291267821,2,1
['spotify:artist:13y7CgLHjMVRMDqxdx0Xdo'],['spotify:artist:5K4W6rqBFWDnAN6FQUkS6x'],['Gucci Mane'],['Kanye West'],0.015110069037384394,0.5087719298245614,4.098470204893135,1.7830067548707644,1,1
['spotify:artist:1n2pb9Tsfe4SwAjmUac6YT'],['spotify:artist:1mfDfLsMxYcOOZkzBxvSVW'],['Jake Owen'],['Cole Swindell'],0.015110069037384394,0.5087719298245614,20.886856177877853,1.9861273935130912,1,1
"['spotify:artist:0Y5tJX1MQlPlqiwlOH1tJY', 'spotify:artist:2YZyLoL8N0Wb9xBt1NhZWg']",['spotify:artist:0c173mlxpT3dSFRgMO8XPh'],"['Travis Scott', 'Kendrick Lamar']",['Big Sean'],0.015110069037384394,0.5021645021645021,6.2583066284364985,1.847518561938257,2,1
